Nº UGRHI,UGRHI,MUNICÍPIO,PONTO,"SISTEMA
AQUÍFERO",AMOSTRA,DATA,Sinal,Al total - µg/L,Sinal,Sb Total - µg/L,Sinal,As total - µg/L,Sinal,Ba Total - µg/L,Sinal,Be Total - µg/L,Sinal,Bo total - µg/L,Sinal,Cd Total - µg/L,Sinal,Ca Total - µg/L,Sinal,Pb Total - µg/L,Sinal,Co Total - µg/L,Sinal,Cu Total - µg/L,Sinal,Cr total - µg/L,Sinal,Dureza Total - mg/L,Sinal,Sn Total - µg/L,Sinal,Sr total - µg/L,Sinal,Fe total - µg/L,Sinal,P Total - µg/L,Sinal,Li Total - µg/L,Sinal,Mg total - µg/L,Sinal,Mn total - µg/L,Sinal,Hg total - µg/L,Sinal,Mo total - µg/L,Sinal,Ni total - µg/L,Sinal,K Total - µg/L,Sinal,Ag total - µg/L,Sinal,Se total - µg/L,Sinal,Na total - µg/L,Sinal,Ti total - µg/L,Sinal,U total - µg/L,Sinal,V total - µg/L,Sinal,Zn total - µg/L,Sinal,Cloreto - mg/L,Sinal,Fluoreto - mg/L,Sinal,Sulfato - mg/L,Sinal,Nitrogênio amoniacal - mg/L,Sinal,NKT - mg/L,Sinal,N-Nitrato - mg/L,Sinal,N-Nitrito  - mg/L,Sinal,SDT - mg/L,Sinal,Alcalinidade Bicarbonato - mg/L,Sinal,Alcalinidade Carbonato - mg/L,Sinal,Alcalinidade hidróxido - mg/L,Sinal,Alcalinidade total - mg/L,Sinal,Carbono Orgânico Dissolvido,Sinal,CE - Campo,Sinal,pH - campo,Sinal,Temp água -  °C,Sinal,Temp. ar - °C,"Coli totais 
P/A em 100 mL","E coli
P/A em 100 mL","Bac. Heter
UFC/mL"
1,MANTIQUEIRA,CAMPOS DO JORDAO,PC00322P,Pré-Cambriano/Cristalino,2306614,3/4/2023,=,10.9,<,0.02,<,0.2,=,8.5,<,0.5,<,2,=,0.01,=,680,=,0.08,<,0.05,=,0.4,<,0.2,=,2.56,<,0.2,=,8.3,=,104,<,10,=,0.21,=,210,=,5.08,<,0.1,=,0.08,=,0.48,=,590,<,0.1,<,0.2,=,700,=,0.61,=,0.06,<,0.2,=,6.82,=,2.64,<,1,=,3.25,<,1,=,4.04,=,0.68,<,0.01,<,50,=,60.3,=,0,=,0,,NA,<,1,=,140,=,5.6,=,19,=,21,Ausente,Ausente,31
1,MANTIQUEIRA,CAMPOS DO JORDAO,PC00322P,Pré-Cambriano/Cristalino,2319240,5/10/2023,=,17.2,<,0.02,<,0.2,=,22.7,<,0.5,<,2,<,0.01,=,12630,=,0.09,=,0.07,=,0.72,=,0.71,=,43.5,<,0.2,=,156,=,175,=,10.2,=,1.27,=,2908,=,67.9,<,0.1,=,0.17,=,0.76,=,2236,<,0.1,<,0.2,=,7206,=,1.54,=,0.04,=,0.27,=,21.4,=,2.52,<,1,=,2.61,<,0.5,=,0.95,=,0.77,<,0.01,<,50,=,54.7,=,0,=,0,,NA,<,1,=,148,=,6.7,=,20,=,27,Ausente,Ausente,1
1,MANTIQUEIRA,CAMPOS DO JORDAO,PC00363N,Pré-Cambriano/Cristalino,2306617,3/4/2023,=,14.3,<,0.02,<,0.2,=,22,<,0.5,<,2,=,0.01,=,13000,=,0.1,<,0.05,=,0.33,<,0.2,=,44,<,0.2,=,160,=,99,<,10,=,0.19,=,2800,=,5.26,<,0.1,<,0.03,=,0.4,=,2200,<,0.1,<,0.2,=,9200,=,0.93,=,0.02,<,0.2,=,7.3,<,1,<,1,<,1,<,1,<,1,=,0.11,<,0.01,<,50,=,2.75,=,0,=,0,,NA,<,1,=,8,=,5.4,=,15,=,19,Presente,Presente,260
1,MANTIQUEIRA,CAMPOS DO JORDAO,PC00363N,Pré-Cambriano/Cristalino,2319241,5/10/2023,=,80.2,<,0.02,<,0.2,=,6.35,<,0.5,<,2,<,0.01,<,500,=,0.07,<,0.05,=,0.6,=,0.84,<,1.3,<,0.2,=,5.02,=,116,<,10,=,0.22,=,108,=,5.62,<,0.1,<,0.03,<,0.2,=,644,<,0.1,<,0.2,=,417,=,1.14,=,0.005,=,0.29,=,5.06,<,1,<,1,<,1,<,0.5,=,8.37,<,0.1,<,0.01,<,50,=,2.49,=,0,=,0,,NA,<,1,=,9,=,7.4,=,17,=,21,Presente,Presente,270
2,PARAIBA DO SUL,BANANAL,PC00200P,Pré-Cambriano/Cristalino,2307208,11/4/2023,<,2,<,0.02,<,0.2,=,27.6,<,0.5,=,4.09,<,0.01,=,27600,<,0.05,=,0.09,<,0.2,<,0.2,=,100,<,0.2,=,136,=,2250,=,124,=,28.6,=,7590,=,276,<,0.1,=,0.37,=,0.36,=,3780,<,0.1,<,0.2,=,19300,<,0.3,=,0.11,<,0.2,=,2.23,=,15.2,<,1,=,17.5,<,0.5,<,0.5,<,0.1,<,0.01,=,182,=,108,=,0,=,0,,NA,=,1.19,=,313,=,6.2,=,23,=,24,Ausente,Ausente,1
2,PARAIBA DO SUL,BANANAL,PC00200P,Pré-Cambriano/Cristalino,2319243,2/10/2023,<,2,<,0.02,<,0.2,=,25.2,<,0.5,=,2.81,<,0.01,=,26580,<,0.05,=,0.08,=,0.24,<,0.2,=,97.8,<,0.2,=,130,=,2395,=,127,=,35.2,=,7636,=,264,<,0.1,=,0.46,=,0.3,=,3756,<,0.1,<,0.2,=,18900,<,0.3,=,0.07,<,0.2,=,0.77,=,14.9,<,1,=,16.4,<,0.5,<,0.5,<,0.1,<,0.01,=,178,=,109,=,0,=,0,,NA,=,1.47,=,347,=,6.8,=,23,=,23,Ausente,Ausente,1
2,PARAIBA DO SUL,CACAPAVA,TA00021P,Taubaté,2306612,3/4/2023,<,2,<,0.02,=,2.77,=,93,<,0.5,=,6.44,<,0.01,=,18000,<,0.05,<,0.05,<,0.2,<,0.2,=,47.9,<,0.2,=,210,=,33.6,=,207,=,7.94,=,720,=,24,<,0.1,=,3.67,<,0.2,=,3600,<,0.1,<,0.2,=,14000,<,0.3,=,0.05,<,0.2,=,2.45,=,1.13,<,1,=,4.08,<,1,<,1,<,0.1,<,0.01,=,84,=,77.2,=,0,=,0,,NA,<,1,=,165,=,7.3,=,27,=,23,Ausente,Ausente,1
2,PARAIBA DO SUL,CACAPAVA,TA00021P,Taubaté,2319238,5/10/2023,<,2,<,0.02,=,3.11,=,84.9,<,0.5,=,5.12,<,0.01,=,17350,=,0.1,<,0.05,=,0.45,<,0.2,=,46,<,0.2,=,200,=,45,=,213,=,9.07,=,659,=,28.5,<,0.1,=,4.42,<,0.2,=,3475,<,0.1,<,0.2,=,13900,<,0.3,=,0.06,=,0.21,=,3.66,<,1,<,1,=,4.12,<,0.5,=,1.27,<,0.1,<,0.01,=,72,=,74.7,=,0,=,0,,NA,<,1,=,182,=,7.7,=,27,=,23,Ausente,Ausente,38
2,PARAIBA DO SUL,CACHOEIRA PAULISTA,TA00364P,Taubaté,2307207,11/4/2023,=,5.78,<,0.02,<,0.2,=,21.1,<,0.5,<,2,<,0.01,=,3110,=,0.1,<,0.05,=,0.42,=,1.55,=,11.3,<,0.2,=,42.2,=,807,=,52.2,=,3.85,=,867,=,10,<,0.1,=,0.07,=,0.25,=,3580,<,0.1,=,0.21,=,7540,=,0.45,=,0.02,=,0.38,=,4.75,<,1,<,1,=,2.97,<,0.5,<,0.5,<,0.1,<,0.01,=,50,=,26.5,=,0,=,0,,NA,<,1,=,64,=,6.4,=,22,=,23,Ausente,Ausente,1
2,PARAIBA DO SUL,CACHOEIRA PAULISTA,TA00364P,Taubaté,2319244,2/10/2023,=,16.6,<,0.02,<,0.2,=,18.5,<,0.5,<,2,<,0.01,=,2762,=,0.5,<,0.05,=,1.74,=,2.43,=,10.4,<,0.2,=,38.6,=,776,=,41.4,=,4.39,=,852,=,9.93,<,0.1,=,0.08,=,0.28,=,3476,<,0.1,<,0.2,=,7181,=,1.28,=,0.02,=,0.35,=,13.1,<,1,<,1,=,2.63,<,0.5,<,0.5,<,0.1,<,0.01,=,62,=,25.4,=,0,=,0,,NA,<,1,=,70,=,6.5,=,23,=,24,Presente,Ausente,1
2,PARAIBA DO SUL,IGARATA,PC00344P,Pré-Cambriano/Cristalino,2308252,24/4/2023,=,5.59,<,0.02,=,0.21,=,45.7,<,0.5,=,20.3,<,0.01,=,9920,=,0.12,<,0.05,=,0.68,<,0.2,=,30.4,<,0.2,=,202,=,2.25,=,18.2,=,9.19,=,1370,=,36.5,<,0.1,=,2.69,=,0.29,=,2080,<,0.1,<,0.2,=,42100,<,0.3,=,0.05,<,0.2,=,4.66,=,6.3,=,2.05,=,4.9,<,0.5,<,0.5,=,0.46,<,0.01,=,98,=,101,=,0,=,0,,NA,<,1,=,240,=,7.4,=,22,=,24,Presente,Ausente,120
2,PARAIBA DO SUL,IGARATA,PC00344P,Pré-Cambriano/Cristalino,2320029,9/10/2023,=,6.52,<,0.02,=,0.21,=,43.8,<,0.5,=,18,=,0.01,=,9477,=,0.16,<,0.05,=,0.86,=,0.6,=,29.5,<,0.2,=,194,=,6.48,=,19.5,=,10.6,=,1419,=,49.1,<,0.1,=,3.12,=,0.37,=,2022,<,0.1,<,0.2,=,40910,<,0.3,=,0.05,<,0.2,=,7.9,=,6.13,=,2.11,=,5.29,<,0.5,<,0.5,=,0.47,=,0.01,=,66,=,98.5,=,0,=,0,,NA,<,1,=,270,=,7.8,=,22,=,28,Ausente,Ausente,290
2,PARAIBA DO SUL,JAMBEIRO,PC00060P,Pré-Cambriano/Cristalino,2306616,3/4/2023,<,2,<,0.02,<,0.2,=,67,<,0.5,=,2.49,<,0.01,=,20000,<,0.05,<,0.05,=,0.39,=,0.69,=,95.2,<,0.2,=,50,<,2,=,36.3,=,1.66,=,11000,=,0.14,<,0.1,=,0.18,<,0.2,=,4000,<,0.1,<,0.2,=,5000,<,0.3,=,2.98,=,1.13,=,2.61,=,4.63,<,1,=,3.73,<,1,<,1,=,1.27,<,0.01,=,74,=,95.2,=,0,=,0,,NA,<,1,=,223,=,7.4,=,22,=,24,Ausente,Ausente,1
2,PARAIBA DO SUL,JAMBEIRO,PC00060P,Pré-Cambriano/Cristalino,2319237,5/10/2023,=,2.07,<,0.02,<,0.2,=,78.2,<,0.5,<,2,<,0.01,=,19970,=,0.11,<,0.05,=,1.75,=,0.72,=,95.6,<,0.2,=,48.3,=,3,=,39.2,=,1.92,=,11090,=,0.29,<,0.1,=,0.22,=,0.23,=,4074,<,0.1,<,0.2,=,5084,<,0.3,=,3.03,=,1.27,=,2.76,=,4.25,<,1,=,3.38,<,0.5,<,0.5,=,1.24,<,0.01,=,94,=,97.3,=,0,=,0,,NA,<,1,=,257,=,6.8,=,23,=,25,Ausente,Ausente,1
2,PARAIBA DO SUL,LORENA,TA00198P,Taubaté,2306611,3/4/2023,=,2.52,<,0.02,=,0.37,=,49,<,0.5,=,51,<,0.01,=,7200,=,0.1,<,0.05,<,0.2,<,0.2,=,19.5,<,0.2,=,89,=,18.2,=,64.1,=,1.01,=,360,=,10.6,<,0.1,=,0.69,<,0.2,=,1100,<,0.1,<,0.2,=,56000,<,0.3,=,0.02,<,0.2,=,9.79,=,2.14,<,1,=,1.31,<,1,=,1.19,<,0.1,<,0.01,=,162,=,139,=,0,=,0,,NA,<,1,=,286,=,6.8,=,24,=,25,Presente,Presente,60
2,PARAIBA DO SUL,LORENA,TA00198P,Taubaté,2319239,5/10/2023,=,4.44,<,0.02,=,0.43,=,46.2,<,0.5,=,54.8,<,0.01,=,6213,=,0.22,<,0.05,=,0.51,<,0.2,=,16.5,<,0.2,=,85.2,=,18.4,=,65.6,=,1.22,=,246,=,13.2,<,0.1,=,0.89,=,0.66,=,1028,<,0.1,<,0.2,=,57980,<,0.3,=,0.02,<,0.2,=,6.05,=,1.89,<,1,=,1.22,<,0.5,=,2.67,<,0.1,<,0.01,=,146,=,145,=,0,=,0,,NA,<,1,=,330,=,8.2,=,22,=,27,Ausente,Ausente,14
2,PARAIBA DO SUL,MONTEIRO LOBATO,PC00260P,Pré-Cambriano/Cristalino,2308247,24/4/2023,<,2,<,0.02,<,0.2,=,16.8,<,0.5,=,2.62,<,0.01,=,18100,<,0.05,=,0.16,<,0.2,<,0.2,=,67.8,<,0.2,=,222,=,2420,<,10,=,2.03,=,5480,=,169,<,0.1,=,0.74,=,0.47,=,2340,<,0.1,<,0.2,=,18400,<,0.3,=,0.03,<,0.2,=,7.67,=,4.22,<,1,=,5.66,<,0.5,<,0.5,<,0.1,<,0.01,=,96,=,97.6,=,0,=,0,,NA,<,1,=,217,=,6.9,=,22,=,25,Ausente,Ausente,1
2,PARAIBA DO SUL,MONTEIRO LOBATO,PC00260P,Pré-Cambriano/Cristalino,2320030,9/10/2023,<,2,<,0.02,<,0.2,=,18.9,<,0.5,<,2,<,0.01,=,16760,=,0.1,=,0.11,=,0.2,<,0.2,=,63.4,<,0.2,=,216,=,2536,=,28.7,=,1.99,=,5239,=,134,<,0.1,=,0.9,=,0.24,=,2217,<,0.1,<,0.2,=,18420,<,0.3,=,0.02,<,0.2,=,9.94,=,2.18,<,1,=,3.08,<,0.5,<,0.5,=,0.17,=,0.01,=,96,=,97.4,=,0,=,0,,NA,<,1,=,151,=,6.8,=,23,=,25,Presente,Ausente,1
2,PARAIBA DO SUL,NATIVIDADE DA SERRA,PC00368P,Pré-Cambriano/Cristalino,2308251,24/4/2023,<,2,<,0.02,<,0.2,=,21.1,<,0.5,=,7.06,<,0.01,=,12300,=,0.16,<,0.05,=,4.02,=,0.26,=,40.5,<,0.2,=,74,=,15.8,=,24.4,=,20.9,=,2370,=,0.49,<,0.1,=,2.94,=,0.41,=,3010,<,0.1,<,0.2,=,9910,<,0.3,=,0.34,=,0.31,=,6.02,=,3.61,<,1,=,2.4,<,0.5,<,0.5,=,0.37,<,0.01,<,50,=,55.4,=,0,=,0,,NA,<,1,=,133,=,6.5,=,22,=,23,Ausente,Ausente,34
2,PARAIBA DO SUL,NATIVIDADE DA SERRA,PC00368P,Pré-Cambriano/Cristalino,2320034,9/10/2023,<,2,<,0.02,<,0.2,=,20,<,0.5,=,6.21,<,0.01,=,12560,=,0.23,<,0.05,=,6.9,=,0.24,=,41.5,<,0.2,=,73.1,=,12.2,=,27.2,=,22.3,=,2461,=,0.34,<,0.1,=,3.58,=,0.38,=,2856,<,0.1,<,0.2,=,10280,<,0.3,=,0.4,=,0.33,=,5.87,=,3.39,<,1,=,2.67,<,0.5,<,0.5,=,0.3,=,0.01,<,50,=,55.5,=,0,=,0,,NA,<,1,=,156,=,7.1,=,25,=,26,Ausente,Ausente,1
2,PARAIBA DO SUL,PARAIBUNA,PC00366P,Pré-Cambriano/Cristalino,2306615,3/4/2023,<,2,<,0.02,<,0.2,=,42,<,0.5,=,2.52,=,0.01,=,8800,=,0.59,<,0.05,=,7.3,=,0.59,=,31.5,<,0.2,=,74,=,16.7,=,82.2,=,10.4,=,2300,=,1.93,=,0.38,=,0.08,=,0.24,=,4100,<,0.1,<,0.2,=,5100,<,0.3,=,1.26,=,1.83,=,3.78,=,2.65,<,1,<,1,<,1,<,1,=,1.07,<,0.01,<,50,=,39.1,=,0,=,0,,NA,<,1,=,96,=,5.7,=,19,=,26,Ausente,Ausente,1
2,PARAIBA DO SUL,PARAIBUNA,PC00366P,Pré-Cambriano/Cristalino,2319242,5/10/2023,=,2.53,<,0.02,<,0.2,=,39.9,<,0.5,<,2,=,0.02,=,7972,=,0.93,<,0.05,=,9.06,=,0.54,=,29.8,<,0.2,=,69.2,=,22.6,=,83.5,=,12.1,=,2407,=,9.89,=,0.32,=,0.1,=,0.48,=,4140,<,0.1,<,0.2,=,5108,<,0.3,=,0.79,=,1.96,=,4.92,=,2.84,<,1,<,1,<,0.5,=,1.91,=,1.1,<,0.01,<,50,=,39.8,=,0,=,0,,NA,=,1.48,=,114,=,7,=,23,=,27,Ausente,Ausente,1
2,PARAIBA DO SUL,PIQUETE,PC00343P,Pré-Cambriano/Cristalino,2306613,3/4/2023,=,2.96,=,0.02,=,0.26,=,41,<,0.5,=,4.42,=,0.02,=,39000,<,0.05,=,0.07,=,0.43,<,0.2,=,139,<,0.2,=,150,=,7.77,=,18.6,=,9.45,=,10000,=,7.96,<,0.1,=,2.07,=,1.05,=,6400,<,0.1,=,0.98,=,7000,<,0.3,=,53,=,3.62,=,3.16,=,6,<,1,=,12.8,<,1,<,1,=,1.36,<,0.01,=,130,=,133,=,0,=,0,,NA,<,1,=,326,=,7.3,=,23,=,26,Ausente,Ausente,1
2,PARAIBA DO SUL,PIQUETE,PC00343P,Pré-Cambriano/Cristalino,2319236,5/10/2023,=,4.13,=,0.02,=,0.29,=,39.4,<,0.5,=,3.26,=,0.02,=,37590,<,0.05,=,0.08,=,0.79,<,0.2,=,137,<,0.2,=,145,=,20.2,=,18,=,10.5,=,10550,=,13.2,<,0.1,=,2.32,=,1.13,=,6488,<,0.1,=,1.03,=,7077,<,0.3,=,51.6,=,4.11,=,1.66,=,5.7,<,1,=,12.1,<,0.5,<,0.5,=,1.34,=,0.01,=,166,=,133,=,0,=,0,,NA,<,1,=,363,=,8,=,21,=,27,Ausente,Ausente,1
2,PARAIBA DO SUL,ROSEIRA,TA00201P,Taubaté,2308249,24/4/2023,<,2,<,0.02,<,0.2,=,528,<,0.5,=,16.4,<,0.01,=,37100,=,0.07,<,0.05,=,0.33,=,0.38,=,128,<,0.2,=,524,=,86.2,=,21.6,=,9.9,=,8650,=,96.3,<,0.1,=,0.14,=,6.11,=,5260,<,0.1,<,0.2,=,3200,<,0.3,=,0.02,<,0.2,=,199,<,1,<,1,=,2.27,<,0.5,<,0.5,=,0.15,=,0.02,=,84,=,136,=,0,=,0,,NA,<,1,=,280,=,7.1,=,28,=,27,Ausente,Ausente,1
2,PARAIBA DO SUL,ROSEIRA,TA00201P,Taubaté,2320032,9/10/2023,<,2,<,0.02,<,0.2,=,537,<,0.5,=,12.4,=,0.01,=,36440,=,0.25,<,0.05,=,1,<,0.2,=,127,<,0.2,=,528,=,209,=,31.4,=,8.18,=,8811,=,101,<,0.1,=,0.14,=,1.44,=,5024,<,0.1,<,0.2,=,3523,<,0.3,=,0.02,<,0.2,=,71.3,<,1,<,1,=,2.3,<,0.5,<,0.5,=,0.22,=,0.03,=,84,=,130,=,0,=,0,,NA,=,1.31,=,314,=,7.7,=,26,=,27,Ausente,Ausente,1
2,PARAIBA DO SUL,SAO JOSE DO BARREIRO,PC00422P,Pré-Cambriano/Cristalino,2307210,11/4/2023,=,6.3,=,0.02,=,1.76,=,4.65,<,0.5,=,7.34,<,0.01,=,18100,<,0.05,<,0.05,<,0.2,<,0.2,=,54,<,0.2,=,281,<,2,=,17.4,=,1.62,=,2150,=,1.3,<,0.1,=,1.16,<,0.2,=,2460,<,0.1,<,0.2,=,16400,<,0.3,=,76.9,=,0.26,=,0.56,<,1,<,1,=,8.84,<,0.5,<,0.5,<,0.1,<,0.01,<,50,=,78.4,=,1.98,=,0,,NA,<,1,=,184,=,8.1,=,25,=,24,Ausente,Ausente,1
2,PARAIBA DO SUL,SAO JOSE DO BARREIRO,PC00422P,Pré-Cambriano/Cristalino,2319245,2/10/2023,=,2.86,=,0.09,=,0.95,=,19.2,<,0.5,=,2.94,<,0.01,=,21760,<,0.05,<,0.05,=,0.34,=,0.4,=,84.9,<,0.2,=,230,=,3.38,=,19.8,=,2.27,=,7435,=,61.3,<,0.1,=,2.15,=,0.24,=,3581,<,0.1,<,0.2,=,7216,<,0.3,=,14.7,=,1.06,=,1.8,<,1,<,1,=,3.59,<,0.5,=,10.84,=,0.25,<,0.01,=,58,=,98.9,=,0,=,0,,NA,<,1,=,236,=,8.1,=,24,=,23,Ausente,Ausente,190
2,PARAIBA DO SUL,SAO JOSE DOS CAMPOS,TA00128P,Taubaté,2308250,24/4/2023,<,2,<,0.02,=,0.7,=,50.5,<,0.5,=,10.6,<,0.01,=,7250,<,0.05,<,0.05,=,0.5,=,0.36,=,21,<,0.2,=,95,=,3.56,=,91.5,=,3.12,=,717,=,12.6,<,0.1,=,0.15,=,0.69,=,3640,<,0.1,<,0.2,=,18000,<,0.3,=,0.25,=,0.58,=,1.24,<,1,<,1,<,1,<,0.5,<,0.5,=,0.2,<,0.01,<,50,=,61.3,=,0,=,0,,NA,<,1,=,121,=,7.2,=,24,=,23,Ausente,Ausente,1
2,PARAIBA DO SUL,SILVEIRAS,PC00283P,Pré-Cambriano/Cristalino,2307211,11/4/2023,<,2,<,0.02,<,0.2,=,15.1,<,0.5,=,2.88,<,0.01,=,13600,=,0.28,<,0.05,=,1.73,<,0.2,=,43.2,<,0.2,=,115,=,12.2,=,145,=,12.6,=,2240,=,30.3,<,0.1,=,0.3,=,2.25,=,3030,<,0.1,<,0.2,=,13900,<,0.3,=,0.29,=,1.08,=,597,<,1,<,1,<,1,<,0.5,<,0.5,=,0.2,=,0.01,<,50,=,72.7,=,0,=,0,,NA,<,1,=,150,=,6.8,=,23,=,24,Ausente,Ausente,290
2,PARAIBA DO SUL,SILVEIRAS,PC00283P,Pré-Cambriano/Cristalino,2319247,2/10/2023,=,3.9,<,0.02,<,0.2,=,12.6,<,0.5,<,2,<,0.01,=,12790,=,0.23,<,0.05,=,4.85,<,0.2,=,41.5,<,0.2,=,107,=,5.79,=,112,=,14.3,=,2324,=,12.8,<,0.1,=,0.35,=,2.43,=,2873,<,0.1,<,0.2,=,14050,<,0.3,=,0.21,=,0.96,=,165,<,1,<,1,<,1,<,0.5,<,0.5,=,0.2,<,0.01,=,88,=,73.5,=,0,=,0,,NA,<,1,=,177,=,7.2,=,22,=,24,Ausente,Ausente,1
2,PARAIBA DO SUL,SILVEIRAS,PC00365P,Pré-Cambriano/Cristalino,2307212,11/4/2023,=,2.16,<,0.02,<,0.2,=,17.1,<,0.5,<,2,<,0.01,=,48000,=,0.14,<,0.05,=,0.9,<,0.2,=,156,<,0.2,=,295,=,1950,=,21.2,=,4.97,=,8860,=,168,<,0.1,=,0.05,=,0.59,=,2800,<,0.1,<,0.2,=,14000,<,0.3,=,0.01,<,0.2,=,6.34,=,32.5,<,1,=,6.53,<,0.5,<,0.5,<,0.1,<,0.01,=,198,=,157,=,0,=,0,,NA,<,1,=,463,=,7.2,=,21,=,23,Ausente,Ausente,1
2,PARAIBA DO SUL,SILVEIRAS,PC00365P,Pré-Cambriano/Cristalino,2319246,2/10/2023,=,2.99,<,0.02,<,0.2,=,16.9,<,0.5,<,2,<,0.01,=,45640,=,0.16,<,0.05,=,2.82,<,0.2,=,151,<,0.2,=,296,=,1597,=,21.3,=,5.59,=,9024,=,161,<,0.1,=,0.06,<,0.2,=,2750,<,0.1,<,0.2,=,16420,<,0.3,=,0.01,<,0.2,=,3.26,=,40.9,<,1,=,6.38,<,0.5,<,0.5,<,0.1,<,0.01,=,242,=,155,=,0,=,0,,NA,<,1,=,521,=,7.1,=,22,=,23,Ausente,Ausente,1
2,PARAIBA DO SUL,TAUBATE,TA00185P,Taubaté,2307209,11/4/2023,<,2,<,0.02,<,0.2,=,46.8,<,0.5,=,16.7,<,0.01,=,8440,=,0.05,<,0.05,=,0.2,=,0.56,=,29.6,<,0.2,=,74.6,=,14.8,=,149,=,10.8,=,2070,=,9.35,<,0.1,<,0.03,<,0.2,=,3140,<,0.1,<,0.2,=,17700,<,0.3,=,0.01,<,0.2,=,1.46,=,1.16,<,1,=,2.02,<,0.5,=,0.77,=,0.46,=,0.01,<,50,=,66.5,=,0,=,0,,NA,<,1,=,143,=,6.8,=,24,=,21,Ausente,Ausente,1
2,PARAIBA DO SUL,TAUBATE,TA00185P,Taubaté,2319248,16/10/2023,=,392,<,0.02,=,1.03,=,40.9,=,1,<,2,<,0.01,=,5392,=,5.9,=,1.2,=,7.89,=,4.85,=,23.1,=,0.59,=,30.2,=,5458,=,669,=,11.7,=,2324,=,181,<,0.1,=,0.06,=,1.18,=,3861,<,0.1,=,0.27,=,1078,=,35.6,=,0.31,=,1.35,=,15.5,=,1.11,<,1,<,1,<,0.1,NA,NA,=,1.13,<,0.01,<,50,=,18,=,0,=,0,,NA,<,1,=,59,=,6.7,=,23,=,30,Presente,Presente,280
2,PARAIBA DO SUL,TREMEMBE,TA00399P,Taubaté,2308248,24/4/2023,=,5.33,<,0.02,<,0.2,=,21,<,0.5,=,15.1,<,0.01,=,2690,<,0.05,<,0.05,<,0.2,<,0.2,=,6.72,<,0.2,=,30.5,=,6.93,<,10,=,12.5,<,100,=,4.7,<,0.1,=,1.13,<,0.2,=,649,<,0.1,<,0.2,=,45200,<,0.3,<,0.005,<,0.2,<,0.5,<,1,<,1,=,6.15,<,0.5,=,0.52,<,0.1,<,0.01,=,62,=,88.8,=,11,=,0,,NA,<,1,=,207,=,8.8,=,31,=,25,Ausente,Ausente,1
2,PARAIBA DO SUL,TREMEMBE,TA00399P,Taubaté,2320031,9/10/2023,=,272,=,0.04,<,0.2,=,36,<,0.5,=,4.28,<,0.01,=,13180,=,0.05,=,0.06,=,0.92,<,0.2,=,42,<,0.2,=,60.5,=,427,=,439,=,0.9,=,2206,=,7.65,<,0.1,=,0.03,=,0.5,=,3666,<,0.1,<,0.2,=,7230,=,0.35,=,0.04,<,0.2,=,29.4,=,11.2,<,1,=,22.4,<,0.5,<,0.5,=,0.81,<,0.01,<,50,=,15.7,=,0,=,0,,NA,=,3.41,=,164,=,7.6,=,24,=,23,Ausente,Ausente,1
4,PARDO,BRODOWSKI,GU00236P,Guarani,2304637,6/3/2023,<,2,<,0.02,<,0.2,=,97,<,0.5,<,2,<,0.01,=,4300,<,0.05,<,0.05,<,0.2,=,1.99,=,14.4,<,0.2,=,37,=,5.41,=,236,=,1.05,=,900,=,0.19,<,0.1,<,0.03,=,0.21,=,8200,<,0.1,<,0.2,=,950,<,0.3,=,0.01,=,1.39,=,1.85,=,2,=,0.2,=,2,<,1,<,1,<,0.02,<,0.05,<,100,=,0,=,0,=,26.1,,NA,=,3.9,=,58,=,6.71,=,31.8,=,28,Presente,Ausente,11
4,PARDO,CASA BRANCA,TU00342P,Tubarão,2305954,28/3/2023,=,5.02,<,0.02,<,0.2,=,22,<,0.5,<,2,<,0.01,<,500,=,0.16,=,0.13,=,1.53,<,0.2,<,1.3,<,0.2,=,3.1,=,14.7,<,10,=,0.25,<,100,=,5.15,<,0.1,<,0.03,<,0.2,=,750,<,0.1,<,0.2,=,540,<,0.3,=,0.02,<,0.2,=,1.42,<,1,<,0.1,<,0.5,<,1,<,1,=,0.1,<,0.05,<,100,<,20,<,20,<,20,=,20,<,1,=,9,=,5.73,=,24.4,=,23.8,Presente,Ausente,12
4,PARDO,CASA BRANCA,TU00342P,Tubarão,2317124,13/9/2023,=,3.13,<,0.02,<,0.2,=,29.9,<,0.5,<,2,<,0.01,<,500,=,0.15,=,0.13,=,2.27,<,0.2,<,1.3,<,0.2,=,4.72,=,6.32,<,10,=,0.34,<,100,=,5.37,<,0.1,<,0.03,<,0.2,=,949,<,0.1,<,0.2,=,730,<,0.3,=,0.008,<,0.2,=,1.6,<,1,<,0.1,<,0.5,<,0.5,<,0.5,=,0.1,<,0.05,<,100,<,20,<,20,<,20,<,20,=,3,=,8,=,5.53,=,25.1,=,31.8,Ausente,Ausente,14
4,PARDO,CRAVINHOS,GU00030P,Guarani,2304654,6/3/2023,=,2.24,<,0.02,<,0.2,=,76,<,0.5,<,2,<,0.01,=,2800,<,0.05,<,0.05,=,0.49,=,1.69,=,13.2,<,0.2,=,30,=,13.2,=,60.9,=,0.68,=,1500,=,0.12,<,0.1,<,0.03,=,0.42,=,3900,<,0.1,<,0.2,=,1400,<,0.3,=,0.02,=,3.19,=,34.8,=,2,=,0.1,=,2,<,1,<,1,<,0.02,<,0.05,<,100,=,0,=,0,=,18.3,,NA,=,4.7,=,42,=,6.06,=,27.9,=,26.7,Ausente,Ausente,1
4,PARDO,CRAVINHOS,GU00030P,Guarani,2316793,4/9/2023,<,2,<,0.02,<,0.2,=,77.9,<,0.5,<,2,<,0.01,=,2316,=,0.27,<,0.05,=,3.97,=,1.67,=,12,<,0.2,=,28.2,=,2.99,=,61.1,=,0.65,=,1502,<,0.1,<,0.1,<,0.03,<,0.2,=,3774,<,0.1,<,0.2,=,1452,<,0.3,=,0.02,=,3.29,=,2.41,<,1,<,0.1,<,0.5,<,1,<,1,=,0.5,<,0.05,<,100,=,20.9,<,20,<,20,=,20.9,=,1.4,=,41,=,6.01,=,28.6,=,29.8,Presente,Ausente,4
4,PARDO,CRAVINHOS,SG00391P,Serra Geral,2304651,6/3/2023,=,5.36,<,0.02,<,0.2,=,6.2,<,0.5,<,2,<,0.01,=,6500,=,0.09,=,0.28,=,2.68,=,0.35,=,26.9,<,0.2,=,40,=,6.52,=,47,=,0.22,=,2600,=,7.52,<,0.1,<,0.03,=,0.22,=,810,<,0.1,<,0.2,=,2000,<,0.3,<,0.005,=,6.32,=,0.98,=,2,=,0.1,=,3,<,1,<,1,=,0.02,<,0.05,<,100,=,0,=,0,=,23.1,,NA,=,5,=,48,=,6.29,=,25.2,=,26.1,Presente,Ausente,52
4,PARDO,CRAVINHOS,SG00391P,Serra Geral,2316791,4/9/2023,=,3.27,<,0.02,<,0.2,=,7.97,<,0.5,<,2,<,0.01,=,5122,=,0.09,=,0.29,=,4.63,=,0.23,=,23,<,0.2,=,35,=,3.24,=,48.9,=,0.29,=,2466,=,9.78,<,0.1,<,0.03,=,0.31,=,720,<,0.1,<,0.2,=,1834,<,0.3,<,0.005,=,6.6,=,2.07,<,1,<,0.1,<,0.5,<,1,<,1,=,0.1,<,0.05,<,100,=,28.2,<,20,<,20,=,28.2,=,1.8,=,53,=,6.24,=,25,=,29.8,Presente,Ausente,41
4,PARDO,ITOBI,PC00413P,Pré-Cambriano/Cristalino,2304395,14/3/2023,=,3.36,<,0.02,<,0.2,=,65,<,0.5,<,2,<,0.01,=,5800,=,0.09,<,0.05,=,0.95,=,0.38,=,20.3,<,0.2,=,43,=,6,=,118,=,3.55,=,1400,=,0.5,<,0.1,=,0.07,<,0.2,=,4700,<,0.1,<,0.2,=,6700,<,0.3,=,0.007,=,1.26,=,30.4,=,0.2,=,0.06,<,0.6,<,0.1,<,0.5,=,1.97,<,0.02,=,84,=,27,<,3,<,3,,NA,=,3.1,=,83.1,=,6.3,=,24,=,28.6,Ausente,Ausente,4
4,PARDO,ITOBI,PC00413P,Pré-Cambriano/Cristalino,2317827,19/9/2023,<,2,<,0.02,<,0.2,=,64.8,<,0.5,<,2,<,0.01,=,5346,=,0.15,<,0.05,=,1.37,=,0.3,=,19.2,<,0.2,=,40.7,=,40.1,=,122,=,3.48,=,1421,=,0.39,<,0.1,=,0.06,<,0.2,=,4732,<,0.1,<,0.2,=,6660,<,0.3,=,0.01,=,1.24,=,9.67,=,0.4,=,0.05,<,0.6,<,0.5,<,0.5,=,2.03,<,0.02,=,108,=,30,<,3,<,3,,NA,=,2.1,=,83.7,=,6.2,=,23.5,=,27,Ausente,Ausente,1
4,PARDO,JARDINOPOLIS,GU00061P,Guarani,2304633,6/3/2023,=,10.4,<,0.02,=,0.33,=,25,<,0.5,<,2,<,0.01,=,8000,=,0.11,<,0.05,=,1.77,=,4.29,=,27.4,<,0.2,=,60,=,30.2,=,268,=,1.26,=,1800,=,0.68,<,0.1,<,0.03,=,0.22,=,8200,<,0.1,<,0.2,=,2800,=,3.09,<,0.005,=,2.77,=,5.28,=,2,=,0.1,=,2,<,1,<,1,<,0.02,<,0.05,<,100,=,0,=,0,=,46,,NA,=,2.9,=,92,=,6.83,=,26.6,=,21.4,Ausente,Ausente,14
4,PARDO,JARDINOPOLIS,GU00061P,Guarani,2318001,4/9/2023,<,2,<,0.02,=,0.34,=,28.8,<,0.5,<,2,<,0.01,=,7078,=,0.1,<,0.05,=,2.35,=,4.13,=,26.6,<,0.2,=,59.7,<,2,=,270,=,1.21,=,2158,=,0.84,<,0.1,<,0.03,<,0.2,=,8398,<,0.1,<,0.2,=,3450,<,0.3,<,0.005,=,2.6,=,4.12,<,1,<,0.1,<,0.5,<,1,<,1,=,0.06,<,0.05,<,100,=,47.4,=,0,=,0,,NA,=,1.4,=,94,=,6.7,=,28.8,=,35.2,Presente,Ausente,19
4,PARDO,MOCOCA,PC00357P,Pré-Cambriano/Cristalino,2305955,28/3/2023,=,8.67,<,0.02,=,0.57,=,67,<,0.5,=,15.3,<,0.01,=,7300,<,0.05,<,0.05,=,0.22,=,1.04,=,30.6,<,0.2,=,88,=,6.93,=,32.2,=,3.79,=,3000,=,0.73,<,0.1,=,0.34,=,0.44,=,1400,<,0.1,<,0.2,=,55000,<,0.3,=,0.03,=,0.79,=,2.83,=,5,=,0.3,=,5,<,1,<,1,=,2,<,0.05,=,236,=,125,<,20,<,20,=,132,<,1,=,284,=,8.12,=,26.5,=,32.7,Presente,Ausente,9
4,PARDO,MOCOCA,PC00357P,Pré-Cambriano/Cristalino,2317123,13/9/2023,=,12.8,<,0.02,=,0.68,=,65.1,<,0.5,=,15.7,<,0.01,=,6793,<,0.05,<,0.05,=,0.41,=,0.84,=,29,<,0.2,=,84.2,=,13.8,=,30.5,=,3.89,=,2920,=,0.68,<,0.1,=,0.46,=,0.36,=,1315,<,0.1,<,0.2,=,57560,=,0.41,=,0.03,=,0.79,=,0.58,=,5,=,0.3,=,4,<,0.5,<,0.5,=,2,<,0.05,=,182,=,144,<,20,<,20,=,144,=,1.7,=,298,=,8.42,=,27.2,=,38.8,Presente,Ausente,79
4,PARDO,RIBEIRAO PRETO,GU00114P,Guarani,2304665,8/3/2023,<,2,<,0.02,=,0.34,=,59,<,0.5,<,2,<,0.01,=,5900,<,0.05,<,0.05,=,1.16,=,2.27,=,20.5,<,0.2,=,32,=,2.11,=,299,=,0.82,=,1400,<,0.1,<,0.1,<,0.03,<,0.2,=,4200,<,0.1,<,0.2,=,1200,<,0.3,<,0.005,=,1.59,=,1.95,=,2,=,0.1,=,2,<,1,<,1,=,0.1,<,0.05,<,100,=,27.4,<,20,<,20,=,27.4,<,1,=,54,=,6.26,=,25.8,=,28.1,Ausente,Ausente,8
4,PARDO,RIBEIRAO PRETO,GU00114P,Guarani,2316934,11/9/2023,<,2,<,0.02,=,0.35,=,58.2,<,0.5,<,2,<,0.01,=,5506,<,0.05,<,0.05,=,1.73,=,2.25,=,19.6,<,0.2,=,30.9,=,2.77,=,300,=,0.81,=,1432,<,0.1,<,0.1,<,0.03,<,0.2,=,4097,<,0.1,<,0.2,=,1081,<,0.3,=,0.008,=,1.61,=,0.8,<,1,=,0.1,<,0.5,<,0.5,<,0.5,=,0.1,<,0.05,<,100,=,26.1,<,20,<,20,=,26.1,=,3.6,=,55,=,6.34,=,25.9,=,31.5,Ausente,Ausente,1
4,PARDO,RIBEIRAO PRETO,GU00175P,Guarani,2304666,8/3/2023,=,3.52,<,0.02,<,0.2,=,43,<,0.5,<,2,<,0.01,<,500,=,0.31,=,0.66,=,12.3,=,2.05,=,1.77,<,0.2,=,7.7,<,2,<,10,=,0.61,=,430,=,4.52,<,0.1,<,0.03,=,0.88,=,1700,<,0.1,<,0.2,<,200,<,0.3,<,0.005,=,0.24,=,12.3,=,2,<,0.1,=,3,<,1,<,1,=,0.04,<,0.05,<,100,<,20,<,20,<,20,<,20,<,1,=,12,=,5.4,=,24.8,=,29.7,Presente,Presente,42
4,PARDO,RIBEIRAO PRETO,GU00175P,Guarani,2316935,11/9/2023,=,2.29,<,0.02,<,0.2,=,41.9,<,0.5,<,2,<,0.01,<,500,=,0.2,=,0.71,=,5.1,=,2.09,=,1.73,<,0.2,=,7.22,<,2,<,10,=,0.63,=,419,=,4.5,<,0.1,<,0.03,=,0.8,=,1639,<,0.1,<,0.2,<,200,<,0.3,=,0.005,=,0.23,=,4.62,<,1,<,0.1,<,0.5,<,0.5,<,0.5,=,0.03,<,0.05,<,100,<,20,<,20,<,20,<,20,=,3.6,=,12,=,5.3,=,24.4,=,27.2,Ausente,Ausente,1
4,PARDO,RIBEIRAO PRETO,GU00286P,Guarani,2304668,8/3/2023,=,2.12,<,0.02,<,0.2,=,74,<,0.5,<,2,<,0.01,=,5400,<,0.05,=,0.1,=,0.41,=,2.55,=,19.7,<,0.2,=,34,<,2,=,65.8,=,0.88,=,1500,=,0.47,<,0.1,<,0.03,=,1.03,=,2900,<,0.1,<,0.2,=,1100,<,0.3,=,0.008,=,0.87,=,0.91,=,3,<,0.1,=,2,<,1,<,1,=,2,<,0.05,<,100,<,20,<,20,<,20,<,20,<,1,=,53,=,6.03,=,24.5,=,26.5,Ausente,Ausente,1
4,PARDO,RIBEIRAO PRETO,GU00286P,Guarani,2316930,11/9/2023,<,2,<,0.02,<,0.2,=,72.3,<,0.5,<,2,=,0.01,=,5048,<,0.05,=,0.1,=,0.4,=,2.64,=,18.7,<,0.2,=,33.6,<,2,=,69.7,=,0.86,=,1472,=,0.46,<,0.1,<,0.03,=,0.98,=,2853,<,0.1,<,0.2,=,1093,<,0.3,=,0.01,=,0.88,=,0.73,=,1,<,0.1,<,0.5,<,0.5,<,0.5,=,2,<,0.05,<,100,<,20,<,20,<,20,<,20,=,1.6,=,54,=,5.91,=,25.4,=,29.7,Ausente,Ausente,1
4,PARDO,SALES OLIVEIRA,GU00118P,Guarani,2305446,14/3/2023,=,3.05,=,0.02,=,0.36,=,26,=,0.5,=,2,=,0.01,=,25000,=,0.08,=,0.05,=,0.95,=,0.9,=,74.3,<,0.2,=,100,=,2.58,<,10,=,1.79,=,2900,<,0.1,<,0.1,<,0.03,<,0.2,=,5300,<,0.1,<,0.2,=,5300,<,0.3,<,0.005,=,3.71,=,4.22,=,2,=,0.1,=,3,<,1,<,1,=,0.03,<,0.05,=,114,=,83.4,=,0,=,0,,NA,<,1,=,164,=,8.02,=,31.5,=,25.4,Ausente,Ausente,1
4,PARDO,SALES OLIVEIRA,GU00118P,Guarani,2318296,19/9/2023,<,2,<,0.02,=,0.39,=,25.2,<,0.5,<,2,<,0.01,=,22640,=,0.13,<,0.05,=,1.55,=,0.94,=,68,<,0.2,=,92.4,<,2,<,10,=,1.83,=,2781,<,0.1,<,0.1,<,0.03,<,0.2,=,5170,<,0.1,<,0.2,=,5009,<,0.3,<,0.005,=,3.83,=,1.32,<,1,<,0.1,<,0.5,<,1,<,1,=,0.04,<,0.05,<,100,=,83.8,=,0,=,0,,NA,=,1.7,=,167,=,8.04,=,32,=,36,Ausente,Ausente,1
4,PARDO,SALES OLIVEIRA,SG00119P,Serra Geral,2305445,23/3/2023,=,8.97,<,0.02,<,0.2,=,1.9,<,0.5,<,2,<,0.01,=,13000,=,0.11,<,0.05,=,0.85,=,0.26,=,46.5,<,0.2,=,95,=,38.7,=,149,=,1.38,=,3400,=,0.46,<,0.1,<,0.03,<,0.2,=,1900,<,0.1,<,0.2,=,5600,=,3.54,=,0.01,=,13.8,=,3.35,=,3,=,0.2,=,3,<,1,<,1,=,0.5,<,0.05,<,100,=,56.7,=,0,=,0,,NA,<,1,=,113,=,6.98,=,25.4,=,33.2,Ausente,Ausente,1
4,PARDO,SALES OLIVEIRA,SG00119P,Serra Geral,2318295,19/9/2023,<,2,<,0.02,<,0.2,=,1.75,<,0.5,<,2,<,0.01,=,12300,=,0.11,<,0.05,=,1.35,=,0.21,=,45.2,<,0.2,=,93.2,=,4.68,=,156,=,1.35,=,3513,=,0.18,<,0.1,<,0.03,<,0.2,=,1885,<,0.1,<,0.2,=,6005,<,0.3,=,0.01,=,14.1,=,1.64,<,1,<,0.1,=,0.6,<,1,<,1,=,0.5,<,0.05,=,118,=,57.1,=,0,=,0,,NA,=,1.5,=,117,=,6.93,=,26.2,=,31.4,Ausente,Ausente,1
4,PARDO,SANTA CRUZ DA ESPERANCA,GU00121P,Guarani,2306441,29/3/2023,=,3.08,<,0.02,<,0.2,=,1.9,<,0.5,=,2.3,<,0.01,=,8200,<,0.05,<,0.05,<,0.2,=,1.99,=,28.3,<,0.2,=,180,<,2,<,10,=,2.74,=,1900,<,0.1,<,0.1,=,0.04,<,0.2,=,610,<,0.1,=,0.46,=,25000,<,0.3,=,0.06,=,5.48,=,2.1,<,1,<,0.1,<,0.5,<,1,<,1,=,0.06,<,0.05,=,166,=,74.4,<,20,<,20,=,81,<,1,=,156,=,8.31,=,26.1,=,29.8,Ausente,Ausente,1
4,PARDO,SANTA CRUZ DA ESPERANCA,GU00121P,Guarani,2318425,12/9/2023,=,6.37,<,0.02,<,0.2,=,2.21,<,0.5,=,2.27,<,0.01,=,7899,<,0.05,<,0.05,=,0.4,=,2.14,=,27.8,<,0.2,=,179,=,2.99,<,10,=,2.9,=,1955,=,0.12,<,0.1,=,0.06,<,0.2,=,601,<,0.1,=,0.51,=,24510,<,0.3,=,0.06,=,5.87,=,2.65,<,1,<,0.1,<,0.5,<,1,<,1,=,0.07,<,0.05,=,108,=,92.1,=,0,=,0,,NA,=,3,=,157,=,8.47,=,26.2,=,32.5,Ausente,Ausente,2
4,PARDO,SAO JOSE DO RIO PARDO,PC00390P,Pré-Cambriano/Cristalino,2305953,28/3/2023,<,2,<,0.02,<,0.2,=,110,<,0.5,<,2,<,0.01,=,11000,=,0.1,<,0.05,=,1.36,=,2.82,=,48.1,<,0.2,=,90,=,2.7,=,123,=,1.97,=,5000,<,0.1,<,0.1,<,0.03,=,0.36,=,4000,<,0.1,<,0.2,=,6200,<,0.3,=,0.008,=,2.84,=,4.29,=,4,=,0.1,<,0.5,<,1,<,1,=,5,<,0.05,=,202,=,40.5,<,20,<,20,=,40.5,<,1,=,136,=,6.54,=,24.7,=,27.9,Ausente,Ausente,1
4,PARDO,SAO JOSE DO RIO PARDO,PC00390P,Pré-Cambriano/Cristalino,2317125,13/9/2023,<,2,<,0.02,<,0.2,=,104,<,0.5,<,2,<,0.01,=,10710,<,0.05,<,0.05,=,1.06,=,2.85,=,47.6,<,0.2,=,88,=,5.37,=,129,=,1.98,=,5080,<,0.1,<,0.1,<,0.03,=,0.3,=,4106,<,0.1,<,0.2,=,6259,<,0.3,=,0.008,=,2.95,=,3.8,=,4,=,0.1,<,0.5,<,0.5,<,0.5,=,6,=,0.2,=,128,=,42.8,<,20,<,20,=,42.8,=,2.2,=,139,=,6.57,=,24.9,=,33.8,Ausente,Ausente,1
4,PARDO,SAO SIMAO,GU00134P,Guarani,2306440,29/3/2023,=,200,<,0.02,<,0.2,=,38,<,0.5,<,2,<,0.01,=,1200,=,0.09,=,2.55,=,1.59,<,0.2,=,4.65,<,0.2,=,13,=,11.4,<,10,=,0.41,=,400,=,133,<,0.1,<,0.03,=,0.31,=,2400,<,0.1,<,0.2,=,1700,<,0.3,=,0.06,=,0.43,=,1.62,=,2,<,0.1,<,0.5,<,1,=,2.06,=,3,<,0.05,<,100,<,20,<,20,<,20,<,20,<,1,=,40,=,4.82,=,25.1,=,27.3,Ausente,Ausente,6
4,PARDO,SAO SIMAO,GU00134P,Guarani,2318430,12/9/2023,=,208,<,0.02,<,0.2,=,34.1,<,0.5,<,2,<,0.01,=,1171,=,0.1,=,2.06,=,1.9,=,0.21,=,4.47,<,0.2,=,14.4,=,12.4,<,10,<,0.1,=,376,=,125,<,0.1,<,0.03,<,0.2,=,2086,<,0.1,=,0.57,=,1870,<,0.3,=,0.05,=,0.54,=,2.03,=,2,<,0.1,<,0.5,<,1,<,1,=,3,<,0.05,<,100,=,13.7,=,0,=,0,,NA,=,3.6,=,36,=,4.79,=,25,=,28.6,Ausente,Ausente,8
4,PARDO,SERRA AZUL,GU00137P,Guarani,2306442,29/3/2023,<,2,<,0.02,<,0.2,=,26,<,0.5,<,2,<,0.01,=,2200,=,0.14,=,0.16,=,1.89,=,1.34,=,9.24,<,0.2,=,27,<,2,=,22.8,=,0.67,=,910,=,0.32,<,0.1,<,0.03,=,0.46,=,1400,<,0.1,<,0.2,=,1500,<,0.3,=,0.02,=,0.82,=,1.8,<,1,<,0.1,<,0.5,<,1,<,1,=,1,<,0.05,<,100,<,20,<,20,<,20,<,20,<,1,=,32,=,5.72,=,24.7,=,26.6,Presente,Ausente,1
4,PARDO,SERRA AZUL,GU00137P,Guarani,2318435,12/9/2023,<,2,<,0.02,<,0.2,=,26.2,<,0.5,<,2,<,0.01,=,2113,=,0.2,=,0.17,=,2.94,=,1.36,=,9.23,<,0.2,=,27.2,=,4.41,=,22.1,=,0.69,=,960,=,0.46,<,0.1,<,0.03,=,0.9,=,1513,<,0.1,<,0.2,=,1774,<,0.3,=,0.02,=,0.82,=,2.58,<,1,<,0.1,<,0.5,<,1,<,1,=,1,<,0.05,<,100,=,10.2,=,0,=,0,,NA,=,2.6,=,33,=,5.81,=,25.2,=,25.8,Ausente,Ausente,1
4,PARDO,SERRANA,GU00138P,Guarani,2306443,29/3/2023,<,2,<,0.02,<,0.2,=,92,<,0.5,<,2,<,0.01,=,4800,=,0.06,=,0.41,=,0.66,=,0.86,=,19.8,<,0.2,=,43,<,2,=,87.2,=,0.6,=,1900,=,0.83,<,0.1,<,0.03,=,0.64,=,2200,<,0.1,<,0.2,=,3000,<,0.3,=,0.01,=,1.32,=,2.08,=,2,<,0.1,<,0.5,<,1,<,1,=,2,<,0.05,<,100,=,31.7,<,20,<,20,=,31.7,<,1,=,64,=,6.22,=,26.1,=,32.5,Ausente,Ausente,1
4,PARDO,SERRANA,GU00138P,Guarani,2318426,12/9/2023,<,2,<,0.02,<,0.2,=,95.3,=,0.74,<,2,<,0.01,=,4649,<,0.05,=,0.44,=,0.98,=,0.93,=,20,<,0.2,=,42.9,<,2,=,89.5,=,0.78,=,2027,=,0.81,<,0.1,<,0.03,=,0.62,=,2325,<,0.1,<,0.2,=,3087,<,0.3,=,0.01,=,1.32,=,2.09,=,2,<,0.1,<,0.5,<,1,<,1,=,2,<,0.05,<,100,=,23.3,=,0,=,0,,NA,=,2,=,64,=,5.86,=,25.9,=,35.4,Ausente,Ausente,9
5,PIRACICABA/CAPIVARI/JUNDIAI,AMERICANA,TU00176P,Tubarão,2304362,6/3/2023,=,4.44,<,0.02,=,1.13,=,39,<,0.5,=,4.93,<,0.01,=,12000,<,0.05,<,0.05,<,0.2,<,0.2,=,30,<,0.2,=,230,=,8.97,=,10.3,=,6.77,<,100,=,2.06,=,3.81,=,0.54,<,0.2,=,590,=,0.16,<,0.2,=,23000,<,0.3,<,0.005,<,0.2,=,3.53,=,1.1,=,0.06,=,1.7,<,0.1,NA,NA,<,0.05,<,0.02,=,99,=,83,<,3,<,3,,NA,=,3,=,160,=,8.3,=,24.8,=,27.8,Ausente,Ausente,1
5,PIRACICABA/CAPIVARI/JUNDIAI,AMERICANA,TU00176P,Tubarão,2317925,4/9/2023,<,2,<,0.02,=,1.12,=,36.4,<,0.5,=,3.53,<,0.01,=,9982,<,0.05,<,0.05,<,0.2,<,0.2,=,24.9,<,0.2,=,202,=,10.8,<,10,=,5.78,<,100,=,1.62,=,2.7,=,0.3,<,0.2,=,518,<,0.1,<,0.2,=,24070,<,0.3,<,0.005,<,0.2,=,3.04,=,1,=,0.05,=,1.5,<,0.5,<,0.5,<,0.05,<,0.02,=,111,=,79,=,4,<,3,,NA,=,1.1,=,157,=,8.4,=,25.5,=,30,Ausente,Ausente,1
5,PIRACICABA/CAPIVARI/JUNDIAI,AMPARO,PC00404P,Pré-Cambriano/Cristalino,2304450,13/3/2023,=,23.6,<,0.02,=,0.21,=,18,<,0.5,<,2,=,0.01,=,16000,=,0.28,<,0.05,=,1.82,=,1.46,=,70.1,<,0.2,=,97,=,7.48,=,111,=,18.7,=,7300,=,0.6,<,0.1,=,0.46,=,1.27,=,2600,<,0.1,<,0.2,=,14000,<,0.3,=,0.9,=,2.02,=,15.1,=,6,=,2,=,6,<,1,<,1,=,4,<,0.05,=,150,=,71,<,3,<,3,,NA,<,1,=,210,=,6.4,=,23,=,33,Ausente,Ausente,22
5,PIRACICABA/CAPIVARI/JUNDIAI,AMPARO,PC00404P,Pré-Cambriano/Cristalino,2316994,11/9/2023,<,2,=,0.05,<,0.2,=,12.7,<,0.5,<,2,<,0.01,=,14110,<,0.05,<,0.05,=,0.2,=,1.41,=,64.6,<,0.2,=,93.8,<,2,=,44.7,=,18.5,=,7149,=,0.42,<,0.1,=,0.45,=,0.3,=,2540,<,0.1,<,0.2,=,15420,<,0.3,=,0.27,=,2,=,1.26,=,4,=,0.1,=,4,<,0.5,<,1,=,4,<,0.05,=,134,=,80,<,3,<,3,,NA,<,1,=,219,=,6.3,=,24,=,33,NA,NA,NA
5,PIRACICABA/CAPIVARI/JUNDIAI,ANALANDIA,GU00227P,Guarani,2304399,7/3/2023,=,7.87,=,0.02,=,1.82,=,9.7,=,0.5,=,6.45,=,0.01,=,6400,=,0.07,=,0.05,<,0.2,=,0.67,=,18.1,<,0.2,=,65,<,2,=,42.8,=,3.14,=,510,<,0.1,<,0.1,=,0.6,<,0.2,=,3600,<,0.1,=,0.41,=,17000,<,0.3,=,0.04,=,7.91,=,0.57,<,0.2,=,0.07,=,2.3,NA,NA,<,0.5,=,0.1,<,0.02,=,95,=,62,<,3,<,3,,NA,=,1.3,=,124,=,8.6,=,25.2,=,27.8,Ausente,Ausente,6
5,PIRACICABA/CAPIVARI/JUNDIAI,ANALANDIA,GU00227P,Guarani,2317766,12/9/2023,=,6.88,<,0.02,=,1.86,=,10.8,<,0.5,=,4.92,<,0.01,=,5931,=,0.07,<,0.05,=,0.99,=,0.62,=,17.1,<,0.2,=,64.3,<,2,=,40.6,=,2.63,=,565,=,0.26,<,0.1,=,0.64,=,0.2,=,3543,<,0.1,=,0.35,=,19050,<,0.3,=,0.04,=,7.25,=,3.18,=,0.2,=,0.07,=,2.5,<,0.5,<,0.5,=,0.1,<,0.02,=,90,=,56,=,6,<,3,,NA,=,2,=,123,=,8.6,=,26,=,29.8,Ausente,Ausente,11
5,PIRACICABA/CAPIVARI/JUNDIAI,BOM JESUS DOS PERDOES,PC00401P,Pré-Cambriano/Cristalino,2308314,26/4/2023,<,2,<,0.02,<,0.2,=,19.7,<,0.5,=,2.65,=,0.03,=,15400,<,0.05,<,0.05,=,0.83,=,0.72,=,53.4,<,0.2,=,89.5,=,7.2,=,35.4,=,3.21,=,3630,=,1.15,<,0.1,=,0.69,=,0.26,=,3170,<,0.1,<,0.2,=,5260,<,0.3,=,0.23,=,4.8,=,845,=,3.86,<,1,=,1.04,<,0.1,<,1,=,1.21,<,0.01,=,124,=,56,<,20,<,20,=,56,<,1,=,148,=,6.9,=,22.2,=,26,Ausente,Ausente,96
5,PIRACICABA/CAPIVARI/JUNDIAI,BOM JESUS DOS PERDOES,PC00401P,Pré-Cambriano/Cristalino,2321147,31/10/2023,<,2,<,0.02,<,0.2,=,19,<,0.5,<,2,<,0.01,=,14470,<,0.05,<,0.05,=,0.57,=,0.53,=,51.1,<,0.2,=,83.7,=,3.19,=,31.1,=,2.92,=,3645,=,0.8,<,0.1,=,0.61,=,0.74,=,2449,<,0.1,<,0.2,=,5158,<,0.3,=,0.2,=,3.86,=,67.4,=,3.6,<,1,=,1.04,<,0.1,<,0.5,=,1.18,<,0.01,=,126,<,20,<,20,<,20,<,20,<,1,=,164,=,6.9,=,22.3,=,26.9,Ausente,Ausente,1
5,PIRACICABA/CAPIVARI/JUNDIAI,CAMPINAS,PC00392P,Pré-Cambriano/Cristalino,2304967,21/3/2023,=,16.8,<,0.02,=,0.25,=,180,<,0.5,=,6.32,=,0.01,=,20000,=,0.2,<,0.05,=,0.87,=,0.2,=,71.3,<,0.2,=,170,=,7.78,=,88.2,=,5.41,=,5200,=,0.88,<,0.1,=,1.03,=,0.46,=,2400,<,0.1,<,0.2,=,25000,=,0.36,=,0.34,=,2.48,=,7.84,=,6,=,0.9,=,7,<,1,<,1,=,0.2,<,0.05,=,164,=,113,<,3,<,3,,NA,<,1,=,238,=,7.8,=,23,=,32,Ausente,Ausente,13
5,PIRACICABA/CAPIVARI/JUNDIAI,CAMPINAS,PC00392P,Pré-Cambriano/Cristalino,2317001,25/9/2023,=,7.62,=,0.04,=,0.28,=,88.5,<,0.5,=,10.7,<,0.01,=,10860,=,0.17,<,0.05,=,0.57,<,0.2,=,38.1,<,0.2,=,116,=,3.96,=,13.6,=,5.5,=,2676,=,0.42,<,0.1,=,2.13,=,0.27,=,1387,<,0.1,<,0.2,=,37660,<,0.3,=,0.18,=,1.36,=,5.09,=,4,=,2,=,8,<,0.5,<,0.5,=,0.1,=,0.2,=,162,=,105,<,3,<,3,,NA,<,1,=,237,=,7.4,=,26,=,37,Ausente,Ausente,10
5,PIRACICABA/CAPIVARI/JUNDIAI,ELIAS FAUSTO,TU00036P,Tubarão,2304943,20/3/2023,=,20.2,<,0.02,=,0.22,=,100,<,0.5,=,5.75,<,0.01,=,28000,=,0.32,<,0.05,=,0.96,<,0.2,=,93,<,0.2,=,180,=,15.3,=,86.9,=,13.9,=,5600,=,88.7,<,0.1,=,0.37,=,0.24,=,2800,<,0.1,<,0.2,=,32000,=,0.34,=,0.01,<,0.2,=,6.86,=,3,<,0.1,=,6,<,1,<,1,=,0.02,<,0.05,=,210,=,152,<,3,<,3,,NA,<,1,,cancelado,,cancelado,,cancelado,,cancelado,Ausente,Ausente,10
5,PIRACICABA/CAPIVARI/JUNDIAI,ELIAS FAUSTO,TU00036P,Tubarão,2316997,18/9/2023,=,2.92,=,0.03,=,0.26,=,104,<,0.5,=,4.41,<,0.01,=,27770,=,0.12,<,0.05,=,0.65,<,0.2,=,92.9,<,0.2,=,179,=,11.8,=,22,=,13.9,=,5719,=,113,<,0.1,=,0.38,=,0.24,=,2259,<,0.1,<,0.2,=,30390,<,0.3,=,0.01,<,0.2,=,5.73,<,1,<,0.1,=,3,=,2,<,0.5,=,0.05,<,0.05,=,204,=,156,<,3,<,3,,NA,<,1,=,314,=,7.6,=,23,=,34,Ausente,Ausente,18
5,PIRACICABA/CAPIVARI/JUNDIAI,ITUPEVA,PC00345P,Pré-Cambriano/Cristalino,2304968,21/3/2023,=,12.4,<,0.02,<,0.2,=,12,<,0.5,=,7.58,=,0.03,=,14000,=,0.29,<,0.05,=,2.96,<,0.2,=,59.3,<,0.2,=,190,=,13.5,=,75.3,=,4.41,=,5900,=,2.92,<,0.1,=,0.92,=,0.36,=,1100,<,0.1,<,0.2,=,12000,<,0.3,=,0.16,=,0.54,=,47.6,=,4,=,0.3,=,7,<,1,<,1,=,2,<,0.05,=,142,=,69,<,3,<,3,,NA,=,1,=,170,=,6.6,=,22,=,27,Ausente,Ausente,78
5,PIRACICABA/CAPIVARI/JUNDIAI,ITUPEVA,PC00345P,Pré-Cambriano/Cristalino,2317004,25/9/2023,=,5.27,=,0.04,<,0.2,=,11,<,0.5,=,7.54,<,0.01,=,13710,=,0.19,<,0.05,=,2.06,<,0.2,=,58.4,<,0.2,=,186,=,8.88,=,33.4,=,4.85,=,5886,=,3.26,=,0.18,=,0.98,=,0.7,=,2182,<,0.1,<,0.2,=,12750,<,0.3,=,0.17,=,0.56,=,43.4,=,2,=,0.3,=,6,<,0.5,<,0.5,=,1,=,0.2,=,148,=,68,<,3,<,3,,NA,<,1,=,173,=,6.4,=,22,=,30,Ausente,Ausente,2
5,PIRACICABA/CAPIVARI/JUNDIAI,JOANOPOLIS,PC00251P,Pré-Cambriano/Cristalino,2308315,26/4/2023,=,40.4,<,0.02,<,0.2,=,55.5,<,0.5,<,2,=,0.01,=,3720,=,0.81,=,0.36,=,2.7,=,0.29,=,12.9,<,0.2,=,84.1,=,82.3,=,27.5,=,0.63,=,866,=,14.7,<,0.1,<,0.03,<,0.2,=,1400,<,0.1,<,0.2,=,4090,<,0.3,=,0.07,=,0.84,=,18.8,=,3.08,<,1,=,1.41,<,0.1,<,1,=,1.06,<,0.01,=,114,<,20,<,20,<,20,<,20,<,1,=,56,=,5.9,=,22.7,=,24.5,Ausente,Ausente,1
5,PIRACICABA/CAPIVARI/JUNDIAI,JOANOPOLIS,PC00251P,Pré-Cambriano/Cristalino,2321146,31/10/2023,=,29.9,<,0.02,<,0.2,=,47.9,<,0.5,<,2,<,0.01,=,2882,=,0.62,=,0.2,=,3.38,=,0.21,=,10.8,<,0.2,=,63.6,=,40.6,=,22.3,=,0.5,=,871,=,7.09,<,0.1,<,0.03,=,0.25,=,845,<,0.1,<,0.2,=,3440,<,0.3,=,0.03,=,0.62,=,6.92,=,2.75,<,1,<,1,<,0.1,<,0.5,=,0.91,<,0.01,<,100,<,20,<,20,<,20,<,20,<,1,=,61,=,5.7,=,23,=,25.6,Ausente,Ausente,1
5,PIRACICABA/CAPIVARI/JUNDIAI,LIMEIRA,TU00153P,Tubarão,2304360,6/3/2023,=,13.8,<,0.02,=,0.22,=,7.4,<,0.5,=,59.9,<,0.01,=,4100,=,0.14,<,0.05,<,0.2,<,0.2,=,10.2,<,0.2,=,190,=,7.46,<,10,=,26.7,<,100,=,1.04,<,0.1,=,1.2,<,0.2,=,350,<,0.1,<,0.2,=,84000,<,0.3,=,0.009,<,0.2,=,1.33,=,13.5,=,0.58,=,53.3,<,0.1,NA,NA,<,0.05,<,0.02,=,232,=,115,=,21,<,3,<,20,=,2.9,=,416,=,9,=,28.1,=,30,Ausente,Ausente,19
5,PIRACICABA/CAPIVARI/JUNDIAI,LIMEIRA,TU00153P,Tubarão,2317928,4/9/2023,=,9.92,=,0.04,=,0.24,=,6.05,<,0.5,=,36.4,<,0.01,=,3278,=,0.36,<,0.05,=,4.2,<,0.2,=,8.19,<,0.2,=,164,=,32.4,<,10,=,18.1,<,100,=,1.2,<,0.1,=,1.1,<,0.2,=,271,<,0.1,<,0.2,=,82240,<,0.3,=,0.01,<,0.2,=,5.52,=,11.4,=,0.7,=,45.3,NA,NA,<,0.5,<,0.05,<,0.02,=,243,=,107,=,25,<,3,,NA,=,1.4,=,393,=,9,=,27.2,=,34.8,Ausente,Ausente,80
5,PIRACICABA/CAPIVARI/JUNDIAI,LIMEIRA,TU00177P,Tubarão,2304363,6/3/2023,=,5.14,<,0.02,=,0.71,=,6.2,<,0.5,<,2,<,0.01,=,13000,<,0.05,<,0.05,=,0.26,=,0.74,=,48.6,<,0.2,=,75,=,2.37,=,273,=,11.3,=,3900,=,7.62,<,0.1,=,0.09,<,0.2,=,2500,<,0.1,=,0.41,=,14000,<,0.3,=,0.05,=,1.78,=,1.08,=,0.5,=,0.05,=,3.2,<,0.1,NA,NA,=,0.06,<,0.02,=,130,=,100,<,3,<,3,,NA,=,2.9,=,164,=,6.7,=,22.8,=,28,Ausente,Ausente,20
5,PIRACICABA/CAPIVARI/JUNDIAI,LIMEIRA,TU00177P,Tubarão,2317927,4/9/2023,<,2,=,0.02,=,0.88,=,10.8,<,0.5,<,2,<,0.01,=,19440,<,0.05,<,0.05,=,0.33,=,0.46,=,68.9,<,0.2,=,90.8,=,2.71,=,142,=,13.5,=,4942,=,4.32,<,0.1,=,0.07,<,0.2,=,1853,<,0.1,=,0.33,=,17900,<,0.3,=,0.05,=,1.51,=,1.54,=,0.3,=,0.05,=,3.3,<,0.5,<,0.5,=,0.09,<,0.02,=,142,=,86,<,3,<,3,,NA,=,1.1,=,172,=,6.8,=,23.2,=,30.5,Ausente,Ausente,14
5,PIRACICABA/CAPIVARI/JUNDIAI,MOMBUCA,TU00071P,Tubarão,2304944,20/3/2023,=,30.4,<,0.02,<,0.2,=,19,<,0.5,=,14.5,<,0.01,=,1400,=,0.22,<,0.05,=,0.74,<,0.2,=,3.5,<,0.2,=,63,=,6.79,=,51.6,=,8.18,<,100,=,0.87,<,0.1,=,1.72,=,0.33,=,1700,<,0.1,<,0.2,=,73000,<,0.3,=,0.06,<,0.2,=,5.47,=,3,=,0.3,=,14,<,1,<,1,<,0.02,<,0.05,=,158,=,108,=,31,<,3,,NA,<,1,,cancelado,,cancelado,,cancelado,,cancelado,Ausente,Ausente,1
5,PIRACICABA/CAPIVARI/JUNDIAI,MOMBUCA,TU00071P,Tubarão,2316998,18/9/2023,=,16.2,<,0.02,<,0.2,=,18.1,<,0.5,=,13.8,<,0.01,=,1232,<,0.05,<,0.05,<,0.2,<,0.2,=,3.08,<,0.2,=,59.5,=,8.46,<,10,=,8.04,<,100,=,1.77,<,0.1,=,1.78,<,0.2,=,307,<,0.1,<,0.2,=,67790,<,0.3,=,0.06,<,0.2,=,4.99,<,1,=,0.2,=,11,<,0.5,<,0.5,=,0.04,<,0.05,=,202,=,105,=,36,<,3,,NA,<,1,=,323,=,9.3,=,28,=,33,Ausente,Ausente,1
5,PIRACICABA/CAPIVARI/JUNDIAI,MONTE ALEGRE DO SUL,PC00321P,Pré-Cambriano/Cristalino,2304452,13/3/2023,=,8.58,<,0.02,=,0.21,=,10,<,0.5,=,5.53,<,0.01,=,23000,=,0.15,=,0.28,=,0.36,<,0.2,=,73,<,0.2,=,86,=,112,=,36.3,=,9.5,=,3800,=,47.2,<,0.1,=,1.11,=,2.15,=,3200,<,0.1,<,0.2,=,8800,<,0.3,=,0.31,<,0.2,=,14.9,=,6,=,0.2,=,11,<,1,<,1,=,0.1,<,0.05,=,122,=,79,<,3,<,3,,NA,<,1,=,185,=,6.8,=,22,=,32,Ausente,Ausente,1
5,PIRACICABA/CAPIVARI/JUNDIAI,MONTE ALEGRE DO SUL,PC00321P,Pré-Cambriano/Cristalino,2316992,11/9/2023,<,2,=,0.04,=,0.23,=,8.56,<,0.5,=,4.97,<,0.01,=,22960,=,0.11,=,0.32,=,0.21,<,0.2,=,73.8,<,0.2,=,84.8,=,18.1,<,10,=,10.2,=,3999,=,52,<,0.1,=,1.2,=,2.44,=,3077,<,0.1,<,0.2,=,8613,<,0.3,=,0.34,<,0.2,=,7.79,=,3,=,0.1,=,9,<,0.5,<,1,=,0.1,<,0.05,<,100,=,85,<,3,<,3,,NA,<,1,=,199,=,6.6,=,23,=,33,NA,NA,NA
5,PIRACICABA/CAPIVARI/JUNDIAI,MONTE MOR,TU00074P,Tubarão,2304946,20/3/2023,=,31.9,=,0.03,=,0.56,=,5.2,<,0.5,=,13.7,=,0.01,=,1700,=,0.2,<,0.05,=,1.57,<,0.2,=,4.82,<,0.2,=,37,=,6.47,=,12.8,=,4.89,=,140,=,4.39,<,0.1,=,3.54,=,0.89,=,1400,<,0.1,<,0.2,=,100000,<,0.3,=,0.02,<,0.2,=,10.1,=,8,=,0.4,=,23,<,1,<,1,=,0.04,<,0.05,=,256,=,156,=,28,<,3,,NA,<,1,,cancelado,,cancelado,,cancelado,,cancelado,Ausente,Ausente,18
5,PIRACICABA/CAPIVARI/JUNDIAI,MONTE MOR,TU00074P,Tubarão,2316999,18/9/2023,=,13.9,=,0.06,=,0.56,=,4.35,<,0.5,=,13.3,=,0.01,=,1500,=,0.09,<,0.05,=,0.26,<,0.2,=,3.75,<,0.2,=,34,<,2,=,11.4,=,4.92,<,100,=,4.35,<,0.1,=,3.55,<,0.2,=,1001,<,0.1,<,0.2,=,93160,<,0.3,=,0.02,<,0.2,=,27.8,=,4,=,0.4,=,17,<,0.5,<,0.5,=,0.04,=,0.1,=,252,=,159,=,27,<,3,,NA,<,1,=,441,=,9,=,28,=,30,Ausente,Ausente,1
5,PIRACICABA/CAPIVARI/JUNDIAI,PAULINIA,SG00199N,Serra Geral,2304971,21/3/2023,=,33.6,NA,NA,<,0.2,=,10.3,NA,NA,<,2,<,0.01,<,500,=,0.43,<,0.05,=,1.05,<,0.2,NA,NA,NA,NA,=,1.91,=,15,=,71.8,=,0.35,<,100,=,1.08,NA,NA,=,0.03,=,0.27,<,200,NA,NA,<,0.2,=,840,=,0.57,=,0.02,<,0.2,=,8.89,=,2,<,0.1,=,2,<,1,<,1,=,0.04,<,0.05,<,100,<,3,<,3,<,3,,NA,<,1,=,11,=,5,=,23,=,34,Ausente,Ausente,1
5,PIRACICABA/CAPIVARI/JUNDIAI,PAULINIA,SG00199N,Serra Geral,2317003,25/9/2023,=,7.48,<,0.02,<,0.2,=,2.11,<,0.5,<,2,<,0.01,<,500,=,0.15,<,0.05,=,0.21,<,0.2,<,1.3,<,0.2,=,2.66,<,2,<,10,=,0.3,<,100,=,0.66,<,0.1,<,0.03,<,0.2,<,200,<,0.1,<,0.2,=,1120,<,0.3,=,0.01,<,0.2,=,2.76,<,1,<,0.1,=,0.6,<,0.5,<,0.5,=,0.07,=,0.2,<,100,<,3,<,3,<,3,,NA,<,1,=,10,=,4.6,=,24,=,40,Ausente,Ausente,1
5,PIRACICABA/CAPIVARI/JUNDIAI,PEDRA BELA,PC00421P,Pré-Cambriano/Cristalino,2304453,13/3/2023,=,12.5,<,0.02,<,0.2,=,36,<,0.5,<,2,<,0.01,=,7200,=,0.37,<,0.05,=,4.62,<,0.2,=,22.5,<,0.2,=,100,=,4.47,=,104,=,2.43,=,1100,=,0.52,<,0.1,=,0.13,=,0.65,=,2400,<,0.1,<,0.2,=,5100,<,0.3,=,0.04,=,1.41,=,14.3,=,3,=,0.2,=,3,<,1,<,1,=,1,<,0.05,<,100,=,30,<,3,<,3,,NA,<,1,=,73,=,6.5,=,22,=,26,Ausente,Ausente,6
5,PIRACICABA/CAPIVARI/JUNDIAI,PEDRA BELA,PC00421P,Pré-Cambriano/Cristalino,2316995,11/9/2023,<,2,=,0.03,<,0.2,=,36.1,<,0.5,<,2,=,0.01,=,7732,=,0.42,<,0.05,=,6.35,<,0.2,=,24.4,<,0.2,=,106,=,2.51,=,63.6,=,2.43,=,1233,=,0.41,<,0.1,=,0.13,=,0.96,=,2343,<,0.1,<,0.2,=,5115,<,0.3,=,0.05,=,1.48,=,12.7,=,1,=,0.2,=,0.6,<,0.5,<,1,=,1,<,0.05,<,100,=,29,<,3,<,3,,NA,<,1,=,77,=,6.4,=,22,=,29,NA,NA,NA
5,PIRACICABA/CAPIVARI/JUNDIAI,PIRACICABA,TU00412P,Tubarão,2304361,6/3/2023,=,4.05,<,0.02,=,0.99,=,130,<,0.5,=,4.68,<,0.01,=,25000,=,0.07,<,0.05,=,0.23,<,0.2,=,74.3,<,0.2,=,370,=,3.92,<,10,=,19.2,=,2900,=,2.26,<,0.1,=,0.13,<,0.2,=,1400,<,0.1,=,3.04,=,40000,<,0.3,=,1.63,=,0.78,=,10.9,=,0.5,=,0.07,=,5,<,0.1,NA,NA,=,0.19,<,0.02,=,179,=,170,<,3,<,3,,NA,=,3.5,=,316,=,7.8,=,23.7,=,25,Ausente,Ausente,4
5,PIRACICABA/CAPIVARI/JUNDIAI,PIRACICABA,TU00412P,Tubarão,2317926,4/9/2023,<,2,<,0.02,=,1.3,=,76.8,<,0.5,=,4.94,<,0.01,=,11860,=,0.05,<,0.05,<,0.2,<,0.2,=,36.2,<,0.2,=,196,=,3.08,<,10,=,14.2,=,1596,=,4.8,<,0.1,=,0.19,<,0.2,=,834,<,0.1,=,1.2,=,46580,<,0.3,=,0.98,=,0.55,=,5.26,=,0.4,<,0.04,=,5.4,NA,NA,<,0.5,=,0.17,<,0.02,=,205,=,173,<,3,<,3,,NA,=,1.2,=,317,=,7.9,=,23.4,=,25.8,Ausente,Ausente,10
5,PIRACICABA/CAPIVARI/JUNDIAI,RAFARD,TU00270P,Tubarão,2304945,20/3/2023,=,17.5,<,0.02,=,0.28,=,41,<,0.5,=,7.54,<,0.01,=,5700,=,0.33,<,0.05,=,0.6,<,0.2,=,14.8,<,0.2,=,120,=,5.81,=,53.5,=,14.7,=,140,=,4.37,<,0.1,=,0.34,<,0.2,=,1400,<,0.1,<,0.2,=,54000,=,0.31,=,0.009,<,0.2,=,4.92,=,3,=,0.1,=,4,<,1,<,1,<,0.02,<,0.05,=,158,=,117,=,6,<,3,,NA,<,1,,cancelado,,cancelado,,cancelado,,cancelado,Ausente,Ausente,6
5,PIRACICABA/CAPIVARI/JUNDIAI,RAFARD,TU00270P,Tubarão,2316996,18/9/2023,=,2.93,<,0.02,=,0.4,=,41,<,0.5,=,6.27,<,0.01,=,5480,<,0.05,<,0.05,=,0.34,<,0.2,=,14.2,<,0.2,=,122,<,2,<,10,=,14.6,=,134,=,2.18,<,0.1,=,0.35,<,0.2,=,703,<,0.1,<,0.2,=,52320,<,0.3,=,0.009,<,0.2,=,7.64,=,1,<,0.1,=,2,=,2,<,0.5,=,0.05,<,0.05,=,160,=,121,=,4,<,3,,NA,<,1,=,134,=,8.6,=,25,=,36,Ausente,Ausente,2
5,PIRACICABA/CAPIVARI/JUNDIAI,RIO CLARO,PD00353P,Aquitardo Passa Dois,2304397,7/3/2023,=,4.99,<,0.02,=,0.54,=,48,<,0.5,=,3.35,<,0.01,=,6400,=,0.72,=,0.06,=,1.48,=,0.38,=,23,<,0.2,=,42,=,119,=,58.2,=,5.52,=,1700,=,3.4,<,0.1,=,0.1,=,0.4,=,1600,<,0.1,<,0.2,=,3500,<,0.3,=,0.09,=,1.71,=,347,=,1,=,0.19,<,0.6,<,0.1,<,0.5,=,0.21,<,0.02,=,55,=,33,<,3,<,3,,NA,=,1.3,=,66.6,=,6.6,=,23.8,=,29.8,Ausente,Ausente,1
5,PIRACICABA/CAPIVARI/JUNDIAI,RIO CLARO,PD00353P,Aquitardo Passa Dois,2317765,12/9/2023,=,3.32,<,0.02,=,0.61,=,51.1,<,0.5,=,2.25,<,0.01,=,6571,=,0.79,=,0.07,=,1.68,=,0.47,=,24.8,<,0.2,=,44.3,=,246,=,62.9,=,5.11,=,2039,=,3.6,<,0.1,=,0.09,=,0.4,=,1650,<,0.1,<,0.2,=,3542,<,0.3,=,0.06,=,1.79,=,414,<,0.2,=,0.09,<,0.6,<,0.5,<,0.5,=,0.21,<,0.02,=,73,=,35,<,3,<,3,,NA,=,1.3,=,68.6,=,6.6,=,24.6,=,31.8,Ausente,Ausente,12
5,PIRACICABA/CAPIVARI/JUNDIAI,SANTA MARIA DA SERRA,GU00276P,Guarani,2304398,7/3/2023,=,3.57,=,0.02,<,0.2,=,50,<,0.5,<,2,<,0.01,=,880,=,0.79,=,0.18,=,7.64,=,1.57,=,3.48,=,1,=,11,=,3.48,<,10,=,0.59,=,310,=,3.23,<,0.1,<,0.03,=,0.58,=,2100,<,0.1,<,0.2,=,2300,<,0.3,=,0.04,=,0.51,=,4.09,=,0.7,=,0.05,<,0.6,<,0.1,<,0.5,=,0.26,<,0.02,<,50,=,9,<,3,<,3,,NA,<,1,=,25.2,=,5.6,=,24.6,=,24.8,Ausente,Ausente,1
5,PIRACICABA/CAPIVARI/JUNDIAI,SANTA MARIA DA SERRA,GU00276P,Guarani,2317767,12/9/2023,<,2,<,0.02,<,0.2,=,53.2,<,0.5,<,2,<,0.01,=,1019,=,1.06,=,0.21,=,18.6,=,1.42,=,4.15,=,0.73,=,13.1,=,4.15,<,10,=,0.5,=,392,=,3.44,<,0.1,=,0.04,=,0.88,=,2173,<,0.1,<,0.2,=,2972,<,0.3,=,0.04,=,0.59,=,8.12,=,0.6,<,0.04,<,0.6,<,0.5,<,0.5,=,0.27,<,0.02,<,50,=,11,<,3,<,3,,NA,<,1,=,28.3,=,5.7,=,24.1,=,26.6,Ausente,Ausente,1
5,PIRACICABA/CAPIVARI/JUNDIAI,SANTO ANTONIO DE POSSE,PC00278P,Pré-Cambriano/Cristalino,2304970,21/3/2023,=,23.5,<,0.02,<,0.2,=,25,<,0.5,=,141,<,0.01,=,17000,=,0.25,<,0.05,=,0.55,<,0.2,=,42.4,<,0.2,=,500,=,10,=,53.3,=,17.8,<,100,=,1.08,=,0.37,=,4.13,<,0.2,=,500,<,0.1,<,0.2,=,93000,=,0.34,=,0.02,<,0.2,=,5.93,=,37,=,9,=,146,<,1,<,1,<,0.1,<,0.2,=,308,=,12,=,6,<,3,,NA,<,1,=,573,=,9.2,=,27,=,36.5,Ausente,Ausente,1
5,PIRACICABA/CAPIVARI/JUNDIAI,SANTO ANTONIO DE POSSE,PC00278P,Pré-Cambriano/Cristalino,2317002,25/9/2023,=,11.6,=,0.04,=,0.26,=,23,<,0.5,=,151,<,0.01,=,16180,<,0.05,<,0.05,=,0.46,<,0.2,=,40.4,<,0.2,=,485,=,5.74,<,10,=,19.5,<,100,=,0.78,=,0.43,=,4.71,=,0.26,=,702,<,0.1,<,0.2,=,89700,<,0.3,=,0.005,=,0.29,=,8.92,=,36,=,10,=,151,<,0.5,<,0.5,<,0.02,<,0.05,=,334,=,13,=,4,<,3,,NA,<,1,=,563,=,9,=,28,=,39,Ausente,Ausente,1
5,PIRACICABA/CAPIVARI/JUNDIAI,TUIUTI,PC00145P,Pré-Cambriano/Cristalino,2304451,29/5/2023,=,16.8,=,0.03,=,1.94,=,8.82,<,0.5,=,2.19,<,0.01,=,40440,=,0.13,<,0.05,=,0.57,<,0.2,=,106,<,0.2,=,153,=,9.71,=,70.4,=,5.07,=,1311,=,0.54,<,0.1,=,2.03,=,1.47,=,2814,<,0.1,<,0.2,=,11460,<,0.3,=,0.64,=,1.58,=,11.9,=,3,=,0.3,=,19,<,1,<,1,=,1,<,0.05,=,172,=,98,<,3,<,3,,NA,<,1,=,262,=,7.2,=,22,=,21,Ausente,Ausente,14
5,PIRACICABA/CAPIVARI/JUNDIAI,TUIUTI,PC00145P,Pré-Cambriano/Cristalino,2316993,11/9/2023,=,3.62,=,0.05,=,2.76,=,6.82,<,0.5,<,2,<,0.01,=,37290,<,0.05,<,0.05,<,0.2,<,0.2,=,98.5,<,0.2,=,151,=,3.54,=,48.2,=,4.8,=,1316,=,0.52,<,0.1,=,2.39,=,0.31,=,2623,<,0.1,<,0.2,=,11650,<,0.3,=,0.64,=,1.64,=,9.72,=,3,=,0.3,=,21,<,0.5,<,1,=,1,<,0.05,=,182,=,97,<,3,<,3,,NA,<,1,=,264,=,7.5,=,24,=,30,NA,NA,NA
5,PIRACICABA/CAPIVARI/JUNDIAI,VALINHOS,PC00148P,Pré-Cambriano/Cristalino,2304969,29/5/2023,=,13.9,<,0.02,<,0.2,=,112,<,0.5,<,2,<,0.01,=,10500,=,0.24,<,0.05,=,1.75,=,0.9,=,44.4,<,0.2,=,139,=,11.4,=,85.2,=,5.39,=,4409,=,0.38,<,0.1,=,0.17,=,0.84,=,2093,<,0.1,<,0.2,=,7604,<,0.3,=,0.008,=,0.78,=,4.78,=,3,=,0.4,=,0.5,<,1,<,1,=,1,<,0.05,<,100,=,47,<,3,<,3,,NA,<,1,=,118,=,6.9,=,22,=,21,Ausente,Ausente,2
5,PIRACICABA/CAPIVARI/JUNDIAI,VALINHOS,PC00148P,Pré-Cambriano/Cristalino,2317000,25/9/2023,=,5.79,=,0.08,<,0.2,=,105,<,0.5,<,2,<,0.01,=,9370,=,0.09,<,0.05,=,1.74,=,0.71,=,41,<,0.2,=,132,=,8.88,=,70.1,=,5.88,=,4273,=,0.34,<,0.1,=,0.19,=,0.55,=,2156,<,0.1,<,0.2,=,7329,<,0.3,=,0.009,=,0.79,=,10.2,=,3,=,0.4,=,2,<,0.5,<,0.5,=,2,=,0.2,<,100,=,48,<,3,<,3,,NA,<,1,=,121,=,6.1,=,25,=,34,Ausente,Ausente,1
6,ALTO TIETE,BIRITIBA-MIRIM,PC00234P,Pré-Cambriano/Cristalino,2308309,25/4/2023,<,2,<,0.02,=,1.69,=,23.8,<,0.5,=,5.02,=,0.01,=,16900,<,0.05,=,0.15,=,0.49,<,0.2,=,55.8,<,0.2,=,142,=,220,=,45.1,=,25.9,=,3310,=,53.1,<,0.1,=,0.34,=,1.01,=,3900,<,0.1,<,0.2,=,10200,<,0.3,=,3.09,=,0.46,=,1.79,=,7.37,<,1,=,5.9,<,0.1,<,0.5,=,0.26,=,0.01,=,114,=,72.9,<,20,<,20,=,72.9,<,1,=,403,=,7,=,21.9,=,25.9,Ausente,Ausente,1
6,ALTO TIETE,BIRITIBA-MIRIM,PC00234P,Pré-Cambriano/Cristalino,2321116,31/10/2023,=,4.56,<,0.02,=,9.75,=,21,<,0.5,=,29.8,<,0.01,=,18070,=,0.08,<,0.05,<,0.2,<,0.2,=,58.5,<,0.2,=,125,=,1257,=,203,=,24.8,=,3259,=,121,=,0.27,=,1.66,<,0.2,=,3083,<,0.1,<,0.2,=,19240,<,0.3,<,0.005,<,0.2,=,9.19,=,5.92,=,1.09,=,10.9,<,0.1,<,1,<,0.1,<,0.01,=,190,=,87.5,<,20,<,20,=,87.5,<,1,=,220,=,7.3,=,23,=,24.9,Ausente,Ausente,1
6,ALTO TIETE,CAJAMAR,PC00295P,Pré-Cambriano/Cristalino,2307098,4/4/2023,=,2.38,<,0.02,<,0.2,=,37,<,0.5,=,2.5,=,0.01,=,3860,=,0.52,<,0.05,=,4.92,=,0.48,=,20.4,<,0.2,=,41.9,=,18.1,=,16.8,=,3.23,=,2620,=,0.44,<,0.1,<,0.03,=,1.1,=,1280,<,0.1,<,0.2,=,2750,<,0.3,=,0.005,<,0.2,=,4.23,=,3.18,<,1,<,1,<,0.1,<,1,=,0.53,<,0.01,<,100,=,21.9,<,20,<,20,=,21.9,<,1,=,60,=,5.9,=,27.1,=,20.8,Ausente,Ausente,19
6,ALTO TIETE,CAJAMAR,PC00295P,Pré-Cambriano/Cristalino,2320003,13/11/2023,<,2,<,0.02,<,0.2,=,35.2,<,0.5,=,2.34,<,0.01,=,3704,=,0.34,<,0.05,=,2.83,=,0.49,=,20.2,<,0.2,=,40.3,=,2.2,=,16.5,=,3.83,=,2656,=,0.65,<,0.1,<,0.03,=,1.52,=,1269,<,0.1,<,0.2,=,2856,<,0.3,=,0.007,<,0.2,=,4.16,<,1,<,1,<,1,<,0.1,<,0.5,=,0.13,<,0.01,<,100,=,22.9,<,20,<,20,=,22.9,<,1,=,62,=,6.2,=,22.4,=,32.1,Ausente,Ausente,1
6,ALTO TIETE,CAJAMAR,PC00403P,Pré-Cambriano/Cristalino,2307087,4/4/2023,=,3.5,=,0.13,=,2.68,=,18.9,<,0.5,=,4.18,=,0.01,=,27000,<,0.05,<,0.05,=,0.24,=,2.58,=,119,<,0.2,=,182,=,23.6,=,33.1,=,10.7,=,12500,=,0.4,<,0.1,=,0.24,<,0.2,=,518,<,0.1,<,0.2,=,9630,<,0.3,=,0.29,=,3,=,1.36,=,8.18,<,1,=,2.27,<,0.1,<,1,=,1.95,<,0.01,=,182,=,109,<,20,<,20,=,109,<,1,=,258,=,6.8,=,21.3,=,26.8,Ausente,Ausente,5
6,ALTO TIETE,CAJAMAR,PC00403P,Pré-Cambriano/Cristalino,2320006,13/11/2023,<,2,=,0.07,=,1.66,=,9.19,<,0.5,=,4.26,<,0.01,=,22810,=,0.06,<,0.05,=,0.83,=,1.97,=,110,<,0.2,=,61.4,=,4.4,<,10,=,7.22,=,12960,<,0.1,<,0.1,<,0.03,=,1.23,=,345,<,0.1,<,0.2,=,6709,<,0.3,=,0.04,=,4.18,=,6,=,2.25,<,1,=,1.34,<,0.1,<,0.5,=,0.3,<,0.01,=,148,=,125,<,20,<,20,=,125,=,1.37,=,247,=,7.5,=,23.5,=,32.3,Ausente,Ausente,1
6,ALTO TIETE,COTIA,PC00171P,Pré-Cambriano/Cristalino,2307314,11/4/2023,=,28.2,<,0.02,<,0.2,=,60.5,<,0.5,=,3.32,=,0.04,=,15500,=,0.42,=,0.05,=,0.27,=,0.49,=,50.1,<,0.2,=,270,=,66.5,=,133,=,8.69,=,2760,=,2.5,<,0.1,=,0.05,=,0.38,=,3380,<,0.1,<,0.2,=,8790,=,2.98,=,0.31,=,1.31,=,7.1,=,3.39,<,1,<,1,<,0.2,<,0.5,=,0.65,<,0.01,=,148,=,61.3,<,20,<,20,=,61.3,<,1,=,156,=,6,=,22.7,=,21.3,Ausente,Ausente,450
6,ALTO TIETE,EMBU,PC00163P,Pré-Cambriano/Cristalino,2307317,11/4/2023,<,2,<,0.02,<,0.2,=,63.9,<,0.5,=,18,<,0.01,=,30400,<,0.05,<,0.05,<,0.2,<,0.2,=,88.3,<,0.2,=,220,=,156,=,10.5,=,14.4,=,3000,=,62.3,=,0.18,=,1.74,<,0.2,=,2380,<,0.1,<,0.2,=,30000,<,0.3,=,0.06,<,0.2,<,0.5,=,7.57,=,1.07,=,11.3,<,0.1,<,0.5,<,0.1,<,0.01,=,208,=,127,<,20,<,20,=,127,<,1,=,308,=,7.5,=,21.6,=,20.7,Ausente,Ausente,1
6,ALTO TIETE,EMBU,PC00163P,Pré-Cambriano/Cristalino,2320303,18/10/2023,<,2,<,0.02,<,0.2,=,67.6,<,0.5,=,18.9,<,0.01,=,32040,=,0.06,<,0.05,<,0.2,<,0.2,=,94,<,0.2,=,231,=,296,<,10,=,20,=,3406,=,90.3,=,0.26,=,2.74,<,0.2,=,2310,<,0.1,<,0.2,=,32280,<,0.3,=,0.08,<,0.2,=,1.5,=,7.48,=,1.07,=,11.4,<,0.1,<,0.5,<,0.1,=,0.01,=,186,=,137,<,20,<,20,=,137,<,1,=,306,=,7.8,=,22,=,20.4,Ausente,Ausente,1
6,ALTO TIETE,EMBU,PC00180N,Pré-Cambriano/Cristalino,2307318,11/4/2023,=,27.2,<,0.02,<,0.2,=,64.8,<,0.5,=,2.65,=,0.01,=,4900,<,0.05,<,0.05,<,0.2,<,0.2,=,17.3,<,0.2,=,39.5,=,8.58,=,23.4,=,1.13,=,1230,=,3.93,<,0.1,=,0.05,=,0.5,=,1810,<,0.1,<,0.2,=,7020,<,0.3,=,0.02,<,0.2,=,1.02,=,9.71,<,1,=,8.71,<,0.1,<,0.5,=,0.7,<,0.01,<,100,<,20,<,20,<,20,<,20,<,1,=,84,=,5.3,=,19.3,=,21,Ausente,Ausente,3
6,ALTO TIETE,EMBU,PC00180N,Pré-Cambriano/Cristalino,2320307,18/10/2023,=,28.2,<,0.02,<,0.2,=,63.7,<,0.5,<,2,=,0.01,=,4630,<,0.05,<,0.05,=,0.35,<,0.2,=,17,<,0.2,=,39.6,<,2,=,25.5,=,1.68,=,1299,=,4.24,<,0.1,<,0.03,<,0.2,=,1721,<,0.1,<,0.2,=,7924,<,0.3,=,0.03,<,0.2,=,1.04,=,9,<,1,=,8.48,<,0.1,<,0.5,=,0.61,<,0.01,<,100,<,20,<,20,<,20,<,20,<,1,=,82,=,5.3,=,19.5,=,20.5,Ausente,Ausente,5
6,ALTO TIETE,EMBU-GUACU,PC00184P,Pré-Cambriano/Cristalino,2306652,4/4/2023,=,23.7,=,0.02,<,0.2,=,14,<,0.5,=,5.28,=,0.02,=,3060,=,1.63,=,0.59,=,11.8,=,2.5,=,16.7,=,0.29,=,24.3,=,174,<,10,=,2.43,=,2210,=,38,<,0.1,<,0.03,=,1.58,=,1420,<,0.1,=,0.21,=,5720,<,0.3,=,0.01,<,0.2,=,36.9,=,6.04,<,1,=,2.98,<,0.1,<,1,=,1.77,<,0.01,<,100,<,20,<,20,<,20,<,20,<,1,=,86,=,5.8,=,21.5,=,24.8,Ausente,Ausente,11
6,ALTO TIETE,EMBU-GUACU,PC00184P,Pré-Cambriano/Cristalino,2320010,10/10/2023,=,21.4,<,0.02,<,0.2,=,12.6,<,0.5,=,3.21,<,0.01,=,2551,=,0.18,=,0.5,=,2.61,<,0.2,=,15.2,<,0.2,=,22,=,47.6,<,10,=,2.97,=,2153,=,43.9,<,0.1,<,0.03,=,1.23,=,1328,<,0.1,=,0.59,=,5542,<,0.3,=,0.01,<,0.2,=,9.98,=,5.63,<,1,=,2.86,<,0.1,<,0.5,=,1.71,<,0.01,<,100,<,20,<,20,<,20,<,20,<,1,=,69,=,5.6,=,20.9,=,24.7,Ausente,Ausente,1
6,ALTO TIETE,GUARULHOS,SP00187P,São Paulo,2307794,18/4/2023,=,2.53,<,0.02,<,0.2,=,37.2,<,0.5,=,2.65,<,0.01,=,3800,=,0.05,=,0.07,=,0.28,=,0.69,=,16.2,<,0.2,=,56,=,98.9,=,15.4,=,6.02,=,1620,=,10.7,<,0.1,<,0.03,=,0.23,=,5320,<,0.1,=,2.72,=,3850,<,0.3,=,0.02,=,0.3,=,4.3,<,1,<,1,=,2.82,<,0.1,<,0.5,<,0.1,<,0.01,<,100,=,27.4,<,20,<,20,=,27.4,<,1,=,77,=,7,=,22.9,=,22.6,Ausente,Ausente,1
6,ALTO TIETE,GUARULHOS,SP00187P,São Paulo,2320302,18/10/2023,<,2,<,0.02,<,0.2,=,43.5,<,0.5,=,2.19,<,0.01,=,5014,=,1.56,<,0.05,=,0.39,=,0.36,=,21.1,<,0.2,=,71.8,=,28.7,=,10.9,=,5.28,=,2090,=,26.9,<,0.1,<,0.03,=,0.21,=,5696,<,0.1,=,1.05,=,6228,<,0.3,=,0.03,=,0.23,=,5.54,<,1,<,1,=,3.93,<,0.1,<,0.5,<,0.1,<,0.01,<,100,=,33.7,<,20,<,20,=,33.7,<,1,=,82,=,6.3,=,22.9,=,22.9,Ausente,Ausente,1
6,ALTO TIETE,GUARULHOS,SP00351P,São Paulo,2307795,18/4/2023,<,2,<,0.02,<,0.2,=,46.2,<,0.5,=,9.55,<,0.01,=,8730,=,0.11,<,0.05,=,0.38,<,0.2,=,30.4,<,0.2,=,132,=,217,=,24.1,=,4.63,=,2090,=,59.8,<,0.1,=,0.24,<,0.2,=,3610,<,0.1,<,0.2,=,28500,<,0.3,<,0.005,<,0.2,=,4.64,<,1,<,1,=,3.06,<,0.1,<,0.5,<,0.1,=,0.01,=,130,=,70,<,20,<,20,=,70,<,1,=,163,=,7.1,=,23.5,=,23.8,Ausente,Ausente,1
6,ALTO TIETE,GUARULHOS,SP00351P,São Paulo,2320301,18/10/2023,=,2.86,<,0.02,<,0.2,=,44.2,<,0.5,=,10.9,<,0.01,=,8769,=,0.13,<,0.05,=,0.28,<,0.2,=,30.5,<,0.2,=,132,=,62.6,=,20.6,=,6.37,=,2079,=,63,<,0.1,=,0.59,<,0.2,=,3311,<,0.1,<,0.2,=,31190,<,0.3,<,0.005,<,0.2,=,3.41,<,1,<,1,=,1.9,<,0.1,<,0.5,<,0.1,<,0.01,=,142,=,97,<,20,<,20,=,97,<,1,=,188,=,7.5,=,25.1,=,23.6,Ausente,Ausente,6
6,ALTO TIETE,GUARULHOS,SP00415P,São Paulo,2307793,18/4/2023,<,2,<,0.02,<,0.2,=,505,<,0.5,=,5.42,=,0.01,=,11400,=,0.1,<,0.05,=,9.69,<,0.2,=,43.7,<,0.2,=,213,=,138,<,10,=,10.5,=,3690,=,1.82,=,0.28,<,0.03,=,0.45,=,10300,<,0.1,<,0.2,=,13800,<,0.3,=,0.35,=,0.69,=,21.5,=,13.4,<,1,=,6.75,<,0.1,<,0.5,<,0.1,<,0.01,=,148,=,58,<,20,<,20,=,58,<,1,=,186,=,6.2,=,21.9,=,22.9,Ausente,Ausente,1
6,ALTO TIETE,GUARULHOS,SP00415P,São Paulo,2320300,18/10/2023,=,3.81,<,0.02,<,0.2,=,501,<,0.5,=,5.08,=,0.02,=,11770,=,0.36,<,0.05,=,8.86,=,0.3,=,46,<,0.2,=,215,=,270,=,11.2,=,14.7,=,4037,=,2.1,=,0.11,=,0.04,=,0.71,=,10380,<,0.1,<,0.2,=,14630,<,0.3,=,0.55,=,0.92,=,22.2,=,13.4,<,1,=,6.34,<,0.1,<,0.5,=,0.19,<,0.01,=,156,=,60.1,<,20,<,20,=,60.1,<,1,=,195,=,6.4,=,22.3,=,18.4,Presente,Ausente,130
6,ALTO TIETE,ITAPECERICA DA SERRA,PC00174N,Pré-Cambriano/Cristalino,2307316,11/4/2023,=,4.12,<,0.02,<,0.2,=,17.1,<,0.5,=,4.27,<,0.01,=,1310,<,0.05,<,0.05,<,0.2,=,0.25,=,7.59,<,0.2,=,11.2,<,2,=,22.7,=,2.62,=,1050,=,1.74,<,0.1,<,0.03,<,0.2,=,1820,<,0.1,<,0.2,=,3050,<,0.3,=,0.08,=,0.23,=,0.88,=,2.34,<,1,<,1,<,0.1,<,0.5,=,0.21,<,0.01,<,100,<,20,<,20,<,20,<,20,<,1,=,39,=,5.8,=,20.3,=,23.3,Ausente,Ausente,2
6,ALTO TIETE,ITAPECERICA DA SERRA,PC00174N,Pré-Cambriano/Cristalino,2320306,18/10/2023,=,4.81,<,0.02,<,0.2,=,17.6,<,0.5,=,2.87,=,0.01,=,1460,<,0.05,<,0.05,=,0.29,=,0.41,=,8.66,<,0.2,=,12.3,=,2.6,=,27.4,=,3.68,=,1216,=,2.34,<,0.1,<,0.03,=,0.33,=,1676,<,0.1,<,0.2,=,3395,<,0.3,=,0.11,=,0.27,=,1.34,=,2.06,<,1,<,1,<,0.1,<,0.5,=,0.2,<,0.01,<,100,<,20,<,20,<,20,<,20,<,1,=,37,=,5.6,=,20.4,=,20.8,Ausente,Ausente,1
6,ALTO TIETE,MAIRIPORA,PC00429P,Pré-Cambriano/Cristalino,2321145,31/10/2023,<,2,<,0.02,=,0.22,=,1.48,<,0.5,<,2,<,0.01,=,4071,=,0.49,<,0.05,=,1.18,<,0.2,=,24,<,0.2,=,57,=,37.3,=,28.4,=,5.72,=,3343,=,6.69,<,0.1,=,0.03,=,0.4,=,492,<,0.1,<,0.2,=,4614,<,0.3,=,0.01,<,0.2,=,37.7,=,1.24,<,1,<,1,<,0.1,<,0.5,=,0.11,<,0.01,<,100,=,33.7,<,20,<,20,=,33.7,<,1,=,78,=,6.1,=,22.9,=,26.3,Ausente,Ausente,9
6,ALTO TIETE,MOGI DAS CRUZES,PC00173P,Pré-Cambriano/Cristalino,2308312,25/4/2023,=,2.31,<,0.02,=,3.5,=,144,<,0.5,=,39.4,<,0.01,=,3700,<,0.05,<,0.05,<,0.2,<,0.2,=,14.1,<,0.2,=,40.1,=,122,=,294,=,0.67,=,1170,=,46.1,<,0.1,=,3.02,<,0.2,=,3800,<,0.1,<,0.2,=,32000,<,0.3,=,0.02,<,0.2,<,0.5,=,1.3,<,1,=,2.32,<,0.1,<,0.5,<,0.1,<,0.01,=,104,=,80.7,<,20,<,20,=,80.7,<,1,=,174,=,7.5,=,22,=,26.2,Ausente,Ausente,21
6,ALTO TIETE,MOGI DAS CRUZES,PC00173P,Pré-Cambriano/Cristalino,2321120,31/10/2023,=,2.68,<,0.02,=,4.68,=,132,<,0.5,=,36.5,<,0.01,=,3708,<,0.05,<,0.05,<,0.2,<,0.2,=,14.1,<,0.2,=,39.5,=,36,=,335,=,0.77,=,1185,=,58,<,0.1,=,4.16,<,0.2,=,2622,<,0.1,<,0.2,=,34280,<,0.3,=,0.02,<,0.2,<,0.5,=,1.08,<,1,=,1.97,<,0.1,<,1,<,0.1,<,0.01,=,144,=,94.9,<,20,<,20,=,94.9,<,1,=,181,=,7.4,=,23.3,=,25.1,Ausente,Ausente,1
6,ALTO TIETE,MOGI DAS CRUZES,SP00414P,São Paulo,2308311,25/4/2023,=,2.28,<,0.02,<,0.2,=,104,<,0.5,=,2.66,<,0.01,=,708,=,0.59,=,1.04,=,2.94,<,0.2,=,3.68,<,0.2,=,18.5,=,422,<,10,=,9.45,=,465,=,19.4,<,0.1,<,0.03,=,1.18,=,7960,<,0.1,<,0.2,=,5010,<,0.3,=,0.04,<,0.2,=,7.35,=,3.44,<,1,=,1.68,<,0.1,<,0.5,=,2.85,<,0.01,<,100,<,20,<,20,<,20,<,20,<,1,=,81,=,5.5,=,24,=,27.1,Ausente,Ausente,17
6,ALTO TIETE,MOGI DAS CRUZES,SP00414P,São Paulo,2321119,31/10/2023,=,8.89,<,0.02,=,0.51,=,105,<,0.5,<,2,=,0.01,=,703,=,4.32,=,1.04,=,25.6,<,0.2,=,3.79,<,0.2,=,18.3,=,4226,=,56.7,=,9.7,=,493,=,21.2,=,0.43,=,0.03,=,1.45,=,5810,<,0.1,<,0.2,=,5179,<,0.3,=,0.11,<,0.2,=,22.9,=,3.34,<,1,=,1.99,<,0.1,<,1,=,2.88,<,0.01,<,100,<,20,<,20,<,20,=,72.8,<,1,=,64,=,5.4,=,24.5,=,25.6,Ausente,Ausente,13
6,ALTO TIETE,PIRAPORA DO BOM JESUS,PC00290P,Pré-Cambriano/Cristalino,2306754,4/4/2023,<,2,=,0.04,=,0.24,=,24.2,<,0.5,=,2.54,<,0.01,=,48500,=,0.06,<,0.05,=,0.64,<,0.2,=,157,<,0.2,=,156,<,2,=,10.5,=,8.1,=,8670,=,0.94,<,0.1,=,0.11,=,0.22,=,748,<,0.1,<,0.2,=,3250,<,0.3,=,0.05,<,0.2,=,6.02,=,3.52,<,1,=,2.35,<,0.1,<,1,=,0.51,<,0.01,=,158,=,142,<,20,<,20,=,142,<,1,=,305,=,7.7,=,23.3,=,25.3,Ausente,Ausente,4
6,ALTO TIETE,PIRAPORA DO BOM JESUS,PC00290P,Pré-Cambriano/Cristalino,2320296,17/10/2023,=,2.18,<,0.02,=,0.22,=,18.4,<,0.5,<,2,<,0.01,=,44660,=,0.08,<,0.05,=,0.56,<,0.2,=,146,<,0.2,=,143,=,4.43,<,10,=,8.36,=,8334,=,0.44,<,0.1,=,0.18,=,0.25,=,608,<,0.1,<,0.2,=,2657,<,0.3,=,0.06,<,0.2,=,4.13,=,2.75,<,1,=,2.34,<,0.1,<,0.5,=,0.47,=,0.01,=,142,=,147,<,20,<,20,=,147,<,1,=,298,=,7.7,=,22.5,=,22.6,Ausente,Ausente,1
6,ALTO TIETE,POA,PC00178P,Pré-Cambriano/Cristalino,2308310,25/4/2023,=,5.96,<,0.02,=,6.74,<,1,<,0.5,=,8.2,<,0.01,=,16300,<,0.05,<,0.05,<,0.2,<,0.2,=,42.4,<,0.2,=,30.2,=,30.9,=,457,=,28.1,=,404,=,22.4,=,0.14,=,0.95,<,0.2,=,1720,<,0.1,<,0.2,=,18400,=,0.34,=,1.3,=,0.33,=,252,=,3.43,<,1,=,5.89,<,0.1,<,0.5,<,0.1,=,0.01,=,122,=,71.8,<,20,<,20,=,71.8,<,1,=,216,=,7.6,=,23.7,=,23.7,Ausente,Ausente,910
6,ALTO TIETE,POA,PC00178P,Pré-Cambriano/Cristalino,2321117,31/10/2023,<,2,<,0.02,=,8.27,=,1.12,<,0.5,=,6.34,<,0.01,=,17140,<,0.05,<,0.05,<,0.2,<,0.2,=,44.6,<,0.2,=,31.7,=,12.8,=,95.8,=,30.6,=,438,=,13.2,=,0.21,=,1.5,<,0.2,=,1755,<,0.1,<,0.2,=,18840,<,0.3,=,2.38,=,0.23,=,53.1,=,3.27,<,1,=,5.8,<,0.1,<,1,<,0.1,=,0.01,=,140,=,81.2,<,20,<,20,=,81.2,<,1,=,173,=,7.7,=,24.5,=,24.6,Ausente,Ausente,64
6,ALTO TIETE,RIO GRANDE DA SERRA,PC00192N,Pré-Cambriano/Cristalino,2308306,25/4/2023,=,170,<,0.02,<,0.2,=,24.2,<,0.5,=,6.84,=,0.03,=,1360,<,0.05,=,0.96,=,0.33,<,0.2,=,8.42,<,0.2,=,10.9,<,2,<,10,=,1.21,=,1220,=,58,<,0.1,<,0.03,=,1.06,=,772,<,0.1,=,0.37,=,2780,<,0.3,=,0.03,<,0.2,=,5.16,=,5.55,<,1,=,1.13,<,0.1,<,1,=,1.52,<,0.01,<,100,<,20,<,20,<,20,<,20,<,1,=,45,=,5.1,=,18.4,=,19.9,Ausente,Ausente,2
6,ALTO TIETE,RIO GRANDE DA SERRA,PC00192N,Pré-Cambriano/Cristalino,2321198,30/10/2023,=,115,<,0.02,<,0.2,=,20.2,<,0.5,=,4.99,=,0.02,=,1100,<,0.05,=,0.72,=,0.4,<,0.2,=,7.47,<,0.2,=,9.31,=,3.06,<,10,=,1.21,=,1146,=,46.7,<,0.1,=,0.03,=,1.22,=,681,<,0.1,=,0.4,=,2681,<,0.3,=,0.03,<,0.2,=,7.27,=,4.75,<,1,<,1,<,0.1,<,0.5,=,1.27,<,0.01,<,100,<,20,<,20,<,20,<,20,<,1,=,40,=,5.1,=,21,=,26.9,Ausente,Ausente,7
6,ALTO TIETE,SALESOPOLIS,PC00274P,Pré-Cambriano/Cristalino,2308308,25/4/2023,<,2,<,0.02,=,7.9,=,25.2,<,0.5,=,31.3,<,0.01,=,18200,=,0.19,<,0.05,<,0.2,<,0.2,=,58,<,0.2,=,129,=,2368,=,197,=,22.6,=,3070,=,82.6,=,0.22,=,1.08,<,0.2,=,3130,<,0.1,<,0.2,=,19700,<,0.3,<,0.005,<,0.2,=,8.42,=,6.12,=,1.02,=,10.8,<,0.1,<,0.5,<,0.1,<,0.01,=,176,=,83,<,20,<,20,=,83,<,1,=,186,=,6.7,=,20.8,=,26.2,Presente,Ausente,1
6,ALTO TIETE,SALESOPOLIS,PC00274P,Pré-Cambriano/Cristalino,2321118,31/10/2023,<,2,<,0.02,=,0.29,=,6.76,<,0.5,=,4.71,<,0.01,=,17040,=,0.1,<,0.05,=,0.23,<,0.2,=,51.7,<,0.2,=,119,=,29.7,=,53.2,=,30.3,=,2231,=,84.6,=,0.24,=,2.21,=,0.32,=,2476,<,0.1,<,0.2,=,17310,<,0.3,=,0.72,<,0.2,=,2.55,=,3.73,<,1,=,6.22,<,0.1,<,1,<,0.1,<,0.01,=,158,<,20,<,20,<,20,<,20,<,1,=,186,=,7.1,=,24.4,=,25.7,Ausente,Ausente,1
6,ALTO TIETE,SANTO ANDRE,PC00193N,Pré-Cambriano/Cristalino,2308307,25/4/2023,=,113,<,0.02,<,0.2,=,9.37,<,0.5,=,3.41,=,0.01,=,502,<,0.05,=,0.06,<,0.2,<,0.2,=,2.34,<,0.2,=,3.06,=,3.38,<,10,=,0.79,=,265,=,6.81,<,0.1,=,0.03,=,0.31,=,1080,<,0.1,<,0.2,=,2100,<,0.3,=,0.06,<,0.2,=,2.35,=,2.83,<,1,<,1,<,0.1,<,1,=,0.7,<,0.01,<,100,<,20,<,20,<,20,<,20,<,1,=,25,=,5.2,=,18.3,=,19.7,Ausente,Ausente,55
6,ALTO TIETE,SANTO ANDRE,PC00193N,Pré-Cambriano/Cristalino,2321199,30/10/2023,=,103,<,0.02,<,0.2,=,7.97,<,0.5,<,2,=,0.01,=,556,<,0.05,<,0.05,<,0.2,<,0.2,=,2.45,<,0.2,=,2.62,<,2,<,10,=,0.79,=,257,=,7.23,<,0.1,<,0.03,<,0.2,=,980,<,0.1,<,0.2,=,2037,<,0.3,=,0.06,<,0.2,=,0.81,=,2.52,<,1,<,1,<,0.1,<,0.5,=,0.63,<,0.01,<,100,<,20,<,20,<,20,<,20,<,1,=,24,=,5,=,21.2,=,29.5,Ausente,Ausente,4
6,ALTO TIETE,SAO BERNARDO DO CAMPO,PC00299P,Pré-Cambriano/Cristalino,2307798,18/4/2023,=,7.47,<,0.02,=,0.5,=,12.7,<,0.5,=,6.88,=,0.01,=,5310,=,0.2,=,1.71,=,0.94,<,0.2,=,23.7,<,0.2,=,48.1,=,210,=,24,=,6.23,=,2530,=,400,=,0.38,<,0.03,=,2.48,=,1790,<,0.1,<,0.2,=,9020,<,0.3,=,0.02,<,0.2,=,4.71,=,7.96,<,1,=,7.16,<,0.1,<,0.5,=,0.91,=,0.01,<,100,<,20,<,20,<,20,<,20,<,1,=,98,=,5.8,=,20.8,=,23.1,Ausente,Ausente,22
6,ALTO TIETE,SAO BERNARDO DO CAMPO,PC00299P,Pré-Cambriano/Cristalino,2321195,30/10/2023,=,9,<,0.02,=,0.42,=,12.2,<,0.5,=,6.09,=,0.01,=,4911,=,0.25,=,1.82,=,2.07,<,0.2,=,22.8,<,0.2,=,44.8,=,175,=,20.2,=,8.21,=,2552,=,391,=,0.37,<,0.03,=,2.84,=,1578,<,0.1,<,0.2,=,8767,<,0.3,=,0.03,<,0.2,=,4.04,=,7.86,<,1,=,7.25,<,0.1,<,0.5,=,0.95,<,0.01,<,100,=,23.2,<,20,<,20,=,23.2,<,1,=,98,=,6,=,21.6,=,29.9,Ausente,Ausente,1
6,ALTO TIETE,SAO BERNARDO DO CAMPO,PC00300P,Pré-Cambriano/Cristalino,2307796,18/4/2023,<,2,<,0.02,=,2.61,=,5.57,<,0.5,=,4.42,<,0.01,=,6470,<,0.05,<,0.05,<,0.2,<,0.2,=,30.1,<,0.2,=,82.2,=,697,=,190,=,15.1,=,3380,=,71.6,=,0.14,=,0.09,<,0.2,=,3010,<,0.1,<,0.2,=,15200,<,0.3,<,0.005,<,0.2,=,1.59,=,3.87,<,1,=,5.37,<,0.1,<,0.5,<,0.1,<,0.01,=,112,=,47,<,20,<,20,=,47,<,1,=,133,=,6.8,=,21.9,=,22.7,Ausente,Ausente,1
6,ALTO TIETE,SAO BERNARDO DO CAMPO,PC00300P,Pré-Cambriano/Cristalino,2321196,30/10/2023,<,2,<,0.02,=,2.58,=,4.68,<,0.5,=,4.1,<,0.01,=,6125,<,0.05,<,0.05,<,0.2,<,0.2,=,29.6,<,0.2,=,77.8,=,739,=,202,=,21.5,=,3461,=,92.7,=,0.22,=,0.12,<,0.2,=,2717,<,0.1,<,0.2,=,14680,<,0.3,<,0.005,<,0.2,=,1.44,=,3.77,<,1,=,5.26,<,0.1,<,0.5,<,0.1,<,0.01,=,122,=,73.8,<,20,<,20,=,73.8,<,1,=,133,=,6.9,=,23.1,=,29.7,Ausente,Ausente,3
6,ALTO TIETE,SAO BERNARDO DO CAMPO,PC00301P,Pré-Cambriano/Cristalino,2307797,18/4/2023,<,2,<,0.02,=,1.33,=,5.58,<,0.5,=,4.84,<,0.01,=,14200,=,0.06,<,0.05,<,0.2,<,0.2,=,51.7,<,0.2,=,93.9,=,142,=,40.3,=,6.53,=,3930,=,96.6,=,0.29,=,0.09,=,0.32,=,2690,<,0.1,<,0.2,=,10700,<,0.3,<,0.005,<,0.2,=,1.1,=,3.75,<,1,=,3.58,<,0.1,<,0.5,=,0.19,=,0.01,<,100,=,59.1,<,20,<,20,=,59.1,<,1,=,155,=,6.7,=,21.5,=,23.2,Ausente,Ausente,11
6,ALTO TIETE,SAO BERNARDO DO CAMPO,PC00301P,Pré-Cambriano/Cristalino,2321197,30/10/2023,<,2,<,0.02,=,1.47,=,4.52,<,0.5,=,3.6,<,0.01,=,13530,=,0.1,<,0.05,=,0.28,<,0.2,=,50.1,<,0.2,=,88.4,=,161,=,48.3,=,8.65,=,3967,=,120,=,0.8,=,0.13,=,1.2,=,2248,<,0.1,<,0.2,=,10230,<,0.3,<,0.005,<,0.2,=,1.96,=,3.56,<,1,=,3.48,<,0.1,<,0.5,=,0.2,<,0.01,<,100,=,65.4,<,20,<,20,=,65.4,<,1,=,145,=,6.9,=,21.8,=,27.1,Ausente,Ausente,170
6,ALTO TIETE,SAO PAULO,PC00214P,Pré-Cambriano/Cristalino,2306651,4/4/2023,=,3.12,<,0.02,=,0.36,=,1.95,<,0.5,=,4.28,=,0.01,=,15400,<,0.05,<,0.05,=,0.61,<,0.2,=,44.3,<,0.2,=,48.2,=,23.5,=,56,=,18.3,=,1400,=,9.52,<,0.1,=,3.27,<,0.2,=,3350,<,0.1,<,0.2,=,10500,<,0.3,=,2.09,<,0.2,=,3.4,=,4.83,<,1,=,15.8,<,0.1,<,1,=,0.12,<,0.01,=,110,=,44.9,<,20,<,20,=,44.9,<,1,=,149,=,6.8,=,24.7,=,29.6,Ausente,Ausente,24
6,ALTO TIETE,SAO PAULO,PC00214P,Pré-Cambriano/Cristalino,2320011,13/11/2023,=,4.28,<,0.02,=,0.49,=,1.95,<,0.5,=,4.88,=,0.02,=,14550,=,0.17,<,0.05,=,5.43,=,0.21,=,42.6,<,0.2,=,46,=,10.5,=,59.9,=,24.9,=,1521,=,8.79,<,0.1,=,5.94,=,1.01,=,3371,<,0.1,<,0.2,=,10340,=,0.4,=,3.56,=,0.36,=,4.34,=,4.46,<,1,=,14.2,<,0.1,<,0.5,=,0.24,<,0.01,=,110,=,51,<,20,<,20,=,51,<,1,=,140,=,7,=,24.5,=,38.5,Ausente,Ausente,75
6,ALTO TIETE,SAO PAULO,PC00323N,Pré-Cambriano/Cristalino,2307095,4/4/2023,=,3.46,<,0.02,<,0.2,=,68.3,<,0.5,<,2,<,0.01,=,4770,<,0.05,<,0.05,<,0.2,=,0.21,=,16.8,<,0.2,=,88.3,=,12.3,=,74.2,=,1.45,=,1180,=,0.36,<,0.1,<,0.03,<,0.2,=,1900,<,0.1,<,0.2,=,3470,<,0.3,<,0.005,=,0.65,=,1.37,=,1.09,<,1,<,1,<,0.1,<,1,<,0.1,<,0.01,<,100,=,26.3,<,20,<,20,=,26.3,<,1,=,51,=,6.3,=,19.4,=,23.7,Ausente,Ausente,7
6,ALTO TIETE,SAO PAULO,PC00323N,Pré-Cambriano/Cristalino,2320004,9/10/2023,=,18.7,<,0.02,<,0.2,=,61.7,<,0.5,<,2,<,0.01,=,4266,<,0.05,<,0.05,<,0.2,=,0.23,=,15,<,0.2,=,72.9,=,8.69,=,57.6,=,1.74,=,1056,=,1.04,<,0.1,=,0.03,<,0.2,=,1501,<,0.1,<,0.2,=,2774,=,0.38,<,0.005,=,0.65,=,1.8,=,1.26,<,1,=,1.05,<,0.1,NA,NA,=,0.18,<,0.01,<,100,=,21.1,<,20,<,20,=,21.1,<,1,=,51,=,6.6,=,19.3,=,21,Ausente,Ausente,290
6,ALTO TIETE,SAO PAULO,PC00349P,Pré-Cambriano/Cristalino,2306649,4/4/2023,=,3.73,<,0.02,=,2.05,=,7.7,<,0.5,=,4.18,=,0.01,=,7980,=,0.06,=,0.26,=,1.3,<,0.2,=,29.7,<,0.2,=,71.3,=,946,=,108,=,15.5,=,2380,=,171,<,0.1,=,0.03,=,1.75,=,2470,<,0.1,<,0.2,=,7530,<,0.3,=,0.006,<,0.2,=,12.7,=,3.69,<,1,=,10.1,<,0.1,<,1,=,0.13,<,0.01,<,100,=,31.7,<,20,<,20,=,31.7,<,1,=,117,=,6.3,=,21.5,=,28.8,Ausente,Ausente,1
6,ALTO TIETE,SAO PAULO,PC00349P,Pré-Cambriano/Cristalino,2320009,10/10/2023,<,2,<,0.02,=,2.39,=,6.96,<,0.5,=,2.56,<,0.01,=,7442,=,0.07,=,0.28,=,0.83,<,0.2,=,28.6,<,0.2,=,68.2,=,1367,=,135,=,19.4,=,2426,=,164,<,0.1,=,0.04,=,1.8,=,2415,<,0.1,<,0.2,=,7463,<,0.3,=,0.01,<,0.2,=,6.96,=,3.93,<,1,=,10.2,<,0.1,<,0.5,=,0.13,=,0.01,<,100,=,32.7,<,20,<,20,=,32.7,<,1,=,108,=,6.3,=,21,=,25.4,Ausente,Ausente,1
6,ALTO TIETE,SAO PAULO,PC00371P,Pré-Cambriano/Cristalino,2307101,4/4/2023,=,2.83,<,0.02,<,0.2,=,74.9,<,0.5,=,8.7,=,0.03,=,32500,=,0.06,=,0.38,<,0.2,=,0.48,=,122,<,0.2,=,51.7,=,2550,=,22.6,=,3.55,=,10000,=,393,<,0.1,=,0.16,=,0.62,=,4280,<,0.1,<,0.2,=,4000,<,0.3,=,0.05,=,1.97,=,2070,=,8.64,<,1,=,3.46,<,0.1,<,1,=,3.64,=,0.03,=,194,=,102,<,20,<,20,=,102,<,1,=,268,=,6.6,=,21.9,=,28.1,Ausente,Ausente,25
6,ALTO TIETE,SAO PAULO,PC00371P,Pré-Cambriano/Cristalino,2320007,9/10/2023,<,2,<,0.02,<,0.2,=,56.8,<,0.5,=,2.93,<,0.01,=,29240,<,0.05,=,0.06,<,0.2,=,0.61,=,114,<,0.2,=,34.3,=,59.1,=,23.1,=,5.92,=,9859,=,97.7,<,0.1,=,0.27,<,0.2,=,2828,<,0.1,<,0.2,=,3554,<,0.3,=,0.06,=,2.22,=,79.3,=,7.29,<,1,=,2.37,<,0.1,NA,NA,=,3.54,=,0.01,=,174,=,98.1,<,20,<,20,=,98.1,<,1,=,245,=,6.9,=,22,=,24,Ausente,Ausente,4
6,ALTO TIETE,SAO PAULO,PC00427P,Pré-Cambriano/Cristalino,2308558,27/4/2023,<,2,<,0.02,<,0.2,=,1.99,<,0.5,=,6.06,<,0.01,=,13000,<,0.05,<,0.05,<,0.2,<,0.2,=,36.6,<,0.2,=,76.4,=,8.95,=,67.8,=,27.7,=,983,=,5.47,<,0.1,=,1.03,<,0.2,=,3220,<,0.1,<,0.2,=,17400,<,0.3,=,0.21,=,0.34,=,37,=,2.29,<,1,=,8.31,<,0.1,<,1,<,0.1,<,0.01,=,150,=,67.9,<,20,<,20,=,67.9,<,1,=,147,=,7.4,=,23.1,=,20.7,Ausente,Ausente,1
6,ALTO TIETE,SAO PAULO,PC00427P,Pré-Cambriano/Cristalino,2321129,31/10/2023,<,2,<,0.02,<,0.2,=,1.26,<,0.5,=,4.53,<,0.01,=,13640,=,0.06,<,0.05,=,0.33,<,0.2,=,37.8,<,0.2,=,76.2,=,73.6,=,93,=,30.4,=,894,=,8.68,<,0.1,=,1.14,<,0.2,=,2577,<,0.1,<,0.2,=,17230,<,0.3,=,0.12,<,0.2,=,31.5,=,2.11,<,1,=,8.34,<,0.1,<,1,<,0.1,<,0.01,=,174,=,72.8,<,20,<,20,=,72.8,<,1,=,158,=,7.7,=,22.7,=,27,Ausente,Ausente,2
6,ALTO TIETE,SAO PAULO,PC00428P,Pré-Cambriano/Cristalino,2308559,27/4/2023,<,2,<,0.02,=,0.49,=,149,<,0.5,=,19.5,<,0.01,=,36200,=,0.09,=,0.2,<,0.2,<,0.2,=,102,<,0.2,=,252,=,12.6,=,21.1,=,20.8,=,2920,=,385,=,0.1,=,2.95,=,0.33,=,3480,<,0.1,<,0.2,=,49500,<,0.3,=,6.74,<,0.2,=,5.69,=,21.2,=,1.22,=,12.3,<,0.1,<,1,=,3.08,=,0.03,=,296,=,164,<,20,<,20,=,164,<,1,=,428,=,7.3,=,22.1,=,21.6,Ausente,Ausente,10
6,ALTO TIETE,SAO PAULO,PC00428P,Pré-Cambriano/Cristalino,2321131,31/10/2023,=,3.34,=,0.02,=,0.57,=,146,<,0.5,=,13.7,=,0.01,=,37700,=,0.13,=,0.25,=,1.38,<,0.2,=,107,<,0.2,=,248,=,10.9,=,27,=,25.8,=,3119,=,390,=,0.14,=,3.07,=,3.16,=,3248,<,0.1,<,0.2,=,49080,<,0.3,=,5.75,<,0.2,=,4.77,=,21.3,=,1.22,=,12.2,<,0.1,<,1,=,3.16,=,0.02,=,286,=,163,<,20,<,20,=,163,<,1,=,427,=,7.4,=,22.3,=,27.7,Ausente,Ausente,31
6,ALTO TIETE,SAO PAULO,SP00370P,São Paulo,2306650,4/4/2023,=,8.58,<,0.02,<,0.2,=,198,<,0.5,=,9,=,0.01,=,3730,=,0.24,<,0.05,=,1.42,=,0.23,=,17.8,<,0.2,=,37.7,=,25.5,=,40,=,4.18,=,2060,=,0.53,<,0.1,=,0.3,<,0.2,=,3240,<,0.1,=,0.25,=,11200,<,0.3,=,0.3,=,1.2,=,111,=,1.7,<,1,<,1,<,0.1,<,1,=,0.41,<,0.01,<,100,=,40.5,<,20,<,20,=,40.5,<,1,=,98,=,6.7,=,24.1,=,30.9,Ausente,Ausente,26
6,ALTO TIETE,SAO PAULO,SP00370P,São Paulo,2320008,10/10/2023,=,20.3,<,0.02,=,1.16,=,108,<,0.5,=,7.3,<,0.01,=,3945,=,0.85,<,0.05,=,2.03,=,10.7,=,17.3,<,0.2,=,31.8,=,292,=,213,=,4.65,=,1808,=,4.59,=,0.13,=,0.65,=,0.25,=,3818,<,0.1,<,0.2,=,237800,=,0.35,=,3.06,=,5.7,=,15.4,=,151,<,1,=,1.13,<,0.1,<,0.5,=,0.42,<,0.01,=,774,=,199,=,69.6,<,20,=,269,<,1,=,142,=,8.8,=,22.1,=,25.1,Ausente,Ausente,1
6,ALTO TIETE,SAO PAULO,SP00416P,São Paulo,2308294,24/4/2023,=,3.1,<,0.02,<,0.2,=,48.8,<,0.5,=,2.95,=,0.01,=,751,=,0.22,=,0.51,=,1.44,<,0.2,=,2.95,<,0.2,=,17.3,=,7.66,<,10,=,4.5,=,261,=,6.48,<,0.1,<,0.03,=,0.5,=,3970,<,0.1,<,0.2,=,1280,<,0.3,=,0.03,<,0.2,=,54.4,=,1.16,<,1,=,1.39,<,0.1,<,1,=,0.2,<,0.01,<,100,<,20,<,20,<,20,<,20,<,1,=,66,=,5.7,=,22.8,=,26.1,Ausente,Ausente,4
6,ALTO TIETE,SAO PAULO,SP00416P,São Paulo,2321150,31/10/2023,=,5.65,<,0.02,<,0.2,=,47,<,0.5,=,3.4,<,0.01,=,1349,=,0.36,=,0.7,=,1.94,<,0.2,=,5.94,<,0.2,=,29.6,=,7.36,<,10,=,6.66,=,624,=,23.4,<,0.1,<,0.03,=,0.76,=,5153,<,0.1,<,0.2,=,3364,<,0.3,=,0.04,<,0.2,=,11.5,=,1.71,<,1,=,7.24,<,0.1,<,1,=,0.54,<,0.01,<,100,<,20,<,20,<,20,<,20,<,1,=,48,=,5.8,=,22.8,=,25.8,Ausente,Ausente,2
6,ALTO TIETE,SAO PAULO,SP00417P,São Paulo,2308293,24/4/2023,=,5.86,<,0.02,<,0.2,=,106,<,0.5,=,2.93,=,0.03,=,1040,=,0.34,=,0.78,=,87.4,<,0.2,=,4.02,<,0.2,=,27.8,=,13,<,10,=,4.77,=,344,=,1.61,<,0.1,<,0.03,=,1.19,=,5140,<,0.1,<,0.2,=,1490,<,0.3,=,0.03,<,0.2,=,33.6,=,1.91,<,1,<,1,<,0.1,<,1,=,0.28,<,0.01,<,100,<,20,<,20,<,20,<,20,<,1,=,70,=,5.6,=,23.4,=,25.8,Ausente,Ausente,1
6,ALTO TIETE,SAO PAULO,SP00417P,São Paulo,2321148,9/11/2023,<,2,<,0.02,<,0.2,=,96.7,<,0.5,<,2,=,0.01,=,510,=,0.42,=,0.73,=,1.73,<,0.2,=,2.67,<,0.2,=,23.7,=,6.63,<,10,=,4.64,=,341,=,1.08,<,0.1,<,0.03,=,0.95,=,4992,<,0.1,<,0.2,=,1358,<,0.3,=,0.04,<,0.2,=,4.3,=,1.65,<,1,<,1,<,0.1,<,0.5,=,0.29,<,0.01,<,100,<,20,<,20,<,20,<,20,<,1,=,30,=,5.6,=,24.2,=,27.2,Ausente,Ausente,1
6,ALTO TIETE,SAO PAULO,SP00418P,São Paulo,2308292,24/4/2023,=,2.65,<,0.02,=,15.3,=,308,<,0.5,=,218,<,0.01,=,9540,=,0.08,<,0.05,<,0.2,=,0.25,=,37.8,<,0.2,=,107,=,104,=,65.4,=,2.69,=,3410,=,66.8,<,0.1,=,6.66,=,0.31,=,4990,<,0.1,<,0.2,=,40800,<,0.3,=,0.05,<,0.2,=,3.42,=,9.85,<,1,=,2.98,<,0.1,<,1,=,0.1,<,0.01,=,184,=,112,<,20,<,20,=,112,<,1,=,291,=,7.3,=,23.2,=,25.9,Ausente,Ausente,87
6,ALTO TIETE,SAO PAULO,SP00418P,São Paulo,2321149,31/10/2023,=,3,<,0.02,=,16.8,=,288,<,0.5,=,211,=,0.02,=,9357,=,0.1,<,0.05,=,2.24,<,0.2,=,38,<,0.2,=,103,=,31.8,=,69.2,=,2.73,=,3535,=,45.6,<,0.1,=,7.43,=,0.87,=,4788,<,0.1,<,0.2,=,40540,<,0.3,=,0.04,<,0.2,=,2.54,=,12,<,1,=,2.98,<,0.1,<,1,<,0.1,<,0.01,=,200,=,116,<,20,<,20,=,116,<,1,=,272,=,7.2,=,24,=,25,Ausente,Ausente,4
6,ALTO TIETE,SAO PAULO,SP00425P,São Paulo,2308557,27/4/2023,=,17.4,=,0.02,<,0.2,=,1480,=,0.7,=,3.3,=,0.35,=,2700,=,2.14,=,18.4,=,19.3,<,0.2,=,18.3,=,0.78,=,258,=,9.05,<,10,=,5.91,=,2810,=,30.6,<,0.1,<,0.03,=,26,=,16600,=,0.2,<,0.2,=,7740,<,0.3,=,0.06,<,0.2,=,129,=,15.1,<,1,=,1.61,<,0.1,<,1,=,8.15,<,0.01,=,100,<,20,<,20,<,20,<,20,<,1,=,168,=,5.4,=,22.8,=,24.2,Ausente,Ausente,5
6,ALTO TIETE,SAO PAULO,SP00425P,São Paulo,2321130,31/10/2023,=,15.7,<,0.02,<,0.2,=,2929,=,1.09,=,2.76,=,0.38,=,3052,=,1.1,=,35.6,=,8.08,<,0.2,=,25.5,<,0.2,=,423,=,9.74,<,10,=,5.84,=,4343,=,78.3,<,0.1,<,0.03,=,30.1,=,22180,<,0.1,=,0.34,=,13400,<,0.3,=,0.05,<,0.2,=,98.6,=,20.6,<,1,<,1,<,0.1,<,1,=,14.6,<,0.01,=,168,<,20,<,20,<,20,=,20,<,1,=,168,=,5.3,=,23,=,25.9,Ausente,Ausente,3
8,SAPUCAI/GRANDE,BATATAIS,GU00012P,Guarani,2304630,6/3/2023,=,10.9,<,0.02,<,0.2,=,110,<,0.5,<,2,<,0.01,=,2700,=,0.26,<,0.05,=,3.65,=,0.68,=,10.5,<,0.2,=,35,=,30.7,=,30.3,=,0.46,=,920,=,0.36,<,0.1,<,0.03,=,0.31,=,5900,<,0.1,<,0.2,=,1200,=,3.24,=,0.006,=,1.3,=,7.41,=,2,=,0.1,=,2,<,1,<,1,<,0.02,=,0.08,<,100,=,0,=,0,=,20.3,,NA,=,3.1,=,44,=,6.09,=,27.3,=,28,Ausente,Ausente,1
8,SAPUCAI/GRANDE,BATATAIS,GU00012P,Guarani,2318014,4/9/2023,<,2,<,0.02,<,0.2,=,125,<,0.5,<,2,<,0.01,=,2218,=,0.28,<,0.05,=,3.79,=,0.62,=,10,=,0.32,=,34.7,<,2,=,30.1,=,0.44,=,1086,<,0.1,<,0.1,<,0.03,<,0.2,=,5916,<,0.1,<,0.2,=,1532,<,0.3,=,0.005,=,1.12,=,4.5,<,1,<,0.1,<,0.5,<,1,<,1,=,0.06,<,0.05,<,100,=,20.1,=,0,=,0,,NA,=,1.1,=,45,=,6.15,=,28.1,=,33,Ausente,Ausente,1
8,SAPUCAI/GRANDE,BURITIZAL,GU00019P,Guarani,2306439,28/3/2023,=,7.3,<,0.02,=,0.37,=,1.5,<,0.5,<,2,<,0.01,=,19000,=,0.07,<,0.05,=,0.46,=,1.34,=,59.3,<,0.2,=,160,=,23.1,=,31.7,=,1.09,=,2900,=,0.22,<,0.1,<,0.03,<,0.2,=,3400,<,0.1,<,0.2,=,7700,=,2.53,=,0.02,=,5.39,=,6.48,<,1,<,0.1,<,0.5,<,1,<,1,=,0.05,<,0.05,=,136,=,77.7,<,20,<,20,=,77.7,<,1,=,149,=,7.49,=,29.2,=,34.6,Ausente,Ausente,1
8,SAPUCAI/GRANDE,BURITIZAL,GU00019P,Guarani,2317410,13/9/2023,<,2,<,0.02,=,0.44,=,1.4,<,0.5,<,2,<,0.01,=,18220,=,0.07,<,0.05,=,0.67,=,1.45,=,58.1,<,0.2,=,158,=,2.07,=,31.5,=,1.17,=,3056,<,0.1,<,0.1,<,0.03,<,0.2,=,3401,<,0.1,<,0.2,=,7825,<,0.3,=,0.03,=,5.52,=,3.62,<,1,<,0.1,<,0.5,<,0.5,=,1.48,=,0.06,<,0.05,<,100,=,85.8,=,0,=,0,,NA,=,1.2,=,151,=,7.48,=,30,=,40.3,Ausente,Ausente,1
8,SAPUCAI/GRANDE,GUAIRA,GU00245P,Guarani,2304732,7/3/2023,=,18.3,<,0.02,=,1.35,<,1,<,0.5,=,21.9,<,0.01,=,1600,=,0.1,<,0.05,=,0.81,=,8.29,=,4,<,0.2,=,11,<,2,<,10,=,7.07,<,100,<,0.1,<,0.1,=,0.49,<,0.2,=,300,<,0.1,=,2.66,=,78000,<,0.3,=,2.73,=,27.4,<,0.5,=,3,=,0.4,=,10,<,0.5,<,0.5,=,0.6,<,0.05,=,228,=,116,=,40.6,=,0,,NA,=,1.8,=,329,=,9.34,=,31.7,=,23.4,Ausente,Ausente,1
8,SAPUCAI/GRANDE,GUAIRA,GU00245P,Guarani,2317892,5/9/2023,=,17,<,0.02,=,1.11,<,1,<,0.5,=,21.3,<,0.01,=,1308,<,0.05,<,0.05,=,0.65,=,7.26,=,3.27,<,0.2,=,10.2,<,2,<,10,=,6.5,<,100,<,0.1,<,0.1,=,0.48,<,0.2,=,258,<,0.1,=,2.27,=,72760,<,0.3,=,2.65,=,25.4,<,0.5,<,1,=,0.2,=,8,<,0.5,<,0.5,=,0.6,<,0.05,=,196,=,129,=,29.6,=,0,,NA,=,3.7,=,329,=,9.36,=,35.8,=,32.1,Ausente,Ausente,10
8,SAPUCAI/GRANDE,GUAIRA,SG00348P,Serra Geral,2304733,7/3/2023,=,37.1,<,0.02,=,0.42,<,1,<,0.5,=,5.27,<,0.01,=,1100,<,0.05,<,0.05,=,0.29,<,0.2,=,2.75,<,0.2,=,2.2,=,12.1,=,18.6,=,0.39,<,100,=,0.29,<,0.1,=,0.04,<,0.2,=,210,<,0.1,<,0.2,=,70000,=,0.35,=,0.77,=,34,<,0.5,=,5,=,0.1,=,3,<,0.5,<,0.5,=,2,=,0.1,=,202,=,115,=,26.9,=,0,,NA,=,2.4,=,294,=,9.27,=,24.5,=,22.8,Ausente,Ausente,1
8,SAPUCAI/GRANDE,GUAIRA,SG00348P,Serra Geral,2317905,5/9/2023,=,40.8,=,0.02,=,0.5,<,1,<,0.5,=,6.27,<,0.01,=,853,<,0.05,<,0.05,=,0.89,<,0.2,=,2.13,<,0.2,=,2.02,=,20.3,=,18.9,=,0.37,<,100,=,0.43,<,0.1,=,0.05,<,0.2,=,204,<,0.1,<,0.2,=,65140,=,0.41,=,0.69,=,44.6,=,0.95,=,3,<,0.1,=,0.6,<,0.5,<,0.5,=,1,NA,NA,=,164,=,118,=,19.6,=,0,,NA,=,3.7,=,288,=,9.38,=,27.2,,NA,Ausente,Ausente,1
8,SAPUCAI/GRANDE,GUARA,SG00350P,Serra Geral,2306438,28/3/2023,=,9.11,<,0.02,<,0.2,<,1,<,0.5,=,2.3,<,0.01,=,25000,<,0.05,<,0.05,=,0.23,=,0.34,=,65.9,<,0.2,=,41,=,31.2,=,36.3,=,1.44,=,850,=,0.28,<,0.1,<,0.03,<,0.2,=,530,<,0.1,<,0.2,=,17000,=,3.26,=,0.1,=,7.12,=,1,<,1,<,0.1,<,0.5,<,1,<,1,=,0.4,<,0.05,=,178,=,166,<,20,<,20,=,166,<,1,=,192,=,7.48,=,26.5,=,32.3,Presente,Ausente,1
8,SAPUCAI/GRANDE,GUARA,SG00350P,Serra Geral,2317417,13/9/2023,<,2,<,0.02,<,0.2,<,1,<,0.5,=,2.25,<,0.01,=,24040,=,0.06,<,0.05,=,0.53,=,0.32,=,63.5,<,0.2,=,40.1,=,2.46,=,38.2,=,1.5,=,843,<,0.1,<,0.1,=,0.03,<,0.2,=,574,<,0.1,<,0.2,=,17190,<,0.3,=,0.1,=,7.15,=,1.3,<,1,<,0.1,<,0.5,<,0.5,<,0.5,=,0.4,=,0.1,=,190,=,108,=,0,=,0,,NA,=,2.1,=,196,=,7.51,=,26.7,=,32.6,Ausente,Ausente,1
8,SAPUCAI/GRANDE,IGARAPAVA,GU00324P,Guarani,2306437,28/3/2023,=,7.82,<,0.02,=,0.34,=,57,<,0.5,<,2,<,0.01,=,18000,=,0.05,<,0.05,=,0.7,=,0.56,=,70,<,0.2,=,140,=,27.3,=,60,=,2.4,=,6100,=,0.25,<,0.1,<,0.03,<,0.2,=,3300,<,0.1,<,0.2,=,5200,=,3.03,=,0.01,=,4.89,<,0.5,=,4,<,0.1,<,0.5,<,1,<,1,=,3,<,0.05,=,136,=,67.8,<,20,<,20,=,67.8,<,1,=,167,=,6.93,=,28.1,=,36.1,Ausente,Ausente,82
8,SAPUCAI/GRANDE,IGARAPAVA,GU00324P,Guarani,2317407,13/9/2023,<,2,<,0.02,=,0.38,=,57.9,<,0.5,<,2,<,0.01,=,17620,=,0.05,<,0.05,=,0.85,=,0.53,=,70.3,<,0.2,=,138,<,2,=,60.1,=,2.45,=,6376,<,0.1,<,0.1,<,0.03,<,0.2,=,3470,<,0.1,<,0.2,=,5471,<,0.3,=,0.01,=,4.86,=,1.4,=,3,<,0.1,<,0.5,<,0.5,<,0.5,=,2,=,0.1,=,100,=,77,=,0,=,0,,NA,=,1.3,=,169,=,7.03,=,28.6,=,37.5,Ausente,Ausente,6
8,SAPUCAI/GRANDE,MIGUELOPOLIS,SG00288P,Serra Geral,2306436,28/3/2023,=,22.4,<,0.02,=,0.72,=,5.3,<,0.5,=,11.6,<,0.01,=,4200,=,2.96,<,0.05,=,3.53,=,1.95,=,16.3,<,0.2,=,30,=,26.8,=,19.3,=,1.88,=,1400,=,0.35,<,0.1,=,0.2,<,0.2,=,510,<,0.1,=,0.7,=,48000,=,2.62,=,0.06,=,15.3,=,9.54,=,2,=,0.3,=,2,<,1,<,1,=,2,<,0.05,=,184,=,72,=,35,<,20,=,107,<,1,=,234,=,9.18,=,30.6,=,35.9,Ausente,Ausente,810
8,SAPUCAI/GRANDE,MIGUELOPOLIS,SG00288P,Serra Geral,2317414,13/9/2023,=,20.6,<,0.02,=,0.91,<,1,<,0.5,=,14.4,<,0.01,=,2207,=,0.08,<,0.05,=,0.45,=,2.4,=,8.15,<,0.2,=,17.1,<,2,=,13.5,=,2.67,=,640,<,0.1,<,0.1,=,0.24,<,0.2,=,389,<,0.1,=,0.82,=,56440,<,0.3,=,0.04,=,18,=,0.59,<,1,=,0.3,=,2,<,0.5,<,0.5,=,0.6,<,0.05,=,170,=,68.7,=,0,=,0,,NA,=,1.1,=,241,=,9.58,=,30.5,=,35,Ausente,Ausente,1
8,SAPUCAI/GRANDE,NUPORANGA,SG00213P,Serra Geral,2305444,14/3/2023,=,14.6,=,0.02,<,0.2,=,43,=,0.5,=,2.13,=,0.01,=,13000,<,0.05,=,0.05,=,0.97,=,1.08,=,46.5,<,0.2,=,150,<,2,=,219,=,1.37,=,3400,=,0.23,<,0.1,<,0.03,<,0.2,=,3200,<,0.1,<,0.2,=,3100,<,0.3,<,0.005,=,6.37,=,1.25,=,4,=,0.1,=,2,<,1,<,1,=,2,<,0.05,<,100,=,41.9,=,0,=,0,,NA,<,1,=,106,=,6.83,=,24.8,=,21.1,Presente,Presente,39
8,SAPUCAI/GRANDE,NUPORANGA,SG00213P,Serra Geral,2318285,19/9/2023,<,2,<,0.02,<,0.2,=,45.2,<,0.5,<,2,<,0.01,=,9827,=,0.09,<,0.05,=,1.92,=,1.6,=,36.3,<,0.2,=,120,=,8.59,=,204,=,1.27,=,2869,=,0.45,<,0.1,<,0.03,<,0.2,=,3019,<,0.1,<,0.2,=,2503,<,0.3,<,0.005,=,4.94,=,6.38,=,1,<,0.1,<,0.5,<,1,<,1,=,1,<,0.05,<,100,=,37.4,=,0,=,0,,NA,=,2.2,=,89,=,6.66,=,27.4,=,35.1,Presente,Ausente,13
8,SAPUCAI/GRANDE,PATROCINIO PAULISTA,GU00266P,Guarani,2304636,6/3/2023,=,11.4,<,0.02,=,1.6,<,1,<,0.5,=,4.98,<,0.01,=,24000,=,0.06,<,0.05,=,0.64,=,0.89,=,69.8,<,0.2,=,180,=,32,<,10,=,1,=,2400,=,0.31,<,0.1,=,0.09,<,0.2,=,4500,<,0.1,<,0.2,=,5200,=,3.34,=,0.03,=,2.74,=,0.7,=,2,=,0.1,=,3,<,1,<,1,=,0.04,<,0.05,<,100,=,0,=,0,=,90.3,,NA,=,12.8,=,173,=,7.92,=,27.4,=,24.5,Ausente,Ausente,1
8,SAPUCAI/GRANDE,PATROCINIO PAULISTA,GU00266P,Guarani,2318004,4/9/2023,<,2,<,0.02,=,1.62,<,1,<,0.5,=,4.7,<,0.01,=,21570,<,0.05,<,0.05,=,0.66,=,0.83,=,65.8,<,0.2,=,175,=,2.04,<,10,=,0.93,=,2880,<,0.1,<,0.1,=,0.11,<,0.2,=,4551,<,0.1,<,0.2,=,6047,<,0.3,=,0.03,=,2.55,<,0.5,<,1,<,0.1,=,0.7,<,1,<,1,=,0.09,<,0.05,<,100,=,93.6,=,0,=,0,,NA,=,1.5,=,177,=,7.89,=,28.4,=,32.4,Ausente,Ausente,1
8,SAPUCAI/GRANDE,PEDREGULHO,GU00096P,Guarani,2305542,23/3/2023,=,7.78,<,0.02,<,0.2,=,88,<,0.5,<,2,<,0.01,=,2600,=,0.34,=,0.08,=,3,<,0.2,=,11.4,<,0.2,=,33,=,30.2,=,13.6,=,0.32,=,1200,=,0.39,<,0.1,<,0.03,=,0.52,=,6400,<,0.1,<,0.2,=,1000,=,3.21,<,0.005,=,0.57,=,9,=,2,=,0.1,=,3,<,0.5,<,0.5,=,0.6,<,0.05,<,100,=,17.7,=,0,=,0,,NA,<,1,=,46,=,6.7,=,25,=,31.4,Presente,Ausente,18
8,SAPUCAI/GRANDE,PEDREGULHO,GU00096P,Guarani,2317367,28/9/2023,<,2,<,0.02,<,0.2,=,80.2,<,0.5,<,2,<,0.01,=,2232,=,0.38,=,0.06,=,3.97,<,0.2,=,10.3,<,0.2,=,29.5,=,4.76,=,21.7,=,0.33,=,1154,=,0.11,<,0.1,<,0.03,=,0.47,=,6681,<,0.1,<,0.2,=,996,<,0.3,<,0.005,=,0.41,=,9.6,<,1,<,0.1,=,6,<,1,<,1,=,0.6,<,0.05,<,100,=,16,=,0,=,0,,NA,<,1,=,46,=,6.67,=,26.4,=,32.3,Presente,Ausente,8
8,SAPUCAI/GRANDE,RIBEIRAO CORRENTE,GU00272P,Guarani,2305539,23/3/2023,=,9.13,<,0.02,=,0.29,=,44,<,0.5,<,2,<,0.01,=,7000,=,0.38,<,0.05,=,2.37,=,0.51,=,27.4,<,0.2,=,72,=,41.6,=,150,=,1.16,=,2400,=,0.63,<,0.1,<,0.03,=,0.76,=,4600,<,0.1,<,0.2,=,5000,=,3.27,=,0.03,=,2.64,=,3.64,=,2,=,0.2,=,3,<,0.5,<,0.5,=,0.1,<,0.05,<,100,=,40.2,=,0,=,0,,NA,<,1,=,80,=,6.57,=,28.7,=,29.5,Ausente,Ausente,1
8,SAPUCAI/GRANDE,RIBEIRAO CORRENTE,GU00272P,Guarani,2317369,28/9/2023,<,2,<,0.02,=,0.3,=,46.3,<,0.5,<,2,<,0.01,=,7025,=,1.73,<,0.05,=,16.6,=,0.48,=,28.3,=,0.81,=,74.4,=,20.1,=,160,=,1.19,=,2628,=,0.34,<,0.1,<,0.03,=,1.34,=,4983,<,0.1,<,0.2,=,3751,<,0.3,=,0.03,=,2.49,=,7.49,<,1,=,0.1,=,6,<,1,<,1,=,0.1,<,0.05,<,100,=,41.1,=,0,=,0,,NA,<,1,=,81,=,6.86,=,28.8,=,28.1,Presente,Presente,36
8,SAPUCAI/GRANDE,RIFAINA,PC00358P,Pré-Cambriano/Cristalino,2305544,23/3/2023,=,6.9,<,0.02,=,1.08,=,16,<,0.5,=,4.07,<,0.01,=,33000,<,0.05,<,0.05,<,0.2,=,0.3,=,97.6,<,0.2,=,180,=,23.5,=,62.1,=,3.59,=,3700,=,0.24,<,0.1,<,0.03,<,0.2,=,4500,<,0.1,<,0.2,=,5500,=,2.75,=,0.05,=,2.02,=,1.8,=,2,=,0.1,=,4,<,0.5,<,0.5,=,0.2,<,0.05,=,134,=,114,=,0,=,0,,NA,<,1,=,216,=,7.69,=,26.2,=,30.3,Presente,Ausente,1
8,SAPUCAI/GRANDE,RIFAINA,PC00358P,Pré-Cambriano/Cristalino,2317364,28/9/2023,=,2.04,<,0.02,=,1.11,=,16.1,<,0.5,=,4.08,<,0.01,=,33530,=,0.09,<,0.05,=,1.1,=,0.24,=,100,<,0.2,=,187,=,3.43,=,68.1,=,3.91,=,3988,<,0.1,<,0.1,=,0.03,<,0.2,=,4651,<,0.1,<,0.2,=,5707,<,0.3,=,0.05,=,1.76,=,2.84,<,1,<,0.1,=,5,<,1,<,1,=,0.2,<,0.05,=,196,=,114,=,0,=,0,,NA,<,1,=,219,=,7.67,=,26.8,=,30.9,Presente,Ausente,11
9,MOGI GUAÇU,AGUAS DA PRATA,PC00224P,Pré-Cambriano/Cristalino,2304396,14/3/2023,=,2.7,<,0.02,=,0.52,=,55,<,0.5,<,2,<,0.01,=,10000,<,0.05,<,0.05,=,0.36,=,0.96,=,43.5,<,0.2,=,120,=,4.06,=,199,=,0.64,=,4500,=,0.14,<,0.1,=,3.82,=,0.38,=,2900,<,0.1,<,0.2,=,2600,<,0.3,=,0.01,=,1.59,=,2.22,=,1.2,=,0.2,=,4.8,<,0.1,<,0.5,=,0.38,<,0.02,=,69,=,41,<,3,<,3,,NA,=,2.1,=,102,=,6.6,=,22.8,=,25.4,Ausente,Ausente,1
9,MOGI GUAÇU,AGUAS DA PRATA,PC00224P,Pré-Cambriano/Cristalino,2317828,19/9/2023,<,2,<,0.02,=,0.57,=,56.7,<,0.5,<,2,=,0.01,=,10670,<,0.05,<,0.05,<,0.2,=,1.16,=,48.6,<,0.2,=,138,<,2,=,209,=,0.67,=,5336,<,0.1,<,0.1,=,5.52,=,0.26,=,3219,<,0.1,=,0.21,=,2746,<,0.3,=,0.02,=,1.72,=,1.52,=,1,=,0.21,=,6.2,<,0.5,<,0.5,=,0.5,<,0.02,=,98,=,48,<,3,<,3,,NA,=,1.9,=,116,=,6.6,=,21.9,=,28.2,Ausente,Ausente,68
9,MOGI GUAÇU,AMERICO BRASILIENSE,SG00005P,Serra Geral,2304938,16/3/2023,=,3.77,<,0.02,<,0.2,=,99,<,0.5,=,3.25,<,0.01,=,28000,<,0.05,<,0.05,=,0.52,=,0.79,=,99.1,<,0.2,=,180,=,3.21,=,178,=,2.64,=,7100,<,0.1,<,0.1,<,0.03,<,0.2,=,3800,<,0.1,=,0.67,=,4700,<,0.3,=,0.02,=,7.9,=,4.84,=,8,<,0.1,=,4,<,0.5,<,0.5,=,4,<,0.05,=,158,=,82,=,0,=,0,,NA,<,1,=,219,=,7.04,=,25.6,=,31.2,Presente,Ausente,13
9,MOGI GUAÇU,AMERICO BRASILIENSE,SG00005P,Serra Geral,2317922,18/10/2023,=,2.39,<,0.02,<,0.2,=,95.3,<,0.5,=,3.6,<,0.01,=,27960,=,0.07,<,0.05,=,0.62,=,0.81,=,98.5,<,0.2,=,169,=,3.11,=,177,=,3,=,6977,=,0.1,<,0.1,<,0.03,<,0.2,=,3984,<,0.1,=,1.46,=,5514,<,0.3,=,0.03,=,9.16,=,6.46,=,6,=,0.2,=,1,<,1,<,1,=,5,<,0.05,=,182,=,82.1,=,0,=,0,,NA,<,1,=,220,=,6.92,=,26,=,29.2,Ausente,Ausente,1
9,MOGI GUAÇU,DESCALVADO,GU00296P,Guarani,2305477,21/3/2023,=,4.4,<,0.02,<,0.2,=,45,<,0.5,<,2,<,0.01,=,1600,=,0.18,=,0.62,=,2.65,=,0.78,=,7.54,<,0.2,=,16,<,2,<,10,=,0.34,=,860,=,7.54,<,0.1,<,0.03,=,0.5,=,880,<,0.1,<,0.2,=,780,<,0.3,=,0.02,=,0.41,=,2.86,=,2,<,0.1,=,2,NA,cancelado,<,0.5,=,1,<,0.05,<,100,=,4.4,=,0,=,0,,NA,<,1,=,23,=,5.44,=,23.8,=,27.1,Ausente,Ausente,1
9,MOGI GUAÇU,DESCALVADO,GU00296P,Guarani,2317399,26/9/2023,=,6.17,<,0.02,<,0.2,=,43.2,<,0.5,<,2,<,0.01,=,1483,=,0.12,=,0.6,=,3.17,=,0.62,=,7.19,<,0.2,=,14.4,<,2,<,10,=,0.35,=,847,=,8.6,<,0.1,<,0.03,=,0.55,=,817,<,0.1,<,0.2,=,739,<,0.3,<,0.005,=,0.34,=,3.81,<,1,<,0.1,<,0.5,<,1,<,1,=,0.8,<,0.05,<,100,=,3.14,=,0,=,0,,NA,<,1,=,23,=,5.33,=,23.8,=,32.4,Ausente,Ausente,1
9,MOGI GUAÇU,DESCALVADO,PD00407P,Aquitardo Passa Dois,2305481,21/3/2023,=,2.36,<,0.02,<,0.2,=,6.8,<,0.5,<,2,<,0.01,=,1800,=,1.16,<,0.05,=,19.3,<,0.2,=,5.68,<,0.2,=,24,=,50.6,<,10,=,0.74,=,290,=,2.18,<,0.1,<,0.03,<,0.2,=,320,<,0.1,<,0.2,=,1600,<,0.3,=,0.04,<,0.2,=,14.6,=,2,<,0.1,=,2,NA,cancelado,<,0.5,=,0.3,<,0.05,<,100,=,6.59,=,0,=,0,,NA,<,1,=,19,=,5.82,=,25.3,=,27.5,Ausente,Ausente,3
9,MOGI GUAÇU,DESCALVADO,PD00407P,Aquitardo Passa Dois,2317403,26/9/2023,=,2.52,=,0.02,<,0.2,=,5.77,<,0.5,<,2,<,0.01,=,1419,=,1.66,<,0.05,=,22.7,<,0.2,=,4.73,<,0.2,=,22,=,32.6,<,10,=,0.78,=,289,=,2.56,<,0.1,<,0.03,<,0.2,=,302,<,0.1,<,0.2,=,2163,<,0.3,=,0.03,<,0.2,=,14,<,1,<,0.1,<,0.5,<,1,<,1,=,0.4,<,0.05,<,100,=,6.38,=,0,=,0,,NA,<,1,=,22,=,5.49,=,25.9,=,31.7,Ausente,Ausente,11
9,MOGI GUAÇU,DUMONT,GU00035P,Guarani,2304648,6/3/2023,=,2.58,<,0.02,=,0.55,=,49,<,0.5,<,2,<,0.01,=,27000,<,0.05,<,0.05,=,0.6,=,1.49,=,81,<,0.2,=,72,=,3.41,=,134,=,1.6,=,3300,<,0.1,<,0.1,<,0.03,<,0.2,=,4500,<,0.1,<,0.2,=,2300,<,0.3,<,0.005,=,4.44,=,0.79,=,2,=,0.1,=,2,<,1,<,1,<,0.02,<,0.05,=,108,=,0,=,0,=,84.1,,NA,=,4.1,=,166,=,7.06,=,30.1,=,33,Ausente,Ausente,1
9,MOGI GUAÇU,DUMONT,GU00035P,Guarani,2316794,4/9/2023,<,2,<,0.02,=,0.44,=,25.4,<,0.5,<,2,<,0.01,=,11740,=,0.18,<,0.05,=,3,=,1.02,=,44.3,<,0.2,=,60.9,=,2.91,=,182,=,1.51,=,3635,=,0.15,<,0.1,<,0.03,<,0.2,=,2983,<,0.1,<,0.2,=,2976,<,0.3,<,0.005,=,7.29,=,58.8,<,1,<,0.1,<,0.5,<,1,<,1,=,0.06,<,0.05,<,100,=,59.5,<,20,<,20,=,59.5,=,2,=,112,=,6.63,=,31.1,=,35.1,Ausente,Ausente,28
9,MOGI GUAÇU,GUARIBA,GU00045P,Guarani,2304640,6/3/2023,=,3.69,<,0.02,=,1.18,=,3.3,<,0.5,=,4.31,<,0.01,=,22000,<,0.05,<,0.05,=,0.96,=,2.74,=,64.8,<,0.2,=,130,=,2.13,<,10,=,3.04,=,2400,<,0.1,<,0.1,=,0.04,<,0.2,=,2700,<,0.1,=,0.67,=,4800,<,0.3,=,0.02,=,25.1,=,0.57,=,2,=,0.2,=,3,<,1,<,1,=,0.03,<,0.05,<,100,=,0,=,0,=,80.9,,NA,=,3,=,156,=,7.91,=,33.4,=,36.2,Presente,Ausente,18
9,MOGI GUAÇU,GUARIBA,GU00045P,Guarani,2316792,4/9/2023,<,2,<,0.02,=,1.23,=,4.08,<,0.5,=,4.2,<,0.01,=,19960,<,0.05,<,0.05,=,1.22,=,2.77,=,61.6,<,0.2,=,126,<,2,<,10,=,2.89,=,2866,<,0.1,<,0.1,=,0.04,<,0.2,=,2661,<,0.1,=,0.65,=,5690,<,0.3,=,0.03,=,26.4,=,0.57,<,1,<,0.1,<,0.5,<,1,<,1,=,0.06,<,0.05,<,100,=,85.5,<,20,<,20,=,58.5,=,1.9,=,159,=,7.94,=,33.4,=,36.3,Ausente,Ausente,1
9,MOGI GUAÇU,ITAPIRA,PC00328P,Pré-Cambriano/Cristalino,2304431,21/3/2023,=,2,<,0.02,=,0.2,=,56,<,0.5,<,2,<,0.01,=,27000,=,0.55,<,0.05,=,0.29,=,2.59,=,109,<,0.2,=,130,=,34.9,=,23.9,=,7.92,=,10000,=,0.76,<,0.1,=,0.18,=,0.46,=,2400,<,0.1,<,0.2,=,11000,<,0.3,=,0.54,=,2.51,=,4.73,=,11.8,=,0.12,=,1.8,<,0.1,<,0.5,=,7.1,<,0.02,=,222,=,87,<,3,<,3,,NA,=,1.9,=,277,=,6.8,=,23.9,=,28,Ausente,Ausente,2
9,MOGI GUAÇU,ITAPIRA,PC00328P,Pré-Cambriano/Cristalino,2318065,26/9/2023,=,2.82,<,0.02,<,0.2,=,57.5,<,0.5,<,2,<,0.01,=,27970,=,0.14,<,0.05,=,0.29,=,2.03,=,110,<,0.2,=,140,=,16.7,=,19.7,=,7.78,=,9751,=,6.62,<,0.1,=,0.46,=,0.65,=,2205,<,0.1,<,0.2,=,11680,<,0.3,=,0.94,=,2.22,=,7.3,=,10.9,=,0.18,=,5.4,<,0.5,<,0.5,=,5.51,<,0.02,=,211,=,97,<,3,<,3,,NA,<,1,=,281,=,6.9,=,24.8,=,34,Ausente,Ausente,2
9,MOGI GUAÇU,LINDOIA,PC00181P,Pré-Cambriano/Cristalino,2304430,21/3/2023,=,10.9,=,0.07,=,0.55,=,7.7,<,0.5,=,2.77,<,0.01,=,29000,=,4.16,=,0.42,=,0.23,=,0.93,=,92.6,<,0.2,=,180,=,442,=,28.3,=,21.8,=,4900,=,112,<,0.1,=,4.16,=,0.48,=,2700,<,0.1,<,0.2,=,14000,<,0.3,=,4.16,=,0.38,=,68,=,0.8,=,0.1,=,6.8,<,0.1,<,0.5,=,0.13,<,0.02,=,173,=,110,<,3,<,3,,NA,=,2,=,237,=,7.8,=,25.6,=,28.2,Ausente,Ausente,140
9,MOGI GUAÇU,LINDOIA,PC00181P,Pré-Cambriano/Cristalino,2318066,26/9/2023,=,2.63,=,0.05,=,0.52,=,6.9,<,0.5,=,2.68,<,0.01,=,29650,<,0.05,<,0.05,<,0.2,<,0.2,=,95.3,<,0.2,=,182,=,4.33,=,22.4,=,25.8,=,5164,=,2.73,<,0.1,=,5.81,<,0.2,=,2729,<,0.1,<,0.2,=,13710,<,0.3,=,5.64,=,0.33,=,6.15,=,0.8,=,0.08,=,6.8,<,0.5,<,0.5,=,0.17,<,0.02,=,166,=,117,<,3,<,3,,NA,<,1,=,243,=,7.9,=,25.1,=,35.9,Ausente,Ausente,49
9,MOGI GUAÇU,LUIS ANTONIO,GU00063P,Guarani,2304643,6/3/2023,=,2.87,<,0.02,<,0.2,=,27,<,0.5,<,2,<,0.01,=,2000,=,0.06,=,0.4,=,0.89,<,0.2,=,8.53,<,0.2,=,19,<,2,<,10,=,0.45,=,860,=,1.35,<,0.1,<,0.03,=,0.24,=,650,<,0.1,<,0.2,=,1100,<,0.3,<,0.005,=,0.23,=,4.22,=,3,<,0.1,=,3,<,1,<,1,=,1,<,0.05,<,100,=,0,=,0,=,7.14,,NA,=,3,=,32,=,5.55,=,24.7,=,28.5,Presente,Ausente,14
9,MOGI GUAÇU,LUIS ANTONIO,GU00063P,Guarani,2316790,4/9/2023,<,2,<,0.02,<,0.2,=,29.4,<,0.5,<,2,<,0.01,=,1477,<,0.05,=,0.42,=,1.14,<,0.2,=,7.48,<,0.2,=,16.8,<,2,<,10,=,0.44,=,920,=,1.33,<,0.1,<,0.03,<,0.2,=,626,<,0.1,<,0.2,=,1323,<,0.3,<,0.005,=,0.22,=,1.48,<,1,<,0.1,<,0.5,<,1,<,1,=,1,<,0.05,<,100,<,20,<,20,<,20,<,20,=,1.2,=,26,=,5.78,=,25.1,=,31.7,Ausente,Ausente,1
9,MOGI GUAÇU,MOGI GUACU,TU00386P,Tubarão,2304432,21/3/2023,=,2,<,0.02,=,1.04,=,85,<,0.5,=,7.93,<,0.01,=,20000,<,0.05,<,0.05,<,0.2,=,1.81,=,88.2,<,0.2,=,230,=,8.53,=,21.5,=,5.06,=,9300,=,0.21,<,0.1,=,0.14,<,0.2,=,4600,<,0.1,<,0.2,=,14000,<,0.3,=,0.64,=,11.1,=,3.22,=,0.2,=,0.05,=,0.9,<,0.1,<,0.5,=,0.2,<,0.02,=,157,=,122,<,3,<,3,,NA,=,1.3,=,235,=,8,=,26.2,=,26,Ausente,Ausente,1
9,MOGI GUAÇU,MOGI GUACU,TU00386P,Tubarão,2318064,26/9/2023,=,2.63,<,0.02,=,1.2,=,94.2,<,0.5,=,9.34,<,0.01,=,20000,<,0.05,<,0.05,<,0.2,=,1.91,=,88,<,0.2,=,220,=,9.09,=,24.5,=,6.06,=,9240,=,0.24,<,0.1,=,0.21,<,0.2,=,4601,<,0.1,<,0.2,=,14470,<,0.3,=,0.64,=,10.6,=,2.71,<,0.2,=,0.04,=,1.1,<,0.5,<,0.5,=,0.18,<,0.02,=,150,=,121,<,3,<,3,,NA,<,1,=,235,=,8.1,=,26.6,=,28,Ausente,Ausente,120
9,MOGI GUAÇU,MONTE ALTO,BA00072P,Bauru,2304739,9/3/2023,=,22.2,<,0.02,<,0.2,=,100,<,0.5,<,2,<,0.01,=,17000,=,0.09,<,0.05,=,0.28,=,25.1,=,80.7,<,0.2,=,2800,=,46.1,<,10,=,5.49,=,9300,=,0.49,<,0.1,=,0.04,=,0.51,=,1100,<,0.1,<,0.2,=,14000,<,0.3,=,1.39,=,14.1,=,17.8,=,3,=,0.3,=,3,<,0.5,<,0.5,=,0.5,<,0.05,=,130,=,79,<,20,<,20,=,98.7,<,1,=,204,=,8.04,=,24.8,=,25.7,Ausente,Ausente,1
9,MOGI GUAÇU,MONTE ALTO,BA00072P,Bauru,2317630,12/9/2023,=,33.9,<,0.02,<,0.2,=,97.1,<,0.5,<,2,<,0.01,=,16170,=,2.3,<,0.05,=,0.44,=,29.2,=,78.6,<,0.2,=,2723,=,175,<,10,=,5.63,=,9285,=,0.86,<,0.1,=,0.05,=,0.42,=,1045,<,0.1,<,0.2,=,13580,=,0.5,=,1.52,=,15,=,38.4,=,1,=,0.2,<,0.5,<,0.2,<,1,=,0.6,<,0.05,=,134,=,116,=,0,=,0,,NA,=,2.6,=,208,=,8.21,=,24.6,=,30.9,Presente,Ausente,58
9,MOGI GUAÇU,PIRASSUNUNGA,TU00267P,Tubarão,2305484,21/3/2023,=,18,<,0.02,=,1.19,=,9.2,<,0.5,=,741,<,0.01,=,1200,=,0.05,<,0.05,<,0.2,<,0.2,=,3.49,<,0.2,=,29,=,6.66,=,10.3,=,35.3,=,120,<,0.1,=,0.13,=,2.94,<,0.2,=,250,<,0.1,<,0.2,=,67000,<,0.3,=,0.04,<,0.2,=,1.7,=,8,=,2,=,20,NA,cancelado,<,0.5,<,0.02,<,0.05,=,194,=,27.2,=,83.4,=,0,,NA,<,1,=,302,=,9.89,=,31.5,=,34.1,Ausente,Ausente,44
9,MOGI GUAÇU,PIRASSUNUNGA,TU00267P,Tubarão,2317402,26/9/2023,=,17.5,<,0.02,=,0.76,=,7.92,<,0.5,=,761,<,0.01,=,967,<,0.05,<,0.05,<,0.2,<,0.2,=,2.41,<,0.2,=,26.3,<,2,<,10,=,36.5,<,100,<,0.1,=,0.21,=,2.63,<,0.2,=,237,<,0.1,<,0.2,=,63270,<,0.3,=,0.01,<,0.2,<,0.5,=,5,=,2,=,15,<,1,<,1,<,0.02,<,0.05,=,224,=,38.6,=,73.4,=,0,,NA,<,1,=,306,=,9.91,=,31.4,=,39.4,Ausente,Ausente,1
9,MOGI GUAÇU,PITANGUEIRAS,SG00101P,Serra Geral,2316938,11/9/2023,<,2,<,0.02,<,0.2,=,25.8,<,0.5,<,2,<,0.01,=,2752,=,0.37,=,0.07,=,6,=,0.22,=,12.3,<,0.2,=,18.7,=,6.41,<,10,=,0.34,=,1308,=,2.06,<,0.1,<,0.03,=,0.49,=,402,<,0.1,<,0.2,=,4024,<,0.3,<,0.005,=,0.33,=,18.6,=,2,<,0.1,<,0.5,<,0.5,<,0.5,=,2,<,0.05,<,100,<,20,<,20,<,20,<,20,=,3,=,47,=,5.72,=,27.9,=,34.2,Ausente,Ausente,22
9,MOGI GUAÇU,RINCAO,GU00115P,Guarani,2304933,16/3/2023,=,2.22,<,0.02,=,0.39,=,24,<,0.5,<,2,<,0.01,=,9500,=,0.14,<,0.05,=,2.44,=,0.69,=,35.2,<,0.2,=,59,<,2,=,207,=,0.79,=,2800,<,0.1,<,0.1,<,0.03,<,0.2,=,2500,<,0.1,<,0.2,=,2100,<,0.3,<,0.005,=,4.36,=,4.86,=,2,=,0.2,=,3,<,0.5,<,0.5,=,0.3,<,0.05,<,100,=,37.2,=,0,=,0,,NA,<,1,=,77,=,6.64,=,25.1,=,30.7,Presente,Ausente,67
9,MOGI GUAÇU,RINCAO,GU00115P,Guarani,2317911,21/9/2023,<,2,<,0.02,=,0.4,=,22.8,<,0.5,<,2,<,0.01,=,8303,=,0.15,<,0.05,=,2.51,=,0.66,=,31.6,<,0.2,=,52.8,=,2.28,=,184,=,0.88,=,2658,<,0.1,<,0.1,<,0.03,<,0.2,=,2471,<,0.1,<,0.2,=,1936,<,0.3,=,0.006,=,4.73,=,2.54,<,1,=,0.1,<,0.5,<,1,<,1,=,0.3,=,0.4,<,100,=,37.7,=,0,=,0,,NA,<,1,=,79,=,6.52,=,27.2,=,35.2,Presente,Ausente,22
9,MOGI GUAÇU,SANTA LUCIA,GU00122P,Guarani,2304935,16/3/2023,=,3.12,<,0.02,=,0.4,=,12,<,0.5,<,2,<,0.01,=,12000,<,0.05,<,0.05,=,0.37,=,0.75,=,49.8,<,0.2,=,70,=,3.36,=,162,=,1.09,=,4800,<,0.1,<,0.1,<,0.03,<,0.2,=,4100,<,0.1,<,0.2,=,3400,<,0.3,=,0.006,=,6.12,=,0.62,=,2,<,0.1,=,3,<,0.5,<,0.5,=,0.03,<,0.05,<,100,=,55.8,=,0,=,0,,NA,<,1,=,111,=,6.61,=,26.6,=,30.1,Ausente,Ausente,1
9,MOGI GUAÇU,SANTA LUCIA,GU00122P,Guarani,2317916,21/9/2023,<,2,<,0.02,=,0.45,=,11.7,<,0.5,<,2,<,0.01,=,10810,<,0.05,<,0.05,=,0.57,=,0.67,=,45.8,<,0.2,=,64.1,<,2,=,158,=,1.13,=,4570,<,0.1,<,0.1,<,0.03,<,0.2,=,4011,<,0.1,<,0.2,=,3206,<,0.3,=,0.007,=,6.33,<,0.5,<,1,=,0.1,<,0.5,<,1,<,1,=,0.07,=,0.2,<,100,=,56.9,=,0,=,0,,NA,<,1,=,114,=,6.58,=,28,=,34.7,Presente,Ausente,16
9,MOGI GUAÇU,SERTAOZINHO,GU00139P,Guarani,2304664,8/3/2023,=,2.2,<,0.02,=,0.63,=,27,<,0.5,=,2.76,<,0.01,=,28000,<,0.05,<,0.05,=,0.35,=,1.2,=,76.9,<,0.2,=,67,=,7.04,=,35.8,=,1.05,=,1700,<,0.1,<,0.1,=,0.03,<,0.2,=,3500,<,0.1,<,0.2,=,2600,<,0.3,<,0.005,=,3.12,=,13.9,=,2,=,0.1,=,2,<,1,<,1,=,0.2,<,0.05,=,114,=,83.4,<,20,<,20,=,83.4,<,1,=,160,=,7.03,=,26.7,=,36.2,Ausente,Ausente,1
9,MOGI GUAÇU,SERTAOZINHO,GU00139P,Guarani,2316932,11/9/2023,<,2,<,0.02,=,0.65,=,26.1,<,0.5,=,2.31,<,0.01,=,26990,<,0.05,<,0.05,=,0.27,=,1.22,=,74.6,<,0.2,=,64.9,=,2.4,=,38.2,=,1.01,=,1749,<,0.1,<,0.1,=,0.03,<,0.2,=,3457,<,0.1,<,0.2,=,2504,<,0.3,=,0.007,=,3.21,=,7.48,<,1,<,0.1,<,0.5,<,0.5,<,0.5,=,0.2,<,0.05,<,100,=,88.7,<,20,<,20,=,88.7,=,2.7,=,162,=,7.04,=,28.1,=,37.3,Ausente,Ausente,1
10,SOROCABA/MÉDIO TIETE,ALUMINIO,PC00394P,Pré-Cambriano/Cristalino,2306877,12/4/2023,<,2,=,0.03,=,0.47,=,102,<,0.5,=,8,<,0.01,=,38700,=,0.08,=,0.07,=,1.03,<,0.2,=,151,<,0.2,=,214,=,3.18,=,63.2,=,6.15,=,13300,=,3.71,<,0.1,=,0.25,<,0.2,=,1500,<,0.1,<,0.2,=,15400,<,0.3,=,0.32,=,0.82,=,10.1,=,11.4,=,0.13,=,26.9,<,0.1,<,1,=,0.45,<,0.01,=,237,=,138,=,0,=,0,,NA,<,1,=,349,=,7.3,=,21.4,=,25.6,Ausente,Ausente,1
10,SOROCABA/MÉDIO TIETE,ALUMINIO,PC00394P,Pré-Cambriano/Cristalino,2319906,16/10/2023,<,2,<,0.02,=,0.42,=,88.4,<,0.5,=,4.56,<,0.01,=,34260,<,0.05,<,0.05,=,0.32,<,0.2,=,134,<,0.2,=,182,=,8.83,=,55.3,=,6.61,=,11800,=,1.89,<,0.1,=,0.26,<,0.2,=,1443,<,0.1,<,0.2,=,15390,<,0.3,=,0.28,=,0.65,=,10.3,=,9.43,=,0.12,=,24.1,<,0.1,<,1,=,0.42,<,0.01,=,196,=,126,=,0,=,0,,NA,<,1,=,320,=,7.11,=,21.5,=,28.5,Ausente,Ausente,91
10,SOROCABA/MÉDIO TIETE,ANHEMBI,GU00346P,Guarani,2306584,5/4/2023,=,2.79,<,0.02,<,0.2,=,72.1,<,0.5,=,2.1,<,0.01,=,12700,<,0.05,=,0.19,=,0.72,=,0.85,=,36.3,<,0.2,=,40.6,=,34.4,=,194,=,1.27,=,1110,=,15.8,<,0.1,<,0.03,=,0.69,=,2740,<,0.1,<,0.2,=,1560,<,0.3,=,0.01,=,0.79,=,53.6,=,1.43,=,0.12,<,0.5,<,0.1,<,0.5,=,1.13,<,0.01,=,88,=,35.1,=,0,=,0,,NA,<,1,=,88.2,=,5.81,=,22.6,=,27.3,Ausente,Ausente,5
10,SOROCABA/MÉDIO TIETE,ANHEMBI,GU00346P,Guarani,2319768,4/10/2023,=,2.32,<,0.02,<,0.2,=,92.2,<,0.5,<,2,=,0.01,=,14570,<,0.05,=,0.21,=,0.64,=,0.61,=,41.9,<,0.2,=,43.6,=,16.8,=,151,=,1.41,=,1325,=,18.9,<,0.1,<,0.03,=,0.64,=,3000,<,0.1,<,0.2,=,1013,<,0.3,=,0.01,=,0.68,=,58.2,=,2.24,=,0.11,=,0.93,<,0.1,<,0.5,=,1.88,<,0.01,=,78,=,39.6,=,0,=,0,,NA,<,1,=,103.2,=,6.34,=,23,=,29.7,Ausente,Ausente,1
10,SOROCABA/MÉDIO TIETE,BOTUCATU,GU00406P,Guarani,2306588,11/4/2023,=,2.63,<,0.02,<,0.2,=,79,<,0.5,<,2,=,0.01,=,4730,=,0.14,=,0.34,=,2.3,=,1.09,=,20.2,<,0.2,=,33.2,<,2,=,80.9,=,1.05,=,2030,=,3.73,<,0.1,<,0.03,=,1.1,=,4080,<,0.1,<,0.2,=,3400,<,0.3,=,0.01,=,1.23,=,4.3,=,6.02,=,0.085,=,0.95,<,0.1,<,1,=,3.56,<,0.01,=,122,=,9.89,=,0,=,0,,NA,<,1,=,79.4,=,5.9,=,23.7,=,26.3,Ausente,Ausente,1
10,SOROCABA/MÉDIO TIETE,BOTUCATU,GU00406P,Guarani,2319901,9/10/2023,=,3.09,<,0.02,<,0.2,=,87.7,<,0.5,<,2,=,0.01,=,4591,=,0.12,=,0.39,=,1.73,=,1.21,=,20.8,<,0.2,=,33.5,<,2,=,83.2,=,1.38,=,2251,=,5.61,<,0.1,<,0.03,=,1.27,=,4106,<,0.1,<,0.2,=,3763,<,0.3,=,0.02,=,1.28,=,3.17,=,6.71,=,0.075,=,0.78,<,0.1,<,0.5,=,4.09,<,0.01,=,78,=,9.24,=,0,=,0,,NA,<,1,=,80.4,=,6.33,=,23.6,=,25.9,Ausente,Ausente,1
10,SOROCABA/MÉDIO TIETE,CAPELA DO ALTO,TU00400P,Tubarão,2306828,17/4/2023,=,2.7,=,0.03,=,0.63,=,144,<,0.5,=,27.5,<,0.01,=,16300,<,0.05,<,0.05,<,0.2,<,0.2,=,55.3,<,0.2,=,713,=,4.72,=,38.6,=,15.4,=,3540,=,12.8,=,0.17,=,0.72,<,0.2,=,1180,<,0.1,<,0.2,=,92100,<,0.3,=,0.11,<,0.2,=,5.76,=,8.07,=,1.28,=,45.7,<,0.1,<,1,=,0.34,=,0.037,=,309,=,191,=,0,=,0,,NA,<,1,=,490,=,8,=,27.6,=,28,Ausente,Ausente,14
10,SOROCABA/MÉDIO TIETE,CAPELA DO ALTO,TU00400P,Tubarão,2320138,9/10/2023,=,3.33,=,0.02,=,0.63,=,133,<,0.5,=,22.4,<,0.01,=,15570,<,0.05,<,0.05,<,0.2,<,0.2,=,53.7,<,0.2,=,672,=,7.37,=,31.2,=,19.9,=,3596,=,17,=,0.22,=,0.92,<,0.2,=,1120,<,0.1,<,0.2,=,87570,<,0.3,=,0.14,<,0.2,=,5.79,=,8.56,=,1.31,=,48.4,<,0.1,<,0.5,=,0.59,<,0.01,=,304,=,188,=,0,=,0,,NA,<,1,=,478,=,8.02,=,27.7,=,27.1,Ausente,Ausente,8
10,SOROCABA/MÉDIO TIETE,CESARIO LANGE,TU00027P,Tubarão,2306585,5/4/2023,=,4.42,<,0.02,<,0.2,=,32.2,<,0.5,=,169,<,0.01,=,2000,<,0.05,<,0.05,<,0.2,<,0.2,=,6.49,<,0.2,=,164,=,2.62,<,10,=,28.1,=,364,=,1.05,=,0.3,=,7.75,<,0.2,=,794,<,0.1,<,0.2,=,212000,<,0.3,=,0.12,<,0.2,=,1.34,=,18.4,=,1.81,=,105,<,0.1,<,0.5,=,0.096,=,0.015,=,625,=,300,=,36.7,=,0,,NA,<,1,=,992,=,8.84,=,26.8,=,29.4,Ausente,Ausente,10
10,SOROCABA/MÉDIO TIETE,CESARIO LANGE,TU00027P,Tubarão,2319770,4/10/2023,=,4.66,<,0.02,<,0.2,=,33.5,<,0.5,=,179,=,0.01,=,1322,<,0.05,<,0.05,<,0.2,<,0.2,=,4.44,<,0.2,=,166,=,4.26,<,10,=,41.5,=,278,=,1.54,=,0.47,=,12,<,0.2,=,719,<,0.1,<,0.2,=,210100,<,0.3,=,0.16,<,0.2,=,0.53,=,19.1,=,1.88,=,144,<,0.1,<,0.5,=,0.13,=,0.015,=,634,=,336,<,2,=,0,,NA,<,1,=,986,=,9.05,=,26.8,=,30.5,Ausente,Ausente,1
10,SOROCABA/MÉDIO TIETE,IPERO,TU00151P,Tubarão,2306878,12/4/2023,<,2,<,0.02,<,0.2,=,248,<,0.5,=,8.79,<,0.01,=,20900,<,0.05,<,0.05,=,0.35,<,0.2,=,69.6,<,0.2,=,321,=,10.3,<,10,=,5.34,=,4220,=,18.2,<,0.1,=,0.74,<,0.2,=,1490,<,0.1,<,0.2,=,56300,<,0.3,<,0.005,<,0.2,=,5.07,=,6.4,=,0.13,=,27.6,<,0.1,<,1,=,0.11,<,0.01,=,197,=,155,=,0,=,0,,NA,<,1,=,363,=,7.91,=,28.1,=,28.6,Ausente,Ausente,28
10,SOROCABA/MÉDIO TIETE,IPERO,TU00151P,Tubarão,2319905,16/10/2023,<,2,<,0.02,<,0.2,=,238,<,0.5,=,5.55,<,0.01,=,20000,<,0.05,<,0.05,<,0.2,<,0.2,=,67.5,<,0.2,=,313,=,10.2,<,10,=,6.15,=,4275,=,18,<,0.1,=,0.87,<,0.2,=,1461,<,0.1,<,0.2,=,55060,<,0.3,<,0.005,<,0.2,=,2.82,=,5.93,=,0.11,=,25.2,<,0.1,<,1,=,0.093,<,0.01,=,227,=,153,=,0,=,0,,NA,<,1,=,364,=,7.94,=,28.1,=,26.3,Ausente,Ausente,10
10,SOROCABA/MÉDIO TIETE,MAIRINQUE,PC00320P,Pré-Cambriano/Cristalino,2306755,4/4/2023,=,2.68,<,0.02,<,0.2,=,31.6,<,0.5,<,2,<,0.01,=,8460,<,0.05,=,0.09,=,0.37,=,0.5,=,38.8,<,0.2,=,156,<,2,=,51.4,=,3.81,=,4290,=,24.8,<,0.1,<,0.03,=,0.67,=,1570,<,0.1,<,0.2,=,8090,<,0.3,=,0.01,=,0.27,=,5.27,=,2.94,<,1,<,1,<,0.1,<,1,=,3.2,<,0.01,<,100,=,38.3,<,20,<,20,=,38.3,<,1,=,120,=,6,=,22.1,=,24,Ausente,Ausente,4
10,SOROCABA/MÉDIO TIETE,MAIRINQUE,PC00320P,Pré-Cambriano/Cristalino,2320299,17/10/2023,<,2,<,0.02,<,0.2,=,30.4,<,0.5,<,2,<,0.01,=,8209,<,0.05,<,0.05,=,0.25,=,0.47,=,38.9,<,0.2,=,155,<,2,=,43.5,=,4.26,=,4468,=,8.86,<,0.1,<,0.03,=,0.73,=,1547,<,0.1,<,0.2,=,7991,<,0.3,=,0.02,=,0.21,=,2.13,=,2.81,<,1,<,1,<,0.1,<,0.5,=,3.45,<,0.01,<,100,=,42.2,<,20,<,20,=,42.2,<,1,=,19,=,6.1,=,21.3,=,21,Ausente,Ausente,161
10,SOROCABA/MÉDIO TIETE,PIEDADE,PC00098P,Pré-Cambriano/Cristalino,2306826,17/4/2023,<,2,<,0.02,<,0.2,=,4.01,<,0.5,=,4,<,0.01,=,17400,<,0.05,<,0.05,=,0.96,=,0.36,=,87.9,<,0.2,=,44.6,<,2,=,59,=,3.69,=,10800,=,5.87,<,0.1,<,0.03,=,0.25,=,2230,<,0.1,<,0.2,=,4370,<,0.3,=,0.009,<,0.2,=,46.2,=,4.57,=,0.19,=,2,<,0.1,<,1,=,1.48,=,0.011,=,135,=,82.2,=,0,=,0,,NA,<,1,=,191.4,=,6.85,=,21.7,=,21.5,Ausente,Ausente,7
10,SOROCABA/MÉDIO TIETE,PIEDADE,PC00098P,Pré-Cambriano/Cristalino,2320139,9/10/2023,<,2,<,0.02,<,0.2,=,3.56,<,0.5,<,2,<,0.01,=,16240,<,0.05,<,0.05,=,0.64,=,0.34,=,81.9,<,0.2,=,40.6,<,2,=,57,=,4.5,=,10040,=,5.55,<,0.1,<,0.03,<,0.2,=,2050,<,0.1,<,0.2,=,3850,<,0.3,=,0.007,<,0.2,=,14.4,=,4.2,=,1.11,=,1.82,<,0.1,<,0.5,=,1.11,<,0.01,=,114,=,79.1,=,0,=,0,,NA,<,1,=,175.9,=,6.79,=,21.7,=,22.9,Ausente,Ausente,6
10,SOROCABA/MÉDIO TIETE,PIEDADE,PC00099P,Pré-Cambriano/Cristalino,2320136,9/10/2023,<,2,=,0.3,=,12.7,=,96,<,0.5,=,8.09,<,0.01,=,21460,=,0.42,<,0.05,=,0.34,<,0.2,=,77.4,<,0.2,=,335,=,3.93,=,47.3,=,5.81,=,5780,=,0.16,=,0.11,=,4.21,<,0.2,=,1749,<,0.1,<,0.2,=,18140,<,0.3,=,1.91,=,2.59,=,77.9,=,5.4,=,0.86,=,6.6,<,0.1,<,0.5,=,1.39,<,0.01,=,152,=,96.3,=,0,=,0,,NA,<,1,=,231,=,7.66,=,22.6,=,22.8,Ausente,Ausente,1
10,SOROCABA/MÉDIO TIETE,PORTO FELIZ,TU00347P,Tubarão,2306880,12/4/2023,<,2,<,0.02,=,0.5,=,38.1,<,0.5,=,4.54,<,0.01,=,23000,<,0.05,<,0.05,<,0.2,<,0.2,=,90.7,<,0.2,=,173,=,68.8,=,39.5,=,7.97,=,8090,=,148,<,0.1,=,0.69,<,0.2,=,1860,<,0.1,<,0.2,=,23700,<,0.3,=,0.02,<,0.2,=,2.43,=,1.81,=,0.27,=,10.7,<,0.1,<,1,=,0.14,<,0.01,=,207,=,135,=,0,=,0,,NA,<,1,=,274,=,7.54,=,24.1,=,30.1,Ausente,Ausente,66
10,SOROCABA/MÉDIO TIETE,PORTO FELIZ,TU00347P,Tubarão,2319903,16/10/2023,<,2,<,0.02,=,0.56,=,35.8,<,0.5,=,17.3,<,0.01,=,20690,=,0.18,<,0.05,=,1.38,<,0.2,=,81.9,<,0.2,=,180,=,178,=,55.1,=,16.4,=,7337,=,115,<,0.1,=,3.92,<,0.2,=,1790,<,0.1,<,0.2,=,45280,<,0.3,=,0.07,<,0.2,=,2.46,=,3.6,=,0.7,=,24.9,<,0.1,<,1,<,0.05,<,0.01,=,200,=,134,=,0,=,0,,NA,<,1,=,313,,NA,,NA,,NA,Ausente,Ausente,5
10,SOROCABA/MÉDIO TIETE,QUADRA,PD00362P,Aquitardo Passa Dois,2306593,11/4/2023,=,5.96,<,0.02,<,0.2,=,44.8,<,0.5,=,153,<,0.01,=,617,=,0.47,<,0.05,<,0.2,<,0.2,=,1.54,<,0.2,=,31.6,=,2.85,<,10,=,43.2,<,100,=,0.66,=,0.23,=,0.57,<,0.2,=,486,<,0.1,<,0.2,=,173000,<,0.3,=,0.05,<,0.2,=,2.68,=,2.9,=,1.49,=,2.4,<,0.1,<,1,<,0.05,<,0.01,=,457,=,247,=,123,=,0,,NA,<,1,=,726,=,9.55,=,24,,NA,Ausente,Ausente,4
10,SOROCABA/MÉDIO TIETE,QUADRA,PD00362P,Aquitardo Passa Dois,2319900,9/10/2023,=,11.9,<,0.02,<,0.2,=,47.7,<,0.5,=,182,<,0.01,<,500,=,1.1,<,0.05,<,0.2,<,0.2,<,1.3,<,0.2,=,33.5,=,12.3,=,14.6,=,71.2,<,100,=,1.34,=,0.47,=,0.88,<,0.2,=,406,<,0.1,<,0.2,=,172700,<,0.3,=,0.06,<,0.2,=,4.32,=,2.96,=,1.75,=,5,=,0.17,<,0.5,<,0.05,<,0.01,=,444,=,257,=,109,=,0,,NA,<,1,=,767,=,9.71,=,25.3,=,28.3,Ausente,Ausente,190
10,SOROCABA/MÉDIO TIETE,SAO ROQUE,PC00154N,Pré-Cambriano/Cristalino,2306753,23/5/2023,=,5.72,<,0.02,<,0.2,=,59.9,<,0.5,<,2,<,0.01,=,2937,<,0.05,<,0.05,<,0.2,<,0.2,=,12.1,<,0.2,=,74.5,=,5.93,=,50.9,=,1.55,=,1148,=,1.25,<,0.1,<,0.03,=,0.22,=,3018,<,0.1,<,0.2,=,8614,<,0.3,=,0.32,=,0.79,=,0.52,=,1.32,<,1,<,1,<,0.1,=,1.37,=,0.13,<,0.01,<,100,=,24.7,<,20,<,20,=,24.7,<,1,,cancelado,,cancelado,,cancelado,,cancelado,Ausente,Ausente,9
10,SOROCABA/MÉDIO TIETE,SAO ROQUE,PC00155P,Pré-Cambriano/Cristalino,2306756,23/5/2023,=,5.34,<,0.02,<,0.2,=,25.3,<,0.5,=,2.54,<,0.01,=,47080,<,0.05,<,0.05,<,0.2,<,0.2,=,135,<,0.2,=,437,=,13.3,=,60.9,=,5.31,=,4200,=,1.69,<,0.1,=,0.12,=,1.47,=,1968,<,0.1,<,0.2,=,12170,<,0.3,=,2.64,=,2.57,=,0.56,=,2.58,<,1,=,5.52,<,0.1,=,1.61,=,0.79,=,0.01,=,224,=,146,<,20,<,20,=,146,<,1,,cancelado,=,6.89,,cancelado,,cancelado,Ausente,Ausente,161
10,SOROCABA/MÉDIO TIETE,SARAPUI,TU00135P,Tubarão,2306825,17/4/2023,<,2,<,0.02,=,0.28,=,76.3,<,0.5,=,3.92,<,0.01,=,15800,<,0.05,<,0.05,<,0.2,<,0.2,=,48.3,<,0.2,=,284,=,13.8,=,17.7,=,4.99,=,2140,=,8.42,<,0.1,=,0.05,<,0.2,=,2220,<,0.1,<,0.2,=,19900,<,0.3,=,0.009,<,0.2,=,1.18,=,0.52,=,0.066,=,2.43,<,0.1,<,1,=,0.11,<,0.01,=,133,=,85.6,=,0,=,0,,NA,<,1,=,176.9,=,6.97,=,23.1,=,29.5,Ausente,Ausente,1
10,SOROCABA/MÉDIO TIETE,SARAPUI,TU00135P,Tubarão,2320137,9/10/2023,<,2,<,0.02,=,0.28,=,75.6,<,0.5,=,2.92,<,0.01,=,15740,<,0.05,<,0.05,<,0.2,<,0.2,=,48.4,<,0.2,=,284,=,13.2,=,17.3,=,6.62,=,2223,=,10.3,<,0.1,=,0.07,<,0.2,=,2185,<,0.1,<,0.2,=,20620,<,0.3,=,0.01,<,0.2,=,1.06,=,0.64,=,0.082,=,3.49,<,0.1,<,0.5,=,0.13,<,0.01,=,129,=,87.1,=,0,=,0,,NA,<,1,=,175.2,=,7,=,23.2,=,26,Ausente,Ausente,1
10,SOROCABA/MÉDIO TIETE,SOROCABA,PC00408P,Pré-Cambriano/Cristalino,2306879,12/4/2023,<,2,<,0.02,=,0.27,=,28.2,<,0.5,=,3.5,=,0.03,=,11200,<,0.05,<,0.05,=,1.56,<,0.2,=,66.4,<,0.2,=,86.4,=,5.08,=,30.7,=,9.99,=,9330,=,0.2,<,0.1,<,0.03,=,2.18,=,835,<,0.1,<,0.2,=,11100,<,0.3,=,0.009,<,0.2,=,5.2,=,12.1,=,0.11,=,5.03,<,0.1,<,1,=,1.88,<,0.01,=,144,=,65.6,=,0,=,0,,NA,<,1,=,179.4,=,6.14,=,22.6,=,23.9,Ausente,Ausente,9
10,SOROCABA/MÉDIO TIETE,SOROCABA,PC00408P,Pré-Cambriano/Cristalino,2319904,16/10/2023,<,2,<,0.02,=,0.26,=,24.7,<,0.5,<,2,=,0.02,=,9946,<,0.05,<,0.05,=,1.1,<,0.2,=,60.5,<,0.2,=,78.6,=,5.57,=,27.1,=,11,=,8664,=,0.16,<,0.1,<,0.03,=,1.76,=,812,<,0.1,<,0.2,=,11070,<,0.3,=,0.01,<,0.2,=,3.94,=,9.38,=,0.093,=,2.45,<,0.1,<,1,=,1.65,<,0.01,=,103,=,61.2,=,0,=,0,,NA,<,1,=,166.7,=,6.74,=,22.4,=,32,Ausente,Ausente,1
10,SOROCABA/MÉDIO TIETE,SOROCABA,TU00426P,Tubarão,2307599,12/4/2023,<,2,<,0.02,<,0.2,=,115,<,0.5,<,2,=,0.01,=,11700,=,0.43,<,0.05,=,2.14,=,0.34,=,57.4,<,0.2,=,159,=,9.29,=,25,=,8.65,=,6840,=,0.63,<,0.1,<,0.03,=,0.71,=,1490,<,0.1,<,0.2,=,12300,<,0.3,=,0.02,=,0.2,=,9.93,=,24.8,=,0.092,=,1.7,<,0.1,NA,NA,=,1.73,<,0.01,=,125,=,44.9,=,0,=,0,,NA,<,1,=,181.4,=,6.19,=,24.7,=,26.2,Presente,Ausente,12
10,SOROCABA/MÉDIO TIETE,SOROCABA,TU00426P,Tubarão,2319907,16/10/2023,=,8.87,<,0.02,<,0.2,=,84.4,<,0.5,=,6.7,<,0.01,=,9387,=,0.18,<,0.05,=,1.73,=,0.31,=,46.1,<,0.2,=,126,=,62.4,=,31.7,=,9.39,=,5515,=,1.67,<,0.1,=,0.1,=,0.48,=,1240,<,0.1,<,0.2,=,23420,=,0.64,=,0.04,<,0.2,=,1.96,=,25.9,=,0.27,=,2.56,<,0.1,<,1,=,1.58,<,0.01,=,135,=,50.5,=,0,=,0,,NA,<,1,=,92,,NA,,NA,,NA,Presente,Ausente,44
10,SOROCABA/MÉDIO TIETE,TATUI,TU00143P,Tubarão,2306583,5/4/2023,=,6.48,<,0.02,=,0.54,=,13.9,<,0.5,=,21.8,<,0.01,=,1210,<,0.05,<,0.05,=,0.29,<,0.2,=,3.02,<,0.2,=,34,<,2,=,13.5,=,5.4,<,100,=,2.36,<,0.1,=,0.54,<,0.2,=,349,<,0.1,<,0.2,=,90100,<,0.3,=,0.01,<,0.2,=,1.48,=,1.22,=,0.22,=,11.9,<,0.1,<,0.5,=,0.063,<,0.01,=,256,=,166,=,32.7,=,0,,NA,<,1,=,400,=,9.1,=,22.6,,NA,Ausente,Ausente,20
10,SOROCABA/MÉDIO TIETE,TATUI,TU00143P,Tubarão,2319767,4/10/2023,=,5.12,<,0.02,=,0.55,=,13.8,<,0.5,=,19.1,<,0.01,=,551,<,0.05,<,0.05,<,0.2,<,0.2,=,1.38,<,0.2,=,31.7,<,2,=,13.7,=,6.01,<,100,=,2.48,<,0.1,=,0.68,<,0.2,=,277,<,0.1,<,0.2,=,94100,<,0.3,=,0.007,<,0.2,<,0.5,=,1.57,=,0.22,=,13.3,<,0.1,<,0.5,<,0.05,<,0.01,=,248,=,186,=,13.2,=,0,,NA,<,1,=,398,=,9.33,=,22.6,=,31,Ausente,Ausente,1
11,RIBEIRA DE IGUAPE/LITORAL SUL,APIAI,PC00228P,Pré-Cambriano/Cristalino,2306829,25/4/2023,<,2,=,0.02,<,0.2,=,122,<,0.5,=,5.8,<,0.01,=,43600,=,0.18,<,0.05,=,0.31,=,1.62,=,166,<,0.2,=,61,=,2.94,<,10,=,4.42,=,13900,=,0.1,<,0.1,=,0.36,<,0.2,=,2770,<,0.1,<,0.2,=,2810,<,0.3,=,0.65,=,1.2,=,119,=,6.5,=,0.21,=,1.3,<,0.1,<,0.5,=,4.49,=,0.01,=,231,=,145,=,0,=,0,,NA,<,1,=,333,=,7.4,=,20.4,=,22.6,Ausente,Ausente,1
11,RIBEIRA DE IGUAPE/LITORAL SUL,APIAI,PC00228P,Pré-Cambriano/Cristalino,2319762,24/10/2023,<,2,<,0.02,<,0.2,=,122,<,0.5,=,4.01,<,0.01,=,44050,=,0.17,<,0.05,=,0.55,=,1.47,=,169,<,0.2,=,61.3,=,5.36,<,10,=,4.38,=,14350,<,0.1,<,0.1,=,0.31,<,0.2,=,2879,<,0.1,<,0.2,=,2893,<,0.3,=,0.66,=,1.22,=,67.1,=,7.31,=,0.22,=,1.54,<,0.1,<,0.5,=,5.26,<,0.01,=,246,=,142,=,0,=,0,,NA,<,1,=,336,=,7.52,=,20.6,=,29.5,Ausente,Ausente,1
11,RIBEIRA DE IGUAPE/LITORAL SUL,BARRA DO TURVO,PC00329P,Pré-Cambriano/Cristalino,2306811,27/4/2023,=,4.59,<,0.02,<,0.2,=,25.6,<,0.5,=,5.92,<,0.01,=,18000,<,0.05,=,0.11,=,0.47,<,0.2,=,59.5,<,0.2,=,77.9,=,909,=,54.6,=,20.4,=,3540,=,37.1,<,0.1,=,5.63,=,0.27,=,1290,<,0.1,<,0.2,=,12700,<,0.3,=,0.98,=,0.21,=,11.4,=,2.57,=,0.98,=,3.5,<,0.07,<,1,<,0.1,<,0.01,=,142,=,75,=,0,=,0,,NA,<,1,=,166,=,7.23,=,16,=,21,Ausente,Ausente,11
11,RIBEIRA DE IGUAPE/LITORAL SUL,BARRA DO TURVO,PC00329P,Pré-Cambriano/Cristalino,2319276,17/10/2023,=,5.22,<,0.02,<,0.2,=,52.9,<,0.5,=,2.37,<,0.01,=,29120,<,0.05,=,0.27,<,0.2,<,0.2,=,99.1,<,0.2,=,123,=,1149,=,42.7,=,12.7,=,6416,=,91.3,<,0.1,=,2.47,=,0.36,=,1967,<,0.1,<,0.2,=,10640,=,0.43,=,0.79,<,0.2,=,11,=,3.16,=,0.57,=,8.82,<,0.07,<,1,<,0.1,<,0.01,=,220,=,104,=,0,=,0,,NA,<,1,=,227,=,6.92,=,20,=,19,Presente,Ausente,5
11,RIBEIRA DE IGUAPE/LITORAL SUL,CAJATI,PC00237P,Pré-Cambriano/Cristalino,2306815,27/4/2023,=,2.88,<,0.02,<,0.2,=,406,<,0.5,=,6.56,<,0.01,=,2030,=,0.09,<,0.05,<,0.2,=,0.42,=,62.3,<,0.2,=,252,=,8.21,=,39.1,=,0.85,=,13900,=,1.22,<,0.1,=,0.71,<,0.2,=,7440,<,0.1,<,0.2,=,11400,<,0.3,=,0.005,<,0.2,=,1.59,=,4.98,<,0.1,=,4.56,=,0.09,<,1,<,0.1,<,0.01,=,106,=,40.7,=,39.7,=,0,,NA,<,1,=,185,=,9.16,=,20,=,21,Ausente,Ausente,10
11,RIBEIRA DE IGUAPE/LITORAL SUL,CAJATI,PC00237P,Pré-Cambriano/Cristalino,2319277,17/10/2023,<,2,<,0.02,<,0.2,=,384,<,0.5,=,3.13,<,0.01,=,1642,=,0.08,<,0.05,=,0.28,=,0.35,=,58.8,<,0.2,=,246,=,3.45,=,36.6,=,0.75,=,13280,=,0.9,<,0.1,=,0.62,<,0.2,=,7506,<,0.1,<,0.2,=,11360,<,0.3,<,0.005,<,0.2,=,0.78,=,5.21,<,0.1,=,4.62,=,0.08,<,1,<,0.1,=,0.01,=,146,=,60.7,=,18,=,0,,NA,<,1,=,190,=,8.33,=,24,=,25,Ausente,Ausente,5
11,RIBEIRA DE IGUAPE/LITORAL SUL,ELDORADO,PC00243P,Pré-Cambriano/Cristalino,2306809,11/4/2023,=,2.66,<,0.02,=,0.37,=,19.7,<,0.5,=,7.72,<,0.01,=,17300,=,0.2,<,0.05,<,0.2,<,0.2,=,72.6,<,0.2,=,111,=,10.2,=,50.3,=,8.26,=,7150,=,0.92,<,0.1,=,0.16,=,1.2,=,1660,<,0.1,<,0.2,=,15000,<,0.3,=,0.02,<,0.2,=,1.89,=,8.2,=,0.29,=,5.52,<,0.07,<,1,=,0.19,=,0.014,=,104,=,80.9,=,0,=,0,,NA,<,1,=,204,=,6.28,=,22,=,22,Ausente,Ausente,80
11,RIBEIRA DE IGUAPE/LITORAL SUL,ELDORADO,PC00243P,Pré-Cambriano/Cristalino,2319176,25/10/2023,=,3.56,<,0.02,=,0.4,=,19.4,<,0.5,=,7.09,=,0.01,=,17230,=,0.11,<,0.05,<,0.2,<,0.2,=,73.5,<,0.2,=,110,=,25.2,=,52.6,=,11,=,7399,=,0.81,<,0.1,=,0.2,=,1.14,=,1711,<,0.1,<,0.2,=,14900,<,0.3,=,0.02,<,0.2,=,3.51,=,9.02,=,0.29,=,5.98,<,0.07,<,1,=,0.21,<,0.01,=,134,=,81.4,=,0,=,0,,NA,<,1,=,205,=,6.75,=,22,=,25,Ausente,Ausente,3
11,RIBEIRA DE IGUAPE/LITORAL SUL,ITAPIRAPUA PAULISTA,PC00248P,Pré-Cambriano/Cristalino,2306830,25/4/2023,<,2,<,0.02,=,0.24,=,159,<,0.5,=,4.73,<,0.01,=,25700,<,0.05,<,0.05,<,0.2,=,1.13,=,93.1,<,0.2,=,526,<,2,=,48.7,=,3.11,=,7010,=,1.22,<,0.1,=,0.53,<,0.2,=,1800,<,0.1,<,0.2,=,10400,<,0.3,=,0.13,=,2.88,<,0.5,=,1.67,=,0.76,=,6.05,<,0.1,<,0.5,=,0.24,=,0.01,=,161,=,104,=,0,=,0,,NA,<,1,=,219,=,7.01,=,20.6,=,19,Ausente,Ausente,1
11,RIBEIRA DE IGUAPE/LITORAL SUL,ITAPIRAPUA PAULISTA,PC00248P,Pré-Cambriano/Cristalino,2319761,24/10/2023,<,2,<,0.02,=,0.25,=,154,<,0.5,=,3.62,<,0.01,=,25250,<,0.05,<,0.05,<,0.2,=,0.99,=,92.4,<,0.2,=,522,<,2,=,52.1,=,3.22,=,7130,=,1.7,<,0.1,=,0.57,<,0.2,=,1738,<,0.1,<,0.2,=,10350,<,0.3,=,0.15,=,2.92,<,0.5,=,1.78,=,0.79,=,6.54,<,0.1,<,0.5,=,0.28,<,0.01,=,163,=,104,=,0,=,0,,NA,<,1,=,217,=,7.06,=,20.6,=,22.6,Ausente,Ausente,2
11,RIBEIRA DE IGUAPE/LITORAL SUL,MIRACATU,PC00257P,Pré-Cambriano/Cristalino,2306766,4/4/2023,=,5.42,<,0.02,=,1.56,=,46.3,<,0.5,=,54.3,<,0.01,=,11900,=,0.11,=,2.42,<,0.2,<,0.2,=,47.6,<,0.2,=,99.7,=,2440,=,16.2,=,22.7,=,4350,=,212,=,0.2,=,0.19,=,1.73,=,3380,<,0.1,<,0.2,=,31300,<,0.3,=,0.05,<,0.2,=,4.85,=,8.37,=,0.62,=,15.9,<,0.07,<,1,<,0.1,=,0.014,=,104,=,86.8,=,0,=,0,,NA,<,1,=,235,=,6.59,=,21,=,29,Presente,Ausente,1
11,RIBEIRA DE IGUAPE/LITORAL SUL,MIRACATU,PC00257P,Pré-Cambriano/Cristalino,2319795,3/10/2023,=,9.17,<,0.02,=,2.72,=,50.2,<,0.5,=,45.8,<,0.01,=,11040,=,0.1,=,2.36,<,0.2,<,0.2,=,45.2,<,0.2,=,91.7,=,3156,=,32.2,=,26,=,4281,=,220,=,0.19,=,0.27,=,2.38,=,3313,<,0.1,<,0.2,=,27420,<,0.3,=,0.05,<,0.2,=,6.03,=,8.95,=,0.56,=,15.3,=,0.1,<,1,<,0.1,<,0.01,=,138,=,81.2,=,0,=,0,,NA,<,1,=,77.6,=,6.29,=,20,=,21,Ausente,Ausente,21
11,RIBEIRA DE IGUAPE/LITORAL SUL,MIRACATU,PC00374P,Pré-Cambriano/Cristalino,2306767,4/4/2023,=,16.6,<,0.02,<,0.2,=,25.5,<,0.5,=,3.58,=,0.02,=,3460,=,0.14,=,3.52,=,1.62,=,0.25,=,19.1,<,0.2,=,21.4,=,45.7,<,10,=,1.34,=,2540,=,198,=,0.14,<,0.03,=,3.07,=,2880,<,0.1,<,0.2,=,5550,<,0.3,=,0.009,<,0.2,=,15.6,=,6.94,<,0.1,<,1,<,0.07,<,1,=,1.4,=,0.013,<,50,=,15.2,=,0,=,0,,NA,<,1,=,76.9,=,5.41,=,24,=,29,Ausente,Ausente,3
11,RIBEIRA DE IGUAPE/LITORAL SUL,MIRACATU,PC00374P,Pré-Cambriano/Cristalino,2319796,3/10/2023,=,18.2,<,0.02,<,0.2,=,31.2,<,0.5,=,2.57,=,0.02,=,2335,=,0.09,=,2.87,=,1.58,=,0.2,=,16.2,<,0.2,=,18.3,=,41.6,<,10,=,1.54,=,2536,=,164,=,0.15,<,0.03,=,3.26,=,2800,<,0.1,<,0.2,=,5438,<,0.3,=,0.006,<,0.2,=,25.3,=,7.5,<,0.1,=,1.18,<,0.07,<,1,=,1.34,<,0.01,=,50,=,14.6,=,0,=,0,,NA,<,1,=,235,=,5.26,=,23,=,23,Ausente,Ausente,150
11,RIBEIRA DE IGUAPE/LITORAL SUL,PARIQUERA-ACU,PC00373P,Pré-Cambriano/Cristalino,2306813,27/4/2023,=,2.51,<,0.02,=,0.35,=,67.5,<,0.5,=,14.6,<,0.01,=,22700,<,0.05,<,0.05,=,0.79,<,0.2,=,78.6,<,0.2,=,153,=,197,=,69.4,=,14.1,=,5310,=,71.4,<,0.1,=,0.2,<,0.2,=,2470,<,0.1,<,0.2,=,17500,<,0.3,=,0.03,<,0.2,=,0.8,=,7.26,=,0.24,=,5.54,<,0.07,<,1,<,0.1,<,0.01,=,180,=,96.3,=,0,=,0,,NA,<,1,=,227,=,7.43,=,20,=,22,Ausente,Ausente,22
11,RIBEIRA DE IGUAPE/LITORAL SUL,PARIQUERA-ACU,PC00373P,Pré-Cambriano/Cristalino,2319275,17/10/2023,<,2,<,0.02,=,0.31,=,69.1,<,0.5,=,13.5,<,0.01,=,23230,<,0.05,<,0.05,<,0.2,<,0.2,=,80.5,<,0.2,=,158,=,35.5,=,47.2,=,11.9,=,5457,=,60.1,<,0.1,=,0.18,<,0.2,=,2584,<,0.1,<,0.2,=,20330,<,0.3,=,0.05,<,0.2,<,0.5,=,8.44,=,0.3,=,5.1,<,0.07,<,1,<,0.1,<,0.01,=,212,=,104,=,0,=,0,,NA,<,1,=,249,=,7.25,=,24,=,27,Ausente,Ausente,35
11,RIBEIRA DE IGUAPE/LITORAL SUL,REGISTRO,PC00319P,Pré-Cambriano/Cristalino,2306804,11/4/2023,=,76.3,=,0.18,=,0.61,=,107,<,0.5,=,8.88,<,0.01,=,23100,=,20.6,=,0.77,=,4.27,=,1.68,=,87.4,<,0.2,=,879,=,1320,=,40.3,=,4.34,=,7210,=,48.2,<,0.1,=,6.12,=,2.8,=,6690,<,0.1,=,0.6,=,17200,=,7.46,=,1.34,=,1.68,=,123,=,8.13,=,0.39,=,7.11,<,0.07,<,1,=,0.37,=,0.013,=,126,=,103,=,0,=,0,,NA,=,1.33,=,250,=,7.95,=,23,=,24,Presente,Ausente,110
11,RIBEIRA DE IGUAPE/LITORAL SUL,REGISTRO,PC00319P,Pré-Cambriano/Cristalino,2319178,25/10/2023,=,6.15,=,0.05,=,0.61,=,97,<,0.5,=,7.68,=,0.01,=,22890,=,1.3,<,0.05,=,1.38,<,0.2,=,86.2,<,0.2,=,870,=,22,=,15.5,=,5.58,=,7054,=,0.46,<,0.1,=,11.5,=,0.84,=,6482,<,0.1,=,0.82,=,16040,<,0.3,=,2.31,=,1.25,=,60.9,=,9.31,=,0.38,=,6.8,<,0.07,=,1.04,=,0.48,<,0.01,=,162,=,103,=,0,=,0,,NA,<,1,=,257,=,8.03,=,22,=,24,Presente,Ausente,40
11,RIBEIRA DE IGUAPE/LITORAL SUL,SAO LOURENCO DA SERRA,PC00341P,Pré-Cambriano/Cristalino,2307315,27/4/2023,<,2,<,0.02,<,0.2,=,4.67,<,0.5,=,4.5,<,0.01,=,7020,=,0.14,<,0.05,=,0.27,<,0.2,=,25,<,0.2,=,78.7,=,2670,=,202,=,22.6,=,1810,=,147,<,0.1,=,0.15,<,0.2,=,2690,<,0.1,<,0.2,=,11400,<,0.3,<,0.005,<,0.2,=,33.3,=,1.95,<,1,=,9.07,<,0.2,<,0.5,<,0.1,<,0.01,<,100,=,40.5,<,20,<,20,=,40.5,<,1,=,110,=,6.7,=,20.8,=,21.8,Presente,Ausente,13
11,RIBEIRA DE IGUAPE/LITORAL SUL,SAO LOURENCO DA SERRA,PC00341P,Pré-Cambriano/Cristalino,2320304,18/10/2023,<,2,<,0.02,<,0.2,=,4.5,<,0.5,=,3.26,<,0.01,=,6832,=,0.15,<,0.05,=,0.62,<,0.2,=,25,<,0.2,=,77.9,=,2623,=,208,=,23.3,=,1912,=,146,<,0.1,=,0.16,<,0.2,=,2702,<,0.1,<,0.2,=,11470,<,0.3,<,0.005,<,0.2,=,6.09,=,2.16,<,1,=,9.19,<,0.1,<,0.5,<,0.1,<,0.01,=,114,=,32.7,<,20,<,20,=,32.7,<,1,=,110,=,6.6,=,22.7,=,21.6,Ausente,Ausente,20
11,RIBEIRA DE IGUAPE/LITORAL SUL,SETE BARRAS,PC00352P,Pré-Cambriano/Cristalino,2306806,11/4/2023,=,4.79,=,0.02,=,0.29,=,25.9,<,0.5,=,4.97,<,0.01,=,9730,=,0.19,=,0.16,=,0.75,<,0.2,=,59.6,<,0.2,=,129,=,1720,=,207,=,13.8,=,8580,=,598,<,0.1,=,0.41,=,0.75,=,2010,<,0.1,<,0.2,=,12200,<,0.3,<,0.005,<,0.2,=,179,=,3.22,=,0.22,=,5.75,<,0.07,=,1.21,=,0.52,=,0.01,=,94,=,71.6,=,0,=,0,,NA,<,1,=,169,=,6.69,=,22,=,23,Ausente,Ausente,61
11,RIBEIRA DE IGUAPE/LITORAL SUL,SETE BARRAS,PC00352P,Pré-Cambriano/Cristalino,2319177,25/10/2023,=,3.19,<,0.02,=,0.35,=,16.3,<,0.5,=,3.95,<,0.01,=,9047,=,0.06,=,0.14,<,0.2,<,0.2,=,58.7,<,0.2,=,121,=,1677,=,249,=,17.9,=,8755,=,564,<,0.1,=,0.56,<,0.2,=,1858,<,0.1,<,0.2,=,12030,<,0.3,<,0.005,<,0.2,=,14.2,=,3.2,=,0.23,=,1.98,<,0.07,<,1,<,0.1,<,0.01,=,94,=,77.4,=,0,=,0,,NA,<,1,=,171,=,7.03,=,22,=,24,Ausente,Ausente,9
12,BAIXO PARDO/GRANDE,BARRETOS,BA00359P,Bauru,2304729,7/3/2023,=,4.6,<,0.02,<,0.2,=,33,<,0.5,<,2,<,0.01,<,500,=,6.36,=,0.46,=,5.31,=,2.22,=,1.85,=,2.69,=,5.6,=,370,<,10,=,0.42,=,450,=,6.51,<,0.1,<,0.03,=,1.74,=,1200,<,0.1,<,0.2,=,200,<,0.3,=,0.02,=,0.22,=,15.4,=,2,<,0.1,=,2,<,0.5,=,0.79,=,0.04,<,0.05,<,100,=,4.47,<,2,=,0,,NA,=,1.8,=,10,=,5.31,=,27.1,=,29.7,Presente,Presente,120
12,BAIXO PARDO/GRANDE,BARRETOS,BA00359P,Bauru,2317898,5/9/2023,=,4.03,<,0.02,<,0.2,=,28.8,<,0.5,<,2,<,0.01,<,500,=,0.6,=,0.45,=,6.29,=,2.44,=,1.66,<,0.2,=,4.71,=,84.5,<,10,=,0.38,=,403,=,4.55,<,0.1,<,0.03,=,1.64,=,1103,<,0.1,<,0.2,=,417,<,0.3,=,0.02,=,0.26,=,26.7,<,1,<,0.1,<,0.5,<,0.5,<,0.5,=,0.2,<,0.05,<,100,=,4,=,0,=,0,,NA,=,2,=,12,=,5.44,=,26,=,28.4,Ausente,Ausente,16
12,BAIXO PARDO/GRANDE,BARRETOS,SG00231P,Serra Geral,2304723,7/3/2023,=,2.42,<,0.02,<,0.2,=,330,<,0.5,<,2,<,0.01,=,11000,=,0.22,<,0.05,=,1.35,=,8.11,=,42.3,<,0.2,=,200,<,2,=,26.1,=,0.43,=,3600,<,0.1,<,0.1,<,0.03,=,0.48,=,5600,<,0.1,<,0.2,=,2500,<,0.3,=,0.008,=,1.7,=,10.1,=,4,=,0.2,=,2,<,0.5,<,0.5,=,2,<,0.05,=,102,=,38.6,<,2,=,0,,NA,=,1.5,=,107,=,6.32,=,26.9,=,30.4,Ausente,Ausente,1
12,BAIXO PARDO/GRANDE,BARRETOS,SG00231P,Serra Geral,2317897,5/9/2023,<,2,<,0.02,<,0.2,=,328,=,0.67,<,2,<,0.01,=,10300,=,0.09,<,0.05,=,1.53,=,7.85,=,41.2,<,0.2,=,196,=,4.53,=,26.5,=,0.42,=,3763,=,0.15,<,0.1,<,0.03,=,0.44,=,5693,<,0.1,<,0.2,=,2517,<,0.3,=,0.01,=,1.77,=,3.47,=,2,=,0.1,=,0.6,<,0.5,<,0.5,=,2,<,0.05,<,100,=,45.8,=,0,=,0,,NA,=,2.7,=,102,=,6.24,=,26.1,=,26.9,Ausente,Ausente,66
12,BAIXO PARDO/GRANDE,BEBEDOURO,BA00233P,Bauru,2304569,15/3/2023,=,2.82,<,0.02,<,0.2,=,150,<,0.5,<,2,<,0.01,=,8900,=,0.3,<,0.05,=,4.86,=,16.9,=,30,<,0.2,=,120,=,238,=,202,=,1.35,=,1900,=,0.52,<,0.1,<,0.03,=,0.35,=,4800,<,0.1,<,0.2,=,2900,<,0.3,=,0.008,=,1.32,=,1.83,=,2,=,0.1,=,2,<,0.5,<,0.5,=,1,<,0.05,<,100,=,32.9,<,20,<,20,=,32.9,<,1,=,79,=,6.27,=,25.4,=,30.2,Presente,Ausente,14
12,BAIXO PARDO/GRANDE,BEBEDOURO,BA00233P,Bauru,2317196,20/9/2023,<,2,<,0.02,<,0.2,=,131,<,0.5,<,2,<,0.01,=,9852,=,0.13,<,0.05,=,1.76,=,17.6,=,33.5,<,0.2,=,173,<,2,=,198,=,1.51,=,2171,=,0.11,<,0.1,<,0.03,<,0.2,=,4606,<,0.1,<,0.2,=,4942,<,0.3,=,0.05,=,2.72,=,1.22,<,1,<,0.1,=,7,<,0.5,=,3.16,=,1,<,0.05,<,100,=,45.9,<,20,<,20,=,45.9,<,1,=,99,=,6.59,=,27.4,=,36,Ausente,Ausente,1
12,BAIXO PARDO/GRANDE,COLINA,BA00330P,Bauru,2304566,15/3/2023,=,6.26,<,0.02,<,0.2,=,71,<,0.5,<,2,<,0.01,=,1000,=,0.63,=,1.1,=,7.09,=,4.55,=,6.62,<,0.2,=,28,=,15.5,<,10,=,1,=,1000,=,6.24,<,0.1,<,0.03,=,6.18,=,3900,<,0.1,<,0.2,=,1200,<,0.3,<,0.005,<,0.2,=,7.71,=,1,<,0.1,<,0.5,<,0.5,<,0.5,=,2,<,0.05,<,100,<,20,<,20,<,20,<,20,<,1,=,34,=,5.93,=,27.6,=,31.5,Presente,Presente,86
12,BAIXO PARDO/GRANDE,COLINA,BA00330P,Bauru,2317197,20/9/2023,=,4.16,<,0.02,<,0.2,=,71.5,<,0.5,<,2,<,0.01,=,1137,=,0.31,=,0.89,=,4.24,=,5.77,=,7.47,<,0.2,=,30.6,=,4.39,<,10,=,1.11,=,1125,=,4.38,<,0.1,<,0.03,=,4.7,=,4420,<,0.1,<,0.2,=,1349,<,0.3,=,0.008,=,0.57,=,5.14,<,1,<,0.1,=,6,<,0.5,=,0.59,=,0.9,<,0.05,<,100,<,20,<,20,<,20,<,20,<,1,=,44,=,6,=,27.8,=,37.6,Presente,Ausente,22
12,BAIXO PARDO/GRANDE,COLOMBIA,SG00029P,Serra Geral,2304724,7/3/2023,=,5.69,<,0.02,<,0.2,=,83,<,0.5,=,2.71,<,0.01,=,16000,=,0.07,<,0.05,=,0.68,=,0.4,=,59.4,<,0.2,=,150,=,4.05,=,95.9,=,0.77,=,4700,<,0.1,<,0.1,<,0.03,<,0.2,=,2800,<,0.1,<,0.2,=,3600,<,0.3,=,0.008,=,13.5,=,3.07,=,4,=,0.1,=,2,<,0.5,=,0.68,=,2,<,0.05,=,130,=,55.9,<,2,=,0,,NA,=,2.1,=,129,=,6.99,=,25.1,=,27.3,Ausente,Ausente,1
12,BAIXO PARDO/GRANDE,COLOMBIA,SG00029P,Serra Geral,2317902,5/9/2023,=,4.95,<,0.02,<,0.2,=,83.2,<,0.5,=,2.57,<,0.01,=,15390,<,0.05,<,0.05,=,0.93,=,0.34,=,57.8,<,0.2,=,152,=,3.75,=,88.2,=,0.7,=,4716,=,0.11,<,0.1,<,0.03,<,0.2,=,2825,<,0.1,<,0.2,=,4125,<,0.3,=,0.01,=,13.8,=,38.7,=,2,<,0.1,<,0.5,<,0.5,<,0.5,=,2,<,0.05,=,118,=,59.3,=,0,=,0,,NA,=,3.1,=,14,=,7.44,=,28.7,=,34.4,Ausente,Ausente,58
12,BAIXO PARDO/GRANDE,JABORANDI,SG00331P,Serra Geral,2304568,15/3/2023,=,3.91,<,0.02,<,0.2,=,41,<,0.5,=,5.99,<,0.01,=,9600,<,0.05,<,0.05,=,0.3,=,1.14,=,41.3,<,0.2,=,72,<,2,=,157,=,0.68,=,4200,<,0.1,<,0.1,=,0.03,<,0.2,=,1600,<,0.1,<,0.2,=,7900,<,0.3,<,0.005,=,11.5,<,0.5,=,3,=,0.2,=,3,<,0.5,<,0.5,=,0.4,<,0.05,<,100,=,52.7,<,20,<,20,=,52.7,<,1,=,108,=,6.91,=,25.1,=,29.8,Ausente,Ausente,1
12,BAIXO PARDO/GRANDE,JABORANDI,SG00331P,Serra Geral,2317195,20/9/2023,<,2,<,0.02,<,0.2,=,43.9,<,0.5,<,2,<,0.01,=,9387,=,0.06,<,0.05,=,0.72,=,1.39,=,41.7,<,0.2,=,74.6,<,2,=,187,=,0.57,=,4444,<,0.1,<,0.1,<,0.03,=,0.21,=,1654,<,0.1,<,0.2,=,3942,<,0.3,<,0.005,=,12.3,=,1.51,<,1,<,0.1,=,8,<,0.5,<,0.5,=,0.5,<,0.05,=,106,=,50.1,<,20,<,20,=,50.1,=,2.2,=,97,=,6.56,=,26,=,32.5,Presente,Ausente,24
12,BAIXO PARDO/GRANDE,MORRO AGUDO,SG00075P,Serra Geral,2305443,14/3/2023,=,3.05,=,0.02,=,1.8,<,1,=,0.5,=,75.4,=,0.01,=,2000,<,0.05,=,0.05,<,0.2,=,5.67,=,5.73,<,0.2,=,9.8,<,2,<,10,=,10.3,=,180,<,0.1,<,0.1,=,2.08,<,0.2,=,350,<,0.1,=,2.58,=,100000,<,0.3,=,0.21,=,69.4,<,0.5,=,10,=,0.9,=,63,<,1,<,1,=,0.04,<,0.05,=,282,=,65.8,=,68.7,=,0,,NA,<,1,=,446,=,9.7,=,29.8,=,26.4,Ausente,Ausente,1
12,BAIXO PARDO/GRANDE,MORRO AGUDO,SG00075P,Serra Geral,2318290,19/9/2023,=,12.1,=,0.02,=,1.76,<,1,<,0.5,=,75.2,<,0.01,=,1291,<,0.05,<,0.05,=,0.35,=,5.39,=,3.64,<,0.2,=,8.83,<,2,<,10,=,10.7,=,102,<,0.1,<,0.1,=,2.1,<,0.2,=,349,<,0.1,=,2.57,=,97910,<,0.3,=,0.25,=,66.7,=,0.87,=,8,=,0.8,=,56,<,1,<,1,=,0.06,<,0.05,=,208,=,142,=,0,=,0,,NA,=,1.5,=,461,=,9.6,=,30.2,=,30.1,Presente,Ausente,5
12,BAIXO PARDO/GRANDE,NUPORANGA,SG00212P,Serra Geral,2305442,23/3/2023,=,8.16,<,0.02,<,0.2,=,10,<,0.5,<,2,<,0.01,=,13000,=,0.06,<,0.05,=,0.58,=,0.71,=,42.4,<,0.2,=,81,=,26.5,=,25.1,=,0.6,=,2400,=,0.25,<,0.1,<,0.03,<,0.2,=,1100,<,0.1,=,0.6,=,9000,=,2.92,=,0.1,=,7.37,=,0.56,=,3,=,0.1,=,3,<,1,<,1,=,0.6,<,0.05,<,100,=,59.8,=,0,=,0,,NA,<,1,=,120,=,6.91,=,24.7,=,33.7,Ausente,Ausente,1
12,BAIXO PARDO/GRANDE,NUPORANGA,SG00212P,Serra Geral,2318300,19/9/2023,=,2.22,<,0.02,<,0.2,=,7.68,<,0.5,<,2,<,0.01,=,12860,=,0.09,<,0.05,=,0.94,=,0.61,=,41.4,<,0.2,=,76,<,2,=,31.1,=,0.82,=,2251,<,0.1,<,0.1,<,0.03,<,0.2,=,1078,<,0.1,=,1.24,=,10080,<,0.3,=,0.12,=,7.84,<,0.5,<,1,<,0.1,<,0.5,<,1,<,1,=,0.6,<,0.05,<,100,=,61.3,=,0,=,0,,NA,=,2.4,=,124,=,6.95,=,25.9,=,36.7,Presente,Ausente,83
12,BAIXO PARDO/GRANDE,ORLANDIA,GU00086P,Guarani,2305441,14/3/2023,=,2.68,=,0.02,<,0.2,=,1.7,=,0.5,=,2.36,=,0.01,=,22000,=,0.13,=,0.05,=,2.1,<,0.2,=,75.1,<,0.2,=,120,=,4.54,=,120,=,1.4,=,4900,=,0.27,<,0.1,<,0.03,<,0.2,=,1900,<,0.1,=,0.46,=,11000,<,0.3,=,0.02,=,8.11,=,5.56,=,13,=,0.1,=,3,<,1,<,1,=,7,<,0.05,=,168,=,51.5,=,0,=,0,,NA,<,1,=,197,=,6.66,=,26.3,=,28.8,Ausente,Ausente,1
12,BAIXO PARDO/GRANDE,ORLANDIA,GU00086P,Guarani,2318287,19/9/2023,<,2,<,0.02,<,0.2,=,1.12,<,0.5,=,2.13,<,0.01,=,20350,=,0.07,<,0.05,=,1.11,<,0.2,=,70.4,<,0.2,=,114,=,3.09,=,124,=,1.47,=,4748,=,0.33,<,0.1,<,0.03,<,0.2,=,1894,<,0.1,=,0.44,=,10330,<,0.3,=,0.03,=,7.94,=,13.6,=,11,<,0.1,=,0.6,<,1,<,1,=,7,=,0.1,=,202,=,50.2,=,0,=,0,,NA,=,2,=,205,=,6.66,=,27.9,=,33.5,Ausente,Ausente,1
12,BAIXO PARDO/GRANDE,TERRA ROXA,SG00285P,Serra Geral,2304570,15/3/2023,=,3.67,<,0.02,<,0.2,=,26,<,0.5,<,2,=,0.01,=,19000,=,0.17,<,0.05,=,1.67,=,0.29,=,75.8,<,0.2,=,120,=,3.72,=,104,=,0.43,=,6900,=,0.13,<,0.1,=,0.03,=,0.46,=,1600,<,0.1,<,0.2,=,6500,<,0.3,=,0.02,=,12.1,=,28.9,=,9,=,0.1,=,3,<,0.5,<,0.5,=,4,<,0.05,=,124,=,60.3,<,20,<,20,=,60.3,<,1,=,174,=,6.71,=,25.2,=,28.4,Ausente,Ausente,31
12,BAIXO PARDO/GRANDE,TERRA ROXA,SG00285P,Serra Geral,2317193,20/9/2023,<,2,<,0.02,<,0.2,=,24.9,<,0.5,<,2,<,0.01,=,16820,=,0.06,<,0.05,=,0.67,=,0.31,=,68.9,<,0.2,=,113,<,2,=,115,=,0.44,=,6527,<,0.1,<,0.1,=,0.04,<,0.2,=,1549,<,0.1,<,0.2,=,6468,<,0.3,=,0.03,=,12.7,=,3.79,=,7,<,0.1,=,9,<,0.5,<,0.5,=,5,<,0.05,=,144,=,61.5,<,20,<,20,=,61.5,=,2.6,=,171,=,6.62,=,26,=,32.5,Ausente,Ausente,11
13,TIETE/JACARÉ,AGUDOS,GU00160P,Guarani,2305346,27/3/2023,<,2,<,0.02,<,0.2,=,16,<,0.5,=,2.43,<,0.01,=,13000,<,0.05,<,0.05,<,0.2,=,3.59,=,42,<,0.2,=,750,<,2,<,10,=,3.31,=,2300,<,0.1,<,0.1,<,0.03,<,0.2,=,1500,<,0.1,<,0.2,=,14000,<,0.3,=,0.68,=,9.28,=,0.55,=,0.12,<,0.1,<,0.1,<,0.5,<,0.5,<,0.05,<,0.01,<,100,=,79,<,5,<,5,,NA,=,2.5,=,141,=,8.3,=,26.9,=,26.5,Ausente,Ausente,1
13,TIETE/JACARÉ,AGUDOS,GU00160P,Guarani,2319164,25/9/2023,<,2,<,0.02,=,0.22,=,15.9,<,0.5,=,2.48,<,0.01,=,12540,<,0.05,<,0.05,<,0.2,=,3.79,=,41.3,<,0.2,=,759,<,2,<,10,=,3.4,=,2419,<,0.1,<,0.1,<,0.03,<,0.2,=,1518,<,0.1,<,0.2,=,13670,<,0.3,=,0.74,=,9.76,=,1.58,=,0.1,<,0.1,<,0.1,<,0.5,<,0.5,<,0.05,<,0.01,<,100,=,78,<,5,<,5,,NA,<,1,=,138,=,8.3,=,27.2,=,31.9,Ausente,Ausente,1
13,TIETE/JACARÉ,ARARAQUARA,BA00360P,Bauru,2304932,16/3/2023,=,5.49,<,0.02,<,0.2,=,71,<,0.5,<,2,<,0.01,<,500,=,0.6,=,0.76,=,7.52,=,2.43,=,2.18,<,0.2,=,7.4,=,26.2,<,10,=,0.72,=,530,=,13.9,<,0.1,<,0.03,=,2.61,=,2400,<,0.1,<,0.2,=,5600,<,0.3,=,0.008,<,0.2,=,10.5,=,8,<,0.1,=,3,<,0.5,<,0.5,=,0.6,<,0.05,<,100,=,4.21,=,0,=,0,,NA,<,1,=,42,=,5.24,=,24.9,=,26.9,Presente,Presente,240
13,TIETE/JACARÉ,ARARAQUARA,BA00360P,Bauru,2317913,21/9/2023,=,3.6,<,0.02,<,0.2,=,65,<,0.5,<,2,<,0.01,<,500,=,0.26,=,0.64,=,9.13,=,2.44,=,2.48,=,0.21,=,6.39,=,10.5,<,10,=,0.89,=,602,=,3.49,<,0.1,<,0.03,=,3.02,=,2686,<,0.1,<,0.2,=,1296,<,0.3,<,0.005,<,0.2,=,10.8,=,1,<,0.1,<,0.5,<,1,<,1,=,0.1,=,0.3,<,100,=,8.23,=,0,=,0,,NA,<,1,=,23,=,5.64,=,26.5,=,30.9,Presente,Ausente,180
13,TIETE/JACARÉ,ARARAQUARA,GU00205P,Guarani,2304930,16/3/2023,=,2.15,<,0.02,=,0.6,=,8.3,<,0.5,<,2,<,0.01,=,13000,=,0.08,<,0.05,=,0.53,=,2.48,=,40.7,<,0.2,=,29,<,2,=,525,=,1.51,=,2000,<,0.1,<,0.1,<,0.03,<,0.2,=,4500,<,0.1,<,0.2,=,1000,<,0.3,<,0.005,=,3.89,<,0.5,=,2,=,0.2,=,2,<,0.5,<,0.5,=,0.2,<,0.05,<,100,=,44.2,=,0,=,0,,NA,<,1,=,91,=,7.08,=,28.1,=,34.3,Ausente,Ausente,1
13,TIETE/JACARÉ,ARARAQUARA,GU00205P,Guarani,2317907,21/9/2023,<,2,<,0.02,=,0.66,=,7.97,<,0.5,<,2,<,0.01,=,11890,<,0.05,<,0.05,=,1.01,=,2.27,=,37.6,<,0.2,=,26.4,<,2,=,461,=,1.61,=,1912,<,0.1,<,0.1,<,0.03,<,0.2,=,4374,<,0.1,<,0.2,=,988,<,0.3,<,0.005,=,4.11,=,0.77,<,1,=,0.2,<,0.5,<,1,<,1,=,0.2,<,0.05,<,100,=,44.3,=,0,=,0,,NA,<,1,=,92,=,6.63,=,30.2,=,33.3,Ausente,Ausente,9
13,TIETE/JACARÉ,AREALVA,GU00229P,Guarani,2304426,6/3/2023,=,28.2,=,0.02,=,0.84,<,1,<,0.5,=,28.2,<,0.01,=,690,<,0.05,<,0.05,=,0.38,=,12.1,=,1.72,<,0.2,=,9.5,<,2,<,10,=,7.99,<,100,<,0.1,<,0.1,=,0.08,<,0.2,=,250,<,0.1,=,3.72,=,62000,<,0.3,=,0.6,=,68.6,<,0.5,=,0.88,=,0.14,=,1.94,NA,NA,NA,NA,=,0.12,<,0.01,=,219,=,91,=,77,<,5,,NA,=,4.4,=,331,=,9.6,=,31.3,=,25.7,Ausente,Ausente,6
13,TIETE/JACARÉ,AREALVA,GU00229P,Guarani,2316586,4/9/2023,=,26.2,=,0.03,=,0.84,<,1,<,0.5,=,24.4,<,0.01,=,638,<,0.05,<,0.05,=,0.38,=,9.55,=,1.59,<,0.2,=,8.92,<,2,<,10,=,7.07,<,100,<,0.1,<,0.1,=,0.09,<,0.2,=,218,<,0.1,=,3.38,=,68130,<,0.3,=,0.51,=,58.8,<,0.5,=,0.91,=,0.14,=,1.94,NA,NA,<,0.5,=,0.11,<,0.01,=,222,=,96,=,82,=,96,,NA,=,1.3,=,326,=,9.6,=,30.9,=,25.9,Ausente,Ausente,1
13,TIETE/JACARÉ,BAURU,BA00385P,Bauru,2304424,6/3/2023,=,8.84,<,0.02,=,0.2,=,95,<,0.5,<,2,=,0.03,=,6100,=,0.27,=,0.88,=,7.44,=,2.01,=,19.7,<,0.2,=,83,=,37.3,<,10,=,1.18,=,1100,=,45.4,<,0.1,<,0.03,=,2.46,=,1500,<,0.1,<,0.2,=,6900,<,0.3,=,0.08,<,0.2,=,14.9,=,6.11,<,0.1,<,0.1,<,0.5,NA,NA,=,5.76,<,0.01,=,108,=,8,<,5,<,5,,NA,=,2.8,=,92,=,5.5,=,25.8,=,27,Presente,Ausente,110
13,TIETE/JACARÉ,BAURU,BA00385P,Bauru,2316589,4/9/2023,=,5.54,<,0.02,<,0.2,=,71.5,<,0.5,<,2,=,0.02,=,3359,=,0.47,=,1.02,=,10.8,=,1.12,=,11.6,<,0.2,=,45.3,=,14.7,<,10,=,0.86,=,790,=,34.6,<,0.1,<,0.03,=,1.85,=,1152,<,0.1,<,0.2,=,5416,<,0.3,=,0.06,<,0.2,=,16,=,4.69,<,0.1,<,0.1,<,0.5,<,0.5,=,3.15,<,0.01,<,100,=,8,<,5,<,5,,NA,=,1.5,=,61,=,5.5,=,31.8,=,29,Presente,Ausente,24
13,TIETE/JACARÉ,BAURU,GU00013P,Guarani,2304425,6/3/2023,=,4.76,<,0.02,=,0.2,=,20,<,0.5,=,4.3,<,0.01,=,3300,<,0.05,<,0.05,=,0.24,=,6.43,=,8.9,<,0.2,=,560,<,2,<,10,=,4.86,=,160,<,0.1,<,0.1,<,0.03,<,0.2,=,790,<,0.1,=,0.45,=,22000,<,0.3,=,0.34,=,2.27,=,1.81,=,0.21,<,0.1,=,0.29,NA,NA,NA,NA,=,0.08,<,0.01,=,112,=,59,=,11,<,5,,NA,=,4.5,=,127,=,9.1,=,25.7,=,27.4,Presente,Ausente,9
13,TIETE/JACARÉ,BAURU,GU00013P,Guarani,2316588,4/9/2023,=,2.56,<,0.02,<,0.2,=,21.9,<,0.5,=,3.46,<,0.01,=,2688,<,0.05,<,0.05,=,0.28,=,5.13,=,7.39,<,0.2,=,541,<,2,<,10,=,4.19,=,164,<,0.1,<,0.1,<,0.03,<,0.2,=,749,<,0.1,=,0.44,=,24590,<,0.3,=,0.26,=,1.98,<,0.5,=,0.21,<,0.1,=,0.27,NA,NA,<,0.5,=,0.07,<,0.01,<,100,=,59,=,13,<,5,,NA,<,1,=,124,=,9.1,=,26.3,=,31,Ausente,Ausente,1
13,TIETE/JACARÉ,BOCAINA,GU00235P,Guarani,2305961,29/3/2023,=,9.06,<,0.02,=,0.25,=,29,<,0.5,<,2,<,0.01,=,49000,=,0.06,<,0.05,=,0.38,=,0.72,=,148,<,0.2,=,160,=,40.2,=,39.6,=,1.46,=,6300,=,0.37,<,0.1,<,0.03,=,0.91,=,2300,<,0.1,=,0.2,=,4300,=,3.49,=,0.01,=,3.58,=,1.96,=,1,<,0.1,<,0.5,<,1,<,1,=,0.3,<,0.05,=,222,=,142,<,20,<,20,=,142,<,1,=,293,=,7.59,=,29,=,30.2,Ausente,Ausente,120
13,TIETE/JACARÉ,BOCAINA,GU00235P,Guarani,2318479,13/9/2023,<,2,<,0.02,=,0.28,=,28.5,<,0.5,<,2,<,0.01,=,48160,<,0.05,<,0.05,=,1.08,=,0.73,=,147,<,0.2,=,158,=,4.8,=,41.7,=,1.49,=,6461,<,0.1,<,0.1,<,0.03,=,0.36,=,2426,<,0.1,=,0.27,=,4487,<,0.3,=,0.01,=,3.53,=,2.4,=,2,=,0.1,=,0.6,<,0.5,<,0.5,=,0.3,<,0.05,=,216,=,161,=,0,=,0,,NA,=,2.6,=,297,=,7.63,=,29.2,=,36.1,Ausente,Ausente,37
13,TIETE/JACARÉ,BORACEIA,SG00015P,Serra Geral,2305347,27/3/2023,<,2,<,0.02,<,0.2,=,1.8,<,0.5,=,9.41,<,0.01,=,11000,=,0.09,<,0.05,=,0.37,=,6.04,=,30.5,<,0.2,=,200,<,2,<,10,=,7.85,=,720,<,0.1,<,0.1,<,0.03,<,0.2,=,1200,<,0.1,=,1.77,=,30000,<,0.3,=,0.63,=,3.15,=,1.61,=,2.18,<,0.1,=,1.64,NA,NA,<,0.5,=,2.16,<,0.01,=,139,=,106,<,5,<,5,,NA,<,1,=,238,=,8.4,=,27.1,=,30,Presente,Ausente,21
13,TIETE/JACARÉ,BORACEIA,SG00015P,Serra Geral,2319166,25/9/2023,<,2,<,0.02,<,0.2,=,1.15,<,0.5,=,9.67,<,0.01,=,11080,<,0.05,<,0.05,=,0.28,=,6.75,=,30.7,<,0.2,=,186,<,2,<,10,=,8,=,724,<,0.1,<,0.1,<,0.03,<,0.2,=,1225,<,0.1,=,2.13,=,29920,<,0.3,=,0.6,=,3.04,=,2.21,=,0.59,<,0.1,=,1.2,NA,NA,<,0.5,=,0.28,<,0.01,=,124,=,100,<,5,<,5,,NA,<,1,=,183,=,8.3,=,28.9,=,38.9,Presente,Ausente,3
13,TIETE/JACARÉ,DOIS CORREGOS,GU00032P,Guarani,2305958,4/4/2023,<,2,<,0.02,<,0.2,=,39.4,<,0.5,<,2,<,0.01,=,3440,=,0.12,<,0.05,=,1.96,=,1.82,=,14.7,<,0.2,=,18.4,<,2,=,26,=,0.91,=,1490,<,0.1,<,0.1,<,0.03,<,0.2,=,4280,<,0.1,<,0.2,=,1050,<,0.3,=,0.02,=,2.03,<,0.5,<,1,<,0.1,<,0.5,<,1,<,1,=,0.04,<,0.05,<,100,=,23,<,20,<,20,=,23,<,1,=,52,=,6.01,=,29.6,=,32.2,Ausente,Ausente,280
13,TIETE/JACARÉ,DOIS CORREGOS,GU00032P,Guarani,2318486,13/9/2023,<,2,<,0.02,<,0.2,=,42.5,<,0.5,<,2,<,0.01,=,3463,=,0.13,<,0.05,=,1.96,=,1.94,=,15.7,<,0.2,=,19.4,<,2,=,32,=,1.13,=,1722,<,0.1,<,0.1,<,0.03,<,0.2,=,4615,<,0.1,<,0.2,=,1274,<,0.3,=,0.02,=,2.18,<,0.5,<,1,<,0.1,<,0.5,<,0.5,<,0.5,=,0.04,<,0.05,<,100,=,25.7,=,0,=,0,,NA,=,3.1,=,48,=,6.2,=,29.1,=,33.6,Ausente,Ausente,4
13,TIETE/JACARÉ,DOURADO,SG00033P,Serra Geral,2305960,29/3/2023,=,12.8,<,0.02,<,0.2,=,37,<,0.5,<,2,<,0.01,=,13000,=,0.12,<,0.05,=,0.88,=,1.87,=,50.6,<,0.2,=,160,=,33.1,=,180,=,1.7,=,4400,=,0.33,<,0.1,<,0.03,=,0.38,=,1400,<,0.1,<,0.2,=,3000,=,3.74,=,0.008,=,10.9,=,2.91,=,2,<,0.1,<,0.5,<,1,<,1,=,0.8,<,0.05,=,154,=,50.3,<,20,<,20,=,50.3,<,1,=,112,=,6.68,=,24,=,29.3,Ausente,Ausente,8
13,TIETE/JACARÉ,DOURADO,SG00033P,Serra Geral,2318480,13/9/2023,=,8.6,<,0.02,<,0.2,=,35.5,<,0.5,<,2,<,0.01,=,12880,=,0.15,<,0.05,=,1.72,=,2,=,50.5,<,0.2,=,156,=,2.12,=,195,=,1.73,=,4444,<,0.1,<,0.1,<,0.03,<,0.2,=,1522,<,0.1,<,0.2,=,3217,=,0.39,=,0.009,=,11.4,=,0.92,=,1,<,0.1,<,0.5,<,0.5,<,0.5,=,0.9,=,0.1,=,130,=,60,=,0,=,0,,NA,=,3.3,=,112,=,7.07,=,24.7,=,34.7,Ausente,Ausente,1
13,TIETE/JACARÉ,IBATE,GU00048P,Guarani,2304494,9/3/2023,=,2.38,<,0.02,<,0.2,=,100,=,0.5,<,2,<,0.01,=,980,=,0.18,<,0.05,=,2.17,=,2.16,=,7.39,<,0.2,=,18,<,2,=,42.6,=,1.04,=,1200,=,0.11,<,0.1,<,0.03,<,0.2,=,3500,<,0.1,<,0.2,=,460,<,0.3,=,0.01,=,2.27,=,1.71,=,2,=,0.1,=,3,<,0.5,<,0.5,=,0.1,<,0.05,<,100,<,20,<,20,<,20,<,20,<,1,=,28,=,5.78,=,23.4,=,25.9,Ausente,Ausente,1
13,TIETE/JACARÉ,IBATE,GU00048P,Guarani,2316918,12/9/2023,<,2,<,0.02,<,0.2,=,108,<,0.5,<,2,<,0.01,=,842,=,0.12,<,0.05,=,2.04,=,1.86,=,7.91,<,0.2,=,18.8,<,2,=,39.2,=,0.88,=,1410,<,0.1,<,0.1,<,0.03,<,0.2,=,3589,<,0.1,<,0.2,=,545,<,0.3,=,0.01,=,2.05,=,1.17,<,1,<,0.1,=,24,<,0.1,<,1,=,2,=,0.3,<,100,<,20,<,20,<,20,<,20,=,1.9,=,29,=,6.01,=,23.8,=,26.6,Presente,Ausente,8
13,TIETE/JACARÉ,ITIRAPINA,GU00057P,Guarani,2304496,9/3/2023,=,124,<,0.02,<,0.2,=,230,<,0.5,<,2,=,0.04,<,500,=,0.33,=,1.37,=,2.94,=,0.84,=,4.53,<,0.2,=,25,=,2.33,<,10,=,0.66,=,1100,=,54.4,<,0.1,<,0.03,=,2.52,=,2300,<,0.1,<,0.2,=,1900,<,0.3,=,0.12,<,0.2,=,11.8,=,3,<,0.1,=,6,<,0.5,<,0.5,=,2,<,0.05,<,100,<,20,<,20,<,20,<,20,<,1,=,35,=,4.97,=,24.7,=,27.4,Presente,Ausente,280
13,TIETE/JACARÉ,ITIRAPINA,GU00057P,Guarani,2316921,12/9/2023,=,239,<,0.02,<,0.2,=,303,<,0.5,<,2,=,0.04,<,500,=,0.32,=,2.18,=,1.82,=,0.62,=,6.19,<,0.2,=,30.2,<,2,<,10,=,0.63,=,1504,=,68.6,<,0.1,<,0.03,=,2.4,=,2448,<,0.1,=,0.6,=,3014,<,0.3,=,0.15,<,0.2,=,8.22,=,2,<,0.1,<,0.5,<,0.1,NA,NA,=,3,<,0.05,<,100,<,20,<,20,<,20,<,20,=,2.2,=,49,=,4.99,=,26.2,=,31.3,Ausente,Ausente,15
13,TIETE/JACARÉ,ITIRAPINA,GU00292P,Guarani,2304492,9/3/2023,=,2.06,<,0.02,<,0.2,=,71,<,0.5,<,2,<,0.01,<,500,<,0.05,=,0.28,=,0.73,=,1.76,<,1.3,<,0.2,=,10,<,2,<,10,=,0.43,=,280,=,0.36,<,0.1,<,0.03,=,0.63,=,2300,<,0.1,<,0.2,<,200,<,0.3,=,0.02,<,0.2,=,3.75,=,2,<,0.1,=,2,<,0.5,<,0.5,=,0.03,<,0.05,<,100,<,20,<,20,<,20,<,20,<,1,=,12,=,5.45,=,25.1,=,28.5,Ausente,Ausente,1
13,TIETE/JACARÉ,ITIRAPINA,GU00292P,Guarani,2316922,12/9/2023,<,2,<,0.02,<,0.2,=,76.1,<,0.5,<,2,<,0.01,<,500,<,0.05,=,0.31,=,0.88,=,1.49,=,1.34,<,0.2,=,10.2,<,2,<,10,=,0.36,=,325,=,0.26,<,0.1,<,0.03,=,0.46,=,2369,<,0.1,<,0.2,=,202,<,0.3,=,0.02,<,0.2,=,1.85,<,1,<,0.1,<,0.5,<,0.1,<,1,=,0.04,=,0.1,<,100,<,20,<,20,<,20,<,20,=,1.9,=,13,=,5.65,=,25.4,=,30.2,NA,NA,NA
13,TIETE/JACARÉ,JAU,SG00389P,Serra Geral,2305959,29/3/2023,=,6.8,<,0.02,<,0.2,=,3.4,<,0.5,=,4.12,<,0.01,=,27000,=,0.11,<,0.05,=,0.32,=,0.63,=,113,<,0.2,=,170,=,26.6,=,110,=,0.94,=,11000,=,0.33,<,0.1,=,0.05,<,0.2,=,1400,<,0.1,<,0.2,=,10000,=,2.63,=,0.02,=,17.2,=,0.52,=,12,=,0.1,=,3,<,1,<,1,=,4,<,0.05,=,232,=,93,<,20,<,20,=,93,<,1,=,263,=,6.94,=,24.9,=,29.7,Presente,Presente,12
13,TIETE/JACARÉ,JAU,SG00389P,Serra Geral,2318485,13/9/2023,<,2,<,0.02,<,0.2,=,3.05,<,0.5,=,4.06,<,0.01,=,28140,=,0.1,<,0.05,=,0.46,=,0.64,=,119,<,0.2,=,173,=,2.36,=,105,=,1,=,11740,<,0.1,<,0.1,=,0.06,<,0.2,=,1468,<,0.1,<,0.2,=,10820,<,0.3,=,0.03,=,19.2,<,0.5,=,13,=,0.1,=,3,<,0.5,=,0.77,=,5,<,0.05,=,236,=,110,=,0,=,0,,NA,=,2.7,=,281,=,7.02,=,26,=,32.2,Ausente,Ausente,1
13,TIETE/JACARÉ,MACATUBA,GU00064P,Guarani,2305345,27/3/2023,<,2,<,0.02,=,0.22,=,2.6,<,0.5,=,4.65,<,0.01,=,17000,=,0.15,<,0.05,=,0.77,=,4.62,=,60.5,<,0.2,=,220,<,2,=,77,=,2.58,=,4400,<,0.1,<,0.1,<,0.03,<,0.2,=,1600,<,0.1,=,0.71,=,14000,<,0.3,=,0.05,=,15.3,=,30.1,=,0.42,=,0.14,=,0.28,<,0.5,<,0.5,=,0.12,<,0.01,=,123,=,99,<,5,<,5,,NA,=,1.3,=,177,=,7.3,=,25.3,=,27.4,Presente,Ausente,48
13,TIETE/JACARÉ,MACATUBA,GU00064P,Guarani,2319168,25/9/2023,<,2,<,0.02,=,0.26,=,2.11,<,0.5,=,4.67,<,0.01,=,16760,<,0.05,<,0.05,<,0.2,=,4.76,=,60.4,<,0.2,=,218,=,2.5,=,82.1,=,2.65,=,4522,<,0.1,<,0.1,=,0.03,<,0.2,=,1572,<,0.1,=,0.87,=,13950,<,0.3,=,0.06,=,16.1,=,7.07,=,0.43,=,0.14,=,0.28,<,0.5,<,0.5,=,0.13,<,0.01,=,113,=,96,<,5,<,5,,NA,<,1,=,175,=,7.3,=,25.9,=,34.6,Ausente,Ausente,1
13,TIETE/JACARÉ,PEDERNEIRAS,GU00092P,Guarani,2305348,27/3/2023,<,2,<,0.02,<,0.2,=,36,<,0.5,=,4.96,<,0.01,=,19000,=,0.12,<,0.05,=,1.75,=,2.06,=,58.1,<,0.2,=,140,<,2,=,62.2,=,1.46,=,2600,<,0.1,<,0.1,<,0.03,<,0.2,=,2800,<,0.1,=,0.27,=,3100,<,0.3,=,0.01,=,5.85,=,2.6,=,0.24,=,0.15,=,0.26,<,0.5,<,0.5,<,0.05,<,0.01,<,100,=,72,<,5,<,5,,NA,=,2.4,=,132,=,7.2,=,26.8,=,29,Presente,Ausente,10
13,TIETE/JACARÉ,PEDERNEIRAS,GU00092P,Guarani,2319167,25/9/2023,<,2,<,0.02,<,0.2,=,35.3,<,0.5,=,5.22,<,0.01,=,18280,=,0.17,<,0.05,=,1.19,=,2.17,=,56.3,<,0.2,=,140,=,6.5,=,69.3,=,1.46,=,2610,<,0.1,<,0.1,=,0.04,<,0.2,=,2784,<,0.1,=,0.34,=,3182,<,0.3,=,0.01,=,5.98,=,2.45,=,0.23,=,0.16,=,0.19,<,0.5,<,0.5,<,0.05,<,0.01,=,112,=,70,<,5,<,5,,NA,<,1,=,129,=,7.3,=,27.2,=,33.7,Presente,Ausente,6
13,TIETE/JACARÉ,PEDERNEIRAS,GU00287P,Guarani,2305344,27/3/2023,=,18.9,<,0.02,<,0.2,<,1,<,0.5,=,5.61,<,0.01,=,1300,<,0.05,<,0.05,<,0.2,=,7.25,=,3.25,<,0.2,=,16,<,2,<,10,=,14.9,<,100,<,0.1,<,0.1,<,0.03,<,0.2,=,200,<,0.1,=,2.5,=,47000,<,0.3,=,0.26,=,9.77,=,0.77,=,0.32,<,0.1,=,0.91,NA,NA,<,0.5,<,0.05,<,0.01,=,132,=,71,=,44,<,5,,NA,<,1,=,215,=,9.4,=,31.5,=,32,Ausente,Ausente,4
13,TIETE/JACARÉ,PEDERNEIRAS,GU00287P,Guarani,2319165,25/9/2023,=,21.5,<,0.02,<,0.2,<,1,<,0.5,=,5.7,<,0.01,=,1157,<,0.05,<,0.05,<,0.2,=,7.02,=,2.89,<,0.2,=,16,<,2,<,10,=,15.6,<,100,<,0.1,<,0.1,<,0.03,<,0.2,<,200,<,0.1,=,2.74,=,46550,<,0.3,=,0.27,=,9.66,=,1.56,=,0.31,<,0.1,=,0.94,NA,NA,<,0.5,<,0.05,<,0.01,=,143,=,71,=,41,<,5,,NA,<,1,=,210,=,9.5,=,31.8,=,40.2,Ausente,Ausente,1
13,TIETE/JACARÉ,RIBEIRAO BONITO,GU00111P,Guarani,2304489,9/3/2023,=,24,<,0.02,<,0.2,=,600,<,0.5,=,4.96,=,0.03,=,3200,=,0.25,=,1.26,=,3.32,=,0.64,=,19.1,<,0.2,=,85,=,31.7,<,10,=,1.08,=,2700,=,29.4,<,0.1,<,0.03,=,2.09,=,6400,<,0.1,<,0.2,=,3100,=,3.91,=,0.05,=,0.89,=,7.71,=,7,<,0.1,=,3,<,0.5,<,0.5,=,7,<,0.05,<,100,<,20,<,20,<,20,<,20,<,1,=,90,=,5.62,=,25.3,=,30,Presente,Ausente,24
13,TIETE/JACARÉ,RIBEIRAO BONITO,GU00111P,Guarani,2316920,12/9/2023,=,10.6,<,0.02,<,0.2,=,688,<,0.5,=,3.87,=,0.04,=,2835,=,0.21,=,1.5,=,3.5,=,0.45,=,20,<,0.2,=,90.5,<,2,<,10,=,0.92,=,3134,=,26.6,<,0.1,<,0.03,=,1.88,=,6787,<,0.1,<,0.2,=,3962,<,0.3,=,0.05,=,0.49,=,6.43,=,5,<,0.1,<,0.5,<,0.1,<,1,=,6,<,0.05,<,100,<,20,<,20,<,20,<,20,=,2.3,=,97,=,5.37,=,26.1,=,36.6,Ausente,Ausente,6
13,TIETE/JACARÉ,SAO CARLOS,BA00388P,Bauru,2304497,9/3/2023,=,15,<,0.02,<,0.2,=,56,<,0.5,<,2,<,0.01,<,500,=,0.37,=,0.11,=,5.03,=,1.19,=,1.48,<,0.2,=,8.1,=,35.2,<,10,=,0.61,=,360,=,4.35,<,0.1,<,0.03,=,0.61,=,2100,<,0.1,<,0.2,<,200,=,4.94,=,0.01,=,1.77,=,3.74,=,2,<,0.1,=,2,<,0.5,<,0.5,=,0.1,<,0.05,<,100,<,20,<,20,<,20,<,20,<,1,=,13,=,5.28,=,23.8,=,27.8,Ausente,Ausente,1
13,TIETE/JACARÉ,SAO CARLOS,BA00388P,Bauru,2316919,12/9/2023,<,2,<,0.02,<,0.2,=,65.2,<,0.5,<,2,<,0.01,<,500,=,0.29,=,0.12,=,3.8,=,0.97,=,1.79,<,0.2,=,8.7,<,2,<,10,=,0.52,=,435,=,3.4,<,0.1,<,0.03,=,0.42,=,2300,<,0.1,<,0.2,<,200,<,0.3,=,0.01,=,1.29,=,2.38,<,1,<,0.1,<,0.5,<,0.1,NA,NA,=,0.2,=,0.1,<,100,<,20,<,20,<,20,<,20,=,1.9,=,15,=,5.37,=,24.1,=,30.1,Ausente,Ausente,3
13,TIETE/JACARÉ,SAO MANUEL,GU00159P,Guarani,2306590,11/4/2023,<,2,<,0.02,=,0.34,=,1.47,<,0.5,=,2.3,<,0.01,=,25200,<,0.05,<,0.05,=,0.21,=,1.08,=,72.8,<,0.2,=,120,<,2,<,10,=,1.54,=,2400,<,0.1,<,0.1,<,0.03,<,0.2,=,2750,<,0.1,<,0.2,=,2100,<,0.3,=,0.01,=,5.38,=,2.83,=,0.52,=,0.097,=,0.89,<,0.1,<,1,=,0.097,<,0.01,=,135,=,77.5,=,0,=,0,,NA,<,1,=,150.2,=,8.03,=,26.4,=,28.1,Ausente,Ausente,500
13,TIETE/JACARÉ,SAO MANUEL,GU00159P,Guarani,2319902,9/10/2023,<,2,<,0.02,=,0.37,<,1,<,0.5,<,2,<,0.01,=,24360,<,0.05,<,0.05,<,0.2,=,1.24,=,70.8,<,0.2,=,115,<,2,<,10,=,1.96,=,2438,<,0.1,<,0.1,<,0.03,<,0.2,=,2692,<,0.1,<,0.2,=,2090,<,0.3,=,0.02,=,5.67,=,1.73,=,0.41,=,0.088,=,0.68,<,0.1,<,0.5,=,0.092,<,0.01,=,109,=,75.6,=,0,=,0,,NA,<,1,=,149.3,=,8.29,=,26.5,=,26.9,Ausente,Ausente,1
14,ALTO PARANAPANEMA,ANGATUBA,PD00423P,Aquitardo Passa Dois,2306873,18/4/2023,<,2,<,0.02,=,5.02,=,25,<,0.5,=,5.58,<,0.01,=,9270,<,0.05,<,0.05,<,0.2,<,0.2,=,26.3,<,0.2,=,401,=,3.09,<,10,=,7.28,=,771,=,8.96,<,0.1,=,0.07,<,0.2,=,1060,<,0.1,<,0.2,=,32100,<,0.3,<,0.005,<,0.2,=,1.21,=,0.42,=,0.064,=,4.68,<,0.1,=,1.59,<,0.05,<,0.01,=,119,=,87.7,=,0,=,0,,NA,<,1,=,178.1,=,8.17,=,24.4,=,25.8,Ausente,Ausente,1
14,ALTO PARANAPANEMA,ANGATUBA,PD00423P,Aquitardo Passa Dois,2319911,17/10/2023,<,2,<,0.02,=,4.64,=,23.5,<,0.5,=,2.91,<,0.01,=,8609,<,0.05,<,0.05,<,0.2,<,0.2,=,24.6,<,0.2,=,380,=,3.25,<,10,=,8.13,=,759,=,8.92,<,0.1,=,0.08,<,0.2,=,1049,<,0.1,<,0.2,=,30930,<,0.3,<,0.005,<,0.2,=,1.09,=,0.54,=,0.07,=,5.21,<,0.1,<,1,<,0.05,<,0.01,=,113,=,85,=,0,=,0,,NA,<,1,=,175.9,=,8.13,=,24.5,=,28,Ausente,Ausente,1
14,ALTO PARANAPANEMA,ANGATUBA,TU00314P,Tubarão,2306875,18/4/2023,=,4.45,<,0.02,=,5.69,=,12.2,<,0.5,=,6.06,<,0.01,=,4330,<,0.05,<,0.05,<,0.2,<,0.2,=,12.3,<,0.2,=,88,=,2.92,<,10,=,5.1,=,357,=,13.9,<,0.1,=,0.11,<,0.2,=,671,<,0.1,<,0.2,=,38500,<,0.3,<,0.005,<,0.2,<,0.5,=,0.57,=,0.075,=,4.5,<,0.1,<,1,<,0.05,<,0.01,=,115,=,81.7,=,6.44,=,0,,NA,<,1,=,178.3,=,8.87,=,24.1,=,24.4,Ausente,Ausente,9
14,ALTO PARANAPANEMA,ANGATUBA,TU00314P,Tubarão,2319912,17/10/2023,=,3.86,<,0.02,=,5.17,=,11.3,<,0.5,=,3.44,<,0.01,=,3953,<,0.05,<,0.05,<,0.2,<,0.2,=,11.3,<,0.2,=,84.5,=,5.2,<,10,=,5.73,=,339,=,13.9,<,0.1,=,0.11,<,0.2,=,687,<,0.1,<,0.2,=,37470,<,0.3,<,0.005,<,0.2,<,0.5,=,0.71,=,0.081,=,4.94,<,0.1,<,1,<,0.05,<,0.01,=,120,=,81,=,8.48,=,0,,NA,<,1,=,176.4,=,8.8,=,23.9,=,23.6,Ausente,Ausente,6
14,ALTO PARANAPANEMA,BARAO DE ANTONINA,TU00230P,Tubarão,2306608,4/4/2023,=,6.09,<,0.02,<,0.2,=,28.4,<,0.5,=,2.63,=,0.03,=,5990,=,0.33,<,0.05,=,3.34,=,0.38,=,23.1,<,0.2,=,72.9,=,16,=,56.5,=,3.88,=,1970,=,3.55,<,0.1,=,0.14,=,1.94,=,2680,<,0.1,<,0.2,=,10700,<,0.3,=,0.03,=,0.53,=,1.97,=,0.92,=,0.077,=,0.72,<,0.1,<,0.5,=,0.31,<,0.01,=,109,=,45.2,=,0,=,0,,NA,<,1,=,94.9,=,6.17,=,22.4,=,27.6,Ausente,Ausente,20
14,ALTO PARANAPANEMA,BARAO DE ANTONINA,TU00230P,Tubarão,2319461,3/10/2023,<,2,<,0.02,<,0.2,=,25.3,<,0.5,<,2,<,0.01,=,5199,=,0.52,<,0.05,=,5.68,=,0.32,=,20.7,<,0.2,=,66.2,=,28.9,=,50.2,=,4.12,=,1876,=,4.38,<,0.1,=,0.16,=,0.38,=,2570,<,0.1,<,0.2,=,10460,<,0.3,=,0.02,=,0.5,=,1.63,=,1.21,=,0.064,=,1.28,<,0.1,<,0.5,=,0.35,<,0.01,=,113,=,46.3,=,0,=,0,,NA,<,1,=,95.3,=,6.78,=,22.4,=,26.7,Ausente,Ausente,9
14,ALTO PARANAPANEMA,CAMPINA DO MONTE ALEGRE,TU00315P,Tubarão,2306874,18/4/2023,=,12,<,0.02,=,1.78,=,6.4,<,0.5,=,12.7,<,0.01,=,905,<,0.05,<,0.05,<,0.2,<,0.2,=,2.26,<,0.2,=,19.3,<,2,=,11.8,=,6.85,<,100,=,0.35,<,0.1,=,0.18,<,0.2,=,261,<,0.1,<,0.2,=,80800,<,0.3,<,0.005,<,0.2,<,0.5,=,0.68,=,0.12,=,8.85,<,0.1,<,1,<,0.05,=,0.01,=,212,=,111,=,51.7,=,0,,NA,<,1,=,339,=,9.51,=,25.4,=,23.1,Ausente,Ausente,1
14,ALTO PARANAPANEMA,CAMPINA DO MONTE ALEGRE,TU00315P,Tubarão,2319914,17/10/2023,=,13,<,0.02,=,1.74,=,5.84,<,0.5,=,8.52,<,0.01,=,656,<,0.05,<,0.05,<,0.2,<,0.2,=,1.64,<,0.2,=,18.2,<,2,=,10.1,=,7.51,<,100,=,0.31,<,0.1,=,0.22,<,0.2,=,280,<,0.1,<,0.2,=,77310,<,0.3,<,0.005,<,0.2,<,0.5,=,0.82,=,0.13,=,9.79,<,0.1,<,1,<,0.05,<,0.01,=,196,=,105,=,52.2,=,0,,NA,<,1,=,335,=,9.51,=,25.6,=,23.6,Ausente,Ausente,1
14,ALTO PARANAPANEMA,CAPAO BONITO,PC00238P,Pré-Cambriano/Cristalino,2306831,25/4/2023,<,2,<,0.02,<,0.2,=,20.2,<,0.5,=,5.98,<,0.01,=,51600,<,0.05,<,0.05,=,0.71,=,3.3,=,212,<,0.2,=,57.6,<,2,=,12.3,=,1.22,=,20200,=,0.11,<,0.1,<,0.03,=,0.46,=,676,<,0.1,<,0.2,=,5570,<,0.3,=,0.1,=,11.8,=,1.95,=,7.6,=,0.1,=,3.6,<,0.1,<,0.5,=,2.98,=,0.011,=,287,=,200,=,0,=,0,,NA,<,1,=,4.2,=,7.2,=,21.5,=,25,Ausente,Ausente,1
14,ALTO PARANAPANEMA,CAPAO BONITO,PC00238P,Pré-Cambriano/Cristalino,2319763,24/10/2023,=,2.73,<,0.02,<,0.2,=,20.1,<,0.5,=,4.22,<,0.01,=,50910,=,0.08,<,0.05,=,0.35,=,2.91,=,208,<,0.2,=,57.4,=,4.07,=,13.5,=,1.26,=,19680,=,0.12,<,0.1,=,0.04,=,0.81,=,694,<,0.1,<,0.2,=,5952,<,0.3,=,0.18,=,12.8,=,1.24,=,8.04,=,0.14,=,3.91,<,0.1,<,0.5,=,3.06,<,0.01,=,309,=,192,=,0,=,0,,NA,<,1,=,405,=,7.33,=,21.5,=,32.2,Ausente,Ausente,193
14,ALTO PARANAPANEMA,GUAPIARA,PC00318P,Pré-Cambriano/Cristalino,2306582,5/4/2023,<,2,<,0.02,<,0.2,=,40.5,<,0.5,=,4.96,<,0.01,=,67700,<,0.05,<,0.05,=,0.26,=,0.8,=,220,<,0.2,=,222,<,2,=,14.4,=,1.07,=,12500,<,0.1,<,0.1,<,0.03,<,0.2,=,372,<,0.1,<,0.2,=,2030,<,0.3,=,0.6,=,0.38,=,6.96,=,2.37,=,0.17,=,1.19,<,0.1,<,0.5,=,0.66,<,0.01,=,253,=,219,=,0,=,0,,NA,<,1,=,407,=,7.23,=,19.9,=,25,Ausente,Ausente,1
14,ALTO PARANAPANEMA,GUAPIARA,PC00318P,Pré-Cambriano/Cristalino,2319759,4/10/2023,<,2,<,0.02,<,0.2,=,41.8,<,0.5,=,3.17,<,0.01,=,66220,=,0.38,<,0.05,<,0.2,=,0.71,=,216,<,0.2,=,214,=,4.77,=,17,=,1.37,=,12360,<,0.1,<,0.1,<,0.03,<,0.2,=,372,<,0.1,<,0.2,=,2040,<,0.3,=,0.52,=,0.41,=,5.9,=,2.97,=,0.18,=,1.88,<,0.1,<,0.5,=,0.78,<,0.01,=,231,=,222,=,0,=,0,,NA,<,1,=,413,=,7.23,=,19.7,=,19.4,Ausente,Ausente,1
14,ALTO PARANAPANEMA,IPAUSSU,SG00376P,Serra Geral,2305366,10/4/2023,<,2,<,0.02,<,0.2,=,104,<,0.5,<,2,<,0.01,=,1780,=,0.28,=,0.1,=,3.36,=,0.21,=,6.5,<,0.2,=,61.4,<,2,=,60.5,=,1.14,=,500,=,1.48,<,0.1,<,0.03,<,0.2,=,4830,<,0.1,<,0.2,=,3110,<,0.3,=,0.008,=,0.27,=,4.7,=,0.44,<,0.1,<,0.1,<,0.5,<,0.5,=,0.48,<,0.01,<,100,=,16,<,5,<,5,,NA,<,1,=,42,=,6,=,23.8,=,23.8,Ausente,Ausente,1
14,ALTO PARANAPANEMA,IPAUSSU,SG00376P,Serra Geral,2318968,2/10/2023,<,2,<,0.02,<,0.2,=,104,<,0.5,<,2,<,0.01,=,1620,=,0.13,=,0.11,=,2.7,<,0.2,=,6.2,<,0.2,=,60.1,<,2,=,49.9,=,1.34,=,522,=,1.66,<,0.1,<,0.03,<,0.2,=,4931,<,0.1,<,0.2,=,3334,<,0.3,=,0.01,=,0.27,=,5.82,=,0.48,<,0.1,<,0.1,<,0.5,<,0.5,=,0.51,<,0.01,<,100,=,19,<,5,<,5,,NA,<,1,=,41,=,6,=,23.8,=,22.3,Ausente,Ausente,1
14,ALTO PARANAPANEMA,ITABERA,TU00316P,Tubarão,2306609,4/4/2023,=,5.19,<,0.02,<,0.2,=,8.28,<,0.5,<,2,<,0.01,<,500,=,0.45,=,0.18,=,5.17,<,0.2,<,1.3,<,0.2,=,1.78,=,2.52,<,10,=,0.34,=,110,=,2.61,<,0.1,<,0.03,=,0.49,<,200,<,0.1,<,0.2,=,288,<,0.3,=,0.005,<,0.2,=,4.35,<,0.4,=,0.059,<,0.5,<,0.1,<,0.5,=,0.086,<,0.01,<,50,=,0.88,=,0,=,0,,NA,<,1,=,7.3,=,4.9,=,22.8,=,29.4,Ausente,Ausente,2
14,ALTO PARANAPANEMA,ITABERA,TU00316P,Tubarão,2319462,3/10/2023,=,4.8,<,0.02,<,0.2,=,6.42,<,0.5,<,2,<,0.01,<,500,=,0.17,=,0.16,=,1.65,<,0.2,<,1.3,<,0.2,<,1,=,13.3,<,10,=,0.35,<,100,=,4.31,<,0.1,<,0.03,=,0.32,<,200,<,0.1,<,0.2,<,200,<,0.3,=,0.005,<,0.2,=,0.86,=,0.47,<,0.05,<,0.5,<,0.1,<,0.5,=,0.12,<,0.01,<,50,<,2,=,0,=,0,,NA,<,1,=,7.8,=,5.53,=,23.6,=,29.6,Ausente,Ausente,1
14,ALTO PARANAPANEMA,ITAPETININGA,TU00247P,Tubarão,2306876,18/4/2023,=,5.8,<,0.02,=,2.25,=,20.3,<,0.5,=,8.89,<,0.01,=,3190,<,0.05,<,0.05,<,0.2,<,0.2,=,8.7,<,0.2,=,145,<,2,=,11.1,=,3.25,=,178,=,4.39,<,0.1,=,0.19,<,0.2,=,408,<,0.1,<,0.2,=,47300,<,0.3,<,0.005,<,0.2,<,0.5,=,0.66,=,0.082,=,5.29,<,0.1,<,1,<,0.05,<,0.01,=,136,=,91.4,=,12.5,=,0,,NA,<,1,=,216,=,8.9,=,23.5,=,24.4,Ausente,Ausente,1
14,ALTO PARANAPANEMA,ITAPETININGA,TU00247P,Tubarão,2319913,17/10/2023,=,5.55,<,0.02,=,2.08,=,19.6,<,0.5,=,6.2,<,0.01,=,2749,<,0.05,<,0.05,<,0.2,<,0.2,=,7.43,<,0.2,=,146,=,2.19,<,10,=,3.88,=,138,=,7.06,<,0.1,=,0.21,<,0.2,=,386,<,0.1,<,0.2,=,46790,<,0.3,<,0.005,<,0.2,<,0.5,=,0.8,=,0.091,=,5.81,<,0.1,<,1,<,0.05,<,0.01,=,133,=,92,=,11.8,=,0,,NA,<,1,=,209,=,9.06,=,23.4,=,26.4,Ausente,Ausente,1
14,ALTO PARANAPANEMA,ITAPETININGA,TU00419P,Tubarão,2306868,17/4/2023,=,2.62,<,0.02,=,1.19,=,51.4,<,0.5,=,7.48,<,0.01,=,9500,<,0.05,<,0.05,<,0.2,<,0.2,=,24.3,<,0.2,=,173,=,6.56,<,10,=,5.96,=,138,=,15.5,<,0.1,=,0.11,<,0.2,=,1370,<,0.1,<,0.2,=,48900,<,0.3,<,0.005,<,0.2,=,1.78,=,1.07,=,0.081,=,4.06,<,0.1,<,1,<,0.05,<,0.01,=,167,=,125,=,0,=,0,,NA,<,1,=,245,=,8.61,=,24.5,=,29,Ausente,Ausente,1
14,ALTO PARANAPANEMA,ITAPETININGA,TU00419P,Tubarão,2319909,17/10/2023,=,2.13,<,0.02,=,1.08,=,47.8,<,0.5,=,4.26,<,0.01,=,8728,<,0.05,<,0.05,<,0.2,<,0.2,=,22.2,<,0.2,=,163,=,6.61,<,10,=,7.01,=,110,=,14.7,<,0.1,=,0.12,<,0.2,=,1304,<,0.1,<,0.2,=,49220,<,0.3,<,0.005,<,0.2,<,0.5,=,1.2,=,0.086,=,4.38,<,0.1,<,1,<,0.05,<,0.01,=,160,=,115,=,6.5,=,0,,NA,<,1,=,240,=,8.51,=,24.4,=,21.1,Ausente,Ausente,3
14,ALTO PARANAPANEMA,ITAPEVA,TU00317P,Tubarão,2306578,4/4/2023,<,2,<,0.02,=,0.23,=,113,<,0.5,=,3.2,=,0.03,=,6250,=,0.07,=,0.17,=,0.82,<,0.2,=,20.8,<,0.2,=,69.2,=,14,=,26.1,=,4.08,=,1250,=,26.6,<,0.1,=,0.11,=,0.46,=,2710,<,0.1,<,0.2,=,7830,<,0.3,=,0.01,<,0.2,=,5.29,<,0.4,=,0.078,=,1.24,<,0.1,<,0.5,=,0.18,<,0.01,=,88,=,39.4,=,0,=,0,,NA,<,1,=,80.5,=,6.3,=,22.9,=,26.9,Ausente,Ausente,10
14,ALTO PARANAPANEMA,ITAPEVA,TU00317P,Tubarão,2319438,3/10/2023,=,2.36,<,0.02,=,0.23,=,111,<,0.5,<,2,=,0.04,=,5500,=,0.09,=,0.2,=,0.74,<,0.2,=,19,<,0.2,=,63.8,=,205,=,31.6,=,4.69,=,1286,=,32.1,<,0.1,=,0.05,=,0.57,=,2755,<,0.1,<,0.2,=,7975,<,0.3,=,0.01,<,0.2,=,5.59,=,0.6,=,0.068,=,1.7,<,0.1,<,0.5,=,0.22,<,0.01,=,85,=,39,=,0,=,0,,NA,<,1,=,80.9,=,6.32,=,22.9,=,25.7,Ausente,Ausente,1
14,ALTO PARANAPANEMA,ITARARE,FU00397P,Furnas,2306580,4/4/2023,=,10.6,<,0.02,<,0.2,=,5.67,<,0.5,<,2,<,0.01,<,500,=,0.51,=,0.18,=,8.23,<,0.2,<,1.3,<,0.2,=,2.04,=,7.93,<,10,=,0.67,<,100,=,2.84,<,0.1,<,0.03,<,0.2,<,200,<,0.1,<,0.2,=,426,<,0.3,=,0.02,<,0.2,=,3.37,<,0.4,<,0.05,<,0.5,<,0.1,<,0.5,=,0.34,<,0.01,<,50,=,0.12,=,0,=,0,,NA,<,1,=,10.6,=,4.76,=,22.1,=,23.5,Ausente,Ausente,1
14,ALTO PARANAPANEMA,ITARARE,FU00397P,Furnas,2319437,3/10/2023,=,9.46,<,0.02,<,0.2,=,5.88,<,0.5,<,2,<,0.01,<,500,=,0.66,=,0.16,=,10.5,<,0.2,<,1.3,<,0.2,=,1.79,=,10.4,<,10,=,0.77,<,100,=,3.21,<,0.1,<,0.03,=,0.2,<,200,<,0.1,<,0.2,=,520,<,0.3,=,0.01,<,0.2,=,3.85,=,0.47,<,0.05,<,0.5,<,0.1,<,0.5,=,0.4,<,0.01,<,50,<,2,=,0,=,0,,NA,<,1,=,11.1,=,4.88,=,20.2,=,23.2,Ausente,Ausente,1
14,ALTO PARANAPANEMA,ITARARE,TU00249P,Tubarão,2306579,4/4/2023,<,2,<,0.02,=,0.74,=,18.5,<,0.5,=,2.14,<,0.01,=,14800,<,0.05,<,0.05,=,0.41,=,1.12,=,42.1,<,0.2,=,116,<,2,=,15.7,=,2.86,=,1240,<,0.1,<,0.1,=,0.15,<,0.2,=,688,<,0.1,<,0.2,=,8640,<,0.3,=,0.15,=,7.9,=,4.79,<,0.4,=,0.095,=,0.66,<,0.1,<,0.5,=,0.42,<,0.01,=,109,=,57.9,=,0,=,0,,NA,<,1,=,114.6,=,7.93,=,20.5,=,22.2,Ausente,Ausente,4
14,ALTO PARANAPANEMA,ITARARE,TU00249P,Tubarão,2319436,3/10/2023,<,2,<,0.02,=,0.73,=,15.9,<,0.5,<,2,<,0.01,=,13640,<,0.05,<,0.05,<,0.2,=,0.96,=,38.8,<,0.2,=,114,<,2,=,15.5,=,3.38,=,1146,<,0.1,<,0.1,=,0.18,<,0.2,=,810,<,0.1,<,0.2,=,9423,<,0.3,=,0.11,=,7.36,=,2.9,=,0.47,=,0.085,=,1.15,<,0.1,<,0.5,=,0.36,<,0.01,=,108,=,59.4,=,0,=,0,,NA,<,1,=,115.8,=,7.59,=,22,=,19,Ausente,Ausente,1
14,ALTO PARANAPANEMA,PIRAJU,GU00375P,Guarani,2306600,11/4/2023,<,2,<,0.02,<,0.2,=,37.2,<,0.5,<,2,<,0.01,=,1130,=,0.45,<,0.05,=,4.54,=,0.37,=,5.37,<,0.2,=,27.3,=,262,=,50.7,=,0.79,=,619,=,3.86,<,0.1,<,0.03,=,0.36,=,3380,<,0.1,<,0.2,=,1680,<,0.3,<,0.005,=,0.52,=,2.97,=,0.72,=,0.086,=,0.88,<,0.1,<,1,=,0.12,<,0.01,=,74,=,11.1,=,0,=,0,,NA,<,1,=,28.3,=,6.01,=,22.2,=,22.9,Ausente,Ausente,1
14,ALTO PARANAPANEMA,PIRAJU,GU00375P,Guarani,2319756,24/10/2023,=,7.06,<,0.02,<,0.2,=,36.8,<,0.5,<,2,<,0.01,=,1132,=,1.21,<,0.05,=,6.03,=,0.42,=,5.59,<,0.2,=,27.4,=,995,=,53.5,=,0.98,=,670,=,10.9,<,0.1,<,0.03,=,0.53,=,3445,<,0.1,<,0.2,=,1740,<,0.3,=,0.01,=,0.69,=,8.34,=,0.57,=,0.07,=,0.65,<,0.1,<,0.5,=,0.096,<,0.01,=,55,=,13,=,0,=,0,,NA,<,1,=,27.8,=,6.59,=,22.4,=,27.1,Ausente,Ausente,1
14,ALTO PARANAPANEMA,RIBEIRAO BRANCO,PC00271P,Pré-Cambriano/Cristalino,2306581,5/4/2023,<,2,<,0.02,<,0.2,=,151,<,0.5,<,2,=,0.01,=,15600,=,0.33,<,0.05,=,5.13,=,0.33,=,49.1,<,0.2,=,230,=,4.81,=,59.9,=,1.33,=,2460,=,3.79,<,0.1,<,0.03,<,0.2,=,2670,<,0.1,<,0.2,=,7000,<,0.3,=,0.16,=,0.77,=,18.8,=,1.76,=,0.15,<,0.5,<,0.1,<,0.5,=,1.94,<,0.01,=,128,=,57.6,=,0,=,0,,NA,<,1,=,135.5,=,6.96,=,20.9,=,23.7,Ausente,Ausente,1
14,ALTO PARANAPANEMA,RIBEIRAO BRANCO,PC00271P,Pré-Cambriano/Cristalino,2319760,4/10/2023,<,2,<,0.02,<,0.2,=,151,<,0.5,<,2,=,0.01,=,15140,=,0.61,<,0.05,=,10.6,=,0.26,=,48.7,<,0.2,=,228,=,5.1,=,58.8,=,1.5,=,2643,=,3.88,<,0.1,=,0.04,<,0.2,=,2680,<,0.1,<,0.2,=,7172,<,0.3,=,0.12,=,0.7,=,19.1,=,2.23,=,0.14,=,0.78,<,0.1,<,0.5,=,2.21,<,0.01,=,132,=,58.7,=,0,=,0,,NA,<,1,=,137.7,=,7.02,=,20.9,=,19.9,Ausente,Ausente,1
14,ALTO PARANAPANEMA,SAO MIGUEL ARCANJO,PC00131P,Pré-Cambriano/Cristalino,2306871,17/4/2023,<,2,<,0.02,<,0.2,=,18.1,<,0.5,=,8.01,<,0.01,=,3710,=,0.06,<,0.05,=,0.42,=,0.53,=,20,<,0.2,=,34.1,=,16.7,=,21.4,=,2.35,=,2600,=,14.2,<,0.1,=,0.06,=,2.26,=,968,<,0.1,<,0.2,=,5110,<,0.3,=,0.01,<,0.2,=,4.42,=,4.98,=,0.055,=,1.04,<,0.1,<,1,=,1.02,<,0.01,=,54,=,16.7,=,0,=,0,,NA,<,1,=,67.8,=,5.19,=,21.9,=,27.1,Ausente,Ausente,1
14,ALTO PARANAPANEMA,SAO MIGUEL ARCANJO,PC00131P,Pré-Cambriano/Cristalino,2319910,17/10/2023,<,2,<,0.02,<,0.2,=,15.4,<,0.5,=,5.44,<,0.01,=,2948,=,0.26,<,0.05,=,1.2,=,0.49,=,16.9,<,0.2,=,28.4,=,125,=,16.7,=,2.57,=,2309,=,9.28,<,0.1,=,0.04,=,1.59,=,971,<,0.1,<,0.2,=,4589,<,0.3,=,0.01,<,0.2,=,6.38,=,5.1,=,0.059,=,1.12,<,0.1,<,1,=,1,<,0.01,<,50,=,15,=,0,=,0,,NA,<,1,=,62.4,=,5.7,=,21,=,24.1,Ausente,Ausente,1
14,ALTO PARANAPANEMA,SAO MIGUEL ARCANJO,TU00132P,Tubarão,2306869,17/4/2023,<,2,<,0.02,=,0.32,=,110,<,0.5,=,2.94,<,0.01,=,3010,=,0.5,<,0.05,=,1.86,<,0.2,=,11.9,<,0.2,=,68.1,=,14.6,=,136,=,3.21,=,1070,=,0.15,<,0.1,=,0.03,=,0.29,=,3180,<,0.1,<,0.2,=,11100,<,0.3,=,0.09,=,0.38,=,4.3,=,0.56,=,0.071,=,1.22,<,0.1,<,1,=,0.12,=,0.01,=,106,=,36.8,=,0,=,0,,NA,<,1,=,74.1,=,6.08,=,22.7,=,27.7,Ausente,Ausente,1
14,ALTO PARANAPANEMA,SAO MIGUEL ARCANJO,TU00132P,Tubarão,2319908,17/10/2023,<,2,<,0.02,=,0.28,=,88.5,<,0.5,<,2,<,0.01,=,2696,=,0.19,<,0.05,=,0.33,<,0.2,=,11,<,0.2,=,64.1,=,2.5,=,122,=,3.83,=,1046,=,0.16,<,0.1,=,0.04,<,0.2,=,3045,<,0.1,<,0.2,=,10340,<,0.3,=,0.11,=,0.31,=,166,=,0.69,=,0.079,=,1.38,<,0.1,<,1,=,0.16,<,0.01,=,97,=,36,=,0,=,0,,NA,<,1,=,74.5,=,6.36,=,22.6,=,23.1,Ausente,Ausente,29
14,ALTO PARANAPANEMA,SARUTAIA,GU00136P,Guarani,2306605,11/4/2023,<,2,<,0.02,=,0.42,=,7.81,<,0.5,=,2.12,<,0.01,=,9760,=,0.18,<,0.05,=,1.73,=,1,=,29.6,<,0.2,=,91.8,<,2,=,309,=,1.6,=,1260,<,0.1,<,0.1,<,0.03,<,0.2,=,3330,<,0.1,<,0.2,=,5400,<,0.3,<,0.005,=,2.2,=,1.38,=,0.63,=,0.15,=,0.94,<,0.1,<,1,=,0.17,<,0.01,=,93,=,43.6,=,0,=,0,,NA,<,1,=,86.9,=,6.36,=,21.9,=,26.2,Ausente,Ausente,1
14,ALTO PARANAPANEMA,SARUTAIA,GU00136P,Guarani,2319757,24/10/2023,<,2,<,0.02,=,0.46,=,7.21,<,0.5,<,2,<,0.01,=,9526,=,0.13,<,0.05,=,0.69,=,1.12,=,29.2,<,0.2,=,89.5,<,2,=,344,=,2.1,=,1322,<,0.1,<,0.1,<,0.03,<,0.2,=,3292,<,0.1,=,0.22,=,5433,<,0.3,<,0.005,=,2.47,<,0.5,=,0.5,=,0.12,=,0.72,<,0.1,<,0.5,=,0.16,<,0.01,=,100,=,42,=,0,=,0,,NA,<,1,=,93.2,=,6.68,=,21.8,=,26.2,Ausente,Ausente,1
14,ALTO PARANAPANEMA,TAQUARITUBA,SG00396P,Serra Geral,2306610,4/4/2023,<,2,<,0.02,<,0.2,=,47.7,<,0.5,=,32.6,<,0.01,=,21000,=,0.41,<,0.05,=,1.05,=,0.36,=,76.2,<,0.2,=,279,=,68.9,=,92.2,=,8.13,=,5770,=,0.86,<,0.1,=,0.15,<,0.2,=,1240,<,0.1,<,0.2,=,38800,<,0.3,<,0.005,=,4.96,=,19.2,=,3.96,=,0.21,=,99.4,<,0.1,<,0.5,=,1.1,<,0.01,=,237,=,57.8,=,0,=,0,,NA,<,1,=,349,=,6.32,=,23.4,=,26,Ausente,Ausente,1
14,ALTO PARANAPANEMA,TAQUARITUBA,SG00396P,Serra Geral,2319463,3/10/2023,<,2,<,0.02,<,0.2,=,40.9,<,0.5,=,28.5,<,0.01,=,19800,=,0.31,<,0.05,=,0.49,=,0.3,=,73.7,<,0.2,=,263,=,67.1,=,87.5,=,8.36,=,5900,=,0.84,<,0.1,=,0.18,<,0.2,=,1164,<,0.1,<,0.2,=,36570,<,0.3,<,0.005,=,5.34,=,17.7,=,4.26,=,0.19,=,81.7,<,0.1,<,0.5,=,1.32,<,0.01,=,261,=,57.6,=,0,=,0,,NA,<,1,=,314,=,6.85,=,23.5,=,23.9,Ausente,Ausente,1
15,TURVO/GRANDE,AMERICO DE CAMPOS,BA00226P,Bauru,2304708,21/3/2023,=,15.2,<,0.02,=,0.28,<,1,<,0.5,=,18.2,<,0.01,=,810,=,0.08,<,0.05,=,0.42,=,7.9,=,2.02,<,0.2,=,27,=,5.91,<,10,=,0.23,<,100,<,0.1,<,0.1,=,0.7,<,0.2,<,200,<,0.1,=,0.28,=,61000,<,0.3,=,0.16,=,45.9,=,1.67,<,1,=,0.2,=,6,NA,NA,<,0.5,=,0.06,<,0.05,=,178,<,20,=,101,<,20,=,81.2,<,1,=,280,=,9.95,=,29,=,33.2,Ausente,Ausente,250
15,TURVO/GRANDE,AMERICO DE CAMPOS,BA00226P,Bauru,2317201,26/9/2023,=,15.1,<,0.02,=,0.25,<,1,<,0.5,=,18.6,<,0.01,=,665,=,0.08,<,0.05,=,0.55,=,6.8,=,1.66,<,0.2,=,25.7,<,2,<,10,=,0.26,<,100,<,0.1,<,0.1,=,0.66,<,0.2,=,464,<,0.1,=,0.27,=,61080,<,0.3,=,0.18,=,42.1,=,0.93,<,1,=,0.2,=,5,<,1,<,1,=,0.07,<,0.05,=,216,=,74.4,=,64.6,<,20,=,139,<,1,=,283,=,9.86,=,27.8,=,40.7,Ausente,Ausente,16
15,TURVO/GRANDE,CAJOBI,BA00023P,Bauru,2304567,15/3/2023,=,3.72,<,0.02,<,0.2,=,120,<,0.5,<,2,<,0.01,=,28000,<,0.05,<,0.05,<,0.2,=,27.2,=,101,<,0.2,=,530,<,2,<,10,=,2.32,=,7600,=,0.25,<,0.1,<,0.03,<,0.2,=,3100,<,0.1,<,0.2,=,7000,<,0.3,=,0.13,=,12.2,=,0.54,=,3,<,0.1,=,2,<,0.5,<,0.5,=,2,<,0.05,=,184,=,96.5,<,20,<,20,=,96.5,<,1,=,225,=,7.59,=,25.6,=,27.7,Presente,Ausente,10
15,TURVO/GRANDE,CAJOBI,BA00023P,Bauru,2317194,20/9/2023,=,2.07,<,0.02,<,0.2,=,118,<,0.5,<,2,<,0.01,=,27300,=,0.07,<,0.05,=,0.64,=,29.5,=,99.6,<,0.2,=,530,=,2.3,=,12,=,2.4,=,7616,<,0.1,<,0.1,<,0.03,<,0.2,=,2986,<,0.1,<,0.2,=,6927,<,0.3,=,0.15,=,12.5,=,0.59,=,5,<,0.1,=,7,<,0.5,<,0.5,=,3,=,0.3,=,168,=,105,<,20,<,20,=,105,=,2,=,231,=,7.67,=,26.5,=,35.3,Presente,Ausente,20
15,TURVO/GRANDE,CANDIDO RODRIGUES,BA00024P,Bauru,2304737,9/3/2023,=,5.94,<,0.02,<,0.2,=,74,<,0.5,=,2.79,<,0.01,=,23000,=,0.19,<,0.05,=,1.04,=,14.4,=,97.3,<,0.2,=,2000,=,4.08,<,10,=,5.42,=,9700,=,0.17,<,0.1,<,0.03,<,0.2,=,1100,<,0.1,=,0.25,=,24000,<,0.3,=,0.95,=,13.4,=,15.9,=,6,=,0.2,=,3,<,0.5,<,0.5,=,2,<,0.05,=,186,=,126,<,20,<,20,=,126,<,1,=,272,=,7.3,,NA,,NA,Presente,Ausente,11
15,TURVO/GRANDE,CANDIDO RODRIGUES,BA00024P,Bauru,2317628,12/9/2023,=,3.07,<,0.02,<,0.2,=,51.9,<,0.5,=,2.74,<,0.01,=,18270,=,0.09,<,0.05,=,0.7,=,14.3,=,77.9,<,0.2,=,1874,=,2.12,<,10,=,5.18,=,7847,<,0.1,<,0.1,<,0.03,<,0.2,=,922,<,0.1,=,0.28,=,27100,<,0.3,=,1.38,=,14.3,=,9.29,=,4,=,0.1,=,1,<,0.1,<,1,=,2,<,0.05,=,176,=,135,=,0,=,0,,NA,=,2.9,=,268,=,8.04,=,25.3,=,33,Ausente,Ausente,1
15,TURVO/GRANDE,CATIGUA,BA00031P,Bauru,2304660,7/3/2023,=,14.7,<,0.02,<,0.2,=,110,<,0.5,=,2.67,<,0.01,=,28000,<,0.05,<,0.05,<,0.2,=,23.9,=,95.4,<,0.2,=,630,=,34,<,10,=,2.81,=,6200,=,0.33,<,0.1,=,0.04,<,0.2,=,2300,<,0.1,<,0.2,=,13000,=,3.65,=,0.23,=,16.1,=,7.17,=,10,=,0.1,=,3,<,0.5,<,0.5,=,4,<,0.05,=,180,=,96.3,<,2,=,0,,NA,=,1.3,=,241,=,8.11,=,25.5,=,31.5,Ausente,Ausente,1
15,TURVO/GRANDE,CATIGUA,BA00031P,Bauru,2316840,5/9/2023,=,4.69,<,0.02,<,0.2,=,82.1,<,0.5,=,2.68,<,0.01,=,19300,<,0.05,<,0.05,=,0.42,=,25.8,=,68.9,<,0.2,=,564,<,2,<,10,=,2.3,=,5027,<,0.1,<,0.1,=,0.04,<,0.2,=,1858,<,0.1,<,0.2,=,16070,<,0.3,=,0.25,=,22.8,=,3.34,=,5,<,0.1,=,6,<,0.5,<,0.5,=,2,<,0.05,=,162,=,100,<,20,<,20,=,100,=,2.2,=,235,=,8.36,=,25.7,=,30.2,Ausente,Ausente,1
15,TURVO/GRANDE,INDIAPORA,BA00051P,Bauru,2304710,21/3/2023,=,3.23,<,0.02,<,0.2,=,30,<,0.5,=,3.72,<,0.01,=,28000,=,0.12,<,0.05,=,0.58,=,28.9,=,103,<,0.2,=,380,=,10.3,<,10,=,3.19,=,8100,=,0.12,<,0.1,<,0.03,<,0.2,=,3200,<,0.1,<,0.2,=,5300,<,0.3,=,0.12,=,15.6,=,6.32,=,7,=,0.1,=,3,<,0.5,=,0.632,=,4,<,0.05,=,190,=,101,<,20,<,20,=,101,<,1,=,246,=,7.94,=,26.2,=,28.4,Ausente,Ausente,3
15,TURVO/GRANDE,INDIAPORA,BA00051P,Bauru,2317204,26/9/2023,=,3.5,<,0.02,<,0.2,=,37.4,<,0.5,=,3.45,<,0.01,=,30320,=,0.06,<,0.05,=,0.56,=,30.8,=,116,<,0.2,=,377,=,2.92,<,10,=,3.64,=,9669,<,0.1,<,0.1,<,0.03,<,0.2,=,3450,<,0.1,<,0.2,=,4965,<,0.3,=,0.17,=,14.9,=,5.36,=,5,<,0.1,<,0.5,<,1,<,1,=,4,=,0.2,=,220,=,105,<,20,<,20,=,105,<,1,=,252,=,7.93,=,26.9,=,37.9,Ausente,Ausente,1
15,TURVO/GRANDE,MACEDONIA,BA00065P,Bauru,2304712,21/3/2023,<,2,<,0.02,<,0.2,=,220,<,0.5,=,2.57,<,0.01,=,22000,<,0.05,<,0.05,=,0.29,=,12.2,=,78.4,<,0.2,=,290,<,2,<,10,=,5.07,=,5700,<,0.1,<,0.1,<,0.03,<,0.2,=,3000,<,0.1,<,0.2,=,5500,<,0.3,=,0.18,=,9.91,=,1.45,=,3,=,0.2,=,2,<,0.5,<,0.5,=,2,<,0.05,=,146,=,86.7,<,20,<,20,=,86.7,<,1,=,179,=,8.03,=,25.5,=,28.9,Ausente,Ausente,1
15,TURVO/GRANDE,MACEDONIA,BA00065P,Bauru,2317200,26/9/2023,=,2.82,<,0.02,<,0.2,=,194,<,0.5,=,2.6,<,0.01,=,21260,<,0.05,<,0.05,=,0.46,=,12.9,=,74.6,<,0.2,=,282,=,2.2,<,10,=,4.76,=,5222,<,0.1,<,0.1,<,0.03,<,0.2,=,2947,<,0.1,<,0.2,=,5739,<,0.3,=,0.16,=,9.45,=,1.36,=,1,<,0.1,<,0.5,<,1,<,1,=,2,=,0.2,=,162,=,83.4,<,20,<,20,=,83.4,<,1,=,180,=,8.14,=,26.8,=,37.2,Ausente,Ausente,1
15,TURVO/GRANDE,NOVA GRANADA,BA00078P,Bauru,2305701,22/3/2023,<,2,<,0.02,<,0.2,=,190,<,0.5,<,2,<,0.01,=,14000,=,0.09,<,0.05,=,0.66,=,36.6,=,57.6,<,0.2,=,110,<,2,=,201,=,1.17,=,5500,<,0.1,<,0.1,<,0.03,=,0.33,=,4300,<,0.1,<,0.2,=,2700,<,0.3,=,0.02,=,4.03,=,0.5,=,3,=,0.2,=,2,<,1,<,1,=,4,<,0.05,=,122,=,50.8,=,0,=,0,,NA,<,1,=,134,=,7.02,=,26.5,=,32.8,Ausente,Ausente,1
15,TURVO/GRANDE,NOVA GRANADA,BA00078P,Bauru,2317224,27/9/2023,=,3.14,<,0.02,<,0.2,=,187,<,0.5,<,2,<,0.01,=,13080,=,0.61,<,0.05,=,2.34,=,37.4,=,56,=,0.62,=,113,=,6.15,=,213,=,1.22,=,5665,=,0.13,<,0.1,<,0.03,=,0.41,=,4363,<,0.1,<,0.2,=,2756,<,0.3,=,0.01,=,4.04,=,1.22,<,1,=,0.1,<,0.5,<,0.5,<,0.5,=,5,<,0.05,=,132,=,50.1,<,20,<,20,=,50.1,<,1,=,118,=,6.87,=,26.3,=,35.3,Presente,Ausente,6
15,TURVO/GRANDE,ONDA VERDE,BA00264P,Bauru,2305698,22/3/2023,<,2,<,0.02,<,0.2,=,260,<,0.5,<,2,<,0.01,=,28000,=,0.11,<,0.05,=,0.73,=,29.7,=,96.7,<,0.2,=,170,<,2,=,186,=,2.26,=,6500,=,0.24,<,0.1,<,0.03,=,0.41,=,5200,<,0.1,<,0.2,=,4300,<,0.3,=,0.02,=,4.92,=,1.64,=,8,=,0.2,=,2,<,1,<,1,=,4,<,0.05,=,170,=,85.6,=,0,=,0,,NA,<,1,=,224,=,7.05,=,25.6,=,29.7,Ausente,Ausente,1
15,TURVO/GRANDE,ONDA VERDE,BA00264P,Bauru,2317222,27/9/2023,=,2.25,<,0.02,<,0.2,=,268,<,0.5,<,2,=,0.01,=,23470,=,0.08,=,0.15,=,0.64,=,25.5,=,83.8,<,0.2,=,148,=,2.26,=,243,=,2.18,=,6112,=,0.89,<,0.1,<,0.03,=,1.23,=,5392,<,0.1,<,0.2,=,4107,<,0.3,=,0.02,=,4.25,=,2.47,=,10,=,0.2,<,0.5,<,0.5,<,0.5,=,7,<,0.05,=,164,=,60.5,<,20,<,20,=,60.5,<,1,=,191,=,7,=,27.9,=,33.5,Ausente,Ausente,1
15,TURVO/GRANDE,PALESTINA,BA00265P,Bauru,2305704,22/3/2023,<,2,<,0.02,<,0.2,=,210,<,0.5,=,3.3,<,0.01,=,29000,=,0.27,=,0.07,=,1.29,=,56,=,97.1,<,0.2,=,200,<,2,=,160,=,1.99,=,6000,=,2.02,<,0.1,<,0.03,=,0.59,=,4200,<,0.1,<,0.2,=,6700,<,0.3,=,0.03,=,5.11,=,3.16,=,8,=,0.1,=,5,<,1,<,1,=,4,<,0.05,=,172,=,85.4,=,0,=,0,,NA,<,1,=,231,=,6.66,=,26.4,=,32.6,Ausente,Ausente,1
15,TURVO/GRANDE,PALESTINA,BA00265P,Bauru,2317223,27/9/2023,=,3.74,<,0.02,<,0.2,=,212,=,0.52,=,3.03,<,0.01,=,29490,=,0.26,<,0.05,=,1.17,=,56.8,=,99.4,<,0.2,=,216,=,4.95,=,169,=,2.15,=,6266,=,0.78,<,0.1,<,0.03,=,0.54,=,4203,<,0.1,<,0.2,=,7033,<,0.3,=,0.04,=,6.51,=,2.98,=,8,=,0.1,=,3,<,0.5,=,2.42,=,5,=,0.2,=,198,=,92.8,<,20,<,20,=,92.8,<,1,=,237,=,6.79,=,27,=,37.2,Ausente,Ausente,12
15,TURVO/GRANDE,PALMARES PAULISTA,BA00087P,Bauru,2304662,7/3/2023,=,19.8,<,0.02,<,0.2,=,96,<,0.5,=,3.16,<,0.01,=,16000,=,0.1,<,0.05,=,0.47,=,25.1,=,59.4,<,0.2,=,660,=,43.7,=,21.8,=,2.47,=,4700,=,0.48,<,0.1,<,0.03,<,0.2,=,2300,<,0.1,<,0.2,=,13000,=,4.69,=,0.17,=,18.7,=,7.11,=,7,=,0.2,=,3,<,0.5,=,0.71,=,1,<,0.05,=,144,=,79.7,<,2,=,0,,NA,=,1.9,=,180,=,7.37,=,26.4,=,36.4,Ausente,Ausente,8
15,TURVO/GRANDE,PALMARES PAULISTA,BA00087P,Bauru,2316838,5/9/2023,=,2.04,<,0.02,<,0.2,=,140,<,0.5,=,2.14,<,0.01,=,16640,=,0.16,<,0.05,=,1.13,=,20.5,=,66.4,<,0.2,=,681,<,2,=,31.1,=,2.56,=,6030,=,0.1,<,0.1,<,0.03,<,0.2,=,2879,<,0.1,<,0.2,=,11090,<,0.3,=,0.12,=,7.59,=,13.2,=,6,<,0.1,<,0.5,<,0.5,<,0.5,=,2,<,0.05,=,134,=,86.6,<,20,<,20,=,86.6,=,2.1,=,202,=,7.19,=,26.2,=,29.4,Presente,Ausente,20
15,TURVO/GRANDE,PEDRANOPOLIS,BA00095P,Bauru,2304711,21/3/2023,=,2.63,<,0.02,<,0.2,=,220,<,0.5,<,2,=,0.02,=,6600,=,0.15,=,2.35,=,1.56,=,20.7,=,35.4,<,0.2,=,110,<,2,=,125,=,1.84,=,4600,=,4.37,<,0.1,<,0.03,=,7.6,=,4900,<,0.1,<,0.2,=,6200,<,0.3,=,0.03,=,5.75,=,5.74,=,5,=,0.1,=,3,<,0.5,<,0.5,=,4,<,0.05,=,114,=,38.4,<,20,<,20,=,38.4,<,1,=,128,=,6.45,=,26.1,=,26.2,Ausente,Ausente,1
15,TURVO/GRANDE,PEDRANOPOLIS,BA00095P,Bauru,2317202,26/9/2023,=,3.9,<,0.02,<,0.2,=,185,<,0.5,=,4.51,=,0.01,=,6969,=,0.17,=,1.68,=,1.18,=,23.1,=,33.5,<,0.2,=,109,<,2,=,85.9,=,1.81,=,3914,=,3.07,<,0.1,<,0.03,=,7.02,=,4384,<,0.1,<,0.2,=,11890,<,0.3,=,0.05,=,12.3,=,65.6,=,3,<,0.1,<,0.5,<,1,<,1,=,4,=,0.2,<,100,=,41.7,<,20,<,20,=,41.7,<,1,=,133,=,6.71,=,27.4,=,31.4,Presente,Ausente,3
15,TURVO/GRANDE,RIOLANDIA,SG00273P,Serra Geral,2304709,21/3/2023,=,3.85,<,0.02,=,0.24,=,3.5,<,0.5,=,88,<,0.01,=,26000,=,1.24,<,0.05,=,2.93,<,0.2,=,83.8,<,0.2,=,100,=,70,=,27.8,=,0.9,=,4600,=,0.59,<,0.1,=,1.98,=,0.27,=,720,<,0.1,=,2.49,=,42000,<,0.3,=,0.19,=,15.2,=,59.7,=,12,=,0.7,=,23,NA,NA,<,0.5,=,2,<,0.05,=,230,=,123,<,20,<,20,=,123,<,1,=,339,=,7.48,=,28.3,=,31.8,Ausente,Ausente,1
15,TURVO/GRANDE,RIOLANDIA,SG00273P,Serra Geral,2317203,26/9/2023,=,3.68,<,0.02,=,0.33,=,2.71,<,0.5,=,109,<,0.01,=,23520,=,0.07,<,0.05,=,0.77,<,0.2,=,76.3,<,0.2,=,89.6,=,3.87,=,30.1,=,0.97,=,4262,=,0.2,<,0.1,=,2.86,=,0.36,=,686,<,0.1,=,2.82,=,46290,<,0.3,=,0.22,=,17.5,=,1.8,=,8,=,0.9,=,24,<,1,<,1,=,1,<,0.05,=,154,=,130,<,20,<,20,=,130,<,1,=,350,=,7.51,=,27.2,=,36.7,Presente,Presente,10
15,TURVO/GRANDE,SANTA ADELIA,BA00332P,Bauru,2304655,7/3/2023,=,9.77,=,0.03,<,0.2,=,98,<,0.5,<,2,<,0.01,=,36000,=,4.23,<,0.05,=,34.9,=,21.3,=,139,=,0.77,=,1300,=,383,=,11.2,=,3.39,=,12000,=,3.92,<,0.1,<,0.03,=,1.67,=,3500,<,0.1,<,0.2,=,8600,<,0.3,=,1.2,=,6.74,=,37.4,=,11,=,0.1,=,7,<,0.5,<,0.5,=,6,<,0.05,=,272,=,117,<,2,=,0,,NA,=,2,=,327,=,7.33,=,25.4,=,31.6,Presente,Ausente,32
15,TURVO/GRANDE,SANTA ALBERTINA,SG00420P,Serra Geral,2304895,16/3/2023,=,4.92,<,0.02,=,1.34,=,8.4,<,0.5,=,109,<,0.01,=,16000,<,0.05,<,0.05,<,0.2,=,28.5,=,61,<,0.2,=,490,=,2.24,=,34.4,=,0.87,=,5100,<,0.1,<,0.1,=,0.43,<,0.2,=,1400,<,0.1,=,0.84,=,45000,<,0.3,=,0.25,=,89.8,=,2.93,=,4,=,0.4,=,11,<,0.5,<,0.5,=,0.08,<,0.05,=,184,=,143,<,20,<,20,=,147,<,1,=,286,=,8.18,=,25.8,=,25.5,Presente,Ausente,70
15,TURVO/GRANDE,SANTA ALBERTINA,SG00420P,Serra Geral,2317198,21/9/2023,=,7.24,=,0.02,=,1.59,=,8.53,<,0.5,=,122,<,0.01,=,14390,=,0.16,<,0.05,=,2.82,=,25.4,=,55.7,<,0.2,=,432,=,4.27,=,27.3,=,0.94,=,4809,<,0.1,<,0.1,=,0.49,<,0.2,=,1282,<,0.1,=,1.09,=,47110,<,0.3,=,0.3,=,101,=,30,=,1,=,0.3,=,9,<,1,<,1,=,0.1,=,0.3,=,220,=,157,<,20,<,20,=,157,<,1,=,305,=,8.47,=,28.2,=,31.9,Presente,Presente,13
15,TURVO/GRANDE,SAO JOSE DO RIO PRETO,BA00127P,Bauru,2305699,22/3/2023,<,2,<,0.02,<,0.2,=,410,=,0.75,<,2,=,0.02,=,17000,=,0.24,<,0.05,=,1.24,=,28.4,=,61.3,<,0.2,=,140,=,3.21,=,95.8,=,2.12,=,4600,=,2.62,<,0.1,<,0.03,=,3.1,=,7900,<,0.1,<,0.2,=,4300,<,0.3,=,0.02,=,0.74,=,1.58,=,7,<,0.1,=,2,<,1,<,1,=,13,=,0.08,=,202,=,26.5,=,0,=,0,,NA,<,1,=,180,=,6.18,=,25.6,=,24.9,Ausente,Ausente,23
15,TURVO/GRANDE,SAO JOSE DO RIO PRETO,BA00127P,Bauru,2317221,27/9/2023,=,3.04,<,0.02,<,0.2,=,412,=,0.6,<,2,=,0.02,=,15650,=,0.26,<,0.05,=,1.84,=,28.8,=,58.2,<,0.2,=,134,=,3.38,=,101,=,2.39,=,4645,=,3.51,<,0.1,<,0.03,=,3.7,=,8080,<,0.1,<,0.2,=,4362,<,0.3,=,0.02,=,0.7,=,2.87,=,6,<,0.1,<,0.5,<,0.5,<,0.5,=,16,<,0.05,=,186,=,25,<,20,<,20,=,25,<,1,=,182,=,6.14,=,27.1,=,36.2,Presente,Presente,38
15,TURVO/GRANDE,SAO JOSE DO RIO PRETO,GU00202P,Guarani,2305705,22/3/2023,=,23.5,=,0.08,=,0.98,=,5.7,<,0.5,=,42.4,<,0.01,=,1900,=,0.1,<,0.05,=,0.52,=,21.7,=,5.77,<,0.2,=,70,<,2,=,961,=,16.4,=,250,<,0.1,<,0.1,=,0.47,<,0.2,=,610,<,0.1,=,12.5,=,78000,<,0.3,=,0.56,=,58.5,=,0.51,=,9,=,0.4,=,7,<,1,<,1,=,0.1,<,0.05,=,242,=,92.6,=,63.4,=,0,,NA,<,1,=,347,=,9.45,=,42.6,=,27.3,Ausente,Ausente,1
15,TURVO/GRANDE,SAO JOSE DO RIO PRETO,GU00202P,Guarani,2317220,27/9/2023,=,27.7,=,0.1,=,0.94,=,5.86,<,0.5,=,46.3,<,0.01,=,1745,=,0.13,<,0.05,=,0.71,=,21,=,5.36,<,0.2,=,67.4,<,2,=,2004,=,17.8,=,244,<,0.1,<,0.1,=,0.59,<,0.2,=,588,<,0.1,=,11.9,=,77560,<,0.3,=,0.54,=,56.4,=,0.66,=,9,=,0.5,=,6,<,0.5,<,0.5,=,0.1,=,0.2,=,232,=,101,=,64.6,<,20,=,166,<,1,=,345,=,9.38,=,41.9,=,37.2,Ausente,Ausente,1
15,TURVO/GRANDE,UCHOA,BA00147P,Bauru,2305447,22/3/2023,=,8.5,<,0.02,<,0.2,=,110,<,0.5,=,2.29,<,0.01,=,28000,<,0.05,<,0.05,<,0.2,=,32.8,=,95,<,0.2,=,470,=,27.8,=,26.1,=,2.7,=,6100,=,0.25,<,0.1,<,0.03,<,0.2,=,2800,<,0.1,<,0.2,=,8700,=,3.17,=,0.16,=,19.3,=,0.83,=,5,=,0.1,=,3,<,1,<,1,=,5,<,0.05,=,186,=,93,<,10,<,10,=,93,<,1,=,224,=,7.68,=,26.1,=,33.2,Ausente,Ausente,1
15,TURVO/GRANDE,UCHOA,BA00147P,Bauru,2317383,27/9/2023,=,2.49,<,0.02,<,0.2,=,137,<,0.5,<,2,<,0.01,=,35440,<,0.05,<,0.05,=,0.45,=,24.2,=,121,<,0.2,=,664,=,3.48,=,19.8,=,2.65,=,7819,<,0.1,<,0.1,<,0.03,<,0.2,=,3405,<,0.1,<,0.2,=,5630,<,0.3,=,0.26,=,9.48,=,4.91,=,3,<,0.1,<,0.5,<,0.5,<,0.5,=,6,=,0.3,=,206,=,112,=,0,=,0,,NA,<,1,=,263,=,7.77,=,27.2,=,41,Ausente,Ausente,86
16,TIETE/BATALHA,ADOLFO,SG00333P,Serra Geral,2304670,8/3/2023,=,9.92,<,0.02,=,0.57,<,1,<,0.5,=,17.8,<,0.01,=,750,<,0.05,<,0.05,<,0.2,=,19.1,=,1.87,<,0.2,=,25,<,2,<,10,=,0.44,<,100,<,0.1,<,0.1,=,0.58,<,0.2,<,200,<,0.1,=,0.62,=,65000,<,0.3,=,0.27,=,52.8,=,2.09,=,3,=,0.3,=,7,<,1,<,1,=,0.5,<,0.05,=,210,=,78,=,58,<,3,,NA,=,1.8,=,283,=,9.67,=,26.5,=,33.7,Ausente,Ausente,1
16,TIETE/BATALHA,ADOLFO,SG00333P,Serra Geral,2317636,11/9/2023,<,2,<,0.02,<,0.2,=,123,<,0.5,=,2.31,<,0.01,=,21070,<,0.05,<,0.05,=,0.38,=,66.1,=,81.2,<,0.2,=,430,<,2,=,28.8,=,2.39,=,6947,<,0.1,<,0.1,=,0.03,<,0.2,=,2460,<,0.1,<,0.2,=,10880,<,0.3,=,0.16,=,25.6,=,0.73,=,2,=,0.1,=,0.6,<,0.5,=,0.57,=,0.5,<,0.05,=,128,=,105,=,0,=,0,,NA,=,2.6,=,205,=,7.91,=,25.7,=,33.9,Presente,Ausente,50
16,TIETE/BATALHA,AVAI,BA00010P,Bauru,2305131,20/3/2023,=,4.82,<,0.2,<,0.2,=,270,=,0.55,<,2,=,0.03,=,2800,=,0.12,=,1.05,=,1.57,=,3.22,=,16,<,0.2,=,41,=,6.12,<,10,=,1.23,=,2200,=,4.17,<,0.1,<,0.03,=,6.46,=,5800,<,0.1,<,0.2,=,920,<,0.3,=,0.02,<,0.2,=,8.77,=,1.86,<,0.1,<,0.1,<,0.5,NA,NA,=,4.9,<,0.01,<,100,<,5,<,5,<,5,,NA,=,2.6,=,63,=,5.2,=,25.9,=,32,Presente,Ausente,10
16,TIETE/BATALHA,AVAI,BA00010P,Bauru,2316599,4/9/2023,=,4.92,<,0.02,<,0.2,=,385,=,0.88,<,2,=,0.06,=,3047,=,0.36,=,1.44,=,4.03,=,3.58,=,21,<,0.2,=,53.3,=,13.2,<,10,=,1.41,=,3257,=,6.7,<,0.1,<,0.03,=,9.72,=,6357,<,0.1,<,0.2,=,1291,<,0.3,=,0.03,<,0.2,=,18.2,=,3.53,<,0.1,<,0.1,<,0.5,<,0.5,=,6.33,<,0.01,<,100,<,5,<,5,<,5,,NA,<,1,=,77,=,5.3,=,25.6,=,36.5,Presente,Ausente,10
16,TIETE/BATALHA,BADY BASSITT,BA00334P,Bauru,2304669,8/3/2023,=,8.31,<,0.02,<,0.2,=,150,<,0.5,=,2.34,<,0.01,=,25000,<,0.05,<,0.05,<,0.2,=,46.4,=,97,<,0.2,=,480,=,18.9,=,30.2,=,2.33,=,8400,=,0.18,<,0.1,<,0.03,<,0.2,=,2900,<,0.1,<,0.2,=,9600,=,2.04,=,0.18,=,16.1,=,0.67,=,3,=,0.2,=,3,<,1,<,1,=,0.7,<,0.05,=,148,=,112,<,3,<,3,,NA,=,1.7,=,222,=,7.68,=,25.6,=,29.2,Ausente,Ausente,1
16,TIETE/BATALHA,BADY BASSITT,BA00334P,Bauru,2317641,11/9/2023,=,7.88,<,0.02,=,0.52,<,1,<,0.5,=,17.5,<,0.01,=,647,=,0.05,<,0.05,=,0.33,=,16.4,=,1.62,<,0.2,=,24.5,<,2,=,10.1,=,0.44,<,100,<,0.1,<,0.1,=,0.5,<,0.2,<,200,<,0.1,=,0.56,=,63830,<,0.3,=,0.3,=,48.2,<,0.5,=,1,=,0.2,=,4,<,0.5,<,0.5,=,0.5,<,0.05,=,192,=,92.8,=,43.6,=,0,,NA,=,2.4,=,285,=,9.65,=,26.5,=,36.5,Presente,Ausente,8
16,TIETE/BATALHA,BALBINOS,BA00336P,Bauru,2305134,20/3/2023,=,5.27,<,0.02,<,0.2,=,300,=,0.58,<,2,<,0.01,=,1200,=,0.45,=,0.5,=,3.32,=,8.12,=,14.5,<,0.2,=,34,=,162,<,10,=,1.64,=,2800,=,2.99,<,0.1,<,0.03,=,4.16,=,6400,<,0.1,<,0.2,=,590,<,0.3,=,0.007,<,0.2,=,6.88,=,0.9,<,0.1,=,0.1,<,0.5,NA,NA,=,4.4,<,0.01,<,100,=,5,<,5,<,5,,NA,<,1,=,56,=,5.4,=,24.6,=,31,Ausente,Ausente,1
16,TIETE/BATALHA,FERNANDO PRESTES,BA00038P,Bauru,2304736,9/3/2023,=,3.02,<,0.02,<,0.2,=,120,<,0.5,=,2.05,<,0.01,=,17000,<,0.05,<,0.05,=,0.2,=,25.1,=,61.3,<,0.2,=,470,<,2,=,174,=,3.26,=,4600,<,0.1,<,0.1,<,0.03,<,0.2,=,4000,<,0.1,<,0.2,=,11000,<,0.3,=,0.2,=,6.54,=,1.01,=,3,=,0.1,=,2,<,0.5,<,0.5,=,3,<,0.05,=,124,=,80.1,<,20,<,20,=,80.1,<,1,=,170,=,7.05,=,26.4,=,32.4,Ausente,Ausente,1
16,TIETE/BATALHA,FERNANDO PRESTES,BA00038P,Bauru,2317633,12/9/2023,<,2,<,0.02,<,0.2,=,119,<,0.5,<,2,<,0.01,=,16740,=,0.06,<,0.05,=,0.62,=,25.3,=,61,<,0.2,=,454,<,2,=,171,=,3.31,=,4654,=,0.11,<,0.1,<,0.03,<,0.2,=,3889,<,0.1,<,0.2,=,9947,<,0.3,=,0.21,=,6.61,=,3.72,<,1,<,0.1,<,0.5,<,0.1,<,1,=,3,<,0.05,=,154,=,83.8,=,0,=,0,,NA,=,2.6,=,175,=,7.08,=,25.7,=,35.3,Ausente,Ausente,1
16,TIETE/BATALHA,IBIRA,BA00246P,Bauru,2305449,22/3/2023,<,2,<,0.02,=,0.38,=,11,<,0.5,=,9.2,<,0.01,=,2800,<,0.05,<,0.05,<,0.2,=,49.9,=,8.14,<,0.2,=,220,<,2,<,10,=,1.31,=,280,<,0.1,<,0.1,=,0.06,<,0.2,=,310,<,0.1,=,0.59,=,28000,<,0.3,<,0.005,=,107,=,1.85,=,2,=,0.3,=,3,<,1,<,1,=,0.02,<,0.05,<,100,=,33.9,=,32.8,<,10,=,66.7,<,1,=,131,=,9.25,=,26.9,=,33.8,Ausente,Ausente,1
16,TIETE/BATALHA,IBIRA,BA00246P,Bauru,2317378,27/9/2023,=,3.56,<,0.02,=,0.23,=,122,<,0.5,=,5.47,<,0.01,=,12270,=,0.18,<,0.05,=,3.41,=,50.9,=,42.3,=,0.62,=,257,=,3.66,=,57.7,=,1.69,=,2831,<,0.1,<,0.1,=,0.06,=,0.2,=,2278,<,0.1,=,0.35,=,17090,<,0.3,=,0.008,=,62.2,=,4.08,<,1,=,0.2,<,0.5,<,0.5,=,0.89,=,3,<,0.05,=,134,=,71.9,=,0,=,0,,NA,<,1,=,159,=,7.28,=,27.3,=,39.2,Presente,Ausente,130
16,TIETE/BATALHA,IBIRA,SG00294P,Serra Geral,2304658,7/3/2023,=,25.9,<,0.02,=,1.11,=,1.3,<,0.5,=,48.1,<,0.01,=,800,<,0.05,<,0.05,<,0.2,=,0.49,=,2,<,0.2,=,56,=,41.5,<,10,=,1.38,<,100,=,0.4,<,0.1,=,8,<,0.2,=,300,<,0.1,<,0.2,=,110000,=,3.55,=,0.18,=,74.3,<,0.5,=,7,=,0.6,=,69,<,0.5,<,0.5,=,0.1,<,0.05,=,326,=,49.7,=,102,=,0,,NA,=,1.4,=,489,=,10.11,=,25.4,=,30.5,Ausente,Ausente,1
16,TIETE/BATALHA,IBIRA,SG00294P,Serra Geral,2316839,5/9/2023,=,14.1,<,0.02,=,0.63,<,1,<,0.5,=,39.8,<,0.01,<,500,<,0.05,<,0.05,<,0.2,=,0.7,<,1.3,<,0.2,=,26.9,=,2.38,<,10,=,1.31,<,100,<,0.1,<,0.1,=,4.62,<,0.2,=,222,<,0.1,=,1.55,=,96680,<,0.3,=,0.29,=,56.9,<,0.5,=,3,=,0.4,=,41,<,0.5,<,0.5,=,0.5,NA,NA,=,286,=,47,=,123,<,20,=,170,=,2.6,=,472,=,10.06,=,24.9,=,27.7,Presente,Ausente,32
16,TIETE/BATALHA,JACI,BA00361P,Bauru,2304898,23/3/2023,=,2.29,<,0.02,<,0.2,=,100,<,0.5,<,2,<,0.01,=,22000,=,0.08,<,0.05,=,0.87,=,12.9,=,78.8,<,0.2,=,210,<,2,=,37.5,=,2.48,=,5800,=,0.12,<,0.1,<,0.03,<,0.2,=,3100,<,0.1,<,0.2,=,2700,<,0.3,=,0.06,=,4.8,=,1.5,=,2,=,0.2,=,3,<,0.5,<,0.5,=,2,<,0.05,=,126,=,71.1,<,10,<,10,=,71.1,<,1,,cancelado,=,7.29,=,25.7,=,34.2,Ausente,Ausente,1
16,TIETE/BATALHA,JACI,BA00361P,Bauru,2317226,28/9/2023,=,3.85,<,0.02,<,0.2,=,90,<,0.5,<,2,<,0.01,=,21630,=,0.12,<,0.05,=,1.72,=,18.5,=,78.6,<,0.2,=,225,=,2.35,=,36.8,=,3.02,=,5977,=,0.15,<,0.1,<,0.03,<,0.2,=,3062,<,0.1,<,0.2,=,3012,<,0.3,=,0.12,=,6.12,=,2.1,<,1,=,0.2,<,0.5,<,1,<,1,=,2,<,0.05,=,152,=,84.5,<,20,<,20,=,84.5,<,1,,cancelado,=,7.63,=,26.4,=,38.2,Ausente,Ausente,1
16,TIETE/BATALHA,LINS,BA00252P,Bauru,2305402,30/3/2023,<,2,<,0.02,<,0.2,=,72,<,0.5,<,2,<,0.01,=,11000,=,0.07,<,0.05,=,0.72,=,12.9,=,37.8,<,0.2,=,120,<,2,=,212,=,2.23,=,2500,<,0.1,<,0.1,<,0.03,<,0.2,=,3400,<,0.1,<,0.2,=,5600,<,0.3,=,0.04,=,1.61,<,0.5,=,0.88,<,0.1,<,0.1,<,0.5,NA,NA,=,2.29,<,0.01,=,124,=,47,<,5,<,5,,NA,<,1,=,107,=,6.6,=,25.6,=,31.6,Ausente,Ausente,1
16,TIETE/BATALHA,LINS,BA00252P,Bauru,2319003,5/10/2023,<,2,<,0.02,<,0.2,=,69,<,0.5,<,2,<,0.01,=,9721,=,0.08,<,0.05,=,0.87,=,13.7,=,34.6,<,0.2,=,113,<,2,=,236,=,2.67,=,2512,<,0.1,<,0.1,<,0.03,<,0.2,=,3506,<,0.1,<,0.2,=,5442,<,0.3,=,0.03,=,1.71,=,3.06,=,0.91,<,0.1,<,0.1,<,0.5,<,0.5,=,2.3,<,0.01,<,100,=,44,<,5,<,5,,NA,<,1,=,105,=,6.7,=,25.8,=,37.2,Ausente,Ausente,1
16,TIETE/BATALHA,MATAO,GU00068P,Guarani,2304940,16/3/2023,=,2.83,<,0.02,=,0.33,=,28,<,0.5,=,3.32,<,0.01,=,33000,<,0.05,<,0.05,=,0.26,=,2.71,=,99.3,<,0.2,=,200,=,2.73,<,10,=,1.81,=,4100,<,0.1,<,0.1,=,0.05,<,0.2,=,4200,<,0.1,<,0.2,=,3900,<,0.3,=,0.03,=,7.19,=,0.63,=,2,<,0.1,=,5,<,0.5,<,0.5,<,0.02,<,0.05,<,100,=,101,=,0,=,0,,NA,<,1,=,205,=,7.83,=,30.8,=,28.4,Presente,Ausente,10
16,TIETE/BATALHA,MATAO,GU00068P,Guarani,2317920,21/9/2023,=,2.54,<,0.02,=,0.37,=,23.3,<,0.5,=,3.28,<,0.01,=,29400,=,0.06,<,0.05,=,0.82,=,2.49,=,89.7,<,0.2,=,184,=,2.67,<,10,=,2.01,=,3969,<,0.1,<,0.1,<,0.03,<,0.2,=,4019,<,0.1,=,0.24,=,3706,<,0.3,=,0.03,=,7.86,=,0.79,<,1,<,0.1,=,2,<,1,<,1,=,0.04,<,0.05,=,134,=,103,=,0,=,0,,NA,<,1,=,205,=,7.82,=,31.8,=,32.7,Ausente,Ausente,1
16,TIETE/BATALHA,NOVO HORIZONTE,GU00263P,Guarani,2305132,20/3/2023,=,13.8,<,0.02,=,3.27,=,15,<,0.5,=,123,<,0.01,=,1700,<,0.05,<,0.05,<,0.2,=,2.62,=,5.52,<,0.2,=,31,<,2,=,29.5,=,13.7,=,310,<,0.1,<,0.1,=,0.91,<,0.2,=,900,<,0.1,<,0.2,=,87000,<,0.3,=,0.24,=,13.9,=,0.84,=,9.62,=,0.94,=,12.7,NA,NA,NA,NA,=,0.06,<,0.01,=,245,=,100,=,75,<,5,,NA,=,2.1,=,394,=,9.5,=,32,=,22.8,Presente,Ausente,8
16,TIETE/BATALHA,NOVO HORIZONTE,GU00263P,Guarani,2316598,4/9/2023,=,6.6,<,0.02,=,2.02,=,17.6,<,0.5,=,67,<,0.01,=,1552,<,0.05,<,0.05,<,0.2,=,7.88,=,5.56,<,0.2,=,32.3,<,2,=,68.3,=,8.46,=,409,<,0.1,<,0.1,=,0.68,<,0.2,=,1284,<,0.1,=,0.3,=,56560,<,0.3,=,0.2,=,13.2,=,1.53,=,5.34,=,0.56,=,8.25,NA,NA,<,0.5,=,0.25,<,0.01,=,172,=,89,=,48,<,5,,NA,=,1.6,=,281,=,9.4,=,30.6,=,26.6,Ausente,Ausente,1
16,TIETE/BATALHA,POTIRENDABA,BA00103P,Bauru,2305448,22/3/2023,=,7.8,<,0.02,<,0.2,=,70,<,0.5,=,11.5,<,0.01,=,6500,=,0.1,<,0.05,=,0.25,=,75.6,=,24.4,<,0.2,=,370,<,2,=,20.1,=,1.45,=,2000,<,0.1,<,0.1,=,0.48,=,0.33,=,1900,<,0.1,<,0.2,=,28000,<,0.3,=,0.56,=,86.5,=,4.82,=,4,=,0.2,=,8,<,1,<,1,=,2,<,0.05,=,120,=,67.8,<,10,<,10,=,67.8,<,1,=,166,=,7.69,=,26.1,=,31.1,Ausente,Ausente,1
16,TIETE/BATALHA,POTIRENDABA,BA00103P,Bauru,2317379,27/9/2023,=,16.7,<,0.02,<,0.2,=,66.4,<,0.5,=,12.9,<,0.01,=,4955,=,0.12,<,0.05,=,0.53,=,77.7,=,19.4,<,0.2,=,270,<,2,=,16.4,=,1.39,=,1711,<,0.1,<,0.1,=,0.56,=,0.36,=,1558,<,0.1,<,0.2,=,30340,<,0.3,=,0.49,=,86.1,=,3.31,=,3,=,0.2,=,7,<,0.5,<,0.5,=,2,=,0.2,=,130,=,71.1,=,0,=,0,,NA,<,1,=,173,=,8.21,=,27.3,=,36.9,Presente,Ausente,14
16,TIETE/BATALHA,PRESIDENTE ALVES,BA00104P,Bauru,2305133,20/3/2023,=,2.69,<,0.02,<,0.2,=,220,<,0.5,=,3.9,=,0.01,=,12000,=,0.14,=,0.32,=,1.13,=,6.98,=,39.1,<,0.2,=,83,<,2,=,26.1,=,1.56,=,2200,=,2.97,<,0.1,<,0.03,=,2.25,=,5200,<,0.1,<,0.2,=,1900,<,0.3,=,0.006,=,0.53,=,3.4,=,1.95,<,0.1,=,0.58,<,0.5,NA,NA,=,4.26,<,0.01,=,107,=,33,<,5,<,5,,NA,<,1,=,105,=,6.1,=,24.6,=,31.7,Ausente,Ausente,60
16,TIETE/BATALHA,PRESIDENTE ALVES,BA00104P,Bauru,2316596,4/9/2023,<,2,=,0.02,<,0.2,=,210,<,0.5,=,3.81,=,0.02,=,9983,=,0.53,=,0.3,=,10.2,=,6.14,=,34.2,<,0.2,=,75,=,2.79,=,22.4,=,1.61,=,2258,=,3.49,<,0.1,<,0.03,=,2.32,=,4929,<,0.1,<,0.2,=,1822,<,0.3,=,0.007,=,0.53,=,6.74,=,2.03,<,0.1,=,0.61,<,0.5,<,0.5,=,4.22,<,0.01,<,100,=,34,<,5,<,5,,NA,<,1,=,101,=,6.2,=,25,=,37,Ausente,Ausente,220
16,TIETE/BATALHA,TAQUARITINGA,GU00204P,Guarani,2304738,9/3/2023,=,2.77,=,0.02,=,0.73,=,1.7,=,0.5,=,3.65,=,0.01,=,23000,=,0.49,=,0.05,=,0.3,=,3.07,=,75.5,<,0.2,=,260,=,3.12,<,10,=,3.42,=,4400,<,0.1,<,0.1,<,0.03,<,0.2,=,2700,<,0.1,=,0.95,=,6300,<,0.3,=,0.06,=,16.7,=,2.33,=,2,=,0.2,=,3,<,0.5,<,0.5,=,0.03,<,0.05,<,100,=,85.6,<,20,<,20,=,85.6,<,1,=,165,=,7.98,=,31.5,=,32.6,Ausente,Ausente,1
16,TIETE/BATALHA,TAQUARITINGA,GU00204P,Guarani,2317624,12/9/2023,<,2,<,0.02,=,0.78,=,1.62,<,0.5,=,3.19,<,0.01,=,21390,<,0.05,<,0.05,=,0.34,=,3.16,=,71.1,<,0.2,=,248,=,2.09,<,10,=,3.5,=,4307,<,0.1,<,0.1,<,0.03,<,0.2,=,2609,<,0.1,=,0.96,=,6026,<,0.3,=,0.07,=,16.9,=,0.66,<,1,<,0.1,=,0.5,<,0.2,<,1,=,0.04,<,0.05,<,100,=,95,=,0,=,0,,NA,=,3.1,=,168,=,8.07,=,30.9,=,32.8,Ausente,Ausente,4
16,TIETE/BATALHA,URU,SG00335P,Serra Geral,2305135,20/3/2023,=,8.57,<,0.02,=,3.2,<,1,<,0.5,=,81.1,<,0.01,=,610,<,0.05,<,0.05,<,0.2,=,0.3,=,1.52,<,0.2,=,34,<,2,<,10,=,1.47,<,100,<,0.1,<,0.1,=,0.95,<,0.2,<,200,<,0.1,=,0.32,=,94000,<,0.3,=,0.46,=,81.1,<,0.5,=,3.24,=,0.76,=,10.58,NA,NA,NA,NA,=,0.06,<,0.01,=,297,=,54,=,147,<,5,,NA,<,1,=,422,=,10,=,25.2,=,30,Ausente,Ausente,1
16,TIETE/BATALHA,URU,SG00335P,Serra Geral,2316597,4/9/2023,=,5.33,<,0.02,=,2.85,<,1,<,0.5,=,82.9,<,0.01,<,500,<,0.05,<,0.05,<,0.2,=,0.34,<,1.3,<,0.2,=,31,<,2,<,10,=,1.48,<,100,<,0.1,<,0.1,=,0.91,<,0.2,<,200,<,0.1,=,0.26,=,87950,<,0.3,=,0.43,=,75.6,=,1.04,=,3.29,=,0.76,=,10.76,NA,NA,<,0.5,=,0.06,<,0.01,=,246,=,54,<,5,<,5,,NA,<,1,=,411,=,10,=,25.2,=,28.7,Ausente,Ausente,1
17,MÉDIO PARANAPANEMA,AGUAS DE SANTA BARBARA,GU00225P,Guarani,2306603,11/4/2023,<,2,<,0.02,<,0.2,=,33.8,<,0.5,=,2.68,<,0.01,=,30400,<,0.05,<,0.05,=,0.61,=,2.39,=,79,<,0.2,=,119,<,2,<,10,=,1.72,=,750,<,0.1,<,0.1,<,0.03,<,0.2,=,3600,<,0.1,<,0.2,=,6630,<,0.3,=,0.06,=,0.98,=,0.65,=,0.55,=,0.078,=,0.91,<,0.2,<,1,=,0.11,<,0.01,=,149,=,96.4,=,0,=,0,,NA,<,1,=,186.2,=,7.75,=,28,=,22.4,Ausente,Ausente,4
17,MÉDIO PARANAPANEMA,AGUAS DE SANTA BARBARA,GU00225P,Guarani,2319758,24/10/2023,<,2,<,0.02,<,0.2,=,32.3,<,0.5,<,2,<,0.01,=,29890,<,0.05,<,0.05,=,0.23,=,2.68,=,77.8,<,0.2,=,116,<,2,<,10,=,2.23,=,788,<,0.1,<,0.1,<,0.03,<,0.2,=,3635,<,0.1,<,0.2,=,6779,<,0.3,=,0.1,=,1.14,=,0.97,=,0.42,=,0.063,=,0.69,<,0.1,<,0.5,=,0.1,<,0.01,=,133,=,97,=,0,=,0,,NA,<,1,=,184.7,=,8.15,=,28.2,=,30.1,Ausente,Ausente,2
17,MÉDIO PARANAPANEMA,ALVINLANDIA,BA00309P,Bauru,2304465,13/3/2023,=,14.6,<,0.02,=,0.4,=,150,<,0.5,=,5.21,<,0.01,=,8200,<,0.05,<,0.05,=,0.52,=,19.3,=,32,<,0.2,=,220,=,2.76,<,10,=,5.62,=,2800,<,0.1,<,0.1,<,0.03,<,0.2,=,690,<,0.1,<,0.2,=,38000,<,0.3,=,0.37,=,30.6,=,2.06,=,0.22,=,0.11,=,0.4,NA,NA,NA,NA,=,0.07,<,0.01,=,144,=,108,=,12,<,5,,NA,<,1,=,214,=,8.8,=,23.6,=,22.8,Ausente,Ausente,1
17,MÉDIO PARANAPANEMA,ALVINLANDIA,BA00309P,Bauru,2316611,11/9/2023,=,13.4,<,0.02,=,0.34,=,159,<,0.5,=,4.5,<,0.01,=,8195,<,0.05,<,0.05,<,0.2,=,17.4,=,32.7,<,0.2,=,236,<,2,<,10,=,5.48,=,2964,<,0.1,<,0.1,<,0.03,<,0.2,=,716,<,0.1,<,0.2,=,37860,<,0.3,=,0.35,=,27.9,=,1.06,=,0.25,=,0.11,=,0.39,NA,NA,<,0.5,=,0.08,<,0.01,=,149,=,107,=,13,<,5,,NA,<,1,=,213,=,8.9,=,25.3,=,25.4,Presente,Ausente,20
17,MÉDIO PARANAPANEMA,ASSIS,SG00312P,Serra Geral,2305409,17/4/2023,=,21.2,<,0.02,<,0.2,=,12.6,<,0.5,<,2,<,0.01,=,13200,=,0.1,<,0.05,=,0.61,=,2.29,=,51.6,<,0.2,=,73.3,=,37.6,=,79.6,=,0.66,=,4510,=,1.14,<,0.1,<,0.03,<,0.2,=,754,<,0.1,<,0.2,=,3330,=,1.16,=,0.01,=,13.8,=,2.4,=,2.05,<,0.1,=,0.27,<,0.5,<,0.5,=,0.68,<,0.01,<,100,=,56,<,5,<,5,,NA,<,1,=,113,=,6.5,=,24.5,=,29,Presente,Ausente,41
17,MÉDIO PARANAPANEMA,ASSIS,SG00312P,Serra Geral,2319106,9/10/2023,=,2.29,<,0.02,<,0.2,=,13.5,<,0.5,<,2,<,0.01,=,14380,=,0.08,<,0.05,=,0.45,=,1.97,=,57.5,<,0.2,=,77.8,=,5.58,=,86,=,0.85,=,5235,=,0.17,<,0.1,<,0.03,=,0.7,=,832,<,0.1,<,0.2,=,3775,<,0.3,=,0.01,=,13.4,=,2.61,=,1.9,<,0.1,=,0.5,<,0.5,<,0.5,=,0.67,<,0.01,=,122,=,65,<,5,<,5,,NA,=,1,<,1,=,6.7,=,23.9,=,25.3,Ausente,Ausente,1
17,MÉDIO PARANAPANEMA,AVARE,GU00011P,Guarani,2306606,11/4/2023,<,2,<,0.02,=,0.37,=,2.35,<,0.5,=,4.89,<,0.01,=,28600,<,0.05,<,0.05,=,0.44,=,4.39,=,93.9,<,0.2,=,167,<,2,<,10,=,3.88,=,5470,<,0.1,<,0.1,=,0.08,<,0.2,=,1220,<,0.1,=,0.38,=,10400,<,0.3,=,0.03,=,18.5,=,11.5,=,0.76,=,0.22,=,1.31,<,0.1,<,1,=,0.17,<,0.01,=,184,=,111,=,0,=,0,,NA,<,1,=,221,=,7.54,=,28.4,=,17.7,Ausente,Ausente,5
17,MÉDIO PARANAPANEMA,AVARE,GU00011P,Guarani,2319755,24/10/2023,<,2,<,0.02,=,0.41,=,1.99,<,0.5,=,3.58,<,0.01,=,28610,=,0.18,<,0.05,=,0.76,=,5.2,=,95.4,<,0.2,=,167,=,5.56,<,10,=,4.75,=,5837,=,0.24,<,0.1,=,0.1,<,0.2,=,1287,<,0.1,=,0.4,=,10650,<,0.3,=,0.04,=,20.9,=,9.56,=,0.67,=,0.21,=,1.1,<,0.1,<,0.5,=,0.17,<,0.01,=,178,=,114,=,0,=,0,,NA,<,1,=,218,=,7.89,=,28.8,=,29.6,Ausente,Ausente,2
17,MÉDIO PARANAPANEMA,BERNARDINO DE CAMPOS,GU00310P,Guarani,2305367,10/4/2023,<,2,<,0.02,<,0.2,=,8.83,<,0.5,=,3.72,<,0.01,=,24500,=,0.1,<,0.05,=,0.21,=,1.47,=,65.1,<,0.2,=,167,<,2,<,10,=,2.44,=,943,<,0.1,<,0.1,<,0.03,<,0.2,=,1240,<,0.1,=,0.27,=,17500,<,0.3,=,0.32,=,3.81,=,2.3,=,0.4,<,0.1,=,0.15,NA,NA,<,0.5,=,0.08,<,0.01,=,146,=,105,<,5,<,5,,NA,=,1.4,=,206,=,7.9,=,29.1,=,26,Ausente,Ausente,1
17,MÉDIO PARANAPANEMA,BERNARDINO DE CAMPOS,GU00310P,Guarani,2318967,2/10/2023,<,2,<,0.02,<,0.2,=,8.89,<,0.5,=,3.05,<,0.01,=,23440,<,0.05,<,0.05,=,0.23,=,1.44,=,62.4,<,0.2,=,160,=,2.08,<,10,=,2.78,=,960,<,0.1,<,0.1,<,0.03,<,0.2,=,1299,<,0.1,=,0.29,=,17590,<,0.3,=,0.33,=,3.97,=,3.43,=,0.41,<,0.1,=,0.15,NA,NA,<,0.5,=,0.08,<,0.01,=,153,=,110,<,5,<,5,,NA,=,1.3,=,198,=,7.9,=,29.3,=,26.9,Ausente,Ausente,4
17,MÉDIO PARANAPANEMA,CRUZALIA,SG00239P,Serra Geral,2305408,17/4/2023,=,2.73,<,0.02,<,0.2,<,1,<,0.5,=,11.5,<,0.01,=,5330,<,0.05,<,0.05,<,0.2,=,3.72,=,21.2,<,0.2,=,15.8,<,2,=,64.8,=,0.34,=,1920,<,0.1,<,0.1,=,0.03,<,0.2,=,367,<,0.1,=,0.35,=,12300,<,0.3,=,0.007,=,33.8,<,0.5,=,1.57,=,0.13,=,0.22,<,0.5,<,0.5,=,0.46,<,0.01,=,112,=,47,<,5,<,5,,NA,<,1,=,95,=,7.6,=,23.9,=,23.6,Presente,Ausente,20
17,MÉDIO PARANAPANEMA,CRUZALIA,SG00239P,Serra Geral,2319105,9/10/2023,<,2,<,0.02,<,0.2,<,1,<,0.5,<,2,<,0.01,=,6384,<,0.05,<,0.05,<,0.2,=,3.25,=,27.4,<,0.2,=,20.7,<,2,=,69.6,=,0.49,=,2801,<,0.1,<,0.1,<,0.03,<,0.2,=,440,<,0.1,=,0.29,=,4156,<,0.3,<,0.005,=,16.2,<,0.5,=,1.84,=,0.12,=,0.36,<,0.5,<,0.5,=,0.52,<,0.01,<,100,=,38,<,5,<,5,,NA,<,1,<,1,=,7.2,=,24.2,=,25.4,Ausente,Ausente,54
17,MÉDIO PARANAPANEMA,DUARTINA,BA00378P,Bauru,2316612,11/9/2023,<,2,<,0.02,<,0.2,=,124,<,0.5,<,2,<,0.01,=,21630,=,0.19,<,0.05,=,1.53,=,1.51,=,71.3,<,0.2,=,111,=,11.7,<,10,=,1.38,=,4192,=,0.26,<,0.1,<,0.03,<,0.2,=,2355,<,0.1,<,0.2,=,291,<,0.3,=,0.009,=,2.44,=,1.29,=,0.91,<,0.1,<,0.1,<,0.5,<,0.5,=,4.02,<,0.01,=,118,=,62,<,5,<,5,,NA,<,1,=,153,=,6.9,=,23.9,=,31.5,Presente,Ausente,750
17,MÉDIO PARANAPANEMA,ECHAPORA,BA00354P,Bauru,2305410,17/4/2023,=,21.1,<,0.02,<,0.2,=,25.1,<,0.5,<,2,<,0.01,=,3160,=,0.09,<,0.05,=,1.02,=,1,=,10.2,<,0.2,=,11.7,=,81,<,10,=,0.56,=,563,=,1.25,<,0.1,<,0.03,=,0.38,=,723,<,0.1,<,0.2,<,200,=,1.55,=,0.005,=,0.5,=,3.12,<,0.1,<,0.1,<,0.1,<,0.5,<,0.5,<,0.05,<,0.01,<,100,=,12,<,5,<,5,,NA,<,1,=,25,=,5.8,=,25.6,=,27.9,Ausente,Ausente,16
17,MÉDIO PARANAPANEMA,ECHAPORA,BA00354P,Bauru,2319108,9/10/2023,<,2,<,0.02,<,0.2,=,24.6,<,0.5,<,2,<,0.01,=,2879,=,0.22,<,0.05,=,2.65,=,0.58,=,9.48,<,0.2,=,10.3,<,2,<,10,=,0.69,=,556,=,0.44,<,0.1,<,0.03,=,0.66,=,703,<,0.1,<,0.2,<,200,<,0.3,=,0.008,=,0.27,=,1.35,<,0.1,<,0.1,<,0.1,<,0.5,<,0.5,=,0.06,<,0.01,<,100,=,10,<,5,<,5,,NA,<,1,<,1,=,6,=,24.3,=,24.1,Ausente,Ausente,79
17,MÉDIO PARANAPANEMA,ESPIRITO SANTO DO TURVO,SG00244P,Serra Geral,2304464,13/3/2023,=,3.04,<,0.02,<,0.2,=,71,<,0.5,<,2,<,0.01,=,17000,=,0.06,<,0.05,=,0.43,=,2.14,=,70,<,0.2,=,330,=,4.63,=,149,=,2.47,=,6700,=,1.63,<,0.1,<,0.03,<,0.2,=,2200,<,0.1,<,0.2,=,4300,<,0.3,=,0.03,=,9.02,=,17.3,=,4.21,<,0.1,=,0.21,<,0.5,NA,NA,=,2.8,<,0.01,=,172,=,70,<,5,<,5,,NA,=,1.6,=,164,=,6.7,=,24.7,=,29.7,Ausente,Ausente,1
17,MÉDIO PARANAPANEMA,ESPIRITO SANTO DO TURVO,SG00244P,Serra Geral,2316609,11/9/2023,<,2,<,0.02,<,0.2,=,73.6,<,0.5,<,2,<,0.01,=,16900,=,0.08,<,0.05,=,0.77,=,2.13,=,70.7,<,0.2,=,331,<,2,=,149,=,2.38,=,6928,=,0.16,<,0.1,<,0.03,<,0.2,=,2322,<,0.1,<,0.2,=,4659,<,0.3,=,0.03,=,9.21,=,11.8,=,4.52,<,0.1,=,0.22,<,0.5,<,0.5,=,2.96,<,0.01,=,152,=,69,<,5,<,5,,NA,<,1,=,166,=,6.6,=,25.7,=,35,Ausente,Ausente,1
17,MÉDIO PARANAPANEMA,GALIA,BA00041P,Bauru,2304428,6/3/2023,=,6.14,=,0.02,=,1.1,=,650,=,0.5,=,6.79,=,0.01,=,1900,<,0.05,=,0.05,<,0.2,=,13.2,=,76.2,<,0.2,=,490,=,7.92,<,10,=,8.34,=,7000,=,0.14,<,0.1,<,0.03,<,0.2,=,2300,<,0.1,<,0.2,=,16000,<,0.3,=,0.39,=,25.9,=,1.28,=,0.47,=,0.14,=,2.02,NA,NA,NA,NA,=,0.18,<,0.01,=,161,=,130,<,5,<,5,,NA,=,2.9,=,228,=,8,=,24.9,=,30.5,Ausente,Ausente,1
17,MÉDIO PARANAPANEMA,GALIA,BA00041P,Bauru,2316587,4/9/2023,=,2.03,<,0.02,=,1.17,=,1131,<,0.5,=,4.36,<,0.01,=,23380,<,0.05,<,0.05,=,0.22,=,6.75,=,106,<,0.2,=,523,=,2.33,<,10,=,5.62,=,11460,<,0.1,<,0.1,<,0.03,<,0.2,=,2408,<,0.1,<,0.2,=,10990,<,0.3,=,0.23,=,19.6,=,0.89,=,0.48,=,0.12,=,1.91,<,0.5,<,0.5,=,0.23,<,0.01,=,125,=,126,<,5,<,5,,NA,=,2,=,226,=,7.9,=,26.6,=,35.1,Ausente,Ausente,1
17,MÉDIO PARANAPANEMA,ITATINGA,SG00250P,Serra Geral,2306594,11/4/2023,<,2,<,0.02,<,0.2,=,45.1,<,0.5,<,2,<,0.01,=,2130,=,0.63,<,0.05,=,3.97,=,0.42,=,11.3,<,0.2,=,29.5,=,5.45,=,63.8,=,0.79,=,1450,=,0.66,<,0.1,<,0.03,=,0.39,=,840,<,0.1,<,0.2,=,1140,<,0.3,<,0.005,=,1.11,=,3.74,=,0.6,=,0.077,=,0.87,<,0.1,<,1,=,0.61,<,0.01,=,60,=,9.67,=,0,=,0,,NA,<,1,=,30.3,=,5.69,=,23.6,=,28.6,Ausente,Ausente,1
17,MÉDIO PARANAPANEMA,ITATINGA,SG00250P,Serra Geral,2319898,9/10/2023,<,2,<,0.02,<,0.2,=,44.7,<,0.5,<,2,<,0.01,=,1893,=,0.77,<,0.05,=,5.43,=,0.51,=,10.9,=,0.28,=,28.5,=,5.94,=,69,=,1,=,1490,=,0.77,<,0.1,<,0.03,=,0.44,=,788,<,0.1,<,0.2,=,994,<,0.3,<,0.005,=,1.2,=,4.77,=,0.51,=,0.069,=,0.66,<,0.1,<,0.5,=,0.72,<,0.01,<,50,=,10.4,=,0,=,0,,NA,<,1,=,29.7,=,6.22,=,22.9,=,26.1,Ausente,Ausente,1
17,MÉDIO PARANAPANEMA,MARACAI,SG00256P,Serra Geral,2305412,17/4/2023,<,2,<,0.02,<,0.2,<,1,<,0.5,=,6.27,<,0.01,=,24700,<,0.05,<,0.05,=,0.43,=,1.92,=,85.6,<,0.2,=,74.6,<,2,=,65,=,0.65,=,5810,<,0.1,<,0.1,<,0.03,<,0.2,=,900,<,0.1,<,0.2,=,14200,<,0.3,=,0.03,=,18.8,=,8.67,=,7.38,<,0.1,=,2.57,<,0.5,<,0.5,=,3.62,<,0.01,=,185,=,93,<,5,<,5,,NA,=,1,=,237,=,6.9,=,24.6,=,24.8,Ausente,Ausente,1
17,MÉDIO PARANAPANEMA,MARACAI,SG00256P,Serra Geral,2319107,9/10/2023,<,2,<,0.02,<,0.2,<,1,<,0.5,=,4.34,<,0.01,=,21100,<,0.05,<,0.05,=,0.3,=,1.76,=,74.8,<,0.2,=,64.3,<,2,=,55,=,0.79,=,5373,<,0.1,<,0.1,<,0.03,<,0.2,=,808,<,0.1,<,0.2,=,13940,<,0.3,=,0.03,=,18.2,=,6.68,=,6.01,<,0.1,=,2.15,<,0.5,<,0.5,=,2.93,<,0.01,=,170,=,94,<,5,<,5,,NA,<,1,<,1,=,7.1,=,24.6,=,24.2,Presente,Ausente,9
17,MÉDIO PARANAPANEMA,OLEO,SG00242P,Serra Geral,2305368,10/4/2023,<,2,<,0.02,<,0.2,=,1.2,<,0.5,<,2,<,0.01,=,25800,<,0.05,<,0.05,<,0.2,=,0.78,=,87,<,0.2,=,184,<,2,=,74.8,=,1.24,=,5480,<,0.1,<,0.1,<,0.03,<,0.2,=,1260,<,0.1,=,0.2,=,8420,<,0.3,=,0.07,=,11.2,<,0.5,=,4.81,<,0.1,=,0.42,<,0.5,<,0.5,=,2.61,<,0.01,=,176,=,88,<,5,<,5,,NA,=,1.2,=,211,=,7.2,=,23,=,27.4,Presente,Ausente,16
17,MÉDIO PARANAPANEMA,OLEO,SG00242P,Serra Geral,2318965,2/10/2023,<,2,<,0.02,<,0.2,=,1.88,<,0.5,<,2,<,0.01,=,26250,<,0.05,<,0.05,<,0.2,=,0.7,=,89.4,<,0.2,=,188,=,2.11,=,77.4,=,1.49,=,5795,<,0.1,<,0.1,<,0.03,<,0.2,=,1315,<,0.1,<,0.2,=,8565,<,0.3,=,0.06,=,10.5,=,1.03,=,5.02,<,0.1,=,0.14,<,0.5,<,0.5,=,2.8,<,0.01,=,183,=,98,<,5,<,5,,NA,<,1,=,215,=,7.3,=,23,=,24.6,Presente,Ausente,9
17,MÉDIO PARANAPANEMA,PAULISTANIA,BA00398P,Bauru,2304468,13/3/2023,=,12.4,<,0.02,=,1.6,<,1,<,0.5,=,41.4,<,0.01,<,500,<,0.05,<,0.05,<,0.2,=,10,<,1.3,<,0.2,=,8.8,<,2,=,11.8,=,2.93,<,100,<,0.1,<,0.1,=,0.26,<,0.2,<,200,<,0.1,=,0.46,=,72000,<,0.3,=,0.96,=,84.6,<,0.5,=,0.66,=,0.45,=,5.8,NA,NA,NA,NA,<,0.05,<,0.01,=,197,=,84,=,76,<,5,,NA,=,2.3,=,314,=,9.6,=,26.1,=,27.2,Ausente,Ausente,1
17,MÉDIO PARANAPANEMA,PAULISTANIA,BA00398P,Bauru,2316610,11/9/2023,=,9.58,<,0.02,=,1.55,<,1,<,0.5,=,40.1,<,0.01,<,500,=,0.06,<,0.05,<,0.2,=,9.06,<,1.3,<,0.2,=,8.46,<,2,=,11.4,=,2.82,<,100,<,0.1,<,0.1,=,0.25,<,0.2,<,200,<,0.1,=,0.48,=,71150,<,0.3,=,0.99,=,80.9,<,0.5,=,0.66,=,0.46,=,5.9,NA,NA,<,0.5,<,0.05,<,0.01,=,197,=,82,=,73,<,5,,NA,<,1,=,311,=,9.7,=,26.3,=,33.5,Ausente,Ausente,1
17,MÉDIO PARANAPANEMA,PLATINA,SG00268P,Serra Geral,2305411,17/4/2023,=,4.92,<,0.02,=,0.31,=,1.46,<,0.5,=,15.8,<,0.01,=,1720,<,0.05,<,0.05,=,0.42,=,2.63,=,5.59,<,0.2,=,6.09,<,2,=,19.3,=,0.22,=,316,<,0.1,<,0.1,=,0.04,<,0.2,=,223,<,0.1,=,0.91,=,40500,<,0.3,=,0.12,=,33.7,=,1.74,=,1.32,=,0.16,=,0.24,NA,NA,<,0.5,=,0.68,<,0.01,=,141,=,63,=,34,<,5,,NA,<,1,=,192,=,9.3,=,25.1,=,29.2,Ausente,Ausente,1
17,MÉDIO PARANAPANEMA,PLATINA,SG00268P,Serra Geral,2319104,9/10/2023,=,3.93,<,0.02,=,0.22,=,4.96,<,0.5,=,11.8,<,0.01,=,2617,<,0.05,<,0.05,<,0.2,=,1.99,=,10.2,<,0.2,=,13.5,<,2,=,15.6,=,0.34,=,881,<,0.1,<,0.1,=,0.04,<,0.2,=,237,<,0.1,=,0.56,=,38640,<,0.3,=,0.13,=,24.8,<,0.5,=,1.98,=,0.16,=,0.23,NA,NA,<,0.5,=,1.26,<,0.01,=,156,=,82,=,17,<,5,,NA,<,1,<,1,=,9.1,=,24.6,=,25.8,Ausente,Ausente,1
17,MÉDIO PARANAPANEMA,PRATANIA,SG00311P,Serra Geral,2306587,11/4/2023,<,2,<,0.02,<,0.2,=,45.6,<,0.5,<,2,<,0.01,=,17000,=,0.07,=,0.06,=,0.94,=,0.29,=,69.3,<,0.2,=,191,<,2,=,128,=,1.11,=,6530,=,0.14,<,0.1,=,0.04,<,0.2,=,1870,<,0.1,<,0.2,=,3840,<,0.3,<,0.005,=,8.06,=,4.65,=,4.92,=,0.1,=,1.16,<,0.1,<,1,=,3.39,<,0.01,=,158,=,59.5,=,0,=,0,,NA,<,1,=,163.1,=,6.78,=,23.4,=,27.5,Ausente,Ausente,1
17,MÉDIO PARANAPANEMA,PRATANIA,SG00311P,Serra Geral,2319899,9/10/2023,<,2,<,0.02,<,0.2,=,46.3,<,0.5,<,2,<,0.01,=,16570,=,0.08,=,0.05,=,0.99,=,0.34,=,69.6,<,0.2,=,188,<,2,=,136,=,1.41,=,6848,=,0.11,<,0.1,<,0.03,<,0.2,=,1845,<,0.1,<,0.2,=,3941,<,0.3,=,0.007,=,8.51,=,3.32,=,4.95,=,0.09,=,0.9,<,0.1,<,0.5,=,3.38,<,0.01,=,146,=,58.4,=,0,=,0,,NA,<,1,=,159.3,=,7.08,=,22.6,=,25.9,Ausente,Ausente,1
17,MÉDIO PARANAPANEMA,QUATA,BA00377P,Bauru,2305488,8/5/2023,<,2,<,0.02,<,0.2,=,308,<,0.5,<,2,<,0.01,=,38900,=,0.1,<,0.05,=,2.37,=,4.32,=,128,<,0.2,=,173,=,3.67,=,32.4,=,1.97,=,7480,=,0.97,<,0.1,<,0.03,=,0.41,=,4840,<,0.1,<,0.2,=,4590,<,0.3,=,0.01,=,1.4,=,9.58,=,22.2,<,0.1,=,0.77,<,0.5,<,0.5,=,17.43,<,0.01,=,300,=,51,<,5,<,5,,NA,=,1.1,=,327,=,6.4,=,24,=,29.2,Ausente,Ausente,6
17,MÉDIO PARANAPANEMA,QUATA,BA00377P,Bauru,2319116,16/10/2023,<,2,<,0.02,<,0.2,=,313,<,0.5,<,2,<,0.01,=,38720,=,0.19,<,0.05,=,2,=,4.22,=,129,<,0.2,=,172,=,5.48,=,34.6,=,2.11,=,7763,=,0.71,=,0.25,<,0.03,=,0.36,=,5035,<,0.1,<,0.2,=,4555,<,0.3,=,0.02,=,1.41,=,9.1,=,21.77,<,0.1,=,0.79,<,0.5,<,0.5,=,17.59,<,0.01,=,297,=,54,<,5,<,5,,NA,<,1,=,320,=,6.4,=,23.8,=,36.5,Ausente,Ausente,6
17,MÉDIO PARANAPANEMA,RANCHARIA,BA00108P,Bauru,2305487,8/5/2023,<,2,<,0.02,<,0.2,=,119,<,0.5,=,2.67,<,0.01,=,5290,=,0.14,=,0.36,=,1.54,=,3,=,18.7,<,0.2,=,44,<,2,=,53.6,=,1.68,=,1340,=,0.44,<,0.1,<,0.03,=,2.84,=,2800,<,0.1,<,0.2,=,510,<,0.3,<,0.005,=,0.24,=,3.34,=,0.42,<,0.1,<,0.1,<,0.5,<,0.5,=,0.37,<,0.01,<,100,=,22,<,5,<,5,,NA,<,1,=,48,=,6,=,24.6,=,28.7,Ausente,Ausente,16
17,MÉDIO PARANAPANEMA,RANCHARIA,BA00108P,Bauru,2319118,16/10/2023,<,2,<,0.02,<,0.2,=,123,<,0.5,<,2,<,0.01,=,5428,=,0.24,=,0.38,=,1.88,=,3.04,=,19.5,<,0.2,=,46,<,2,=,60.1,=,1.82,=,1426,=,0.51,<,0.1,<,0.03,=,2.83,=,2944,<,0.1,<,0.2,=,719,<,0.3,=,0.005,=,0.37,=,5.38,=,0.46,<,0.1,<,0.1,<,0.5,<,0.5,=,0.41,<,0.01,<,100,=,24,<,5,<,5,,NA,<,1,=,49,=,6.1,=,24.6,=,33.9,Ausente,Ausente,16
17,MÉDIO PARANAPANEMA,RIBEIRAO DO SUL,SG00313P,Serra Geral,2305369,10/4/2023,=,6.83,<,0.02,=,0.28,<,1,<,0.5,=,6.91,<,0.01,=,2740,<,0.05,<,0.05,<,0.2,=,1.64,=,7.28,<,0.2,=,6.71,<,2,<,10,=,0.7,=,106,<,0.1,<,0.1,=,0.04,<,0.2,<,200,<,0.1,=,5.24,=,34800,<,0.3,=,0.07,=,37.8,=,0.63,=,0.53,=,0.12,=,0.22,NA,NA,<,0.5,=,0.14,<,0.01,=,126,=,53,=,31,<,5,,NA,<,1,=,168,=,9.2,=,25.2,=,21.8,Ausente,Ausente,1
17,MÉDIO PARANAPANEMA,RIBEIRAO DO SUL,SG00313P,Serra Geral,2318966,2/10/2023,=,7.31,<,0.02,=,0.26,<,1,<,0.5,=,6.78,<,0.01,=,2384,<,0.05,<,0.05,<,0.2,=,1.47,=,5.95,<,0.2,=,5.79,<,2,<,10,=,0.91,<,100,<,0.1,<,0.1,=,0.05,<,0.2,=,200,<,0.1,=,5.55,=,34960,<,0.3,=,0.08,=,36.3,=,1.13,=,0.48,=,0.11,=,0.21,NA,NA,<,0.5,=,0.14,<,0.01,=,131,=,59,=,29,<,5,,NA,<,1,=,158,=,9.3,=,25.6,=,22.3,Ausente,Ausente,1
18,SAO JOSÉ DOS DOURADOS,APARECIDA D'OESTE,BA00007P,Bauru,2305121,14/3/2023,=,15.8,<,0.02,=,0.2,=,44,<,0.5,=,7.75,<,0.01,=,18000,<,0.05,<,0.05,<,0.2,=,45.7,=,59.7,<,0.2,=,790,=,40.2,<,10,=,6.73,=,3600,=,0.43,<,0.1,<,0.03,<,0.2,=,2400,<,0.1,<,0.2,=,13000,=,4.15,=,0.06,=,35.7,=,1.48,=,3,=,0.4,=,3,<,1,<,1,=,0.05,<,0.05,=,122,=,80.9,=,1.96,=,0,,NA,<,1,=,162,=,8.27,=,26.1,=,31.1,Ausente,Ausente,1
18,SAO JOSÉ DOS DOURADOS,APARECIDA D'OESTE,BA00007P,Bauru,2317429,19/9/2023,<,2,<,0.02,=,0.24,=,46.3,<,0.5,=,7.57,<,0.01,=,16590,=,0.07,<,0.05,=,0.71,=,47.2,=,56.3,<,0.2,=,740,<,2,<,10,=,6.56,=,3626,<,0.1,<,0.1,<,0.03,<,0.2,=,2423,<,0.1,<,0.2,=,12150,<,0.3,=,0.08,=,36.9,=,1.96,<,1,=,0.4,<,0.5,<,1,<,1,=,0.09,<,0.05,=,120,=,83.6,=,0,=,0,,NA,=,1.6,=,164,=,8.14,=,26,=,37.3,Presente,Ausente,9
18,SAO JOSÉ DOS DOURADOS,DIRCE REIS,BA00026P,Bauru,2305459,15/3/2023,=,20.5,<,0.02,<,0.2,=,210,<,0.5,=,5.25,<,0.01,=,23000,<,0.05,<,0.05,<,0.2,=,66,=,123,<,0.2,=,210,=,47.6,=,19.7,=,3,=,16000,=,0.47,<,0.1,<,0.03,=,0.29,=,4000,<,0.1,<,0.2,=,13000,=,5.19,=,0.16,=,10.7,=,9.57,=,4,=,0.3,=,2,<,0.5,<,0.5,=,3,<,0.05,=,216,=,137,=,0,=,0,,NA,<,1,=,279,=,7.84,=,24.8,=,22.9,Ausente,Ausente,1
18,SAO JOSÉ DOS DOURADOS,DIRCE REIS,BA00026P,Bauru,2318310,20/9/2023,=,9.9,<,0.02,<,0.2,=,200,<,0.5,=,5.5,<,0.01,=,21520,<,0.05,<,0.05,=,0.37,=,61.6,=,113,<,0.2,=,206,=,2.46,=,16.3,=,3.08,=,14450,<,0.1,<,0.1,<,0.03,=,0.58,=,3881,<,0.1,<,0.2,=,12600,<,0.3,=,0.18,=,11.7,=,9.8,=,2,=,0.2,<,0.5,<,0.5,<,0.5,=,2,=,0.3,=,194,=,135,=,0,=,0,,NA,<,1,=,280,=,7.92,=,25.9,=,29.2,Presente,Ausente,9
18,SAO JOSÉ DOS DOURADOS,GENERAL SALGADO,BA00384P,Bauru,2305465,15/3/2023,=,3.86,<,0.02,<,0.2,=,110,<,0.5,=,7.99,<,0.01,=,15000,=,0.07,<,0.05,=,0.22,=,74,=,49.4,<,0.2,=,260,=,2.47,=,74,=,2.92,=,2900,=,0.23,<,0.1,=,0.04,<,0.2,=,2900,<,0.1,<,0.2,=,28000,<,0.3,=,0.22,=,36.7,=,5.81,=,16,=,0.3,=,3,NA,NA,<,0.5,=,2,<,0.05,=,164,=,81.6,=,0,=,0,,NA,=,1.35,=,218,=,7.46,=,26.8,=,32.3,Ausente,Ausente,1
18,SAO JOSÉ DOS DOURADOS,GENERAL SALGADO,BA00384P,Bauru,2318304,20/9/2023,=,3.82,<,0.02,<,0.2,=,112,<,0.5,=,7.85,<,0.01,=,13970,<,0.05,<,0.05,=,0.46,=,67.3,=,47,<,0.2,=,246,<,2,=,75.4,=,2.88,=,2937,=,0.22,<,0.1,=,0.03,<,0.2,=,2741,<,0.1,<,0.2,=,28160,<,0.3,=,0.26,=,65.6,=,3.35,=,13,=,0.2,<,0.5,<,0.5,<,0.5,=,2,=,0.2,=,146,=,85.8,=,0,=,0,,NA,=,2.3,=,227,=,7.47,=,27.2,=,36.2,Ausente,Ausente,1
18,SAO JOSÉ DOS DOURADOS,GUZOLANDIA,BA00293P,Bauru,2305462,15/3/2023,=,4.94,<,0.02,<,0.2,=,670,<,0.5,=,6.31,<,0.01,=,56000,=,0.16,<,0.05,=,0.41,=,30.5,=,214,<,0.2,=,440,=,3.79,=,41,=,4,=,18000,<,0.1,<,0.1,<,0.03,=,0.21,=,7100,<,0.1,<,0.2,=,17000,<,0.3,=,0.19,=,10.4,=,5.45,=,28,=,0.3,=,3,<,0.5,<,0.5,=,12,=,0.06,=,364,=,172,=,0,=,0,,NA,<,1,=,509,=,7.22,=,26.3,=,29.6,Ausente,Ausente,1
18,SAO JOSÉ DOS DOURADOS,GUZOLANDIA,BA00293P,Bauru,2318312,20/9/2023,=,6.15,<,0.02,<,0.2,=,392,<,0.5,=,6.5,<,0.01,=,32270,=,0.39,<,0.05,=,1.21,=,54.7,=,122,<,0.2,=,256,=,4.25,=,31.4,=,3.29,=,10180,<,0.1,<,0.1,<,0.03,<,0.2,=,4828,<,0.1,<,0.2,=,15190,<,0.3,=,0.12,=,23,=,5.99,=,14,=,0.2,=,4,<,0.5,<,0.5,=,6,=,0.3,=,196,=,119,=,0,=,0,,NA,<,1,=,334,=,7.24,=,27,=,35.9,Ausente,Ausente,1
18,SAO JOSÉ DOS DOURADOS,JALES,BA00059P,Bauru,2304896,16/3/2023,=,4.56,<,0.02,<,0.2,=,300,<,0.5,<,2,<,0.01,=,31000,=,0.15,<,0.05,=,1.13,=,10.7,=,119,<,0.2,=,250,=,5.43,=,151,=,10.5,=,10000,=,0.2,<,0.1,<,0.03,=,0.47,=,4300,<,0.1,<,0.2,=,7200,<,0.3,=,0.02,=,4.43,=,2.95,=,17,=,0.2,=,5,<,0.5,<,0.5,=,12,<,0.05,=,242,=,66.9,<,20,<,20,=,66.9,<,1,=,285,=,6.53,=,25.7,=,23.3,Ausente,Ausente,1
18,SAO JOSÉ DOS DOURADOS,JALES,BA00059P,Bauru,2317199,21/9/2023,=,4.77,<,0.02,<,0.2,=,206,<,0.5,=,2.5,<,0.01,=,19720,=,0.14,<,0.05,=,1.52,=,27.5,=,76,<,0.2,=,199,=,2.92,=,94.9,=,7.51,=,6498,<,0.1,<,0.1,<,0.03,=,0.38,=,2969,<,0.1,<,0.2,=,18610,<,0.3,=,0.04,=,5.26,=,1.61,=,9,=,0.1,=,2,<,1,<,1,=,7,<,0.05,=,214,=,79.3,<,20,<,20,=,79.3,<,1,=,251,=,6.68,=,26.2,=,28.9,Ausente,Ausente,1
18,SAO JOSÉ DOS DOURADOS,MONTE APRAZIVEL,BA00259P,Bauru,2304897,23/3/2023,<,2,<,0.02,<,0.2,=,150,<,0.5,<,2,<,0.01,=,36000,=,0.08,<,0.05,=,0.79,=,22.4,=,111,<,0.2,=,220,<,2,=,55.9,=,2.1,=,5100,<,0.1,<,0.1,<,0.03,<,0.2,=,3800,<,0.1,<,0.2,=,3600,<,0.3,=,0.1,=,2.93,=,3.79,=,3,=,0.1,=,3,<,0.5,<,0.5,=,2,<,0.05,=,160,=,113,<,10,<,10,=,113,<,1,=,229,=,7.53,=,25.2,=,29.5,Ausente,Ausente,9
18,SAO JOSÉ DOS DOURADOS,MONTE APRAZIVEL,BA00259P,Bauru,2317227,26/9/2023,=,2.56,<,0.02,<,0.2,=,164,<,0.5,<,2,<,0.01,=,35530,=,0.12,<,0.05,=,0.9,=,23.8,=,108,<,0.2,=,213,=,3.72,=,72.5,=,2.3,=,4684,=,0.12,<,0.1,<,0.03,<,0.2,=,3903,<,0.1,<,0.2,=,3861,<,0.3,=,0.07,=,2.9,=,3.55,<,1,<,0.1,<,0.5,<,1,<,1,=,2,=,0.2,=,204,=,115,<,20,<,20,=,115,<,1,=,234,=,7.42,=,26.5,=,40.7,Ausente,Ausente,1
18,SAO JOSÉ DOS DOURADOS,NOVA CANAA PAULISTA,BA00077P,Bauru,2305129,14/3/2023,=,6.74,<,0.02,<,0.2,=,210,<,0.5,=,2.78,<,0.01,=,37000,=,0.09,<,0.05,=,0.31,=,27.5,=,166,<,0.2,=,260,=,2.83,<,10,=,9.07,=,18000,<,0.1,<,0.1,<,0.03,<,0.2,=,4300,<,0.1,<,0.2,=,5900,<,0.3,=,0.17,=,6.51,=,3.75,=,3,=,0.5,=,2,<,1,<,1,=,0.5,<,0.05,=,224,=,170,<,20,<,20,=,170,<,1,=,322,=,7.79,=,25.4,=,26.4,Ausente,Ausente,11
18,SAO JOSÉ DOS DOURADOS,NOVA CANAA PAULISTA,BA00077P,Bauru,2317431,19/9/2023,=,4.43,<,0.02,<,0.2,=,199,<,0.5,=,2.41,<,0.01,=,34760,=,0.06,<,0.05,=,0.61,=,29,=,158,<,0.2,=,241,=,3.37,<,10,=,9.57,=,17220,<,0.1,<,0.1,<,0.03,<,0.2,=,4215,<,0.1,<,0.2,=,5488,<,0.3,=,0.2,=,6.52,=,2.57,<,1,=,0.5,<,0.5,<,1,<,1,=,0.3,<,0.05,=,220,=,170,=,0,=,0,,NA,=,1.3,=,323,=,7.74,=,25.5,=,29.7,Ausente,Ausente,1
18,SAO JOSÉ DOS DOURADOS,PONTALINDA,BA00325P,Bauru,2305466,15/3/2023,=,3.85,<,0.02,<,0.2,=,6,<,0.5,=,7.6,<,0.01,=,12000,=,0.09,<,0.05,=,1.65,=,68,=,33.3,<,0.2,=,430,<,2,<,10,=,1.81,=,800,<,0.1,<,0.1,<,0.03,<,0.2,=,1500,<,0.1,<,0.2,=,19000,<,0.3,=,0.13,=,23.3,=,2.8,=,3,=,0.2,=,2,NA,NA,<,0.5,=,0.6,<,0.05,=,114,=,62.8,=,4.14,=,0,,NA,<,1,=,137,=,8.53,=,24.8,=,23.5,Ausente,Ausente,12
18,SAO JOSÉ DOS DOURADOS,PONTALINDA,BA00325P,Bauru,2318319,20/9/2023,=,4.24,<,0.02,<,0.2,=,5.71,<,0.5,=,7.92,<,0.01,=,10660,<,0.05,<,0.05,=,0.4,=,65.4,=,29.8,<,0.2,=,401,<,2,<,10,=,1.97,=,788,<,0.1,<,0.1,<,0.03,<,0.2,=,1524,<,0.1,<,0.2,=,17790,<,0.3,=,0.14,=,25.8,=,0.67,<,1,=,0.1,=,5,<,0.5,=,5.13,=,0.5,<,0.05,<,100,=,68,=,0,=,0,,NA,<,1,=,138,=,8.52,=,25.5,=,30,Ausente,Ausente,1
18,SAO JOSÉ DOS DOURADOS,SANTANA DA PONTE PENSA,BA00277P,Bauru,2305120,14/3/2023,=,3.99,<,0.02,<,0.2,=,94,<,0.5,=,5.63,<,0.01,=,16000,=,0.16,<,0.05,=,0.56,=,77.1,=,65.9,<,0.2,=,1100,=,3,=,22.3,=,5.87,=,6300,<,0.1,<,0.1,<,0.03,<,0.2,=,2400,<,0.1,<,0.2,=,8500,<,0.3,=,0.08,=,28.7,=,4.9,=,4,=,0.5,=,3,<,1,<,1,=,0.3,<,0.05,=,132,=,97.5,=,0,=,0,,NA,<,1,=,200,=,7.77,=,25.5,=,23.4,Ausente,Ausente,1
18,SAO JOSÉ DOS DOURADOS,SANTANA DA PONTE PENSA,BA00277P,Bauru,2317423,19/9/2023,<,2,<,0.02,<,0.2,=,120,<,0.5,=,4.67,<,0.01,=,19000,=,0.12,<,0.05,=,0.83,=,73.5,=,81.7,<,0.2,=,1188,<,2,=,31.6,=,6.34,=,8333,<,0.1,<,0.1,<,0.03,<,0.2,=,2829,<,0.1,<,0.2,=,6432,<,0.3,=,0.13,=,29.2,=,7.58,=,2,=,0.4,<,0.5,<,1,<,1,=,0.3,<,0.05,=,130,=,93.1,=,0,=,0,,NA,=,1.5,=,187,=,7.67,=,25.5,=,27.5,Presente,Ausente,7
18,SAO JOSÉ DOS DOURADOS,SAO FRANCISCO,BA00291P,Bauru,2305128,14/3/2023,=,9,<,0.02,<,0.2,=,75,<,0.5,=,4.67,<,0.01,=,16000,=,0.09,<,0.05,<,0.2,=,33.5,=,65.5,<,0.2,=,360,<,2,<,10,=,3.2,=,6200,<,0.1,<,0.1,<,0.03,<,0.2,=,2000,<,0.1,<,0.2,=,19000,<,0.3,=,0.36,=,20.5,=,2.87,=,4,=,0.3,=,3,<,1,<,1,=,2,<,0.05,=,146,=,87.7,<,20,<,20,=,92.1,<,1,=,197,=,8.32,=,26.4,=,29.6,Presente,Ausente,16
18,SAO JOSÉ DOS DOURADOS,SAO FRANCISCO,BA00291P,Bauru,2317420,19/9/2023,=,3.92,<,0.02,<,0.2,=,69.3,<,0.5,=,4.67,<,0.01,=,15180,=,0.08,<,0.05,=,0.35,=,34.4,=,61.6,<,0.2,=,349,<,2,<,10,=,3.22,=,5747,<,0.1,<,0.1,<,0.03,<,0.2,=,1930,<,0.1,<,0.2,=,18440,<,0.3,=,0.44,=,21.2,=,0.91,=,2,=,0.2,<,0.5,<,1,<,1,=,2,=,0.1,=,128,=,93.5,=,0,=,0,,NA,=,1.5,=,196,=,8.33,=,26.3,=,35.4,Ausente,Ausente,1
18,SAO JOSÉ DOS DOURADOS,SAO JOAO DAS DUAS PONTES,BA00125P,Bauru,2305461,15/3/2023,=,10.7,<,0.02,<,0.2,=,120,<,0.5,=,5.17,<,0.01,=,10000,=,0.08,<,0.05,=,0.24,=,57,=,38.6,<,0.2,=,200,<,2,=,48.3,=,1.87,=,3300,<,0.1,<,0.1,<,0.03,<,0.2,=,1900,<,0.1,<,0.2,=,23000,<,0.3,=,0.12,=,22.9,=,2.92,=,4,=,0.2,=,2,NA,NA,<,0.5,=,2,<,0.05,=,148,=,74.2,=,2.39,=,0,,NA,<,1,=,169,=,8.34,=,26.6,=,29,Presente,Ausente,22
18,SAO JOSÉ DOS DOURADOS,SAO JOAO DAS DUAS PONTES,BA00125P,Bauru,2318305,20/9/2023,=,14,<,0.02,<,0.2,=,78.3,<,0.5,=,5.64,<,0.01,=,6772,<,0.05,<,0.05,=,0.48,=,56.9,=,25.9,<,0.2,=,140,<,2,=,34.3,=,1.47,=,2194,<,0.1,<,0.1,=,0.04,<,0.2,=,1384,<,0.1,<,0.2,=,24330,<,0.3,=,0.14,=,26.7,=,1.12,=,2,=,0.2,<,0.5,<,0.5,<,0.5,=,2,=,0.3,=,128,=,73,=,0,=,0,,NA,=,2,=,160,=,8.66,=,27.1,=,37.9,Ausente,Ausente,1
18,SAO JOSÉ DOS DOURADOS,SEBASTIANOPOLIS DO SUL,SG00281P,Serra Geral,2304899,23/3/2023,=,17.1,<,0.02,=,1.11,<,1,<,0.5,=,52.7,<,0.01,=,600,=,0.09,<,0.05,=,0.72,=,1.73,=,1.5,<,0.2,=,4.3,<,2,<,10,=,0.21,<,100,<,0.1,<,0.1,=,0.84,<,0.2,<,200,<,0.1,<,0.2,=,100000,<,0.3,=,0.32,=,90.1,=,0.61,=,3,=,0.3,=,16,<,0.5,<,0.5,<,0.02,<,0.05,=,280,=,66,=,142,<,10,=,208,<,1,,cancelado,=,10.09,=,27.4,=,27.5,Ausente,Ausente,1
18,SAO JOSÉ DOS DOURADOS,SEBASTIANOPOLIS DO SUL,SG00281P,Serra Geral,2317225,28/9/2023,=,18.9,<,0.02,=,0.98,<,1,<,0.5,=,54.3,<,0.01,<,500,=,0.19,<,0.05,=,1.07,=,1.71,<,1.3,<,0.2,=,3.92,<,2,<,10,=,0.24,<,100,<,0.1,<,0.1,=,0.86,<,0.2,<,200,<,0.1,<,0.2,=,99650,<,0.3,=,0.35,=,83.6,<,0.5,<,1,=,0.3,=,17,<,1,<,1,=,0.02,<,0.05,=,340,=,80,=,131,<,20,=,211,<,1,=,456,=,10.01,=,26.3,=,25.3,Ausente,Ausente,1
19,BAIXO TIETE,ALTO ALEGRE,BA00304P,Bauru,2305404,30/3/2023,<,2,<,0.02,<,0.2,=,120,<,0.5,=,2.22,<,0.01,=,27000,<,0.05,<,0.05,=,0.42,=,10.8,=,88.8,<,0.2,=,240,<,2,=,124,=,4.47,=,5200,<,0.1,<,0.1,<,0.03,<,0.2,=,4000,<,0.1,<,0.2,=,5200,<,0.3,=,0.02,=,2.2,<,0.5,=,0.9,=,0.1,<,0.1,<,0.5,NA,NA,=,1.73,<,0.01,=,188,=,103,<,5,<,5,,NA,<,1,=,202,=,7.7,=,24.9,=,28.4,Ausente,Ausente,1
19,BAIXO TIETE,ALTO ALEGRE,BA00304P,Bauru,2319006,5/10/2023,<,2,<,0.02,<,0.2,=,116,<,0.5,<,2,<,0.01,=,25980,=,0.05,<,0.05,=,0.54,=,11.2,=,87.1,<,0.2,=,236,=,2.25,=,140,=,5.29,=,5400,<,0.1,<,0.1,<,0.03,<,0.2,=,4101,<,0.1,<,0.2,=,5061,<,0.3,=,0.02,=,2.45,=,1.92,=,0.9,=,0.11,<,0.1,<,0.5,<,0.5,=,1.72,<,0.01,=,155,=,99,<,5,<,5,,NA,<,1,=,195,=,7.5,=,25.3,=,31.5,Presente,Ausente,9
19,BAIXO TIETE,ANDRADINA,BA00338P,Bauru,2305327,23/3/2023,<,2,<,0.02,<,0.2,=,130,<,0.5,=,3.3,<,0.01,=,22000,<,0.05,<,0.05,<,0.2,=,34.6,=,80.4,<,0.2,=,230,<,2,<,10,=,5.45,=,6200,<,0.1,<,0.1,<,0.03,<,0.2,=,3500,<,0.1,<,0.2,=,4800,<,0.3,=,0.08,=,8.2,=,1.33,=,1.36,=,0.22,<,0.1,<,0.5,<,0.5,=,0.84,<,0.01,=,162,=,93,<,5,<,5,,NA,<,1,=,177,=,7.8,=,25.5,=,28.7,Ausente,Ausente,1
19,BAIXO TIETE,ANDRADINA,BA00338P,Bauru,2318934,28/9/2023,<,2,<,0.02,<,0.2,=,127,<,0.5,=,3.22,<,0.01,=,20040,=,0.07,<,0.05,=,1.58,=,36.2,=,76,<,0.2,=,223,<,2,<,10,=,6.1,=,6314,<,0.1,<,0.1,<,0.03,<,0.2,=,3453,<,0.1,<,0.2,=,4956,<,0.3,=,0.09,=,8.77,=,0.76,=,1.45,=,0.23,<,0.1,<,0.5,<,0.5,=,0.89,<,0.01,=,151,=,90,<,5,<,5,,NA,<,1,=,176,=,7.8,=,25.1,=,27,Ausente,Ausente,1
19,BAIXO TIETE,ANDRADINA,BA00387P,Bauru,2305323,23/3/2023,<,2,<,0.02,<,0.2,=,270,<,0.5,=,2.62,<,0.01,=,43000,<,0.05,<,0.05,=,0.31,=,18.1,=,160,<,0.2,=,290,=,2.09,=,11.5,=,8.57,=,13000,<,0.1,<,0.1,<,0.03,<,0.2,=,4900,<,0.1,<,0.2,=,5200,<,0.3,=,0.19,=,3.11,=,0.66,=,16.07,=,0.32,=,1.16,<,0.5,<,0.5,=,3.63,<,0.01,=,277,=,148,<,5,<,5,,NA,<,1,=,346,=,7.6,=,25.1,=,30.8,Ausente,Ausente,1
19,BAIXO TIETE,ANDRADINA,BA00387P,Bauru,2318935,28/9/2023,=,3.56,=,0.02,<,0.2,=,271,=,0.5,=,2.56,=,0.01,=,40600,<,0.05,=,0.05,=,0.4,=,20.5,=,156,<,0.2,=,277,=,4.62,=,12.2,=,9.2,=,13230,<,0.1,<,0.1,<,0.03,<,0.2,=,4866,<,0.1,<,0.2,=,5237,<,0.3,=,0.22,=,3.51,=,4.54,=,16.96,=,0.37,=,1.26,<,0.5,<,0.5,=,3.88,<,0.01,=,266,=,143,<,5,<,5,,NA,=,1.1,=,343,=,7.7,=,25.5,=,27.5,Ausente,Ausente,1
19,BAIXO TIETE,ARACATUBA,BA00381P,Bauru,2305406,30/3/2023,=,7.82,<,0.02,=,0.41,=,78,<,0.5,=,7.19,<,0.01,=,8200,<,0.05,=,0.06,=,0.52,=,9.18,=,24.2,<,0.2,=,58,=,4.58,=,22.2,=,0.89,=,910,=,1.36,<,0.1,<,0.03,=,0.68,=,3200,<,0.1,<,0.2,=,7600,=,0.36,=,0.09,=,13.3,=,0.92,=,0.96,=,0.11,=,0.16,<,0.5,NA,NA,=,0.43,<,0.01,=,100,=,45,<,5,<,5,,NA,<,1,=,87,=,6.4,=,27.4,=,23.7,Presente,Ausente,14
19,BAIXO TIETE,ARACATUBA,BA00381P,Bauru,2319005,5/10/2023,=,6.22,<,0.02,=,0.34,=,79.5,<,0.5,=,5.73,<,0.01,=,8311,<,0.05,=,0.05,=,0.42,=,9.05,=,24.6,<,0.2,=,59.6,=,2.51,=,25,=,1.12,=,936,=,1.78,<,0.1,<,0.03,=,0.84,=,3322,<,0.1,<,0.2,=,6889,<,0.3,=,0.09,=,11.2,=,2.25,=,1.05,=,0.1,=,0.16,<,0.5,<,0.5,=,0.52,<,0.01,<,100,=,44,<,5,<,5,,NA,<,1,=,92,=,6.4,=,28.4,=,28.6,Presente,Presente,21
19,BAIXO TIETE,AURIFLAMA,SG00303P,Serra Geral,2305463,15/3/2023,=,12.2,<,0.02,=,3.4,=,3,<,0.5,=,356,<,0.01,=,860,=,0.19,<,0.05,=,0.74,<,0.2,=,2.15,<,0.2,=,7.9,=,2.6,<,10,=,1.99,<,100,=,0.43,<,0.1,=,15.4,<,0.2,=,380,<,0.1,<,0.2,=,220000,<,0.3,=,0.13,=,66.7,=,2.14,=,45,=,2,=,241,NA,NA,<,0.5,<,0.02,<,0.05,=,654,=,47.8,=,109,=,0,,NA,<,1,=,1030,=,9.93,=,29.6,=,32,Ausente,Ausente,1
19,BAIXO TIETE,AURIFLAMA,SG00303P,Serra Geral,2318325,20/9/2023,=,12.1,<,0.02,=,2.95,=,2.94,<,0.5,=,387,<,0.01,=,678,=,0.07,<,0.05,=,0.41,=,0.31,=,1.69,<,0.2,=,7.09,=,3.5,<,10,=,2.12,<,100,=,0.43,<,0.1,=,16,<,0.2,=,324,<,0.1,<,0.2,=,208400,<,0.3,=,0.16,=,59.9,=,4.03,=,38,=,2,=,208,<,0.5,<,0.5,<,0.02,=,0.1,=,616,=,38.6,=,113,=,0,,NA,<,1,=,1030,=,9.88,=,29.8,=,37,Ausente,Ausente,1
19,BAIXO TIETE,BILAC,BA00014P,Bauru,2305401,30/3/2023,=,3.88,<,0.02,=,0.31,=,110,<,0.5,=,31.5,<,0.01,=,13000,<,0.05,<,0.05,<,0.2,=,12.5,=,45.3,<,0.2,=,220,<,2,=,70.3,=,1.42,=,3100,<,0.1,<,0.1,=,0.13,<,0.2,=,2600,<,0.1,<,0.2,=,12000,<,0.3,=,0.01,=,11.8,<,0.5,=,2.27,=,0.28,=,1.26,<,0.5,NA,NA,=,3.57,<,0.01,=,152,=,60,<,5,<,5,,NA,<,1,=,153,=,8.1,=,25.8,=,25.4,Ausente,Ausente,1
19,BAIXO TIETE,BILAC,BA00014P,Bauru,2319002,5/10/2023,=,4.2,<,0.02,=,0.33,=,100,<,0.5,=,32.2,<,0.01,=,12080,<,0.05,<,0.05,<,0.2,=,13.6,=,42.8,<,0.2,=,205,=,2.39,=,79.8,=,1.68,=,3063,<,0.1,<,0.1,=,0.17,<,0.2,=,2623,<,0.1,<,0.2,=,11410,<,0.3,=,0.01,=,12.2,=,3.14,=,2.34,=,0.27,=,1.17,<,0.5,<,0.5,=,3.74,<,0.01,=,124,=,57,<,5,<,5,,NA,<,1,=,148,=,7.9,=,26.4,=,30.3,Ausente,Ausente,1
19,BAIXO TIETE,BREJO ALEGRE,SG00305P,Serra Geral,2305440,27/4/2023,=,6.28,<,0.02,=,0.33,<,1,<,0.5,=,26.6,<,0.01,=,1030,<,0.05,<,0.05,<,0.2,=,4.38,=,2.57,<,0.2,=,19.4,<,2,=,13.6,=,0.45,<,100,<,0.1,<,0.1,=,3.67,=,0.38,=,302,<,0.1,=,0.28,=,84800,<,0.3,=,0.56,=,21.1,<,0.5,=,6.31,=,0.19,=,38.23,NA,NA,<,0.5,=,1.3,<,0.01,=,258,=,90,=,51,<,5,,NA,<,1,=,400,=,9.4,=,25.2,=,26.7,Ausente,Ausente,1
19,BAIXO TIETE,BREJO ALEGRE,SG00305P,Serra Geral,2319183,24/10/2023,=,6.39,<,0.02,=,0.44,<,1,<,0.5,=,29,<,0.01,=,734,<,0.05,<,0.05,=,0.24,=,2.39,=,1.83,<,0.2,=,15.1,<,2,=,15.5,=,0.38,<,100,<,0.1,<,0.1,=,5.55,<,0.2,=,211,<,0.1,=,0.34,=,99030,<,0.3,=,0.76,=,25.1,=,0.71,=,8.3,=,0.22,=,51.72,NA,NA,<,0.5,=,1.34,<,0.01,=,275,=,95,=,68,<,5,,NA,<,1,=,411,=,9.4,=,26.3,=,30.6,Presente,Ausente,6
19,BAIXO TIETE,GUARACAI,BA00044P,Bauru,2305396,13/4/2023,<,2,<,0.02,<,0.2,=,143,<,0.5,=,3.99,<,0.01,=,22600,<,0.05,<,0.05,<,0.2,=,25.2,=,79.6,<,0.2,=,283,<,2,<,10,=,8.01,=,5630,<,0.1,<,0.1,<,0.03,<,0.2,=,4070,<,0.1,<,0.2,=,4060,<,0.3,=,0.05,=,12.5,=,1.7,=,0.76,=,0.3,=,0.13,<,0.5,<,0.5,=,0.38,<,0.01,=,134,=,91,<,5,<,5,,NA,<,1,=,178,=,8,=,26,=,25.8,Ausente,Ausente,1
19,BAIXO TIETE,GUARACAI,BA00044P,Bauru,2319186,24/10/2023,<,2,<,0.02,<,0.2,=,152,<,0.5,=,2.9,<,0.01,=,22940,<,0.05,<,0.05,<,0.2,=,26.6,=,82.2,<,0.2,=,289,=,2.23,<,10,=,10.9,=,6052,<,0.1,<,0.1,<,0.03,<,0.2,=,4183,<,0.1,<,0.2,=,4359,<,0.3,=,0.08,=,12.9,=,2.54,=,0.93,=,0.32,=,0.15,<,0.5,<,0.5,=,0.48,<,0.01,=,170,=,94,<,5,<,5,,NA,=,1.6,=,178,=,8,=,26.2,=,29.8,Ausente,Ausente,1
19,BAIXO TIETE,ILHA SOLTEIRA,BA00380P,Bauru,2305126,14/3/2023,=,4.69,<,0.02,<,0.2,=,460,<,0.5,=,4.86,<,0.01,=,14000,=,0.06,<,0.05,=,0.2,=,6.45,=,61.8,<,0.2,=,180,=,5.3,=,31.2,=,6.98,=,6500,=,0.35,<,0.1,<,0.03,=,0.42,=,4800,<,0.1,<,0.2,=,5900,<,0.3,<,0.005,=,3.46,=,2.16,=,3,=,0.3,=,2,<,1,<,1,=,0.6,<,0.05,=,146,=,69.5,=,0,=,0,,NA,<,1,=,145,=,7.02,=,26.3,=,30.5,Ausente,Ausente,14
19,BAIXO TIETE,ILHA SOLTEIRA,BA00380P,Bauru,2317424,28/9/2023,=,27.5,<,0.02,<,0.2,=,450,<,0.5,=,4.89,<,0.01,=,12620,=,0.16,=,0.06,=,1.37,=,8.09,=,57.7,<,0.2,=,167,=,87,=,39.5,=,7.42,=,6355,=,2.07,<,0.1,<,0.03,=,1.1,=,4813,<,0.1,<,0.2,=,5647,=,0.42,=,0.005,=,3.61,=,3.2,=,2,=,0.3,<,0.5,<,1,<,1,=,0.9,<,0.05,=,142,=,68.6,=,0,=,0,,NA,<,1,=,145,=,6.87,=,26.2,=,29.2,Presente,Ausente,180
19,BAIXO TIETE,ITAPURA,SG00307P,Serra Geral,2305124,14/3/2023,=,15,<,0.02,<,0.2,=,13,<,0.5,=,3.4,<,0.01,=,23000,=,0.11,<,0.05,=,0.85,=,13.4,=,96.5,<,0.2,=,160,=,33.6,=,88.3,=,1.4,=,9500,=,0.32,<,0.1,<,0.03,<,0.2,=,1800,<,0.1,<,0.2,=,10000,=,3.36,=,0.04,=,29,=,2.83,=,14,=,0.1,=,6,<,1,<,1,=,5,<,0.05,=,212,=,77.5,=,0,=,0,,NA,<,1,=,236,=,6.82,=,26.9,=,32,Ausente,Ausente,6
19,BAIXO TIETE,ITAPURA,SG00307P,Serra Geral,2317435,19/9/2023,=,3.81,<,0.02,<,0.2,=,9.08,<,0.5,=,3.02,<,0.01,=,17890,=,0.08,<,0.05,=,1.24,=,16.5,=,76.1,<,0.2,=,124,=,4.48,=,99.2,=,1.28,=,7615,<,0.1,<,0.1,<,0.03,<,0.2,=,1639,<,0.1,<,0.2,=,8718,<,0.3,=,0.06,=,32.1,=,1.99,=,5,<,0.1,=,1,<,1,<,1,=,2,<,0.05,=,162,=,77.8,=,0,=,0,,NA,=,1.3,=,191,=,6.81,=,26.8,=,32.5,Presente,Ausente,3
19,BAIXO TIETE,MONCOES,SG00302P,Serra Geral,2305438,27/4/2023,=,6.88,<,0.02,<,0.2,=,3.06,<,0.5,=,10.2,<,0.01,=,3070,<,0.05,<,0.05,<,0.2,=,15,=,8.32,<,0.2,=,71.9,=,5.97,<,10,=,0.67,=,158,<,0.1,<,0.1,=,0.08,=,0.61,<,200,<,0.1,=,0.3,=,37500,<,0.3,=,0.37,=,26.4,=,0.68,=,0.18,<,0.1,=,0.26,NA,NA,<,0.5,<,0.05,<,0.01,=,141,=,82,=,13,<,5,,NA,<,1,=,179,=,8.9,=,25.3,=,26.2,Presente,Ausente,16
19,BAIXO TIETE,MONCOES,SG00302P,Serra Geral,2319182,24/10/2023,=,7.26,<,0.02,<,0.2,=,3.56,<,0.5,=,9.01,<,0.01,=,3160,<,0.05,<,0.05,<,0.2,=,15.1,=,8.72,<,0.2,=,72.4,<,2,<,10,=,0.72,=,202,<,0.1,<,0.1,=,0.09,<,0.2,<,200,<,0.1,=,0.3,=,37490,<,0.3,=,0.39,=,29.8,=,1.31,=,0.21,<,0.1,=,0.28,NA,NA,<,0.5,<,0.05,<,0.01,=,147,=,85,=,12,<,5,,NA,<,1,=,173,=,8.7,=,26.6,=,28,Presente,Ausente,8
19,BAIXO TIETE,MURUTINGA DO SUL,BA00076P,Bauru,2305394,13/4/2023,<,2,<,0.02,<,0.2,=,409,<,0.5,<,2,<,0.01,=,19900,<,0.05,=,0.07,=,1.16,=,2.86,=,79.7,<,0.2,=,142,=,4.65,=,27.5,=,4.24,=,7280,=,1.17,<,0.1,<,0.03,=,0.77,=,5520,<,0.1,<,0.2,=,4400,<,0.3,=,0.01,=,0.48,<,0.5,=,11.01,<,0.1,=,3.17,<,0.5,<,0.5,=,3.26,<,0.01,=,168,=,64,<,5,<,5,,NA,<,1,=,199,=,5.9,=,25.9,=,23.5,Presente,Ausente,11
19,BAIXO TIETE,MURUTINGA DO SUL,BA00076P,Bauru,2319187,24/10/2023,<,2,<,0.02,<,0.2,=,446,<,0.5,<,2,<,0.01,=,24570,<,0.05,=,0.07,=,0.66,=,5.65,=,97.4,<,0.2,=,162,=,3.83,=,28.2,=,6.78,=,8733,=,1.41,<,0.1,<,0.03,=,0.91,=,5596,<,0.1,<,0.2,=,4546,<,0.3,=,0.02,=,0.86,<,0.5,=,10.96,=,0.17,=,3.09,<,0.5,<,0.5,=,3.62,<,0.01,=,197,=,84,<,5,<,5,,NA,=,1.1,=,232,=,6.1,=,26.3,=,29.5,Presente,Presente,46
19,BAIXO TIETE,NOVA LUZITANIA,SG00081P,Serra Geral,2305439,27/4/2023,<,2,<,0.02,<,0.2,=,15.3,<,0.5,=,16.2,<,0.01,=,21500,<,0.05,<,0.05,<,0.2,=,13.6,=,73,<,0.2,=,419,=,5.7,=,37.5,=,0.69,=,4690,=,0.5,<,0.1,=,0.07,<,0.2,=,2180,<,0.1,<,0.2,=,18500,<,0.3,=,0.13,=,24.4,<,0.5,=,1.52,=,0.13,=,0.45,NA,NA,<,0.5,=,0.38,<,0.01,=,136,=,114,<,5,<,5,,NA,<,1,=,224,=,8.2,=,24.9,=,25,Ausente,Ausente,1
19,BAIXO TIETE,NOVA LUZITANIA,SG00081P,Serra Geral,2319179,24/10/2023,=,2.62,<,0.02,=,0.25,=,15.3,<,0.5,=,15.8,<,0.01,=,21490,<,0.05,<,0.05,<,0.2,=,13.6,=,73.6,<,0.2,=,418,=,19.1,=,40.2,=,0.71,=,4822,=,0.63,<,0.1,=,0.09,<,0.2,=,2214,<,0.1,=,0.23,=,19040,<,0.3,=,0.15,=,27.9,=,0.85,=,1.92,=,0.18,=,0.68,NA,NA,<,0.5,=,0.56,<,0.01,=,177,=,117,<,5,<,5,,NA,<,1,=,217,=,8.2,=,25.9,=,31.3,Presente,Ausente,16
19,BAIXO TIETE,PEREIRA BARRETO,BA00379P,Bauru,2305324,23/3/2023,<,2,<,0.02,<,0.2,=,380,<,0.5,=,2.77,<,0.01,=,26000,=,0.07,<,0.05,=,0.95,=,43.1,=,110,<,0.2,=,140,<,2,=,49.4,=,3.66,=,11000,<,0.1,<,0.1,<,0.03,=,0.26,=,5900,<,0.1,<,0.2,=,7400,<,0.3,=,0.02,=,1.25,=,1.2,=,1.95,=,0.45,<,0.1,<,0.5,<,0.5,=,3.03,<,0.01,=,202,=,151,<,5,<,5,,NA,=,1.7,=,283,=,7,=,24.9,=,26.1,Ausente,Ausente,26
19,BAIXO TIETE,PEREIRA BARRETO,BA00379P,Bauru,2318931,28/9/2023,=,3.04,<,0.02,<,0.2,=,410,<,0.5,=,2.54,<,0.01,=,26240,=,0.12,<,0.05,=,1.02,=,46.6,=,118,<,0.2,=,147,=,2.63,=,52.2,=,4.31,=,12810,<,0.1,<,0.1,<,0.03,=,0.34,=,6127,<,0.1,<,0.2,=,7670,<,0.3,=,0.04,=,1.39,=,1.76,=,2.61,=,0.38,=,0.25,<,0.5,<,0.5,=,6.34,<,0.01,=,199,=,120,<,5,<,5,,NA,<,1,=,278,=,7.1,=,24.4,=,24,Presente,Ausente,50
19,BAIXO TIETE,PROMISSAO,BA00355P,Bauru,2305405,30/3/2023,=,6.36,<,0.02,=,1.3,=,100,<,0.5,=,67.4,<,0.01,=,7900,<,0.05,<,0.05,<,0.2,=,1.02,=,21.6,<,0.2,=,620,<,2,=,49.6,=,1.23,=,460,<,0.1,<,0.1,=,0.38,<,0.2,=,920,<,0.1,<,0.2,=,28000,<,0.3,=,0.22,=,22.4,=,3.28,=,2.82,=,0.46,=,5.53,NA,NA,NA,NA,=,2.79,<,0.01,=,120,=,54,=,12,<,5,,NA,<,1,=,167,=,9,=,25.8,=,31.8,Ausente,Ausente,10
19,BAIXO TIETE,PROMISSAO,BA00355P,Bauru,2319001,5/10/2023,=,6.74,<,0.02,=,1.22,=,111,<,0.5,=,67.2,<,0.01,=,8268,<,0.05,<,0.05,<,0.2,=,1.16,=,22.5,<,0.2,=,698,<,2,=,55.9,=,1.47,=,460,<,0.1,<,0.1,=,0.41,<,0.2,=,929,<,0.1,<,0.2,=,25950,<,0.3,=,0.23,=,21,=,3.21,=,2.95,=,0.46,=,5.59,NA,NA,<,0.5,=,2.98,<,0.01,=,111,=,63,<,5,<,5,,NA,<,1,=,165,=,8.9,=,26.6,=,36.5,Ausente,Ausente,90
19,BAIXO TIETE,SUD MENNUCCI,BA00141P,Bauru,2305464,15/3/2023,=,3.92,<,0.02,<,0.2,=,180,<,0.5,=,5.61,<,0.01,=,19000,=,0.16,<,0.05,=,0.39,=,49.6,=,75,<,0.2,=,230,=,4.54,<,10,=,5.45,=,6700,<,0.1,<,0.1,=,0.04,<,0.2,=,3300,<,0.1,<,0.2,=,9700,<,0.3,=,0.12,=,31.1,=,5.23,=,3,=,0.3,=,2,<,0.5,<,0.5,=,0.8,<,0.05,=,144,=,85.1,=,1.53,=,0,,NA,=,1,=,178,=,8.15,=,25.9,=,27.5,Ausente,Ausente,82
19,BAIXO TIETE,SUD MENNUCCI,BA00141P,Bauru,2318322,20/9/2023,=,5.17,<,0.02,<,0.2,=,151,<,0.5,=,5.76,<,0.01,=,17030,=,0.17,<,0.05,=,1.16,=,52.2,=,66,<,0.2,=,224,=,4.99,<,10,=,5.69,=,5702,<,0.1,<,0.1,<,0.03,<,0.2,=,3171,<,0.1,<,0.2,=,9713,<,0.3,=,0.1,=,36.7,=,2.57,=,2,=,0.2,=,6,<,0.5,<,0.5,=,1,<,0.05,=,110,=,78.8,=,0,=,0,,NA,=,1,=,168,=,8.2,=,26.5,=,32.2,Ausente,Ausente,1
19,BAIXO TIETE,SUD MENNUCCI,BA00382P,Bauru,2305460,15/3/2023,=,10.4,<,0.02,<,0.2,=,170,<,0.5,=,10.5,<,0.01,=,22000,=,0.1,<,0.05,<,0.2,=,46.3,=,100,<,0.2,=,170,=,2.21,<,10,=,4.62,=,11000,<,0.1,<,0.1,<,0.03,<,0.2,=,4300,<,0.1,<,0.2,=,12000,<,0.3,=,0.13,=,28.8,=,2.41,=,2,=,0.4,=,2,<,0.5,<,0.5,=,0.1,<,0.05,=,170,=,114,=,3.92,=,0,,NA,<,1,=,228,=,8.25,=,25.9,=,30.7,Presente,Ausente,27
19,BAIXO TIETE,SUD MENNUCCI,BA00382P,Bauru,2318316,20/9/2023,=,15,<,0.02,<,0.2,=,122,<,0.5,=,14.3,<,0.01,=,16280,<,0.05,<,0.05,=,0.42,=,56.8,=,73.2,<,0.2,=,136,=,2.69,<,10,=,4.1,=,7898,<,0.1,<,0.1,<,0.03,<,0.2,=,3391,<,0.1,<,0.2,=,14900,<,0.3,=,0.12,=,43.2,=,0.92,<,1,=,0.4,=,3,<,0.5,<,0.5,=,0.1,<,0.05,=,126,=,106,=,0,=,0,,NA,<,1,=,206,=,8.47,=,26.1,=,35.9,Presente,Presente,42
19,BAIXO TIETE,TURIUBA,SG00308P,Serra Geral,2305436,27/4/2023,=,17,<,0.02,=,0.96,<,1,<,0.5,=,31.1,<,0.01,<,500,<,0.05,<,0.05,<,0.2,<,0.2,<,1.3,<,0.2,=,2.88,<,2,=,23.8,=,0.43,<,100,<,0.1,<,0.1,=,0.35,<,0.2,=,240,<,0.1,<,0.2,=,109000,<,0.3,=,1.88,=,115,<,0.5,=,0.27,=,0.31,=,2.25,NA,NA,<,0.5,<,0.05,<,0.01,=,313,=,70,=,176,<,5,,NA,<,1,=,520,=,10,=,26.2,=,23.1,Ausente,Ausente,1
19,BAIXO TIETE,TURIUBA,SG00308P,Serra Geral,2319184,24/10/2023,=,16.8,<,0.02,=,0.86,=,1.88,<,0.5,=,36.3,<,0.01,<,500,<,0.05,<,0.05,<,0.2,<,0.2,<,1.3,<,0.2,=,1.51,<,2,=,21.6,=,0.55,<,100,<,0.1,<,0.1,=,0.34,<,0.2,=,276,<,0.1,<,0.2,=,108500,<,0.3,=,2.19,=,96.9,<,0.5,=,0.29,=,0.32,=,2.42,NA,NA,<,0.5,<,0.05,<,0.01,=,337,=,71,=,182,<,5,,NA,=,1.3,=,501,=,9.9,=,27.2,=,27,Ausente,Ausente,1
19,BAIXO TIETE,ZACARIAS,SG00306P,Serra Geral,2305437,27/4/2023,=,14.6,<,0.02,=,0.63,<,1,<,0.5,=,27.3,<,0.01,=,553,<,0.05,<,0.05,<,0.2,=,8.52,=,1.38,<,0.2,=,7.65,<,2,=,11.2,=,0.26,<,100,<,0.1,<,0.1,=,0.19,<,0.2,<,200,<,0.1,=,0.98,=,81500,<,0.3,=,0.46,=,74.1,<,0.5,=,0.39,=,0.24,=,1.83,NA,NA,<,0.5,=,0.08,<,0.01,=,251,=,70,=,122,<,5,,NA,<,1,=,396,=,9.9,=,25.1,=,21.9,Presente,Presente,8
19,BAIXO TIETE,ZACARIAS,SG00306P,Serra Geral,2319180,24/10/2023,=,12.7,<,0.02,=,0.57,<,1,<,0.5,=,26.3,<,0.01,=,594,<,0.05,<,0.05,<,0.2,=,7,=,1.48,<,0.2,=,8.74,<,2,<,10,=,0.29,<,100,<,0.1,<,0.1,=,0.17,<,0.2,<,200,<,0.1,=,0.91,=,83360,<,0.3,=,0.51,=,64.4,=,0.6,=,0.41,=,0.25,=,1.85,NA,NA,<,0.5,=,0.08,<,0.01,=,229,=,73,=,123,<,5,,NA,<,1,=,383,=,9.8,=,26,=,27,Presente,Ausente,23
20,AGUAPEI,CLEMENTINA,BA00028P,Bauru,2305435,27/4/2023,<,2,<,0.02,<,0.2,=,253,<,0.5,=,2.23,<,0.01,=,31500,=,0.23,<,0.05,=,0.37,=,13,=,112,<,0.2,=,207,<,2,=,300,=,3.36,=,8030,=,0.19,<,0.1,<,0.03,=,0.32,=,6150,<,0.1,<,0.2,=,7420,<,0.3,=,0.02,=,1.58,=,5.79,=,10.12,<,0.1,<,0.1,<,0.5,<,0.5,=,13.7,<,0.01,=,286,=,72,<,5,<,5,,NA,<,1,=,293,=,6.7,=,24.4,=,22.3,Presente,Ausente,1
20,AGUAPEI,CLEMENTINA,BA00028P,Bauru,2319181,24/10/2023,<,2,<,0.02,<,0.2,=,264,<,0.5,<,2,<,0.01,=,35470,=,0.38,<,0.05,<,0.2,=,13.2,=,125,<,0.2,=,229,=,3.52,=,297,=,3.92,=,8943,=,0.1,<,0.1,<,0.03,<,0.2,=,6328,<,0.1,<,0.2,=,7569,<,0.3,=,0.04,=,2.3,=,4.08,=,10.67,<,0.1,<,0.1,<,0.5,<,0.5,=,14.97,<,0.01,=,268,=,87,<,5,<,5,,NA,=,1.4,=,310,=,6.7,=,25.2,=,30.5,Ausente,Ausente,9
20,AGUAPEI,DRACENA,BA00241P,Bauru,2305550,11/5/2023,<,2,<,0.02,<,0.2,=,261,<,0.5,=,2.92,<,0.01,=,24600,=,0.13,<,0.05,=,0.74,=,14.8,=,84.2,<,0.2,=,166,<,2,<,10,=,7.57,=,5540,=,0.12,<,0.1,<,0.03,=,0.21,=,4600,<,0.1,<,0.2,=,6140,<,0.3,=,0.09,=,4.31,=,5.66,=,4.06,=,0.2,=,0.23,<,0.5,<,0.5,=,1.5,<,0.01,=,152,=,96,<,5,<,5,,NA,<,1,=,202,=,7.3,=,25.2,=,21.3,Ausente,Ausente,1
20,AGUAPEI,DRACENA,BA00241P,Bauru,2319124,19/10/2023,<,2,<,0.02,<,0.2,=,217,<,0.5,<,2,<,0.01,=,23620,<,0.05,<,0.05,<,0.2,=,14.9,=,81.1,<,0.2,=,157,<,2,<,10,=,7.59,=,5365,=,0.1,<,0.1,<,0.03,<,0.2,=,4284,<,0.1,<,0.2,=,5816,<,0.3,=,0.1,=,5.64,=,1.91,=,2.61,=,0.21,=,0.13,<,0.5,<,0.5,=,1.26,<,0.01,=,168,=,94,<,5,<,5,,NA,=,4.8,=,191,=,7.8,=,25.6,=,25.6,Ausente,Ausente,1
20,AGUAPEI,MARILIA,GU00206P,Guarani,2305403,30/3/2023,=,34.1,=,0.04,=,1.79,<,1,<,0.5,=,21.5,<,0.01,=,530,<,0.05,<,0.05,<,0.2,<,0.2,=,1.32,<,0.2,=,9.1,<,2,<,10,=,8.45,<,100,<,0.1,<,0.1,=,0.25,<,0.2,=,460,<,0.1,<,0.2,=,100000,<,0.3,=,0.03,=,11.6,<,0.5,=,1.75,=,0.36,=,4.62,NA,NA,NA,NA,<,0.05,<,0.01,=,294,=,23,=,209,<,5,,NA,=,2.5,=,502,=,9.9,=,45,=,32.3,Ausente,Ausente,1
20,AGUAPEI,MARILIA,GU00206P,Guarani,2319004,5/10/2023,=,36.3,=,0.05,=,1.43,<,1,<,0.5,=,21.6,<,0.01,<,500,<,0.05,<,0.05,<,0.2,<,0.2,<,1.3,<,0.2,=,5.63,<,2,<,10,=,10.3,<,100,<,0.1,<,0.1,=,0.25,<,0.2,=,428,<,0.1,<,0.2,=,96540,<,0.3,=,0.02,=,8.72,=,0.51,=,1.79,=,0.37,=,4.73,NA,NA,<,0.5,<,0.05,<,0.01,=,288,=,10,=,220,<,5,,NA,<,1,=,475,=,10,=,45.7,=,35.4,Ausente,Ausente,1
20,AGUAPEI,MONTE CASTELO,BA00073P,Bauru,2305326,23/3/2023,<,2,<,0.02,<,0.2,=,200,<,0.5,=,2.32,<,0.01,=,42000,=,0.46,<,0.05,=,0.48,=,19.3,=,138,<,0.2,=,160,<,2,=,50.4,=,6.39,=,8100,<,0.1,<,0.1,<,0.03,<,0.2,=,5200,<,0.1,<,0.2,=,5900,<,0.3,=,0.03,=,0.84,=,5.11,=,7.99,=,0.17,=,0.63,<,0.5,<,0.5,=,7.66,<,0.01,=,247,=,125,<,5,<,5,,NA,<,1,=,312,=,7.2,=,25.7,=,32.3,Ausente,Ausente,4
20,AGUAPEI,MONTE CASTELO,BA00073P,Bauru,2318933,28/9/2023,<,2,<,0.02,<,0.2,=,220,<,0.5,=,2.25,<,0.01,=,40710,=,0.48,<,0.05,=,1.63,=,19.4,=,139,<,0.2,=,164,=,5.38,=,53.6,=,7.11,=,8987,=,0.19,<,0.1,<,0.03,<,0.2,=,5402,<,0.1,<,0.2,=,5925,<,0.3,=,0.03,=,1.02,=,15.3,=,8.58,=,0.18,=,1.04,<,0.5,<,0.5,=,8.17,<,0.01,=,246,=,122,<,5,<,5,,NA,<,1,=,315,=,7.2,=,25.6,=,32.7,Ausente,Ausente,120
20,AGUAPEI,NOVA INDEPENDENCIA,BA00079P,Bauru,2305325,23/3/2023,<,2,<,0.02,<,0.2,=,210,<,0.5,<,2,<,0.01,=,31000,=,0.2,<,0.05,=,1.79,=,9.07,=,108,<,0.2,=,120,<,2,=,52.5,=,8.66,=,7500,=,0.15,<,0.1,<,0.03,=,0.21,=,3800,<,0.1,<,0.2,=,6500,<,0.3,=,0.008,=,0.94,=,3.57,=,4.85,=,0.43,<,0.1,<,0.5,<,0.5,=,5.45,<,0.01,=,216,=,101,<,5,<,5,,NA,<,1,=,244,=,7,=,28.3,=,30.3,Ausente,Ausente,1
20,AGUAPEI,NOVA INDEPENDENCIA,BA00079P,Bauru,2318930,28/9/2023,<,2,<,0.02,<,0.2,=,208,<,0.5,<,2,<,0.01,=,28760,=,0.12,<,0.05,=,0.75,=,9.82,=,103,<,0.2,=,116,=,2.37,=,59.1,=,9.03,=,7488,<,0.1,<,0.1,<,0.03,<,0.2,=,3868,<,0.1,<,0.2,=,4614,<,0.3,=,0.008,=,0.98,=,1.52,=,4.15,=,0.23,<,0.1,<,0.5,<,0.5,=,5.64,<,0.01,=,196,=,98,<,5,<,5,,NA,=,1.6,=,236,=,6.9,=,27.5,=,30,Ausente,Ausente,7
20,AGUAPEI,PANORAMA,BA00088P,Bauru,2305545,11/5/2023,<,2,<,0.02,<,0.2,=,238,<,0.5,=,5.69,<,0.01,=,13200,<,0.05,=,0.63,<,0.2,=,6.96,=,46.1,<,0.2,=,78.3,<,2,=,31.7,=,3.6,=,3190,<,0.1,<,0.1,<,0.03,=,1.86,=,5750,<,0.1,<,0.2,=,7710,<,0.3,=,0.006,=,0.61,=,1.38,=,5.21,<,0.1,<,0.1,<,0.5,<,0.5,=,3.53,<,0.01,=,152,=,52,<,5,<,5,,NA,<,1,=,146,=,6.8,=,25.6,=,23.6,Presente,Ausente,16
20,AGUAPEI,PANORAMA,BA00088P,Bauru,2319120,19/10/2023,<,2,<,0.02,<,0.2,=,218,<,0.5,=,3.8,<,0.01,=,14310,<,0.05,=,0.63,<,0.2,=,7.73,=,50.2,<,0.2,=,83.4,<,2,=,29.5,=,4.04,=,3511,<,0.1,<,0.1,<,0.03,=,1.63,=,5612,<,0.1,<,0.2,=,7853,<,0.3,=,0.01,=,0.92,=,1.55,=,4.76,<,0.1,<,0.1,<,0.5,<,0.5,=,2.97,<,0.01,=,138,=,59,<,5,<,5,,NA,<,1,=,147,=,7.1,=,25.2,=,26,Ausente,Ausente,6
20,AGUAPEI,PARAPUA,BA00409P,Bauru,2305431,24/4/2023,<,2,<,0.02,<,0.2,=,275,<,0.5,<,2,<,0.01,=,33000,=,0.08,<,0.05,=,0.48,=,7.97,=,96.7,<,0.2,=,197,<,2,=,162,=,2.94,=,3480,=,0.23,<,0.1,<,0.03,=,0.26,=,5390,<,0.1,<,0.2,=,3710,<,0.3,=,0.02,=,0.65,=,2.63,=,5.83,<,0.1,<,0.1,<,0.5,<,0.5,=,5.66,<,0.01,=,192,=,83,<,5,<,5,,NA,<,1,=,229,=,6.8,=,25,=,24,Ausente,Ausente,1
20,AGUAPEI,PARAPUA,BA00409P,Bauru,2319110,9/10/2023,<,2,<,0.02,<,0.2,=,267,<,0.5,<,2,<,0.01,=,32020,=,0.19,<,0.05,=,1.63,=,7.74,=,94.5,<,0.2,=,190,=,3.21,=,189,=,3.37,=,3533,=,0.29,<,0.1,<,0.03,=,0.39,=,5294,<,0.1,<,0.2,=,3603,<,0.3,=,0.01,=,0.66,=,8.01,=,5.83,<,0.1,<,0.1,<,0.5,<,0.5,=,5.7,<,0.01,=,198,=,86,<,5,<,5,,NA,=,1.1,=,224,=,6.8,=,24.8,=,24.5,Ausente,Ausente,1
20,AGUAPEI,PIACATU,BA00097P,Bauru,2305429,24/4/2023,=,2.88,<,0.02,<,0.2,=,87.9,<,0.5,=,15.2,<,0.01,=,9030,<,0.05,<,0.05,=,0.36,=,20.4,=,31.6,<,0.2,=,167,<,2,=,224,=,2.17,=,2210,=,0.17,<,0.1,=,0.04,=,0.2,=,2820,<,0.1,<,0.2,=,15100,<,0.3,=,0.01,=,14.3,=,4.94,=,5.35,=,0.19,=,0.43,<,0.5,<,0.5,=,3.48,<,0.01,=,141,=,49,<,5,<,5,,NA,=,1.1,=,142,=,6.8,=,25,=,26.3,Ausente,Ausente,1
20,AGUAPEI,PIACATU,BA00097P,Bauru,2319109,9/10/2023,=,4,<,0.02,=,0.25,=,73,<,0.5,=,17.4,<,0.01,=,7614,=,0.07,<,0.05,=,0.42,=,19.7,=,26.5,<,0.2,=,148,=,2.65,=,237,=,2.16,=,1831,=,0.21,<,0.1,<,0.03,<,0.2,=,2377,<,0.1,<,0.2,=,17910,<,0.3,=,0.01,=,14.1,=,2.2,=,5.32,=,0.19,=,0.47,<,0.5,<,0.5,=,3.4,<,0.01,=,117,=,52,<,5,<,5,,NA,<,1,=,141,=,7,=,25.4,=,25.4,Ausente,Ausente,1
20,AGUAPEI,POMPEIA,BA00203P,Bauru,2305433,24/4/2023,<,2,<,0.02,<,0.2,=,431,<,0.5,=,3.11,<,0.01,=,77800,=,1.42,<,0.05,=,1.58,=,0.5,=,231,<,0.2,=,349,<,2,=,15.7,=,2.89,=,8880,=,0.22,<,0.1,<,0.03,=,0.21,=,3190,<,0.1,<,0.2,=,3760,<,0.3,=,0.21,=,2.68,=,14.1,=,8.77,<,0.1,=,2.09,<,0.5,<,0.5,=,6.39,<,0.01,=,313,=,200,<,5,<,5,,NA,<,1,=,467,=,6.9,=,24.2,=,26.9,Ausente,Ausente,1
20,AGUAPEI,POMPEIA,BA00203P,Bauru,2319111,9/10/2023,<,2,<,0.02,<,0.2,=,346,<,0.5,<,2,<,0.01,=,74060,<,0.05,<,0.05,=,0.22,=,4.24,=,249,<,0.2,=,765,=,8.82,=,17.3,=,7.27,=,15460,=,0.17,<,0.1,<,0.03,=,0.24,=,2680,<,0.1,<,0.2,=,4370,<,0.3,=,0.36,=,5.33,=,4.12,=,4.07,<,0.1,=,1.76,<,0.5,<,0.5,=,2.88,<,0.01,=,311,=,258,<,5,<,5,,NA,=,2.5,=,482,=,7.4,=,24.1,=,27.4,Ausente,Ausente,27
20,AGUAPEI,POMPEIA,BA00211P,Bauru,2305430,24/4/2023,<,2,<,0.02,<,0.2,=,708,<,0.5,=,3.69,<,0.01,=,54000,<,0.05,<,0.05,<,0.2,=,3.91,=,215,<,0.2,=,1130,<,2,<,10,=,6.92,=,19400,<,0.1,<,0.1,<,0.03,<,0.2,=,2290,<,0.1,<,0.2,=,4300,<,0.3,=,0.28,=,6.98,=,1.25,=,7.19,<,0.1,=,1.07,<,0.5,<,0.5,=,2.44,<,0.01,=,289,=,215,<,5,<,5,,NA,<,1,=,440,=,7.2,=,24.4,=,27.3,Ausente,Ausente,1
20,AGUAPEI,POMPEIA,BA00211P,Bauru,2319112,9/10/2023,<,2,<,0.02,<,0.2,=,701,<,0.5,<,2,<,0.01,=,54640,<,0.05,<,0.05,<,0.2,=,4.09,=,214,<,0.2,=,1130,=,4.2,<,10,=,7.86,=,19040,<,0.1,<,0.1,<,0.03,<,0.2,=,2345,<,0.1,<,0.2,=,4220,<,0.3,=,0.32,=,7.91,=,1.9,=,7.57,<,0.1,=,1.06,<,0.5,<,0.5,=,2.58,<,0.01,=,296,=,223,<,5,<,5,,NA,<,1,=,433,=,7.3,=,24.2,=,27,Ausente,Ausente,12
20,AGUAPEI,RUBIACEA,BA00337P,Bauru,2305397,13/4/2023,=,4.73,<,0.02,<,0.2,=,191,<,0.5,<,2,<,0.01,=,10100,=,0.06,=,0.41,<,0.2,=,8.87,=,36.7,<,0.2,=,164,=,2.04,=,176,=,2.84,=,2790,=,5.1,<,0.1,<,0.03,=,1.03,=,5210,<,0.1,<,0.2,=,8420,<,0.3,=,0.02,=,5.26,=,0.78,=,6.16,<,0.1,<,0.1,<,0.5,<,0.5,=,3.23,<,0.01,=,131,=,44,<,5,<,5,,NA,<,1,=,129,=,6.4,=,25.6,=,29.8,Ausente,Ausente,1
20,AGUAPEI,RUBIACEA,BA00337P,Bauru,2319188,24/10/2023,=,17.4,<,0.02,<,0.2,=,193,=,1.23,<,2,<,0.01,=,7891,=,0.33,=,0.89,=,0.8,=,7.45,=,30.3,<,0.2,=,128,=,5.36,=,135,=,3.94,=,2582,=,14.5,<,0.1,<,0.03,=,1.54,=,4953,<,0.1,<,0.2,=,12430,<,0.3,=,0.04,=,3.74,=,3.72,=,7.95,<,0.1,<,0.1,<,0.5,<,0.5,=,4.13,<,0.01,=,124,=,35,<,5,<,5,,NA,<,1,=,150,=,6.1,=,25.8,=,33.2,Presente,Ausente,21
20,AGUAPEI,SALMOURAO,SG00156P,Serra Geral,2305395,13/4/2023,=,31.8,<,0.02,=,0.81,<,1,<,0.5,=,34.6,<,0.01,=,697,<,0.05,<,0.05,<,0.2,=,38.6,=,1.74,<,0.2,=,10.7,<,2,<,10,=,0.4,<,100,<,0.1,<,0.1,=,0.09,<,0.2,<,200,<,0.1,=,0.23,=,52500,<,0.3,=,0.14,=,96.9,=,1.25,=,0.5,=,0.22,=,1.31,NA,NA,<,0.5,<,0.05,<,0.01,=,147,=,26,=,91,<,5,,NA,<,1,=,250,=,10,=,27.4,=,29.8,Ausente,Ausente,1
20,AGUAPEI,SALMOURAO,SG00156P,Serra Geral,2319189,24/10/2023,=,35.1,<,0.02,=,0.68,<,1,<,0.5,=,32.8,<,0.01,=,650,<,0.05,<,0.05,<,0.2,=,33.5,=,1.62,<,0.2,=,10.3,<,2,<,10,=,0.54,<,100,<,0.1,<,0.1,=,0.11,<,0.2,<,200,<,0.1,<,0.2,=,52590,<,0.3,=,0.19,=,82.3,<,0.5,=,0.53,=,0.23,=,1.42,NA,NA,<,0.5,<,0.05,<,0.01,=,208,=,29,=,93,<,5,,NA,<,1,=,246,=,9.9,=,27.3,=,33.5,Ausente,Ausente,1
20,AGUAPEI,SANTA MERCEDES,BA00123P,Bauru,2305549,11/5/2023,<,2,<,0.02,<,0.2,=,355,<,0.5,=,2.34,<,0.01,=,5440,<,0.05,<,0.05,=,0.3,=,17.5,=,33.5,<,0.2,=,72.4,<,2,=,38.8,=,3.39,=,4830,=,0.19,<,0.1,<,0.03,=,0.56,=,5210,<,0.1,<,0.2,=,5910,<,0.3,=,0.01,=,0.61,<,0.5,=,4.83,<,0.1,<,0.1,<,0.5,<,0.5,=,3.91,<,0.01,<,100,=,35,<,5,<,5,,NA,<,1,=,114,=,6.3,=,24.9,=,24.4,Ausente,Ausente,10
20,AGUAPEI,SANTA MERCEDES,BA00123P,Bauru,2319122,19/10/2023,<,2,<,0.02,<,0.2,=,361,<,0.5,<,2,<,0.01,=,5489,<,0.05,<,0.05,=,0.34,=,16.7,=,35.3,<,0.2,=,72.6,<,2,=,40.2,=,3.63,=,5235,=,0.24,<,0.1,<,0.03,=,0.58,=,5395,<,0.1,<,0.2,=,5887,<,0.3,=,0.01,=,0.65,=,0.52,=,5.16,<,0.1,<,0.1,<,0.5,<,0.5,=,4.25,<,0.01,=,127,=,34,<,5,<,5,,NA,<,1,=,118,=,6.4,=,24.9,=,26.3,Ausente,Ausente,1
20,AGUAPEI,TUPA,BA00146P,Bauru,2305398,13/4/2023,<,2,<,0.02,<,0.2,=,488,=,0.68,=,3.45,=,0.03,=,11500,=,0.15,=,0.25,=,2.85,=,7.63,=,45.3,<,0.2,=,98.1,=,3.12,=,14.1,=,1.5,=,4020,=,10.1,<,0.1,<,0.03,=,3.4,=,5540,<,0.1,<,0.2,=,2180,<,0.3,=,0.007,=,0.34,=,3.96,=,5.44,<,0.1,=,1.82,<,0.5,<,0.5,=,8.36,<,0.01,=,122,=,14,<,5,<,5,,NA,=,1.9,=,121,=,5.8,=,25,=,33.5,Ausente,Ausente,1
20,AGUAPEI,TUPA,BA00146P,Bauru,2319190,24/10/2023,=,2.96,<,0.02,<,0.2,=,391,=,0.56,<,2,=,0.03,=,17350,=,0.8,=,0.16,=,7.02,=,7.34,=,62.7,=,0.24,=,144,=,21.3,=,25.2,=,2.82,=,4699,=,8.74,=,0.11,<,0.03,=,2.73,=,4967,<,0.1,<,0.2,=,2645,<,0.3,=,0.02,=,0.65,=,260,=,5,<,0.1,=,0.72,<,0.5,<,0.5,=,6.76,<,0.01,=,143,=,45,<,5,<,5,,NA,=,1.6,=,154,=,6.3,=,25.7,=,34.6,Presente,Ausente,16
20,AGUAPEI,VALPARAISO,BA00149P,Bauru,2305399,13/4/2023,<,2,<,0.02,<,0.2,=,244,<,0.5,=,3.25,<,0.01,=,34800,<,0.05,<,0.05,<,0.2,=,44.8,=,134,<,0.2,=,848,=,7.17,=,42.2,=,8.12,=,11500,=,0.13,<,0.1,<,0.03,<,0.2,=,4790,<,0.1,<,0.2,=,7650,<,0.3,=,0.52,=,9.82,<,0.5,=,6.98,=,0.3,=,0.59,<,0.5,<,0.5,=,3.24,<,0.01,=,241,=,135,<,5,<,5,,NA,=,1.3,=,305,=,7.4,=,25.7,=,28,Presente,Ausente,52
20,AGUAPEI,VALPARAISO,BA00149P,Bauru,2319185,24/10/2023,=,2.03,<,0.02,<,0.2,=,329,<,0.5,=,2.14,<,0.01,=,41580,<,0.05,<,0.05,=,0.54,=,39.9,=,149,<,0.2,=,657,=,12.8,=,109,=,9.19,=,10860,=,0.34,<,0.1,<,0.03,<,0.2,=,5209,<,0.1,<,0.2,=,10330,<,0.3,=,0.48,=,7.61,=,0.59,=,10.15,=,0.31,=,1.03,<,0.5,<,0.5,=,5.14,<,0.01,=,281,=,149,<,5,<,5,,NA,<,1,=,343,=,7.4,=,26.4,=,32.2,Presente,Presente,210
21,PEIXE,ALFREDO MARCONDES,BA00002P,Bauru,2304456,9/3/2023,=,19,<,0.02,=,0.38,=,6.6,<,0.5,=,30.2,<,0.01,=,810,<,0.05,<,0.05,<,0.2,=,86.7,=,2.02,<,0.2,=,84,<,2,<,10,=,1.87,<,100,<,0.1,<,0.1,=,0.1,<,0.2,<,200,<,0.1,<,0.2,=,46000,<,0.3,=,0.29,=,107,<,0.5,=,0.25,=,0.31,=,0.44,NA,NA,NA,NA,=,0.06,<,0.01,=,170,=,61,=,70,<,5,,NA,=,5.3,=,249,=,9.8,=,25,=,29.6,Ausente,Ausente,1
21,PEIXE,ALFREDO MARCONDES,BA00002P,Bauru,2318464,19/9/2023,=,17.8,<,0.02,=,0.37,=,7.25,<,0.5,=,25.1,<,0.01,=,727,<,0.05,<,0.05,<,0.2,=,78.1,=,1.82,<,0.2,=,82.1,<,2,<,10,=,1.54,<,100,<,0.1,<,0.1,=,0.11,<,0.2,<,200,<,0.1,<,0.2,=,53640,<,0.3,=,0.31,=,93.9,=,1.08,=,0.26,=,0.31,=,0.45,NA,NA,<,0.5,=,0.06,<,0.01,=,148,=,59,=,66,<,5,,NA,<,1,=,240,=,9.8,=,25,=,33.6,Ausente,Ausente,1
21,PEIXE,ALVARES MACHADO,BA00158P,Bauru,2304455,9/3/2023,=,16.1,<,0.02,<,0.2,=,8.9,<,0.5,=,22.6,<,0.01,=,940,=,0.11,<,0.05,=,0.58,=,86.1,=,2.35,<,0.2,=,76,=,2.91,<,10,=,2.19,<,100,<,0.1,<,0.1,=,0.08,<,0.2,<,200,<,0.1,<,0.2,=,49000,<,0.3,=,0.92,=,48.2,=,0.52,=,1.53,=,0.28,=,1.14,NA,NA,NA,NA,=,0.31,<,0.01,=,197,=,78,=,67,<,5,,NA,=,3.3,=,262,=,9.6,=,24.8,=,29.6,Ausente,Ausente,1
21,PEIXE,ALVARES MACHADO,BA00158P,Bauru,2318463,19/9/2023,=,15.6,<,0.02,=,0.58,=,11.3,<,0.5,=,27.1,<,0.01,=,1037,<,0.05,<,0.05,=,0.59,=,66,=,2.59,<,0.2,=,85.2,<,2,<,10,=,2,<,100,<,0.1,<,0.1,=,0.11,<,0.2,<,200,<,0.1,<,0.2,=,61840,<,0.3,=,1.09,=,57.9,=,1.75,=,1.61,=,0.29,=,1.16,NA,NA,<,0.5,=,0.33,<,0.01,=,162,=,75,=,66,<,5,,NA,<,1,=,274,=,9.7,=,25.2,=,34.1,Ausente,Ausente,6
21,PEIXE,BASTOS,BA00339P,Bauru,2305432,24/4/2023,=,2.05,<,0.02,<,0.2,=,824,=,1.21,<,2,=,0.05,=,3980,=,0.3,=,0.63,=,3.44,=,14,=,41.3,<,0.2,=,136,<,2,<,10,=,3.02,=,7630,=,7.59,<,0.1,<,0.03,=,6.92,=,8850,<,0.1,<,0.2,=,4970,<,0.3,=,0.02,=,0.32,=,3.3,=,8.05,<,0.1,=,0.18,<,0.5,<,0.5,=,11.53,<,0.01,=,158,=,8,<,5,<,5,,NA,<,1,=,154,=,5.4,=,25.9,=,22.7,Ausente,Ausente,1
21,PEIXE,BASTOS,BA00339P,Bauru,2319113,9/10/2023,=,3.33,<,0.02,<,0.2,=,783,=,1.21,<,2,=,0.06,=,3854,=,0.36,=,0.62,=,3.37,=,14.7,=,40.8,<,0.2,=,133,<,2,=,12,=,3.59,=,7579,=,8.58,<,0.1,<,0.03,=,6.52,=,8678,<,0.1,<,0.2,=,4814,<,0.3,=,0.02,=,0.38,=,5.08,=,7.94,<,0.1,=,0.2,<,0.5,<,0.5,=,11.78,<,0.01,=,149,=,10,<,5,<,5,,NA,<,1,=,150,=,5.6,=,26.8,=,25.4,Presente,Ausente,20
21,PEIXE,CAIABU,BA00022P,Bauru,2305472,4/5/2023,=,5.44,<,0.02,=,0.37,=,72.7,<,0.5,=,20.4,<,0.01,=,8040,<,0.05,<,0.05,<,0.2,=,40.8,=,25,<,0.2,=,554,<,2,<,10,=,4.64,=,1180,<,0.1,<,0.1,<,0.03,<,0.2,=,586,<,0.1,<,0.2,=,29400,<,0.3,=,0.37,=,47.4,=,0.56,=,0.42,=,0.17,=,0.29,NA,NA,<,0.5,=,0.18,<,0.01,=,131,=,80,=,12,<,5,,NA,=,1.1,=,172,=,8.9,=,24.4,=,27.4,Ausente,Ausente,4
21,PEIXE,CAIABU,BA00022P,Bauru,2319192,31/10/2023,=,6.44,<,0.02,=,0.41,=,72.3,<,0.5,=,19.7,<,0.01,=,8078,<,0.05,<,0.05,<,0.2,=,39.6,=,25.3,<,0.2,=,557,<,2,<,10,=,5.06,=,1236,<,0.1,<,0.1,<,0.03,<,0.2,=,686,<,0.1,<,0.2,=,29960,<,0.3,=,0.49,=,50.7,=,0.86,=,0.58,=,0.16,=,0.63,NA,NA,<,0.5,=,0.27,<,0.01,=,122,=,82,=,14,<,5,,NA,=,1,=,173,=,8.9,=,24.4,=,27.3,Ausente,Ausente,1
21,PEIXE,CAIUA,BA00356P,Bauru,2304454,9/3/2023,=,2.42,<,0.02,<,0.2,=,130,<,0.5,=,4.24,<,0.01,=,4100,<,0.05,<,0.05,<,0.2,=,34.6,=,16,<,0.2,=,31,<,2,=,35.2,=,1.47,=,1400,<,0.1,<,0.1,<,0.03,<,0.2,=,4300,<,0.1,<,0.2,=,5000,<,0.3,<,0.005,=,0.3,<,0.5,=,2.98,<,0.1,<,0.1,<,0.5,NA,NA,=,0.76,<,0.01,<,100,=,29,<,5,<,5,,NA,=,6.8,=,74,=,6.4,=,24.5,=,27.1,Ausente,Ausente,12
21,PEIXE,CAIUA,BA00356P,Bauru,2318462,19/9/2023,<,2,<,0.02,<,0.2,=,136,=,0.76,=,3.23,<,0.01,=,4293,<,0.05,<,0.05,<,0.2,=,31.8,=,17.7,<,0.2,=,32,<,2,=,32.9,=,1.29,=,1694,<,0.1,<,0.1,<,0.03,<,0.2,=,4494,<,0.1,<,0.2,=,5797,<,0.3,<,0.005,=,0.29,=,6.67,=,2.96,<,0.1,<,0.1,<,0.5,<,0.5,=,0.75,<,0.01,<,100,=,31,<,5,<,5,,NA,<,1,=,72,=,6.3,=,24.3,=,29.3,Presente,Ausente,20
21,PEIXE,FLORIDA PAULISTA,BA00040P,Bauru,2305548,11/5/2023,=,2.57,<,0.02,<,0.2,=,293,<,0.5,=,8.33,<,0.01,=,43200,=,0.11,<,0.05,=,1.22,=,69.1,=,141,<,0.2,=,433,=,2.58,=,45.4,=,6.72,=,8020,=,0.77,<,0.1,<,0.03,=,0.52,=,3160,<,0.1,=,0.2,=,20500,<,0.3,=,0.38,=,36,=,1.52,=,11.06,=,0.22,=,6.89,<,0.5,<,0.5,=,5.22,<,0.01,=,246,=,155,<,5,<,5,,NA,<,1,=,373,=,7.1,=,25.2,=,26,Ausente,Ausente,1
21,PEIXE,FLORIDA PAULISTA,BA00040P,Bauru,2319123,19/10/2023,<,2,<,0.02,<,0.2,=,425,<,0.5,=,6.07,<,0.01,=,67430,<,0.05,<,0.05,=,0.6,=,23.4,=,220,<,0.2,=,758,=,5.24,=,57.6,=,9.06,=,12560,=,1.2,<,0.1,<,0.03,=,0.33,=,4556,<,0.1,=,0.31,=,21480,<,0.3,=,0.75,=,12.5,=,1.95,=,18.91,=,0.19,=,12.32,NA,NA,<,0.5,=,9.08,<,0.01,=,375,=,216,<,5,<,5,,NA,<,1,=,542,=,7.1,=,25.5,=,32,Ausente,Ausente,3
21,PEIXE,INDIANA,BA00050P,Bauru,2305471,4/5/2023,<,2,<,0.02,<,0.2,=,114,<,0.5,=,4.26,<,0.01,=,13300,=,0.06,<,0.05,=,1.19,=,11.3,=,45.7,<,0.2,=,348,<,2,=,35,=,6.69,=,3030,<,0.1,<,0.1,<,0.03,=,0.34,=,2300,<,0.1,<,0.2,=,15400,<,0.3,=,0.04,=,16.2,<,0.5,=,0.44,=,0.14,=,0.1,<,0.5,<,0.5,=,0.8,<,0.01,=,111,=,80,<,5,<,5,,NA,<,1,=,157,=,7,=,24.4,=,26.3,Presente,Ausente,10
21,PEIXE,INDIANA,BA00050P,Bauru,2319194,31/10/2023,=,2.92,<,0.02,<,0.2,=,111,<,0.5,=,2.83,<,0.01,=,12500,=,0.06,<,0.05,=,0.79,=,11.2,=,43.6,<,0.2,=,322,=,3.87,=,33.7,=,7.07,=,3002,=,0.19,<,0.1,<,0.03,=,0.36,=,2326,<,0.1,<,0.2,=,14700,<,0.3,=,0.04,=,18,<,0.5,=,0.48,=,0.13,<,0.1,<,0.5,<,0.5,=,0.8,<,0.01,=,122,=,75,<,5,<,5,,NA,<,1,=,153,=,6.9,=,24.3,=,23.8,Presente,Ausente,11
21,PEIXE,INUBIA PAULISTA,BA00052P,Bauru,2305469,4/5/2023,<,2,<,0.02,<,0.2,=,458,<,0.5,=,2.3,<,0.01,=,39600,=,0.21,<,0.05,=,3.72,=,7.77,=,128,<,0.2,=,281,=,2.21,=,44.6,=,6.28,=,7010,=,0.77,<,0.1,<,0.03,=,0.82,=,5080,<,0.1,<,0.2,=,6210,<,0.3,=,0.06,=,1.22,=,3.36,=,8.6,<,0.1,<,0.1,<,0.5,<,0.5,=,6.57,<,0.01,=,259,=,113,<,5,<,5,,NA,<,1,=,294,=,7.2,=,25.3,=,29.7,Ausente,Ausente,1
21,PEIXE,INUBIA PAULISTA,BA00052P,Bauru,2319193,31/10/2023,=,2.03,<,0.02,<,0.2,=,430,<,0.5,<,2,<,0.01,=,38260,=,0.1,<,0.05,=,0.79,=,7.76,=,124,<,0.2,=,270,=,3.49,=,47,=,6.77,=,6906,=,0.47,<,0.1,<,0.03,=,0.63,=,4989,<,0.1,<,0.2,=,6243,<,0.3,=,0.07,=,1.74,=,1.21,=,8.77,<,0.1,=,0.28,<,0.5,<,0.5,=,6.58,<,0.01,=,211,=,115,<,5,<,5,,NA,<,1,=,292,=,72,=,24.6,=,26,Ausente,Ausente,1
21,PEIXE,IRAPURU,BA00297P,Bauru,2305547,11/5/2023,<,2,<,0.02,<,0.2,=,462,<,0.5,=,4.17,<,0.01,=,35600,<,0.05,<,0.05,=,0.22,=,32,=,138,<,0.2,=,316,<,2,=,23.1,=,11.8,=,12000,<,0.1,<,0.1,<,0.03,<,0.2,=,3890,<,0.1,<,0.2,=,8460,<,0.3,=,0.35,=,5.65,=,1.04,=,3.87,=,0.4,=,1.47,<,0.5,<,0.5,=,1.16,<,0.01,=,227,=,157,<,5,<,5,,NA,<,1,=,301,=,7.2,=,25.3,=,24.3,Ausente,Ausente,9
21,PEIXE,IRAPURU,BA00297P,Bauru,2319121,19/10/2023,=,2.25,<,0.02,<,0.2,=,465,<,0.5,=,2.82,<,0.01,=,35130,=,0.06,<,0.05,=,0.38,=,31.7,=,139,<,0.2,=,317,=,3.37,=,22.1,=,12.6,=,12460,=,0.23,<,0.1,<,0.03,<,0.2,=,3998,<,0.1,<,0.2,=,8532,<,0.3,=,0.38,=,6.25,=,1.16,=,3.75,=,0.42,=,1.46,<,0.5,<,0.5,=,1.12,<,0.01,=,226,=,153,<,5,<,5,,NA,=,3,=,304,=,7.4,=,25.2,=,26.5,Ausente,Ausente,4
21,PEIXE,LUPERCIO,BA00253P,Bauru,2304467,13/3/2023,=,4.73,=,0.02,=,0.33,=,230,=,0.5,=,4.16,=,0.01,=,9000,=,0.07,=,0.05,=,0.45,=,9.1,=,36.1,<,0.2,=,700,=,7.16,<,10,=,8.07,=,3300,=,0.1,<,0.1,<,0.03,=,0.36,=,1900,<,0.1,<,0.2,=,28000,<,0.3,=,0.26,=,21.8,=,1.67,=,0.16,<,0.1,=,0.82,NA,NA,NA,NA,=,0.37,<,0.01,=,122,=,100,<,5,<,5,,NA,=,1.5,=,181,=,7.9,=,25.9,=,21.3,Presente,Ausente,16
21,PEIXE,LUPERCIO,BA00253P,Bauru,2316613,11/9/2023,=,4.64,<,0.02,=,0.33,=,202,<,0.5,=,3.6,<,0.01,=,7896,<,0.05,<,0.05,=,0.26,=,9.65,=,32.2,<,0.2,=,638,<,2,<,10,=,8.14,=,3040,<,0.1,<,0.1,<,0.03,<,0.2,=,1718,<,0.1,<,0.2,=,27480,<,0.3,=,0.31,=,22.2,=,2.77,=,0.14,<,0.1,=,0.82,NA,NA,<,0.5,=,0.36,<,0.01,=,134,=,98,<,5,<,5,,NA,<,1,=,182,=,8,=,24.7,=,22,Presente,Ausente,9
21,PEIXE,MARIAPOLIS,BA00066P,Bauru,2305546,11/5/2023,=,13.5,<,0.02,<,0.2,=,78.4,<,0.5,=,9.3,<,0.01,=,8260,<,0.05,<,0.05,<,0.2,=,42.2,=,25.5,<,0.2,=,360,=,2.07,=,22,=,1.42,=,1200,<,0.1,<,0.1,=,0.04,<,0.2,=,735,<,0.1,<,0.2,=,46400,<,0.3,=,1.67,=,38.1,=,1.8,=,7.54,=,0.24,=,13.01,NA,NA,<,0.5,=,2.38,<,0.01,=,182,=,92,=,29,<,5,,NA,<,1,=,291,=,9.2,=,25.2,=,29,Ausente,Ausente,280
21,PEIXE,MARIAPOLIS,BA00066P,Bauru,2319119,19/10/2023,=,13,<,0.02,<,0.2,=,124,<,0.5,=,7.38,<,0.01,=,12790,<,0.05,<,0.05,<,0.2,=,41.4,=,40.5,<,0.2,=,546,<,2,=,74,=,1.62,=,2086,<,0.1,<,0.1,=,0.04,<,0.2,=,1196,<,0.1,<,0.2,=,44960,<,0.3,=,1.95,=,36.2,=,4.95,=,7.33,=,0.24,=,12.65,NA,NA,<,0.5,=,2.34,<,0.01,=,202,=,92,=,27,<,5,,NA,=,2.1,=,299,=,9.1,=,25,=,29,Ausente,Ausente,6
21,PEIXE,MARILIA,GU00207P,Guarani,2304427,6/3/2023,=,3.2,<,0.02,<,0.2,=,200,<,0.5,<,2,<,0.01,=,17000,<,0.05,<,0.05,=,0.72,=,0.78,=,60.5,<,0.2,=,150,=,2.13,=,16.2,=,1.72,=,4400,<,0.1,<,0.1,<,0.03,<,0.2,=,2700,<,0.1,<,0.2,=,400,<,0.3,=,0.01,=,2.37,=,0.76,=,0.79,<,0.1,<,0.1,<,0.5,NA,NA,=,4.01,<,0.01,=,135,=,57,<,5,<,5,,NA,=,2.9,=,137,=,6.6,=,25.3,=,26.5,Ausente,Ausente,1
21,PEIXE,MARILIA,GU00207P,Guarani,2316585,4/9/2023,<,2,<,0.02,<,0.2,=,220,<,0.5,<,2,<,0.01,=,15730,<,0.05,<,0.05,=,0.65,=,0.62,=,61.2,<,0.2,=,152,=,2.66,=,12.4,=,1.49,=,5307,=,0.12,<,0.1,<,0.03,<,0.2,=,2759,<,0.1,<,0.2,=,465,<,0.3,=,0.01,=,2.1,=,1.17,=,0.87,<,0.1,<,0.1,<,0.5,<,0.5,=,4.28,<,0.01,<,100,=,49,<,5,<,5,,NA,<,1,=,139,=,6.6,=,25.7,=,33.3,Ausente,Ausente,1
21,PEIXE,ORIENTE,BA00289P,Bauru,2305322,23/3/2023,<,2,<,0.02,<,0.2,=,800,<,0.5,<,2,<,0.01,=,44000,<,0.05,<,0.05,<,0.2,=,4.43,=,168,<,0.2,=,1100,<,2,<,10,=,5.1,=,14000,<,0.1,<,0.1,<,0.03,<,0.2,=,2500,<,0.1,<,0.2,=,5000,<,0.3,=,0.18,=,11.8,=,1.01,=,2.16,<,0.1,=,0.25,<,0.5,<,0.5,=,0.77,<,0.01,=,218,=,186,<,5,<,5,,NA,<,1,=,333,=,7.5,=,24.8,=,31,Ausente,Ausente,2
21,PEIXE,ORIENTE,BA00289P,Bauru,2318932,31/10/2023,=,2.71,<,0.02,<,0.2,=,750,<,0.5,<,2,<,0.01,=,41500,=,0.12,<,0.05,=,0.94,=,5.48,=,160,<,0.2,=,1034,=,4.51,<,10,=,5.88,=,13670,=,0.15,<,0.1,<,0.03,<,0.2,=,2430,<,0.1,<,0.2,=,5404,<,0.3,=,0.21,=,14,=,4.08,=,2.1,<,0.1,=,1.8,<,0.5,<,0.5,=,0.76,<,0.01,=,205,=,179,<,5,<,5,,NA,<,1,=,324,=,7.5,=,23.8,=,23,Presente,Presente,45
21,PEIXE,PRESIDENTE PRUDENTE,BA00327P,Bauru,2305467,4/5/2023,=,15.6,<,0.02,=,0.4,=,30.5,<,0.5,=,17.1,<,0.01,=,5960,<,0.05,<,0.05,<,0.2,=,29.2,=,19.6,<,0.2,=,103,<,2,=,41.7,=,3.03,=,1150,<,0.1,<,0.1,<,0.03,<,0.2,=,461,<,0.1,<,0.2,=,45500,<,0.3,=,0.19,=,71.5,<,0.5,=,1.81,=,0.28,=,1.3,NA,NA,<,0.5,=,0.84,<,0.01,=,166,=,103,=,17,<,5,,NA,=,1.6,=,231,=,9.3,=,24.2,=,23.5,Ausente,Ausente,1
21,PEIXE,PRESIDENTE PRUDENTE,BA00327P,Bauru,2319195,31/10/2023,=,15.4,<,0.02,=,0.36,=,34.3,<,0.5,=,11.4,<,0.01,=,7030,=,0.06,<,0.05,<,0.2,=,33.5,=,23.6,<,0.2,=,107,=,5.51,=,67.7,=,3.65,=,1461,=,0.18,<,0.1,<,0.03,<,0.2,=,607,<,0.1,<,0.2,=,40480,<,0.3,=,0.23,=,63.7,=,2.35,=,1.19,=,0.3,=,0.89,NA,NA,<,0.5,=,0.37,<,0.01,=,150,=,87,=,29,<,5,,NA,=,1,=,228,=,8.1,=,24.4,=,24.1,Ausente,Ausente,1
21,PEIXE,QUATA,BA00107P,Bauru,2305486,8/5/2023,<,2,<,0.02,<,0.2,=,285,<,0.5,=,2.02,<,0.01,=,23000,<,0.05,<,0.05,=,0.25,=,4.4,=,76.7,<,0.2,=,132,<,2,=,22.4,=,1.26,=,4690,<,0.1,<,0.1,<,0.03,<,0.2,=,3390,<,0.1,<,0.2,=,2420,<,0.3,=,0.01,=,0.79,=,5.94,=,0.98,<,0.1,=,0.32,<,0.5,<,0.5,=,0.96,<,0.01,=,122,=,84,<,5,<,5,,NA,<,1,=,171,=,6.7,=,24.7,=,34.4,Presente,Ausente,9
21,PEIXE,QUATA,BA00107P,Bauru,2319115,16/10/2023,<,2,<,0.02,<,0.2,=,292,<,0.5,<,2,<,0.01,=,23250,<,0.05,<,0.05,=,0.27,=,3.84,=,78.2,<,0.2,=,134,<,2,=,22,=,1.26,=,4890,<,0.1,<,0.1,<,0.03,<,0.2,=,3648,<,0.1,<,0.2,=,2491,<,0.3,=,0.02,=,0.79,=,2.21,=,1.07,<,0.1,=,0.34,<,0.5,<,0.5,=,0.98,<,0.01,=,125,=,86,<,5,<,5,,NA,<,1,=,164,=,6.8,=,25.4,=,37.1,Presente,Ausente,23
21,PEIXE,SAGRES,BA00117P,Bauru,2305468,4/5/2023,<,2,<,0.02,<,0.2,=,138,<,0.5,=,2.79,<,0.01,=,26100,<,0.05,<,0.05,<,0.2,=,15,=,96.2,<,0.2,=,213,<,2,=,42.9,=,6.48,=,7530,=,0.22,<,0.1,<,0.03,=,0.36,=,4410,<,0.1,<,0.2,=,7820,<,0.3,=,0.04,=,2.31,=,1.85,=,7.13,<,0.1,<,0.1,<,0.5,<,0.5,=,2.61,<,0.01,=,190,=,100,<,5,<,5,,NA,=,1.3,=,232,=,7.5,=,24.7,=,29.1,Ausente,Ausente,1
21,PEIXE,SAGRES,BA00117P,Bauru,2319196,31/10/2023,=,10.2,=,cancelado,<,0.2,=,132,<,0.5,<,2,<,0.01,=,25180,<,0.05,<,0.05,<,0.2,=,14.5,=,93.6,<,0.2,=,203,=,17.4,=,cancelado,=,7.32,=,7446,=,0.31,<,0.1,=,0.34,=,1.84,=,4417,<,0.1,<,0.2,=,7698,=,47.5,=,0.05,=,2.62,=,0.76,=,7.08,<,0.1,=,0.26,<,0.5,<,0.5,=,2.62,<,0.01,=,176,=,104,<,5,<,5,,NA,<,1,=,230,=,7.5,=,24.5,=,30.3,Presente,Ausente,15
22,PONTAL DO PARANAPANEMA,ESTRELA DO NORTE,BA00037P,Bauru,2304625,16/3/2023,=,5.17,<,0.02,=,0.37,=,51,<,0.5,=,9.56,<,0.01,=,14000,=,0.09,<,0.05,=,0.65,=,10.7,=,44.9,<,0.2,=,150,<,2,<,10,=,3.68,=,2400,<,0.1,<,0.1,<,0.03,<,0.2,=,2000,<,0.1,<,0.2,=,20000,<,0.3,=,0.12,=,45,=,2.2,=,1.88,=,0.15,=,0.17,NA,NA,<,0.5,=,1.39,<,0.01,=,148,=,88,<,5,<,5,,NA,=,1.3,=,166,=,8.2,=,25.6,=,28.8,Presente,Ausente,42
22,PONTAL DO PARANAPANEMA,ESTRELA DO NORTE,BA00037P,Bauru,2318471,19/9/2023,=,7,<,0.02,=,0.69,=,38.9,<,0.5,=,17.1,<,0.01,=,10850,=,0.09,<,0.05,=,0.32,=,21.4,=,35,<,0.2,=,121,<,2,<,10,=,2.93,=,1920,<,0.1,<,0.1,=,0.03,<,0.2,=,1539,<,0.1,<,0.2,=,22950,<,0.3,=,0.1,=,153,<,0.5,=,1.2,=,0.24,=,0.28,NA,NA,<,0.5,=,0.79,<,0.01,=,142,=,61,=,28,<,5,,NA,<,1,=,166,=,9.1,=,25.2,=,35,Ausente,Ausente,1
22,PONTAL DO PARANAPANEMA,MARABA PAULISTA,BA00255P,Bauru,2304623,16/3/2023,<,2,<,0.02,<,0.2,=,220,<,0.5,=,4.12,<,0.01,=,22000,<,0.05,<,0.05,=,0.78,=,10.1,=,65.6,<,0.2,=,70,<,2,=,47.9,=,2.45,=,2600,<,0.1,<,0.1,<,0.03,<,0.2,=,4700,<,0.1,<,0.2,=,3400,<,0.3,=,0.01,=,1.15,=,2.06,=,2.74,=,0.12,=,0.16,<,0.5,<,0.5,=,1.24,<,0.01,=,122,=,70,<,5,<,5,,NA,<,1,=,149,=,6.9,=,24.6,=,27.2,Ausente,Ausente,1
22,PONTAL DO PARANAPANEMA,MARABA PAULISTA,BA00255P,Bauru,2318472,19/9/2023,<,2,<,0.02,<,0.2,=,178,<,0.5,=,3.61,<,0.01,=,21430,<,0.05,<,0.05,=,0.31,=,11.6,=,63.7,<,0.2,=,67.5,=,2.51,=,47.4,=,2.93,=,2488,<,0.1,<,0.1,<,0.03,<,0.2,=,4395,<,0.1,<,0.2,=,3112,<,0.3,=,0.01,=,1.49,=,0.61,=,2.74,=,0.12,=,0.14,<,0.5,<,0.5,=,1.26,<,0.01,=,115,=,71,<,5,<,5,,NA,<,1,=,148,=,6.9,=,24.8,=,30.8,Ausente,Ausente,1
22,PONTAL DO PARANAPANEMA,MIRANTE DO PARANAPANEMA,BA00402P,Bauru,2304624,16/3/2023,<,2,<,0.02,<,0.2,=,63,<,0.5,=,4.72,<,0.01,=,3700,=,0.09,=,0.36,=,1.92,=,7,=,12.4,<,0.2,=,110,=,9.56,<,10,=,2.16,=,770,=,0.9,<,0.1,<,0.03,=,0.86,=,2400,<,0.1,<,0.2,=,5700,<,0.3,=,0.02,=,5.85,=,2.24,<,0.1,<,0.1,=,0.24,<,0.5,<,0.5,<,0.05,<,0.01,<,100,=,30,<,5,<,5,,NA,=,1.4,=,53,=,6.3,=,25.1,=,29,Ausente,Ausente,1
22,PONTAL DO PARANAPANEMA,MIRANTE DO PARANAPANEMA,BA00402P,Bauru,2318475,19/9/2023,<,2,<,0.02,<,0.2,=,66.9,<,0.5,=,2.87,<,0.01,=,1026,=,0.15,=,0.5,=,2.59,=,3.6,=,5.3,<,0.2,=,19.7,=,9.51,<,10,=,1.05,=,666,=,1.14,<,0.1,<,0.03,=,1.18,=,2619,<,0.1,<,0.2,=,731,<,0.3,<,0.005,=,0.75,=,2.68,<,0.1,<,0.1,<,0.1,<,0.5,<,0.5,<,0.05,<,0.01,<,100,=,29,<,5,<,5,,NA,<,1,=,24,=,5.9,,NA,=,35.5,Presente,Ausente,44
22,PONTAL DO PARANAPANEMA,NANTES,SG00261P,Serra Geral,2305489,8/5/2023,<,2,<,0.02,<,0.2,=,125,<,0.5,=,4.52,<,0.01,=,16800,=,0.08,<,0.05,=,1.07,=,1.44,=,58.7,<,0.2,=,132,<,2,=,72.6,=,3.86,=,4070,<,0.1,<,0.1,<,0.03,<,0.2,=,2020,<,0.1,<,0.2,=,4300,<,0.3,=,0.01,=,7.94,=,5.22,=,3.85,<,0.1,<,0.1,<,0.5,<,0.5,=,2.26,<,0.01,=,135,=,58,<,5,<,5,,NA,<,1,=,143,=,6.7,=,24.3,=,26.2,Ausente,Ausente,3
22,PONTAL DO PARANAPANEMA,NANTES,SG00261P,Serra Geral,2319117,16/10/2023,<,2,<,0.02,<,0.2,=,128,<,0.5,=,2.95,<,0.01,=,17200,=,0.11,<,0.05,=,1.18,=,1.22,=,61,<,0.2,=,135,<,2,=,78.3,=,4,=,4389,<,0.1,<,0.1,<,0.03,<,0.2,=,2172,<,0.1,<,0.2,=,4504,<,0.3,=,0.009,=,7.6,=,3.06,=,4.39,<,0.1,<,0.1,<,0.5,<,0.5,=,2.68,<,0.01,=,131,=,59,<,5,<,5,,NA,<,1,=,152,=,6.7,=,24.4,=,31.2,Ausente,Ausente,130
22,PONTAL DO PARANAPANEMA,PIRAPOZINHO,BA00424P,Bauru,2304626,16/3/2023,=,4.73,<,0.02,<,0.2,=,970,=,0.93,=,5.21,=,0.02,=,22000,=,0.09,=,0.07,=,0.63,=,17.3,=,108,<,0.2,=,500,=,8.37,=,35.3,=,5.56,=,13000,=,4.22,<,0.1,<,0.03,=,3.01,=,11000,<,0.1,<,0.2,=,15000,<,0.3,=,0.07,=,1.25,=,18.6,=,31.85,<,0.1,=,2.51,<,0.5,<,0.5,=,17.62,<,0.01,=,312,=,49,<,5,<,5,,NA,<,1,=,345,=,6.2,=,26.4,=,33.1,Presente,Ausente,28
22,PONTAL DO PARANAPANEMA,PIRAPOZINHO,BA00424P,Bauru,2318474,19/9/2023,=,2.53,<,0.02,<,0.2,=,584,<,0.5,=,9.62,=,0.02,=,17620,=,0.05,=,0.05,=,0.26,=,26.6,=,77.9,<,0.2,=,420,=,3.42,=,28.9,=,4.99,=,8233,=,3.1,<,0.1,<,0.03,=,2.1,=,6171,<,0.1,<,0.2,=,17560,<,0.3,=,0.18,=,10.3,=,12.9,=,17.03,<,0.1,=,1.25,<,0.5,<,0.5,=,8.58,<,0.01,=,191,=,72,<,5,<,5,,NA,=,1.1,=,261,=,6.6,=,26.1,=,34.5,Ausente,Ausente,4
22,PONTAL DO PARANAPANEMA,PRESIDENTE VENCESLAU,BA00106P,Bauru,2304458,9/3/2023,=,3.73,<,0.02,<,0.2,=,330,<,0.5,=,4.58,<,0.01,=,25000,=,0.21,<,0.05,=,0.78,=,15.1,=,86.7,<,0.2,=,180,<,2,=,23,=,12.4,=,5900,<,0.1,<,0.1,<,0.03,<,0.2,=,4200,<,0.1,<,0.2,=,5500,<,0.3,=,0.06,=,10.2,=,10.8,=,2.96,=,0.26,=,0.17,<,0.5,NA,NA,=,1.95,<,0.01,=,194,=,106,<,5,<,5,,NA,=,6.3,=,215,=,7.4,=,25.5,=,28.1,Ausente,Ausente,1
22,PONTAL DO PARANAPANEMA,PRESIDENTE VENCESLAU,BA00106P,Bauru,2318460,19/9/2023,<,2,<,0.02,<,0.2,=,374,<,0.5,=,3.29,<,0.01,=,25550,=,0.23,<,0.05,=,0.62,=,13.9,=,92.9,<,0.2,=,194,<,2,=,22.5,=,10.3,=,7066,<,0.1,<,0.1,<,0.03,<,0.2,=,4483,<,0.1,<,0.2,=,6719,<,0.3,=,0.04,=,8.41,=,5.93,=,3.45,=,0.26,=,0.16,<,0.5,<,0.5,=,2.14,<,0.01,=,176,=,104,<,5,<,5,,NA,<,1,=,216,=,7.5,=,25.1,=,31,Ausente,Ausente,14
22,PONTAL DO PARANAPANEMA,REGENTE FEIJO,BA00188P,Bauru,2305470,4/5/2023,<,2,<,0.02,<,0.2,=,197,<,0.5,=,4.13,<,0.01,=,17100,<,0.05,<,0.05,=,0.66,=,8.87,=,57.8,<,0.2,=,668,<,2,=,13.5,=,8.36,=,3660,<,0.1,<,0.1,<,0.03,<,0.2,=,2020,<,0.1,<,0.2,=,11800,<,0.3,=,0.09,=,8.49,=,7.5,<,0.1,=,0.13,=,0.22,<,0.5,<,0.5,<,0.05,<,0.01,=,140,=,88,<,5,<,5,,NA,<,1,=,164,=,7.6,=,24.5,=,24.9,Ausente,Ausente,1
22,PONTAL DO PARANAPANEMA,REGENTE FEIJO,BA00188P,Bauru,2319191,31/10/2023,<,2,<,0.02,<,0.2,=,203,<,0.5,=,2.34,<,0.01,=,17720,=,0.06,<,0.05,=,0.51,=,7.75,=,60.6,<,0.2,=,666,<,2,=,11.8,=,8.44,=,3982,=,0.1,<,0.1,<,0.03,<,0.2,=,2143,<,0.1,<,0.2,=,10080,<,0.3,=,0.1,=,7.29,=,8.25,<,0.1,=,0.11,=,0.25,<,0.5,<,0.5,<,0.05,<,0.01,=,121,=,95,<,5,<,5,,NA,<,1,=,166,=,7.5,=,24.5,=,21.6,Presente,Ausente,4
22,PONTAL DO PARANAPANEMA,SANTO ANASTACIO,BA00340P,Bauru,2304457,9/3/2023,=,6.05,<,0.02,=,0.42,=,54,<,0.5,=,15.9,<,0.01,=,9500,<,0.05,<,0.05,<,0.2,=,30.8,=,28.2,<,0.2,=,350,<,2,<,10,=,9.9,=,1100,<,0.1,<,0.1,<,0.03,<,0.2,=,1100,<,0.1,<,0.2,=,24000,<,0.3,=,0.5,=,30.2,=,1.59,=,0.37,=,0.29,=,0.35,NA,NA,NA,NA,<,0.05,<,0.01,=,154,=,96,<,5,<,5,,NA,=,5.4,=,176,=,8.5,=,25.3,=,29.3,Ausente,Ausente,1
22,PONTAL DO PARANAPANEMA,SANTO ANASTACIO,BA00340P,Bauru,2318461,19/9/2023,=,3.31,<,0.02,=,0.49,=,47,<,0.5,=,14.1,<,0.01,=,8782,<,0.05,<,0.05,<,0.2,=,28.9,=,26,<,0.2,=,334,<,2,<,10,=,8.24,=,987,<,0.1,<,0.1,<,0.03,<,0.2,=,1032,<,0.1,<,0.2,=,29560,<,0.3,=,0.48,=,28.3,=,2.35,=,0.37,=,0.28,=,0.34,NA,NA,<,0.5,<,0.05,<,0.01,=,135,=,90,=,6,<,5,,NA,<,1,=,168,=,8.6,=,25.4,=,34.7,Ausente,Ausente,1
22,PONTAL DO PARANAPANEMA,TACIBA,SG00284P,Serra Geral,2305485,8/5/2023,<,2,<,0.02,<,0.2,=,27.1,<,0.5,=,9.35,<,0.01,=,28200,<,0.05,<,0.05,=,0.75,<,0.2,=,112,<,0.2,=,151,<,2,=,76.9,=,1.11,=,9980,<,0.1,<,0.1,<,0.03,=,0.24,=,714,<,0.1,<,0.2,=,9170,<,0.3,=,0.37,=,20.1,<,0.5,=,3.25,=,0.29,=,1.28,<,0.5,<,0.5,=,0.09,<,0.01,=,214,=,131,<,5,<,5,,NA,<,1,=,255,=,6.7,=,23.7,=,25,Ausente,Ausente,1
22,PONTAL DO PARANAPANEMA,TACIBA,SG00284P,Serra Geral,2319114,16/10/2023,<,2,<,0.02,<,0.2,=,28.1,<,0.5,=,7.13,<,0.01,=,28430,=,0.13,<,0.05,=,4.27,<,0.2,=,114,<,0.2,=,152,=,6.9,=,85.8,=,1.04,=,10320,=,0.17,<,0.1,<,0.03,=,0.21,=,784,<,0.1,<,0.2,=,9498,<,0.3,=,0.43,=,21.2,=,1.9,=,3.06,=,0.28,=,1.55,<,0.5,<,0.5,=,0.09,<,0.01,=,202,=,131,<,5,<,5,,NA,=,1.2,=,248,=,6.8,=,25.6,=,29.3,Ausente,Ausente,1
22,PONTAL DO PARANAPANEMA,TEODORO SAMPAIO,BA00144P,Bauru,2304622,16/3/2023,=,2.2,<,0.02,<,0.2,=,130,<,0.5,=,4.94,=,0.01,=,1500,<,0.05,=,1.05,=,3.6,=,0.78,=,8.28,<,0.2,=,20,=,4.5,=,79.6,=,1.25,=,1100,=,1.34,<,0.1,<,0.03,=,2.79,=,3400,<,0.1,<,0.2,=,1300,<,0.3,=,0.006,<,0.2,=,12.3,=,1.21,<,0.1,<,0.1,<,0.5,<,0.5,=,1.56,<,0.01,<,100,=,7,<,5,<,5,,NA,<,1,=,36,=,5.8,=,23.3,=,23.7,Ausente,Ausente,1
22,PONTAL DO PARANAPANEMA,TEODORO SAMPAIO,BA00144P,Bauru,2318476,19/9/2023,<,2,<,0.02,<,0.2,=,121,<,0.5,=,4.68,=,0.01,=,1227,<,0.05,=,1.09,=,3.38,=,0.84,=,7.66,<,0.2,=,17.6,=,5.34,=,83.6,=,1.29,=,1118,=,0.97,<,0.1,<,0.03,=,2.9,=,3375,<,0.1,<,0.2,=,1242,<,0.3,=,0.007,<,0.2,=,12.3,=,1.22,<,0.1,<,0.1,<,0.5,<,0.5,=,1.61,<,0.01,<,100,=,7,<,5,<,5,,NA,=,1.1,=,35,=,5.7,=,23.7,=,24.9,Ausente,Ausente,25
22,PONTAL DO PARANAPANEMA,TEODORO SAMPAIO,BA00383P,Bauru,2304627,16/3/2023,=,5.56,<,0.02,<,0.2,=,100,<,0.5,=,4.28,<,0.01,<,500,=,1.06,=,0.84,=,19,=,0.66,=,2.06,<,0.2,=,10,=,3.2,<,10,=,0.86,=,500,=,8.05,=,cancelado,<,0.03,=,1.47,=,2100,=,0.11,<,0.2,=,4200,<,0.3,=,0.02,<,0.2,=,12.6,=,4.1,=,1.26,<,0.1,<,0.5,<,0.5,=,1.38,<,0.01,<,100,<,5,<,5,<,5,,NA,=,1.7,=,43,=,4.7,=,24.5,=,24.7,Ausente,Ausente,1
22,PONTAL DO PARANAPANEMA,TEODORO SAMPAIO,BA00383P,Bauru,2318473,19/9/2023,=,3.99,<,0.02,<,0.2,=,96.5,<,0.5,=,3.92,<,0.01,<,500,=,0.4,=,0.92,=,6.26,=,0.6,=,1.94,<,0.2,=,9.01,=,8.77,<,10,=,0.9,=,471,=,9.65,<,0.1,<,0.03,=,1.34,=,1990,<,0.1,<,0.2,=,2345,<,0.3,=,0.02,<,0.2,=,7.32,=,1.98,<,0.1,<,0.1,<,0.5,<,0.5,=,1.38,<,0.01,<,100,<,5,<,5,<,5,,NA,<,1,=,28,=,5.1,=,24.3,=,27.6,Ausente,Ausente,1