Coleta de Dados - UMMI,Impressão: 08/08/2025  9:23.09,Grupo:,TH-04-R,Equipamento:  1 - UMMI,Coleta:,04/08/2025 - 08:56,Registros:   Total: 2.864        Exibidos: 2.864,Data da Coleta:,04/08/2025,Exibição de Dados,Temperatura:,,Umidade:,,Datas:,,Medições,Data / Hora,Temperatura,Umidade,25/07/2025 - 08:40,"23,00","55,00",Betha Eletrônica Ltda,1/1
Coleta de Dados - UMMI,Impressão: 08/08/2025  9:23.09,Grupo:,TH-04-R,Equipamento:  1 - UMMI,Coleta:,04/08/2025 - 08:56,Registros:   Total: 2.864        Exibidos: 2.864,Data da Coleta:,04/08/2025,Exibição de Dados,Temperatura:,,Umidade:,,Datas:,,Medições,Data / Hora,Temperatura,Umidade,25/07/2025 - 08:45,"22,00","43,00",Betha Eletrônica Ltda,1/1
Coleta de Dados - UMMI,Impressão: 08/08/2025  9:23.09,Grupo:,TH-04-R,Equipamento:  1 - UMMI,Coleta:,04/08/2025 - 08:56,Registros:   Total: 2.864        Exibidos: 2.864,Data da Coleta:,04/08/2025,Exibição de Dados,Temperatura:,,Umidade:,,Datas:,,Medições,Data / Hora,Temperatura,Umidade,25/07/2025 - 08:50,"22,00","47,00",Betha Eletrônica Ltda,1/1
Coleta de Dados - UMMI,Impressão: 08/08/2025  9:23.09,Grupo:,TH-04-R,Equipamento:  1 - UMMI,Coleta:,04/08/2025 - 08:56,Registros:   Total: 2.864        Exibidos: 2.864,Data da Coleta:,04/08/2025,Exibição de Dados,Temperatura:,,Umidade:,,Datas:,,Medições,Data / Hora,Temperatura,Umidade,25/07/2025 - 08:55,"22,00","41,00",Betha Eletrônica Ltda,1/1
Coleta de Dados - UMMI,Impressão: 08/08/2025  9:23.09,Grupo:,TH-04-R,Equipamento:  1 - UMMI,Coleta:,04/08/2025 - 08:56,Registros:   Total: 2.864        Exibidos: 2.864,Data da Coleta:,04/08/2025,Exibição de Dados,Temperatura:,,Umidade:,,Datas:,,Medições,Data / Hora,Temperatura,Umidade,25/07/2025 - 09:00,"23,00","50,00",Betha Eletrônica Ltda,1/1
Coleta de Dados - UMMI,Impressão: 08/08/2025  9:23.09,Grupo:,TH-04-R,Equipamento:  1 - UMMI,Coleta:,04/08/2025 - 08:56,Registros:   Total: 2.864        Exibidos: 2.864,Data da Coleta:,04/08/2025,Exibição de Dados,Temperatura:,,Umidade:,,Datas:,,Medições,Data / Hora,Temperatura,Umidade,25/07/2025 - 09:05,"23,00","41,00",Betha Eletrônica Ltda,1/1
Coleta de Dados - UMMI,Impressão: 08/08/2025  9:23.09,Grupo:,TH-04-R,Equipamento:  1 - UMMI,Coleta:,04/08/2025 - 08:56,Registros:   Total: 2.864        Exibidos: 2.864,Data da Coleta:,04/08/2025,Exibição de Dados,Temperatura:,,Umidade:,,Datas:,,Medições,Data / Hora,Temperatura,Umidade,25/07/2025 - 09:10,"23,00","47,00",Betha Eletrônica Ltda,1/1
Coleta de Dados - UMMI,Impressão: 08/08/2025  9:23.09,Grupo:,TH-04-R,Equipamento:  1 - UMMI,Coleta:,04/08/2025 - 08:56,Registros:   Total: 2.864        Exibidos: 2.864,Data da Coleta:,04/08/2025,Exibição de Dados,Temperatura:,,Umidade:,,Datas:,,Medições,Data / Hora,Temperatura,Umidade,25/07/2025 - 09:15,"22,00","46,00",Betha Eletrônica Ltda,1/1
Coleta de Dados - UMMI,Impressão: 08/08/2025  9:23.09,Grupo:,TH-04-R,Equipamento:  1 - UMMI,Coleta:,04/08/2025 - 08:56,Registros:   Total: 2.864        Exibidos: 2.864,Data da Coleta:,04/08/2025,Exibição de Dados,Temperatura:,,Umidade:,,Datas:,,Medições,Data / Hora,Temperatura,Umidade,25/07/2025 - 09:20,"22,00","43,00",Betha Eletrônica Ltda,1/1
Coleta de Dados - UMMI,Impressão: 08/08/2025  9:23.09,Grupo:,TH-04-R,Equipamento:  1 - UMMI,Coleta:,04/08/2025 - 08:56,Registros:   Total: 2.864        Exibidos: 2.864,Data da Coleta:,04/08/2025,Exibição de Dados,Temperatura:,,Umidade:,,Datas:,,Medições,Data / Hora,Temperatura,Umidade,25/07/2025 - 09:25,"22,00","45,00",Betha Eletrônica Ltda,1/1
Coleta de Dados - UMMI,Impressão: 08/08/2025  9:23.09,Grupo:,TH-04-R,Equipamento:  1 - UMMI,Coleta:,04/08/2025 - 08:56,Registros:   Total: 2.864        Exibidos: 2.864,Data da Coleta:,04/08/2025,Exibição de Dados,Temperatura:,,Umidade:,,Datas:,,Medições,Data / Hora,Temperatura,Umidade,25/07/2025 - 09:30,"23,00","44,00",Betha Eletrônica Ltda,1/1
Coleta de Dados - UMMI,Impressão: 08/08/2025  9:23.09,Grupo:,TH-04-R,Equipamento:  1 - UMMI,Coleta:,04/08/2025 - 08:56,Registros:   Total: 2.864        Exibidos: 2.864,Data da Coleta:,04/08/2025,Exibição de Dados,Temperatura:,,Umidade:,,Datas:,,Medições,Data / Hora,Temperatura,Umidade,25/07/2025 - 09:35,"23,00","49,00",Betha Eletrônica Ltda,1/1
Coleta de Dados - UMMI,Impressão: 08/08/2025  9:23.09,Grupo:,TH-04-R,Equipamento:  1 - UMMI,Coleta:,04/08/2025 - 08:56,Registros:   Total: 2.864        Exibidos: 2.864,Data da Coleta:,04/08/2025,Exibição de Dados,Temperatura:,,Umidade:,,Datas:,,Medições,Data / Hora,Temperatura,Umidade,25/07/2025 - 09:40,"23,00","46,00",Betha Eletrônica Ltda,1/1
Coleta de Dados - UMMI,Impressão: 08/08/2025  9:23.09,Grupo:,TH-04-R,Equipamento:  1 - UMMI,Coleta:,04/08/2025 - 08:56,Registros:   Total: 2.864        Exibidos: 2.864,Data da Coleta:,04/08/2025,Exibição de Dados,Temperatura:,,Umidade:,,Datas:,,Medições,Data / Hora,Temperatura,Umidade,25/07/2025 - 09:45,"22,00","50,00",Betha Eletrônica Ltda,1/1
Coleta de Dados - UMMI,Impressão: 08/08/2025  9:23.09,Grupo:,TH-04-R,Equipamento:  1 - UMMI,Coleta:,04/08/2025 - 08:56,Registros:   Total: 2.864        Exibidos: 2.864,Data da Coleta:,04/08/2025,Exibição de Dados,Temperatura:,,Umidade:,,Datas:,,Medições,Data / Hora,Temperatura,Umidade,25/07/2025 - 09:50,"22,00","42,00",Betha Eletrônica Ltda,1/1
Coleta de Dados - UMMI,Impressão: 08/08/2025  9:23.09,Grupo:,TH-04-R,Equipamento:  1 - UMMI,Coleta:,04/08/2025 - 08:56,Registros:   Total: 2.864        Exibidos: 2.864,Data da Coleta:,04/08/2025,Exibição de Dados,Temperatura:,,Umidade:,,Datas:,,Medições,Data / Hora,Temperatura,Umidade,25/07/2025 - 09:55,"23,00","49,00",Betha Eletrônica Ltda,1/1
Coleta de Dados - UMMI,Impressão: 08/08/2025  9:23.09,Grupo:,TH-04-R,Equipamento:  1 - UMMI,Coleta:,04/08/2025 - 08:56,Registros:   Total: 2.864        Exibidos: 2.864,Data da Coleta:,04/08/2025,Exibição de Dados,Temperatura:,,Umidade:,,Datas:,,Medições,Data / Hora,Temperatura,Umidade,25/07/2025 - 10:00,"23,00","42,00",Betha Eletrônica Ltda,1/1
Coleta de Dados - UMMI,Impressão: 08/08/2025  9:23.09,Grupo:,TH-04-R,Equipamento:  1 - UMMI,Coleta:,04/08/2025 - 08:56,Registros:   Total: 2.864        Exibidos: 2.864,Data da Coleta:,04/08/2025,Exibição de Dados,Temperatura:,,Umidade:,,Datas:,,Medições,Data / Hora,Temperatura,Umidade,25/07/2025 - 10:05,"23,00","49,00",Betha Eletrônica Ltda,1/1
Coleta de Dados - UMMI,Impressão: 08/08/2025  9:23.09,Grupo:,TH-04-R,Equipamento:  1 - UMMI,Coleta:,04/08/2025 - 08:56,Registros:   Total: 2.864        Exibidos: 2.864,Data da Coleta:,04/08/2025,Exibição de Dados,Temperatura:,,Umidade:,,Datas:,,Medições,Data / Hora,Temperatura,Umidade,25/07/2025 - 10:10,"23,00","45,00",Betha Eletrônica Ltda,1/1
Coleta de Dados - UMMI,Impressão: 08/08/2025  9:23.09,Grupo:,TH-04-R,Equipamento:  1 - UMMI,Coleta:,04/08/2025 - 08:56,Registros:   Total: 2.864        Exibidos: 2.864,Data da Coleta:,04/08/2025,Exibição de Dados,Temperatura:,,Umidade:,,Datas:,,Medições,Data / Hora,Temperatura,Umidade,25/07/2025 - 10:15,"22,00","45,00",Betha Eletrônica Ltda,1/1
Coleta de Dados - UMMI,Impressão: 08/08/2025  9:23.09,Grupo:,TH-04-R,Equipamento:  1 - UMMI,Coleta:,04/08/2025 - 08:56,Registros:   Total: 2.864        Exibidos: 2.864,Data da Coleta:,04/08/2025,Exibição de Dados,Temperatura:,,Umidade:,,Datas:,,Medições,Data / Hora,Temperatura,Umidade,25/07/2025 - 10:20,"22,00","53,00",Betha Eletrônica Ltda,1/1
Coleta de Dados - UMMI,Impressão: 08/08/2025  9:23.09,Grupo:,TH-04-R,Equipamento:  1 - UMMI,Coleta:,04/08/2025 - 08:56,Registros:   Total: 2.864        Exibidos: 2.864,Data da Coleta:,04/08/2025,Exibição de Dados,Temperatura:,,Umidade:,,Datas:,,Medições,Data / Hora,Temperatura,Umidade,25/07/2025 - 10:25,"23,00","40,00",Betha Eletrônica Ltda,1/1
Coleta de Dados - UMMI,Impressão: 08/08/2025  9:23.09,Grupo:,TH-04-R,Equipamento:  1 - UMMI,Coleta:,04/08/2025 - 08:56,Registros:   Total: 2.864        Exibidos: 2.864,Data da Coleta:,04/08/2025,Exibição de Dados,Temperatura:,,Umidade:,,Datas:,,Medições,Data / Hora,Temperatura,Umidade,25/07/2025 - 10:30,"23,00","54,00",Betha Eletrônica Ltda,1/1
Coleta de Dados - UMMI,Impressão: 08/08/2025  9:23.09,Grupo:,TH-04-R,Equipamento:  1 - UMMI,Coleta:,04/08/2025 - 08:56,Registros:   Total: 2.864        Exibidos: 2.864,Data da Coleta:,04/08/2025,Exibição de Dados,Temperatura:,,Umidade:,,Datas:,,Medições,Data / Hora,Temperatura,Umidade,25/07/2025 - 10:35,"23,00","40,00",Betha Eletrônica Ltda,1/1
Coleta de Dados - UMMI,Impressão: 08/08/2025  9:23.09,Grupo:,TH-04-R,Equipamento:  1 - UMMI,Coleta:,04/08/2025 - 08:56,Registros:   Total: 2.864        Exibidos: 2.864,Data da Coleta:,04/08/2025,Exibição de Dados,Temperatura:,,Umidade:,,Datas:,,Medições,Data / Hora,Temperatura,Umidade,25/07/2025 - 10:40,"23,00","54,00",Betha Eletrônica Ltda,1/1
Coleta de Dados - UMMI,Impressão: 08/08/2025  9:23.09,Grupo:,TH-04-R,Equipamento:  1 - UMMI,Coleta:,04/08/2025 - 08:56,Registros:   Total: 2.864        Exibidos: 2.864,Data da Coleta:,04/08/2025,Exibição de Dados,Temperatura:,,Umidade:,,Datas:,,Medições,Data / Hora,Temperatura,Umidade,25/07/2025 - 10:45,"23,00","43,00",Betha Eletrônica Ltda,1/1
Coleta de Dados - UMMI,Impressão: 08/08/2025  9:23.09,Grupo:,TH-04-R,Equipamento:  1 - UMMI,Coleta:,04/08/2025 - 08:56,Registros:   Total: 2.864        Exibidos: 2.864,Data da Coleta:,04/08/2025,Exibição de Dados,Temperatura:,,Umidade:,,Datas:,,Medições,Data / Hora,Temperatura,Umidade,25/07/2025 - 10:50,"23,00","47,00",Betha Eletrônica Ltda,1/1
Coleta de Dados - UMMI,Impressão: 08/08/2025  9:23.09,Grupo:,TH-04-R,Equipamento:  1 - UMMI,Coleta:,04/08/2025 - 08:56,Registros:   Total: 2.864        Exibidos: 2.864,Data da Coleta:,04/08/2025,Exibição de Dados,Temperatura:,,Umidade:,,Datas:,,Medições,Data / Hora,Temperatura,Umidade,25/07/2025 - 10:55,"23,00","44,00",Betha Eletrônica Ltda,1/1
Coleta de Dados - UMMI,Impressão: 08/08/2025  9:23.09,Grupo:,TH-04-R,Equipamento:  1 - UMMI,Coleta:,04/08/2025 - 08:56,Registros:   Total: 2.864        Exibidos: 2.864,Data da Coleta:,04/08/2025,Exibição de Dados,Temperatura:,,Umidade:,,Datas:,,Medições,Data / Hora,Temperatura,Umidade,25/07/2025 - 11:00,"23,00","46,00",Betha Eletrônica Ltda,1/1
Coleta de Dados - UMMI,Impressão: 08/08/2025  9:23.09,Grupo:,TH-04-R,Equipamento:  1 - UMMI,Coleta:,04/08/2025 - 08:56,Registros:   Total: 2.864        Exibidos: 2.864,Data da Coleta:,04/08/2025,Exibição de Dados,Temperatura:,,Umidade:,,Datas:,,Medições,Data / Hora,Temperatura,Umidade,25/07/2025 - 11:05,"23,00","45,00",Betha Eletrônica Ltda,1/1
Coleta de Dados - UMMI,Impressão: 08/08/2025  9:23.09,Grupo:,TH-04-R,Equipamento:  1 - UMMI,Coleta:,04/08/2025 - 08:56,Registros:   Total: 2.864        Exibidos: 2.864,Data da Coleta:,04/08/2025,Exibição de Dados,Temperatura:,,Umidade:,,Datas:,,Medições,Data / Hora,Temperatura,Umidade,25/07/2025 - 11:10,"22,00","43,00",Betha Eletrônica Ltda,1/1
Coleta de Dados - UMMI,Impressão: 08/08/2025  9:23.09,Grupo:,TH-04-R,Equipamento:  1 - UMMI,Coleta:,04/08/2025 - 08:56,Registros:   Total: 2.864        Exibidos: 2.864,Data da Coleta:,04/08/2025,Exibição de Dados,Temperatura:,,Umidade:,,Datas:,,Medições,Data / Hora,Temperatura,Umidade,25/07/2025 - 11:15,"22,00","48,00",Betha Eletrônica Ltda,1/1
Coleta de Dados - UMMI,Impressão: 08/08/2025  9:23.09,Grupo:,TH-04-R,Equipamento:  1 - UMMI,Coleta:,04/08/2025 - 08:56,Registros:   Total: 2.864        Exibidos: 2.864,Data da Coleta:,04/08/2025,Exibição de Dados,Temperatura:,,Umidade:,,Datas:,,Medições,Data / Hora,Temperatura,Umidade,25/07/2025 - 11:20,"22,00","45,00",Betha Eletrônica Ltda,1/1
Coleta de Dados - UMMI,Impressão: 08/08/2025  9:23.09,Grupo:,TH-04-R,Equipamento:  1 - UMMI,Coleta:,04/08/2025 - 08:56,Registros:   Total: 2.864        Exibidos: 2.864,Data da Coleta:,04/08/2025,Exibição de Dados,Temperatura:,,Umidade:,,Datas:,,Medições,Data / Hora,Temperatura,Umidade,25/07/2025 - 11:25,"23,00","45,00",Betha Eletrônica Ltda,1/1
Coleta de Dados - UMMI,Impressão: 08/08/2025  9:23.09,Grupo:,TH-04-R,Equipamento:  1 - UMMI,Coleta:,04/08/2025 - 08:56,Registros:   Total: 2.864        Exibidos: 2.864,Data da Coleta:,04/08/2025,Exibição de Dados,Temperatura:,,Umidade:,,Datas:,,Medições,Data / Hora,Temperatura,Umidade,25/07/2025 - 11:30,"23,00","46,00",Betha Eletrônica Ltda,1/1
Coleta de Dados - UMMI,Impressão: 08/08/2025  9:23.09,Grupo:,TH-04-R,Equipamento:  1 - UMMI,Coleta:,04/08/2025 - 08:56,Registros:   Total: 2.864        Exibidos: 2.864,Data da Coleta:,04/08/2025,Exibição de Dados,Temperatura:,,Umidade:,,Datas:,,Medições,Data / Hora,Temperatura,Umidade,25/07/2025 - 11:35,"23,00","46,00",Betha Eletrônica Ltda,1/1
Coleta de Dados - UMMI,Impressão: 08/08/2025  9:23.09,Grupo:,TH-04-R,Equipamento:  1 - UMMI,Coleta:,04/08/2025 - 08:56,Registros:   Total: 2.864        Exibidos: 2.864,Data da Coleta:,04/08/2025,Exibição de Dados,Temperatura:,,Umidade:,,Datas:,,Medições,Data / Hora,Temperatura,Umidade,25/07/2025 - 11:40,"22,00","50,00",Betha Eletrônica Ltda,1/1
Coleta de Dados - UMMI,Impressão: 08/08/2025  9:23.09,Grupo:,TH-04-R,Equipamento:  1 - UMMI,Coleta:,04/08/2025 - 08:56,Registros:   Total: 2.864        Exibidos: 2.864,Data da Coleta:,04/08/2025,Exibição de Dados,Temperatura:,,Umidade:,,Datas:,,Medições,Data / Hora,Temperatura,Umidade,25/07/2025 - 11:45,"22,00","41,00",Betha Eletrônica Ltda,1/1
Coleta de Dados - UMMI,Impressão: 08/08/2025  9:23.09,Grupo:,TH-04-R,Equipamento:  1 - UMMI,Coleta:,04/08/2025 - 08:56,Registros:   Total: 2.864        Exibidos: 2.864,Data da Coleta:,04/08/2025,Exibição de Dados,Temperatura:,,Umidade:,,Datas:,,Medições,Data / Hora,Temperatura,Umidade,25/07/2025 - 11:50,"22,00","54,00",Betha Eletrônica Ltda,1/1
Coleta de Dados - UMMI,Impressão: 08/08/2025  9:23.09,Grupo:,TH-04-R,Equipamento:  1 - UMMI,Coleta:,04/08/2025 - 08:56,Registros:   Total: 2.864        Exibidos: 2.864,Data da Coleta:,04/08/2025,Exibição de Dados,Temperatura:,,Umidade:,,Datas:,,Medições,Data / Hora,Temperatura,Umidade,25/07/2025 - 11:55,"23,00","43,00",Betha Eletrônica Ltda,1/1
Coleta de Dados - UMMI,Impressão: 08/08/2025  9:23.09,Grupo:,TH-04-R,Equipamento:  1 - UMMI,Coleta:,04/08/2025 - 08:56,Registros:   Total: 2.864        Exibidos: 2.864,Data da Coleta:,04/08/2025,Exibição de Dados,Temperatura:,,Umidade:,,Datas:,,Medições,Data / Hora,Temperatura,Umidade,25/07/2025 - 12:00,"22,00","51,00",Betha Eletrônica Ltda,1/1
Coleta de Dados - UMMI,Impressão: 08/08/2025  9:23.09,Grupo:,TH-04-R,Equipamento:  1 - UMMI,Coleta:,04/08/2025 - 08:56,Registros:   Total: 2.864        Exibidos: 2.864,Data da Coleta:,04/08/2025,Exibição de Dados,Temperatura:,,Umidade:,,Datas:,,Medições,Data / Hora,Temperatura,Umidade,25/07/2025 - 12:05,"22,00","44,00",Betha Eletrônica Ltda,1/1
Coleta de Dados - UMMI,Impressão: 08/08/2025  9:23.09,Grupo:,TH-04-R,Equipamento:  1 - UMMI,Coleta:,04/08/2025 - 08:56,Registros:   Total: 2.864        Exibidos: 2.864,Data da Coleta:,04/08/2025,Exibição de Dados,Temperatura:,,Umidade:,,Datas:,,Medições,Data / Hora,Temperatura,Umidade,25/07/2025 - 12:10,"22,00","55,00",Betha Eletrônica Ltda,1/1
Coleta de Dados - UMMI,Impressão: 08/08/2025  9:23.09,Grupo:,TH-04-R,Equipamento:  1 - UMMI,Coleta:,04/08/2025 - 08:56,Registros:   Total: 2.864        Exibidos: 2.864,Data da Coleta:,04/08/2025,Exibição de Dados,Temperatura:,,Umidade:,,Datas:,,Medições,Data / Hora,Temperatura,Umidade,25/07/2025 - 12:15,"22,00","41,00",Betha Eletrônica Ltda,1/1
Coleta de Dados - UMMI,Impressão: 08/08/2025  9:23.09,Grupo:,TH-04-R,Equipamento:  1 - UMMI,Coleta:,04/08/2025 - 08:56,Registros:   Total: 2.864        Exibidos: 2.864,Data da Coleta:,04/08/2025,Exibição de Dados,Temperatura:,,Umidade:,,Datas:,,Medições,Data / Hora,Temperatura,Umidade,25/07/2025 - 12:20,"23,00","56,00",Betha Eletrônica Ltda,1/1
Coleta de Dados - UMMI,Impressão: 08/08/2025  9:23.09,Grupo:,TH-04-R,Equipamento:  1 - UMMI,Coleta:,04/08/2025 - 08:56,Registros:   Total: 2.864        Exibidos: 2.864,Data da Coleta:,04/08/2025,Exibição de Dados,Temperatura:,,Umidade:,,Datas:,,Medições,Data / Hora,Temperatura,Umidade,25/07/2025 - 12:25,"23,00","41,00",Betha Eletrônica Ltda,1/1
Coleta de Dados - UMMI,Impressão: 08/08/2025  9:23.09,Grupo:,TH-04-R,Equipamento:  1 - UMMI,Coleta:,04/08/2025 - 08:56,Registros:   Total: 2.864        Exibidos: 2.864,Data da Coleta:,04/08/2025,Exibição de Dados,Temperatura:,,Umidade:,,Datas:,,Medições,Data / Hora,Temperatura,Umidade,25/07/2025 - 12:30,"23,00","52,00",Betha Eletrônica Ltda,1/1
Coleta de Dados - UMMI,Impressão: 08/08/2025  9:23.09,Grupo:,TH-04-R,Equipamento:  1 - UMMI,Coleta:,04/08/2025 - 08:56,Registros:   Total: 2.864        Exibidos: 2.864,Data da Coleta:,04/08/2025,Exibição de Dados,Temperatura:,,Umidade:,,Datas:,,Medições,Data / Hora,Temperatura,Umidade,25/07/2025 - 12:35,"22,00","44,00",Betha Eletrônica Ltda,1/1
Coleta de Dados - UMMI,Impressão: 08/08/2025  9:23.09,Grupo:,TH-04-R,Equipamento:  1 - UMMI,Coleta:,04/08/2025 - 08:56,Registros:   Total: 2.864        Exibidos: 2.864,Data da Coleta:,04/08/2025,Exibição de Dados,Temperatura:,,Umidade:,,Datas:,,Medições,Data / Hora,Temperatura,Umidade,25/07/2025 - 12:40,"22,00","45,00",Betha Eletrônica Ltda,1/1
Coleta de Dados - UMMI,Impressão: 08/08/2025  9:23.09,Grupo:,TH-04-R,Equipamento:  1 - UMMI,Coleta:,04/08/2025 - 08:56,Registros:   Total: 2.864        Exibidos: 2.864,Data da Coleta:,04/08/2025,Exibição de Dados,Temperatura:,,Umidade:,,Datas:,,Medições,Data / Hora,Temperatura,Umidade,25/07/2025 - 12:45,"23,00","48,00",Betha Eletrônica Ltda,1/1
Coleta de Dados - UMMI,Impressão: 08/08/2025  9:23.09,Grupo:,TH-04-R,Equipamento:  1 - UMMI,Coleta:,04/08/2025 - 08:56,Registros:   Total: 2.864        Exibidos: 2.864,Data da Coleta:,04/08/2025,Exibição de Dados,Temperatura:,,Umidade:,,Datas:,,Medições,Data / Hora,Temperatura,Umidade,25/07/2025 - 12:50,"23,00","45,00",Betha Eletrônica Ltda,1/1
Coleta de Dados - UMMI,Impressão: 08/08/2025  9:23.09,Grupo:,TH-04-R,Equipamento:  1 - UMMI,Coleta:,04/08/2025 - 08:56,Registros:   Total: 2.864        Exibidos: 2.864,Data da Coleta:,04/08/2025,Exibição de Dados,Temperatura:,,Umidade:,,Datas:,,Medições,Data / Hora,Temperatura,Umidade,25/07/2025 - 12:55,"22,00","46,00",Betha Eletrônica Ltda,1/1
Coleta de Dados - UMMI,Impressão: 08/08/2025  9:23.09,Grupo:,TH-04-R,Equipamento:  1 - UMMI,Coleta:,04/08/2025 - 08:56,Registros:   Total: 2.864        Exibidos: 2.864,Data da Coleta:,04/08/2025,Exibição de Dados,Temperatura:,,Umidade:,,Datas:,,Medições,Data / Hora,Temperatura,Umidade,25/07/2025 - 13:00,"23,00","47,00",Betha Eletrônica Ltda,1/1
Coleta de Dados - UMMI,Impressão: 08/08/2025  9:23.09,Grupo:,TH-04-R,Equipamento:  1 - UMMI,Coleta:,04/08/2025 - 08:56,Registros:   Total: 2.864        Exibidos: 2.864,Data da Coleta:,04/08/2025,Exibição de Dados,Temperatura:,,Umidade:,,Datas:,,Medições,Data / Hora,Temperatura,Umidade,25/07/2025 - 13:05,"22,00","50,00",Betha Eletrônica Ltda,1/1
Coleta de Dados - UMMI,Impressão: 08/08/2025  9:23.09,Grupo:,TH-04-R,Equipamento:  1 - UMMI,Coleta:,04/08/2025 - 08:56,Registros:   Total: 2.864        Exibidos: 2.864,Data da Coleta:,04/08/2025,Exibição de Dados,Temperatura:,,Umidade:,,Datas:,,Medições,Data / Hora,Temperatura,Umidade,25/07/2025 - 13:10,"22,00","44,00",Betha Eletrônica Ltda,1/1
Coleta de Dados - UMMI,Impressão: 08/08/2025  9:23.09,Grupo:,TH-04-R,Equipamento:  1 - UMMI,Coleta:,04/08/2025 - 08:56,Registros:   Total: 2.864        Exibidos: 2.864,Data da Coleta:,04/08/2025,Exibição de Dados,Temperatura:,,Umidade:,,Datas:,,Medições,Data / Hora,Temperatura,Umidade,25/07/2025 - 13:15,"22,00","53,00",Betha Eletrônica Ltda,1/1
Coleta de Dados - UMMI,Impressão: 08/08/2025  9:23.09,Grupo:,TH-04-R,Equipamento:  1 - UMMI,Coleta:,04/08/2025 - 08:56,Registros:   Total: 2.864        Exibidos: 2.864,Data da Coleta:,04/08/2025,Exibição de Dados,Temperatura:,,Umidade:,,Datas:,,Medições,Data / Hora,Temperatura,Umidade,25/07/2025 - 13:20,"23,00","45,00",Betha Eletrônica Ltda,1/1
Coleta de Dados - UMMI,Impressão: 08/08/2025  9:23.09,Grupo:,TH-04-R,Equipamento:  1 - UMMI,Coleta:,04/08/2025 - 08:56,Registros:   Total: 2.864        Exibidos: 2.864,Data da Coleta:,04/08/2025,Exibição de Dados,Temperatura:,,Umidade:,,Datas:,,Medições,Data / Hora,Temperatura,Umidade,25/07/2025 - 13:25,"23,00","48,00",Betha Eletrônica Ltda,1/1
Coleta de Dados - UMMI,Impressão: 08/08/2025  9:23.09,Grupo:,TH-04-R,Equipamento:  1 - UMMI,Coleta:,04/08/2025 - 08:56,Registros:   Total: 2.864        Exibidos: 2.864,Data da Coleta:,04/08/2025,Exibição de Dados,Temperatura:,,Umidade:,,Datas:,,Medições,Data / Hora,Temperatura,Umidade,25/07/2025 - 13:30,"22,00","48,00",Betha Eletrônica Ltda,1/1
Coleta de Dados - UMMI,Impressão: 08/08/2025  9:23.09,Grupo:,TH-04-R,Equipamento:  1 - UMMI,Coleta:,04/08/2025 - 08:56,Registros:   Total: 2.864        Exibidos: 2.864,Data da Coleta:,04/08/2025,Exibição de Dados,Temperatura:,,Umidade:,,Datas:,,Medições,Data / Hora,Temperatura,Umidade,25/07/2025 - 13:35,"22,00","52,00",Betha Eletrônica Ltda,1/1
Coleta de Dados - UMMI,Impressão: 08/08/2025  9:23.09,Grupo:,TH-04-R,Equipamento:  1 - UMMI,Coleta:,04/08/2025 - 08:56,Registros:   Total: 2.864        Exibidos: 2.864,Data da Coleta:,04/08/2025,Exibição de Dados,Temperatura:,,Umidade:,,Datas:,,Medições,Data / Hora,Temperatura,Umidade,25/07/2025 - 13:40,"22,00","44,00",Betha Eletrônica Ltda,1/1
Coleta de Dados - UMMI,Impressão: 08/08/2025  9:23.09,Grupo:,TH-04-R,Equipamento:  1 - UMMI,Coleta:,04/08/2025 - 08:56,Registros:   Total: 2.864        Exibidos: 2.864,Data da Coleta:,04/08/2025,Exibição de Dados,Temperatura:,,Umidade:,,Datas:,,Medições,Data / Hora,Temperatura,Umidade,25/07/2025 - 13:45,"22,00","52,00",Betha Eletrônica Ltda,1/1
Coleta de Dados - UMMI,Impressão: 08/08/2025  9:23.09,Grupo:,TH-04-R,Equipamento:  1 - UMMI,Coleta:,04/08/2025 - 08:56,Registros:   Total: 2.864        Exibidos: 2.864,Data da Coleta:,04/08/2025,Exibição de Dados,Temperatura:,,Umidade:,,Datas:,,Medições,Data / Hora,Temperatura,Umidade,25/07/2025 - 13:50,"23,00","46,00",Betha Eletrônica Ltda,1/1
Coleta de Dados - UMMI,Impressão: 08/08/2025  9:23.09,Grupo:,TH-04-R,Equipamento:  1 - UMMI,Coleta:,04/08/2025 - 08:56,Registros:   Total: 2.864        Exibidos: 2.864,Data da Coleta:,04/08/2025,Exibição de Dados,Temperatura:,,Umidade:,,Datas:,,Medições,Data / Hora,Temperatura,Umidade,25/07/2025 - 13:55,"22,00","48,00",Betha Eletrônica Ltda,1/1
Coleta de Dados - UMMI,Impressão: 08/08/2025  9:23.09,Grupo:,TH-04-R,Equipamento:  1 - UMMI,Coleta:,04/08/2025 - 08:56,Registros:   Total: 2.864        Exibidos: 2.864,Data da Coleta:,04/08/2025,Exibição de Dados,Temperatura:,,Umidade:,,Datas:,,Medições,Data / Hora,Temperatura,Umidade,25/07/2025 - 14:00,"22,00","47,00",Betha Eletrônica Ltda,1/1
Coleta de Dados - UMMI,Impressão: 08/08/2025  9:23.09,Grupo:,TH-04-R,Equipamento:  1 - UMMI,Coleta:,04/08/2025 - 08:56,Registros:   Total: 2.864        Exibidos: 2.864,Data da Coleta:,04/08/2025,Exibição de Dados,Temperatura:,,Umidade:,,Datas:,,Medições,Data / Hora,Temperatura,Umidade,25/07/2025 - 14:05,"22,00","54,00",Betha Eletrônica Ltda,1/1
Coleta de Dados - UMMI,Impressão: 08/08/2025  9:23.09,Grupo:,TH-04-R,Equipamento:  1 - UMMI,Coleta:,04/08/2025 - 08:56,Registros:   Total: 2.864        Exibidos: 2.864,Data da Coleta:,04/08/2025,Exibição de Dados,Temperatura:,,Umidade:,,Datas:,,Medições,Data / Hora,Temperatura,Umidade,25/07/2025 - 14:10,"22,00","43,00",Betha Eletrônica Ltda,1/1
Coleta de Dados - UMMI,Impressão: 08/08/2025  9:23.09,Grupo:,TH-04-R,Equipamento:  1 - UMMI,Coleta:,04/08/2025 - 08:56,Registros:   Total: 2.864        Exibidos: 2.864,Data da Coleta:,04/08/2025,Exibição de Dados,Temperatura:,,Umidade:,,Datas:,,Medições,Data / Hora,Temperatura,Umidade,25/07/2025 - 14:15,"22,00","54,00",Betha Eletrônica Ltda,1/1
Coleta de Dados - UMMI,Impressão: 08/08/2025  9:23.09,Grupo:,TH-04-R,Equipamento:  1 - UMMI,Coleta:,04/08/2025 - 08:56,Registros:   Total: 2.864        Exibidos: 2.864,Data da Coleta:,04/08/2025,Exibição de Dados,Temperatura:,,Umidade:,,Datas:,,Medições,Data / Hora,Temperatura,Umidade,25/07/2025 - 14:20,"23,00","45,00",Betha Eletrônica Ltda,1/1
Coleta de Dados - UMMI,Impressão: 08/08/2025  9:23.09,Grupo:,TH-04-R,Equipamento:  1 - UMMI,Coleta:,04/08/2025 - 08:56,Registros:   Total: 2.864        Exibidos: 2.864,Data da Coleta:,04/08/2025,Exibição de Dados,Temperatura:,,Umidade:,,Datas:,,Medições,Data / Hora,Temperatura,Umidade,25/07/2025 - 14:25,"22,00","51,00",Betha Eletrônica Ltda,1/1
Coleta de Dados - UMMI,Impressão: 08/08/2025  9:23.09,Grupo:,TH-04-R,Equipamento:  1 - UMMI,Coleta:,04/08/2025 - 08:56,Registros:   Total: 2.864        Exibidos: 2.864,Data da Coleta:,04/08/2025,Exibição de Dados,Temperatura:,,Umidade:,,Datas:,,Medições,Data / Hora,Temperatura,Umidade,25/07/2025 - 14:30,"22,00","47,00",Betha Eletrônica Ltda,1/1
Coleta de Dados - UMMI,Impressão: 08/08/2025  9:23.09,Grupo:,TH-04-R,Equipamento:  1 - UMMI,Coleta:,04/08/2025 - 08:56,Registros:   Total: 2.864        Exibidos: 2.864,Data da Coleta:,04/08/2025,Exibição de Dados,Temperatura:,,Umidade:,,Datas:,,Medições,Data / Hora,Temperatura,Umidade,25/07/2025 - 14:35,"22,00","54,00",Betha Eletrônica Ltda,1/1
Coleta de Dados - UMMI,Impressão: 08/08/2025  9:23.09,Grupo:,TH-04-R,Equipamento:  1 - UMMI,Coleta:,04/08/2025 - 08:56,Registros:   Total: 2.864        Exibidos: 2.864,Data da Coleta:,04/08/2025,Exibição de Dados,Temperatura:,,Umidade:,,Datas:,,Medições,Data / Hora,Temperatura,Umidade,25/07/2025 - 14:40,"22,00","43,00",Betha Eletrônica Ltda,1/1
Coleta de Dados - UMMI,Impressão: 08/08/2025  9:23.09,Grupo:,TH-04-R,Equipamento:  1 - UMMI,Coleta:,04/08/2025 - 08:56,Registros:   Total: 2.864        Exibidos: 2.864,Data da Coleta:,04/08/2025,Exibição de Dados,Temperatura:,,Umidade:,,Datas:,,Medições,Data / Hora,Temperatura,Umidade,25/07/2025 - 14:45,"22,00","54,00",Betha Eletrônica Ltda,1/1
Coleta de Dados - UMMI,Impressão: 08/08/2025  9:23.09,Grupo:,TH-04-R,Equipamento:  1 - UMMI,Coleta:,04/08/2025 - 08:56,Registros:   Total: 2.864        Exibidos: 2.864,Data da Coleta:,04/08/2025,Exibição de Dados,Temperatura:,,Umidade:,,Datas:,,Medições,Data / Hora,Temperatura,Umidade,25/07/2025 - 14:50,"23,00","45,00",Betha Eletrônica Ltda,1/1
Coleta de Dados - UMMI,Impressão: 08/08/2025  9:23.09,Grupo:,TH-04-R,Equipamento:  1 - UMMI,Coleta:,04/08/2025 - 08:56,Registros:   Total: 2.864        Exibidos: 2.864,Data da Coleta:,04/08/2025,Exibição de Dados,Temperatura:,,Umidade:,,Datas:,,Medições,Data / Hora,Temperatura,Umidade,25/07/2025 - 14:55,"22,00","50,00",Betha Eletrônica Ltda,1/1
Coleta de Dados - UMMI,Impressão: 08/08/2025  9:23.09,Grupo:,TH-04-R,Equipamento:  1 - UMMI,Coleta:,04/08/2025 - 08:56,Registros:   Total: 2.864        Exibidos: 2.864,Data da Coleta:,04/08/2025,Exibição de Dados,Temperatura:,,Umidade:,,Datas:,,Medições,Data / Hora,Temperatura,Umidade,25/07/2025 - 15:00,"22,00","46,00",Betha Eletrônica Ltda,1/1
Coleta de Dados - UMMI,Impressão: 08/08/2025  9:23.09,Grupo:,TH-04-R,Equipamento:  1 - UMMI,Coleta:,04/08/2025 - 08:56,Registros:   Total: 2.864        Exibidos: 2.864,Data da Coleta:,04/08/2025,Exibição de Dados,Temperatura:,,Umidade:,,Datas:,,Medições,Data / Hora,Temperatura,Umidade,25/07/2025 - 15:05,"22,00","54,00",Betha Eletrônica Ltda,1/1
Coleta de Dados - UMMI,Impressão: 08/08/2025  9:23.09,Grupo:,TH-04-R,Equipamento:  1 - UMMI,Coleta:,04/08/2025 - 08:56,Registros:   Total: 2.864        Exibidos: 2.864,Data da Coleta:,04/08/2025,Exibição de Dados,Temperatura:,,Umidade:,,Datas:,,Medições,Data / Hora,Temperatura,Umidade,25/07/2025 - 15:10,"22,00","43,00",Betha Eletrônica Ltda,1/1
Coleta de Dados - UMMI,Impressão: 08/08/2025  9:23.09,Grupo:,TH-04-R,Equipamento:  1 - UMMI,Coleta:,04/08/2025 - 08:56,Registros:   Total: 2.864        Exibidos: 2.864,Data da Coleta:,04/08/2025,Exibição de Dados,Temperatura:,,Umidade:,,Datas:,,Medições,Data / Hora,Temperatura,Umidade,25/07/2025 - 15:15,"23,00","54,00",Betha Eletrônica Ltda,1/1
Coleta de Dados - UMMI,Impressão: 08/08/2025  9:23.09,Grupo:,TH-04-R,Equipamento:  1 - UMMI,Coleta:,04/08/2025 - 08:56,Registros:   Total: 2.864        Exibidos: 2.864,Data da Coleta:,04/08/2025,Exibição de Dados,Temperatura:,,Umidade:,,Datas:,,Medições,Data / Hora,Temperatura,Umidade,25/07/2025 - 15:20,"23,00","44,00",Betha Eletrônica Ltda,1/1
Coleta de Dados - UMMI,Impressão: 08/08/2025  9:23.09,Grupo:,TH-04-R,Equipamento:  1 - UMMI,Coleta:,04/08/2025 - 08:56,Registros:   Total: 2.864        Exibidos: 2.864,Data da Coleta:,04/08/2025,Exibição de Dados,Temperatura:,,Umidade:,,Datas:,,Medições,Data / Hora,Temperatura,Umidade,25/07/2025 - 15:25,"22,00","51,00",Betha Eletrônica Ltda,1/1
Coleta de Dados - UMMI,Impressão: 08/08/2025  9:23.09,Grupo:,TH-04-R,Equipamento:  1 - UMMI,Coleta:,04/08/2025 - 08:56,Registros:   Total: 2.864        Exibidos: 2.864,Data da Coleta:,04/08/2025,Exibição de Dados,Temperatura:,,Umidade:,,Datas:,,Medições,Data / Hora,Temperatura,Umidade,25/07/2025 - 15:30,"22,00","46,00",Betha Eletrônica Ltda,1/1
Coleta de Dados - UMMI,Impressão: 08/08/2025  9:23.09,Grupo:,TH-04-R,Equipamento:  1 - UMMI,Coleta:,04/08/2025 - 08:56,Registros:   Total: 2.864        Exibidos: 2.864,Data da Coleta:,04/08/2025,Exibição de Dados,Temperatura:,,Umidade:,,Datas:,,Medições,Data / Hora,Temperatura,Umidade,25/07/2025 - 15:35,"22,00","56,00",Betha Eletrônica Ltda,1/1
Coleta de Dados - UMMI,Impressão: 08/08/2025  9:23.09,Grupo:,TH-04-R,Equipamento:  1 - UMMI,Coleta:,04/08/2025 - 08:56,Registros:   Total: 2.864        Exibidos: 2.864,Data da Coleta:,04/08/2025,Exibição de Dados,Temperatura:,,Umidade:,,Datas:,,Medições,Data / Hora,Temperatura,Umidade,25/07/2025 - 15:40,"22,00","41,00",Betha Eletrônica Ltda,1/1
Coleta de Dados - UMMI,Impressão: 08/08/2025  9:23.09,Grupo:,TH-04-R,Equipamento:  1 - UMMI,Coleta:,04/08/2025 - 08:56,Registros:   Total: 2.864        Exibidos: 2.864,Data da Coleta:,04/08/2025,Exibição de Dados,Temperatura:,,Umidade:,,Datas:,,Medições,Data / Hora,Temperatura,Umidade,25/07/2025 - 15:45,"23,00","56,00",Betha Eletrônica Ltda,1/1
Coleta de Dados - UMMI,Impressão: 08/08/2025  9:23.09,Grupo:,TH-04-R,Equipamento:  1 - UMMI,Coleta:,04/08/2025 - 08:56,Registros:   Total: 2.864        Exibidos: 2.864,Data da Coleta:,04/08/2025,Exibição de Dados,Temperatura:,,Umidade:,,Datas:,,Medições,Data / Hora,Temperatura,Umidade,25/07/2025 - 15:50,"23,00","42,00",Betha Eletrônica Ltda,1/1
Coleta de Dados - UMMI,Impressão: 08/08/2025  9:23.09,Grupo:,TH-04-R,Equipamento:  1 - UMMI,Coleta:,04/08/2025 - 08:56,Registros:   Total: 2.864        Exibidos: 2.864,Data da Coleta:,04/08/2025,Exibição de Dados,Temperatura:,,Umidade:,,Datas:,,Medições,Data / Hora,Temperatura,Umidade,25/07/2025 - 15:55,"22,00","54,00",Betha Eletrônica Ltda,1/1
Coleta de Dados - UMMI,Impressão: 08/08/2025  9:23.09,Grupo:,TH-04-R,Equipamento:  1 - UMMI,Coleta:,04/08/2025 - 08:56,Registros:   Total: 2.864        Exibidos: 2.864,Data da Coleta:,04/08/2025,Exibição de Dados,Temperatura:,,Umidade:,,Datas:,,Medições,Data / Hora,Temperatura,Umidade,25/07/2025 - 16:00,"22,00","44,00",Betha Eletrônica Ltda,1/1
Coleta de Dados - UMMI,Impressão: 08/08/2025  9:23.09,Grupo:,TH-04-R,Equipamento:  1 - UMMI,Coleta:,04/08/2025 - 08:56,Registros:   Total: 2.864        Exibidos: 2.864,Data da Coleta:,04/08/2025,Exibição de Dados,Temperatura:,,Umidade:,,Datas:,,Medições,Data / Hora,Temperatura,Umidade,25/07/2025 - 16:05,"22,00","54,00",Betha Eletrônica Ltda,1/1
Coleta de Dados - UMMI,Impressão: 08/08/2025  9:23.09,Grupo:,TH-04-R,Equipamento:  1 - UMMI,Coleta:,04/08/2025 - 08:56,Registros:   Total: 2.864        Exibidos: 2.864,Data da Coleta:,04/08/2025,Exibição de Dados,Temperatura:,,Umidade:,,Datas:,,Medições,Data / Hora,Temperatura,Umidade,25/07/2025 - 16:10,"23,00","41,00",Betha Eletrônica Ltda,1/1
Coleta de Dados - UMMI,Impressão: 08/08/2025  9:23.09,Grupo:,TH-04-R,Equipamento:  1 - UMMI,Coleta:,04/08/2025 - 08:56,Registros:   Total: 2.864        Exibidos: 2.864,Data da Coleta:,04/08/2025,Exibição de Dados,Temperatura:,,Umidade:,,Datas:,,Medições,Data / Hora,Temperatura,Umidade,25/07/2025 - 16:15,"23,00","55,00",Betha Eletrônica Ltda,1/1
Coleta de Dados - UMMI,Impressão: 08/08/2025  9:23.09,Grupo:,TH-04-R,Equipamento:  1 - UMMI,Coleta:,04/08/2025 - 08:56,Registros:   Total: 2.864        Exibidos: 2.864,Data da Coleta:,04/08/2025,Exibição de Dados,Temperatura:,,Umidade:,,Datas:,,Medições,Data / Hora,Temperatura,Umidade,25/07/2025 - 16:20,"23,00","42,00",Betha Eletrônica Ltda,1/1
Coleta de Dados - UMMI,Impressão: 08/08/2025  9:23.09,Grupo:,TH-04-R,Equipamento:  1 - UMMI,Coleta:,04/08/2025 - 08:56,Registros:   Total: 2.864        Exibidos: 2.864,Data da Coleta:,04/08/2025,Exibição de Dados,Temperatura:,,Umidade:,,Datas:,,Medições,Data / Hora,Temperatura,Umidade,25/07/2025 - 16:25,"23,00","49,00",Betha Eletrônica Ltda,1/1
Coleta de Dados - UMMI,Impressão: 08/08/2025  9:23.09,Grupo:,TH-04-R,Equipamento:  1 - UMMI,Coleta:,04/08/2025 - 08:56,Registros:   Total: 2.864        Exibidos: 2.864,Data da Coleta:,04/08/2025,Exibição de Dados,Temperatura:,,Umidade:,,Datas:,,Medições,Data / Hora,Temperatura,Umidade,25/07/2025 - 16:30,"22,00","49,00",Betha Eletrônica Ltda,1/1
Coleta de Dados - UMMI,Impressão: 08/08/2025  9:23.09,Grupo:,TH-04-R,Equipamento:  1 - UMMI,Coleta:,04/08/2025 - 08:56,Registros:   Total: 2.864        Exibidos: 2.864,Data da Coleta:,04/08/2025,Exibição de Dados,Temperatura:,,Umidade:,,Datas:,,Medições,Data / Hora,Temperatura,Umidade,25/07/2025 - 16:35,"22,00","41,00",Betha Eletrônica Ltda,1/1
Coleta de Dados - UMMI,Impressão: 08/08/2025  9:23.09,Grupo:,TH-04-R,Equipamento:  1 - UMMI,Coleta:,04/08/2025 - 08:56,Registros:   Total: 2.864        Exibidos: 2.864,Data da Coleta:,04/08/2025,Exibição de Dados,Temperatura:,,Umidade:,,Datas:,,Medições,Data / Hora,Temperatura,Umidade,25/07/2025 - 16:40,"23,00","55,00",Betha Eletrônica Ltda,1/1
Coleta de Dados - UMMI,Impressão: 08/08/2025  9:23.09,Grupo:,TH-04-R,Equipamento:  1 - UMMI,Coleta:,04/08/2025 - 08:56,Registros:   Total: 2.864        Exibidos: 2.864,Data da Coleta:,04/08/2025,Exibição de Dados,Temperatura:,,Umidade:,,Datas:,,Medições,Data / Hora,Temperatura,Umidade,25/07/2025 - 16:45,"23,00","43,00",Betha Eletrônica Ltda,1/1
Coleta de Dados - UMMI,Impressão: 08/08/2025  9:23.09,Grupo:,TH-04-R,Equipamento:  1 - UMMI,Coleta:,04/08/2025 - 08:56,Registros:   Total: 2.864        Exibidos: 2.864,Data da Coleta:,04/08/2025,Exibição de Dados,Temperatura:,,Umidade:,,Datas:,,Medições,Data / Hora,Temperatura,Umidade,25/07/2025 - 16:50,"23,00","53,00",Betha Eletrônica Ltda,1/1
Coleta de Dados - UMMI,Impressão: 08/08/2025  9:23.09,Grupo:,TH-04-R,Equipamento:  1 - UMMI,Coleta:,04/08/2025 - 08:56,Registros:   Total: 2.864        Exibidos: 2.864,Data da Coleta:,04/08/2025,Exibição de Dados,Temperatura:,,Umidade:,,Datas:,,Medições,Data / Hora,Temperatura,Umidade,25/07/2025 - 16:55,"22,00","45,00",Betha Eletrônica Ltda,1/1
Coleta de Dados - UMMI,Impressão: 08/08/2025  9:23.09,Grupo:,TH-04-R,Equipamento:  1 - UMMI,Coleta:,04/08/2025 - 08:56,Registros:   Total: 2.864        Exibidos: 2.864,Data da Coleta:,04/08/2025,Exibição de Dados,Temperatura:,,Umidade:,,Datas:,,Medições,Data / Hora,Temperatura,Umidade,25/07/2025 - 17:00,"22,00","56,00",Betha Eletrônica Ltda,1/1
Coleta de Dados - UMMI,Impressão: 08/08/2025  9:23.09,Grupo:,TH-04-R,Equipamento:  1 - UMMI,Coleta:,04/08/2025 - 08:56,Registros:   Total: 2.864        Exibidos: 2.864,Data da Coleta:,04/08/2025,Exibição de Dados,Temperatura:,,Umidade:,,Datas:,,Medições,Data / Hora,Temperatura,Umidade,25/07/2025 - 17:05,"22,00","41,00",Betha Eletrônica Ltda,1/1
Coleta de Dados - UMMI,Impressão: 08/08/2025  9:23.09,Grupo:,TH-04-R,Equipamento:  1 - UMMI,Coleta:,04/08/2025 - 08:56,Registros:   Total: 2.864        Exibidos: 2.864,Data da Coleta:,04/08/2025,Exibição de Dados,Temperatura:,,Umidade:,,Datas:,,Medições,Data / Hora,Temperatura,Umidade,25/07/2025 - 17:10,"23,00","55,00",Betha Eletrônica Ltda,1/1
Coleta de Dados - UMMI,Impressão: 08/08/2025  9:23.09,Grupo:,TH-04-R,Equipamento:  1 - UMMI,Coleta:,04/08/2025 - 08:56,Registros:   Total: 2.864        Exibidos: 2.864,Data da Coleta:,04/08/2025,Exibição de Dados,Temperatura:,,Umidade:,,Datas:,,Medições,Data / Hora,Temperatura,Umidade,25/07/2025 - 17:15,"23,00","43,00",Betha Eletrônica Ltda,1/1
Coleta de Dados - UMMI,Impressão: 08/08/2025  9:23.09,Grupo:,TH-04-R,Equipamento:  1 - UMMI,Coleta:,04/08/2025 - 08:56,Registros:   Total: 2.864        Exibidos: 2.864,Data da Coleta:,04/08/2025,Exibição de Dados,Temperatura:,,Umidade:,,Datas:,,Medições,Data / Hora,Temperatura,Umidade,25/07/2025 - 17:20,"22,00","53,00",Betha Eletrônica Ltda,1/1
Coleta de Dados - UMMI,Impressão: 08/08/2025  9:23.09,Grupo:,TH-04-R,Equipamento:  1 - UMMI,Coleta:,04/08/2025 - 08:56,Registros:   Total: 2.864        Exibidos: 2.864,Data da Coleta:,04/08/2025,Exibição de Dados,Temperatura:,,Umidade:,,Datas:,,Medições,Data / Hora,Temperatura,Umidade,25/07/2025 - 17:25,"22,00","45,00",Betha Eletrônica Ltda,1/1
Coleta de Dados - UMMI,Impressão: 08/08/2025  9:23.09,Grupo:,TH-04-R,Equipamento:  1 - UMMI,Coleta:,04/08/2025 - 08:56,Registros:   Total: 2.864        Exibidos: 2.864,Data da Coleta:,04/08/2025,Exibição de Dados,Temperatura:,,Umidade:,,Datas:,,Medições,Data / Hora,Temperatura,Umidade,25/07/2025 - 17:30,"22,00","56,00",Betha Eletrônica Ltda,1/1
Coleta de Dados - UMMI,Impressão: 08/08/2025  9:23.09,Grupo:,TH-04-R,Equipamento:  1 - UMMI,Coleta:,04/08/2025 - 08:56,Registros:   Total: 2.864        Exibidos: 2.864,Data da Coleta:,04/08/2025,Exibição de Dados,Temperatura:,,Umidade:,,Datas:,,Medições,Data / Hora,Temperatura,Umidade,25/07/2025 - 17:35,"22,00","40,00",Betha Eletrônica Ltda,1/1
Coleta de Dados - UMMI,Impressão: 08/08/2025  9:23.09,Grupo:,TH-04-R,Equipamento:  1 - UMMI,Coleta:,04/08/2025 - 08:56,Registros:   Total: 2.864        Exibidos: 2.864,Data da Coleta:,04/08/2025,Exibição de Dados,Temperatura:,,Umidade:,,Datas:,,Medições,Data / Hora,Temperatura,Umidade,25/07/2025 - 17:40,"23,00","56,00",Betha Eletrônica Ltda,1/1
Coleta de Dados - UMMI,Impressão: 08/08/2025  9:23.09,Grupo:,TH-04-R,Equipamento:  1 - UMMI,Coleta:,04/08/2025 - 08:56,Registros:   Total: 2.864        Exibidos: 2.864,Data da Coleta:,04/08/2025,Exibição de Dados,Temperatura:,,Umidade:,,Datas:,,Medições,Data / Hora,Temperatura,Umidade,25/07/2025 - 17:45,"23,00","43,00",Betha Eletrônica Ltda,1/1
Coleta de Dados - UMMI,Impressão: 08/08/2025  9:23.09,Grupo:,TH-04-R,Equipamento:  1 - UMMI,Coleta:,04/08/2025 - 08:56,Registros:   Total: 2.864        Exibidos: 2.864,Data da Coleta:,04/08/2025,Exibição de Dados,Temperatura:,,Umidade:,,Datas:,,Medições,Data / Hora,Temperatura,Umidade,25/07/2025 - 17:50,"22,00","53,00",Betha Eletrônica Ltda,1/1
Coleta de Dados - UMMI,Impressão: 08/08/2025  9:23.09,Grupo:,TH-04-R,Equipamento:  1 - UMMI,Coleta:,04/08/2025 - 08:56,Registros:   Total: 2.864        Exibidos: 2.864,Data da Coleta:,04/08/2025,Exibição de Dados,Temperatura:,,Umidade:,,Datas:,,Medições,Data / Hora,Temperatura,Umidade,25/07/2025 - 17:55,"22,00","45,00",Betha Eletrônica Ltda,1/1
Coleta de Dados - UMMI,Impressão: 08/08/2025  9:23.09,Grupo:,TH-04-R,Equipamento:  1 - UMMI,Coleta:,04/08/2025 - 08:56,Registros:   Total: 2.864        Exibidos: 2.864,Data da Coleta:,04/08/2025,Exibição de Dados,Temperatura:,,Umidade:,,Datas:,,Medições,Data / Hora,Temperatura,Umidade,25/07/2025 - 18:00,"22,00","57,00",Betha Eletrônica Ltda,1/1
Coleta de Dados - UMMI,Impressão: 08/08/2025  9:23.09,Grupo:,TH-04-R,Equipamento:  1 - UMMI,Coleta:,04/08/2025 - 08:56,Registros:   Total: 2.864        Exibidos: 2.864,Data da Coleta:,04/08/2025,Exibição de Dados,Temperatura:,,Umidade:,,Datas:,,Medições,Data / Hora,Temperatura,Umidade,25/07/2025 - 18:05,"22,00","41,00",Betha Eletrônica Ltda,1/1
Coleta de Dados - UMMI,Impressão: 08/08/2025  9:23.09,Grupo:,TH-04-R,Equipamento:  1 - UMMI,Coleta:,04/08/2025 - 08:56,Registros:   Total: 2.864        Exibidos: 2.864,Data da Coleta:,04/08/2025,Exibição de Dados,Temperatura:,,Umidade:,,Datas:,,Medições,Data / Hora,Temperatura,Umidade,25/07/2025 - 18:10,"23,00","55,00",Betha Eletrônica Ltda,1/1
Coleta de Dados - UMMI,Impressão: 08/08/2025  9:23.09,Grupo:,TH-04-R,Equipamento:  1 - UMMI,Coleta:,04/08/2025 - 08:56,Registros:   Total: 2.864        Exibidos: 2.864,Data da Coleta:,04/08/2025,Exibição de Dados,Temperatura:,,Umidade:,,Datas:,,Medições,Data / Hora,Temperatura,Umidade,25/07/2025 - 18:15,"23,00","43,00",Betha Eletrônica Ltda,1/1
Coleta de Dados - UMMI,Impressão: 08/08/2025  9:23.09,Grupo:,TH-04-R,Equipamento:  1 - UMMI,Coleta:,04/08/2025 - 08:56,Registros:   Total: 2.864        Exibidos: 2.864,Data da Coleta:,04/08/2025,Exibição de Dados,Temperatura:,,Umidade:,,Datas:,,Medições,Data / Hora,Temperatura,Umidade,25/07/2025 - 18:20,"22,00","51,00",Betha Eletrônica Ltda,1/1
Coleta de Dados - UMMI,Impressão: 08/08/2025  9:23.09,Grupo:,TH-04-R,Equipamento:  1 - UMMI,Coleta:,04/08/2025 - 08:56,Registros:   Total: 2.864        Exibidos: 2.864,Data da Coleta:,04/08/2025,Exibição de Dados,Temperatura:,,Umidade:,,Datas:,,Medições,Data / Hora,Temperatura,Umidade,25/07/2025 - 18:25,"22,00","45,00",Betha Eletrônica Ltda,1/1
Coleta de Dados - UMMI,Impressão: 08/08/2025  9:23.09,Grupo:,TH-04-R,Equipamento:  1 - UMMI,Coleta:,04/08/2025 - 08:56,Registros:   Total: 2.864        Exibidos: 2.864,Data da Coleta:,04/08/2025,Exibição de Dados,Temperatura:,,Umidade:,,Datas:,,Medições,Data / Hora,Temperatura,Umidade,25/07/2025 - 18:30,"22,00","53,00",Betha Eletrônica Ltda,1/1
Coleta de Dados - UMMI,Impressão: 08/08/2025  9:23.09,Grupo:,TH-04-R,Equipamento:  1 - UMMI,Coleta:,04/08/2025 - 08:56,Registros:   Total: 2.864        Exibidos: 2.864,Data da Coleta:,04/08/2025,Exibição de Dados,Temperatura:,,Umidade:,,Datas:,,Medições,Data / Hora,Temperatura,Umidade,25/07/2025 - 18:35,"22,00","40,00",Betha Eletrônica Ltda,1/1
Coleta de Dados - UMMI,Impressão: 08/08/2025  9:23.09,Grupo:,TH-04-R,Equipamento:  1 - UMMI,Coleta:,04/08/2025 - 08:56,Registros:   Total: 2.864        Exibidos: 2.864,Data da Coleta:,04/08/2025,Exibição de Dados,Temperatura:,,Umidade:,,Datas:,,Medições,Data / Hora,Temperatura,Umidade,25/07/2025 - 18:40,"23,00","56,00",Betha Eletrônica Ltda,1/1
Coleta de Dados - UMMI,Impressão: 08/08/2025  9:23.09,Grupo:,TH-04-R,Equipamento:  1 - UMMI,Coleta:,04/08/2025 - 08:56,Registros:   Total: 2.864        Exibidos: 2.864,Data da Coleta:,04/08/2025,Exibição de Dados,Temperatura:,,Umidade:,,Datas:,,Medições,Data / Hora,Temperatura,Umidade,25/07/2025 - 18:45,"23,00","42,00",Betha Eletrônica Ltda,1/1
Coleta de Dados - UMMI,Impressão: 08/08/2025  9:23.09,Grupo:,TH-04-R,Equipamento:  1 - UMMI,Coleta:,04/08/2025 - 08:56,Registros:   Total: 2.864        Exibidos: 2.864,Data da Coleta:,04/08/2025,Exibição de Dados,Temperatura:,,Umidade:,,Datas:,,Medições,Data / Hora,Temperatura,Umidade,25/07/2025 - 18:50,"22,00","54,00",Betha Eletrônica Ltda,1/1
Coleta de Dados - UMMI,Impressão: 08/08/2025  9:23.09,Grupo:,TH-04-R,Equipamento:  1 - UMMI,Coleta:,04/08/2025 - 08:56,Registros:   Total: 2.864        Exibidos: 2.864,Data da Coleta:,04/08/2025,Exibição de Dados,Temperatura:,,Umidade:,,Datas:,,Medições,Data / Hora,Temperatura,Umidade,25/07/2025 - 18:55,"22,00","45,00",Betha Eletrônica Ltda,1/1
Coleta de Dados - UMMI,Impressão: 08/08/2025  9:23.09,Grupo:,TH-04-R,Equipamento:  1 - UMMI,Coleta:,04/08/2025 - 08:56,Registros:   Total: 2.864        Exibidos: 2.864,Data da Coleta:,04/08/2025,Exibição de Dados,Temperatura:,,Umidade:,,Datas:,,Medições,Data / Hora,Temperatura,Umidade,25/07/2025 - 19:00,"22,00","55,00",Betha Eletrônica Ltda,1/1
Coleta de Dados - UMMI,Impressão: 08/08/2025  9:23.09,Grupo:,TH-04-R,Equipamento:  1 - UMMI,Coleta:,04/08/2025 - 08:56,Registros:   Total: 2.864        Exibidos: 2.864,Data da Coleta:,04/08/2025,Exibição de Dados,Temperatura:,,Umidade:,,Datas:,,Medições,Data / Hora,Temperatura,Umidade,25/07/2025 - 19:05,"22,00","40,00",Betha Eletrônica Ltda,1/1
Coleta de Dados - UMMI,Impressão: 08/08/2025  9:23.09,Grupo:,TH-04-R,Equipamento:  1 - UMMI,Coleta:,04/08/2025 - 08:56,Registros:   Total: 2.864        Exibidos: 2.864,Data da Coleta:,04/08/2025,Exibição de Dados,Temperatura:,,Umidade:,,Datas:,,Medições,Data / Hora,Temperatura,Umidade,25/07/2025 - 19:10,"23,00","55,00",Betha Eletrônica Ltda,1/1
Coleta de Dados - UMMI,Impressão: 08/08/2025  9:23.09,Grupo:,TH-04-R,Equipamento:  1 - UMMI,Coleta:,04/08/2025 - 08:56,Registros:   Total: 2.864        Exibidos: 2.864,Data da Coleta:,04/08/2025,Exibição de Dados,Temperatura:,,Umidade:,,Datas:,,Medições,Data / Hora,Temperatura,Umidade,25/07/2025 - 19:15,"23,00","42,00",Betha Eletrônica Ltda,1/1
Coleta de Dados - UMMI,Impressão: 08/08/2025  9:23.09,Grupo:,TH-04-R,Equipamento:  1 - UMMI,Coleta:,04/08/2025 - 08:56,Registros:   Total: 2.864        Exibidos: 2.864,Data da Coleta:,04/08/2025,Exibição de Dados,Temperatura:,,Umidade:,,Datas:,,Medições,Data / Hora,Temperatura,Umidade,25/07/2025 - 19:20,"22,00","53,00",Betha Eletrônica Ltda,1/1
Coleta de Dados - UMMI,Impressão: 08/08/2025  9:23.09,Grupo:,TH-04-R,Equipamento:  1 - UMMI,Coleta:,04/08/2025 - 08:56,Registros:   Total: 2.864        Exibidos: 2.864,Data da Coleta:,04/08/2025,Exibição de Dados,Temperatura:,,Umidade:,,Datas:,,Medições,Data / Hora,Temperatura,Umidade,25/07/2025 - 19:25,"22,00","45,00",Betha Eletrônica Ltda,1/1
Coleta de Dados - UMMI,Impressão: 08/08/2025  9:23.09,Grupo:,TH-04-R,Equipamento:  1 - UMMI,Coleta:,04/08/2025 - 08:56,Registros:   Total: 2.864        Exibidos: 2.864,Data da Coleta:,04/08/2025,Exibição de Dados,Temperatura:,,Umidade:,,Datas:,,Medições,Data / Hora,Temperatura,Umidade,25/07/2025 - 19:30,"22,00","56,00",Betha Eletrônica Ltda,1/1
Coleta de Dados - UMMI,Impressão: 08/08/2025  9:23.09,Grupo:,TH-04-R,Equipamento:  1 - UMMI,Coleta:,04/08/2025 - 08:56,Registros:   Total: 2.864        Exibidos: 2.864,Data da Coleta:,04/08/2025,Exibição de Dados,Temperatura:,,Umidade:,,Datas:,,Medições,Data / Hora,Temperatura,Umidade,25/07/2025 - 19:35,"22,00","40,00",Betha Eletrônica Ltda,1/1
Coleta de Dados - UMMI,Impressão: 08/08/2025  9:23.09,Grupo:,TH-04-R,Equipamento:  1 - UMMI,Coleta:,04/08/2025 - 08:56,Registros:   Total: 2.864        Exibidos: 2.864,Data da Coleta:,04/08/2025,Exibição de Dados,Temperatura:,,Umidade:,,Datas:,,Medições,Data / Hora,Temperatura,Umidade,25/07/2025 - 19:40,"23,00","55,00",Betha Eletrônica Ltda,1/1
Coleta de Dados - UMMI,Impressão: 08/08/2025  9:23.09,Grupo:,TH-04-R,Equipamento:  1 - UMMI,Coleta:,04/08/2025 - 08:56,Registros:   Total: 2.864        Exibidos: 2.864,Data da Coleta:,04/08/2025,Exibição de Dados,Temperatura:,,Umidade:,,Datas:,,Medições,Data / Hora,Temperatura,Umidade,25/07/2025 - 19:45,"23,00","42,00",Betha Eletrônica Ltda,1/1
Coleta de Dados - UMMI,Impressão: 08/08/2025  9:23.09,Grupo:,TH-04-R,Equipamento:  1 - UMMI,Coleta:,04/08/2025 - 08:56,Registros:   Total: 2.864        Exibidos: 2.864,Data da Coleta:,04/08/2025,Exibição de Dados,Temperatura:,,Umidade:,,Datas:,,Medições,Data / Hora,Temperatura,Umidade,25/07/2025 - 19:50,"22,00","52,00",Betha Eletrônica Ltda,1/1
Coleta de Dados - UMMI,Impressão: 08/08/2025  9:23.09,Grupo:,TH-04-R,Equipamento:  1 - UMMI,Coleta:,04/08/2025 - 08:56,Registros:   Total: 2.864        Exibidos: 2.864,Data da Coleta:,04/08/2025,Exibição de Dados,Temperatura:,,Umidade:,,Datas:,,Medições,Data / Hora,Temperatura,Umidade,25/07/2025 - 19:55,"22,00","45,00",Betha Eletrônica Ltda,1/1
Coleta de Dados - UMMI,Impressão: 08/08/2025  9:23.09,Grupo:,TH-04-R,Equipamento:  1 - UMMI,Coleta:,04/08/2025 - 08:56,Registros:   Total: 2.864        Exibidos: 2.864,Data da Coleta:,04/08/2025,Exibição de Dados,Temperatura:,,Umidade:,,Datas:,,Medições,Data / Hora,Temperatura,Umidade,25/07/2025 - 20:00,"22,00","57,00",Betha Eletrônica Ltda,1/1
Coleta de Dados - UMMI,Impressão: 08/08/2025  9:23.09,Grupo:,TH-04-R,Equipamento:  1 - UMMI,Coleta:,04/08/2025 - 08:56,Registros:   Total: 2.864        Exibidos: 2.864,Data da Coleta:,04/08/2025,Exibição de Dados,Temperatura:,,Umidade:,,Datas:,,Medições,Data / Hora,Temperatura,Umidade,25/07/2025 - 20:05,"22,00","41,00",Betha Eletrônica Ltda,1/1
Coleta de Dados - UMMI,Impressão: 08/08/2025  9:23.09,Grupo:,TH-04-R,Equipamento:  1 - UMMI,Coleta:,04/08/2025 - 08:56,Registros:   Total: 2.864        Exibidos: 2.864,Data da Coleta:,04/08/2025,Exibição de Dados,Temperatura:,,Umidade:,,Datas:,,Medições,Data / Hora,Temperatura,Umidade,25/07/2025 - 20:10,"23,00","55,00",Betha Eletrônica Ltda,1/1
Coleta de Dados - UMMI,Impressão: 08/08/2025  9:23.09,Grupo:,TH-04-R,Equipamento:  1 - UMMI,Coleta:,04/08/2025 - 08:56,Registros:   Total: 2.864        Exibidos: 2.864,Data da Coleta:,04/08/2025,Exibição de Dados,Temperatura:,,Umidade:,,Datas:,,Medições,Data / Hora,Temperatura,Umidade,25/07/2025 - 20:15,"23,00","44,00",Betha Eletrônica Ltda,1/1
Coleta de Dados - UMMI,Impressão: 08/08/2025  9:23.09,Grupo:,TH-04-R,Equipamento:  1 - UMMI,Coleta:,04/08/2025 - 08:56,Registros:   Total: 2.864        Exibidos: 2.864,Data da Coleta:,04/08/2025,Exibição de Dados,Temperatura:,,Umidade:,,Datas:,,Medições,Data / Hora,Temperatura,Umidade,25/07/2025 - 20:20,"22,00","51,00",Betha Eletrônica Ltda,1/1
Coleta de Dados - UMMI,Impressão: 08/08/2025  9:23.09,Grupo:,TH-04-R,Equipamento:  1 - UMMI,Coleta:,04/08/2025 - 08:56,Registros:   Total: 2.864        Exibidos: 2.864,Data da Coleta:,04/08/2025,Exibição de Dados,Temperatura:,,Umidade:,,Datas:,,Medições,Data / Hora,Temperatura,Umidade,25/07/2025 - 20:25,"22,00","45,00",Betha Eletrônica Ltda,1/1
Coleta de Dados - UMMI,Impressão: 08/08/2025  9:23.09,Grupo:,TH-04-R,Equipamento:  1 - UMMI,Coleta:,04/08/2025 - 08:56,Registros:   Total: 2.864        Exibidos: 2.864,Data da Coleta:,04/08/2025,Exibição de Dados,Temperatura:,,Umidade:,,Datas:,,Medições,Data / Hora,Temperatura,Umidade,25/07/2025 - 20:30,"22,00","57,00",Betha Eletrônica Ltda,1/1
Coleta de Dados - UMMI,Impressão: 08/08/2025  9:23.09,Grupo:,TH-04-R,Equipamento:  1 - UMMI,Coleta:,04/08/2025 - 08:56,Registros:   Total: 2.864        Exibidos: 2.864,Data da Coleta:,04/08/2025,Exibição de Dados,Temperatura:,,Umidade:,,Datas:,,Medições,Data / Hora,Temperatura,Umidade,25/07/2025 - 20:35,"22,00","41,00",Betha Eletrônica Ltda,1/1
Coleta de Dados - UMMI,Impressão: 08/08/2025  9:23.09,Grupo:,TH-04-R,Equipamento:  1 - UMMI,Coleta:,04/08/2025 - 08:56,Registros:   Total: 2.864        Exibidos: 2.864,Data da Coleta:,04/08/2025,Exibição de Dados,Temperatura:,,Umidade:,,Datas:,,Medições,Data / Hora,Temperatura,Umidade,25/07/2025 - 20:40,"23,00","55,00",Betha Eletrônica Ltda,1/1
Coleta de Dados - UMMI,Impressão: 08/08/2025  9:23.09,Grupo:,TH-04-R,Equipamento:  1 - UMMI,Coleta:,04/08/2025 - 08:56,Registros:   Total: 2.864        Exibidos: 2.864,Data da Coleta:,04/08/2025,Exibição de Dados,Temperatura:,,Umidade:,,Datas:,,Medições,Data / Hora,Temperatura,Umidade,25/07/2025 - 20:45,"23,00","43,00",Betha Eletrônica Ltda,1/1
Coleta de Dados - UMMI,Impressão: 08/08/2025  9:23.09,Grupo:,TH-04-R,Equipamento:  1 - UMMI,Coleta:,04/08/2025 - 08:56,Registros:   Total: 2.864        Exibidos: 2.864,Data da Coleta:,04/08/2025,Exibição de Dados,Temperatura:,,Umidade:,,Datas:,,Medições,Data / Hora,Temperatura,Umidade,25/07/2025 - 20:50,"22,00","51,00",Betha Eletrônica Ltda,1/1
Coleta de Dados - UMMI,Impressão: 08/08/2025  9:23.09,Grupo:,TH-04-R,Equipamento:  1 - UMMI,Coleta:,04/08/2025 - 08:56,Registros:   Total: 2.864        Exibidos: 2.864,Data da Coleta:,04/08/2025,Exibição de Dados,Temperatura:,,Umidade:,,Datas:,,Medições,Data / Hora,Temperatura,Umidade,25/07/2025 - 20:55,"22,00","45,00",Betha Eletrônica Ltda,1/1
Coleta de Dados - UMMI,Impressão: 08/08/2025  9:23.09,Grupo:,TH-04-R,Equipamento:  1 - UMMI,Coleta:,04/08/2025 - 08:56,Registros:   Total: 2.864        Exibidos: 2.864,Data da Coleta:,04/08/2025,Exibição de Dados,Temperatura:,,Umidade:,,Datas:,,Medições,Data / Hora,Temperatura,Umidade,25/07/2025 - 21:00,"22,00","57,00",Betha Eletrônica Ltda,1/1
Coleta de Dados - UMMI,Impressão: 08/08/2025  9:23.09,Grupo:,TH-04-R,Equipamento:  1 - UMMI,Coleta:,04/08/2025 - 08:56,Registros:   Total: 2.864        Exibidos: 2.864,Data da Coleta:,04/08/2025,Exibição de Dados,Temperatura:,,Umidade:,,Datas:,,Medições,Data / Hora,Temperatura,Umidade,25/07/2025 - 21:05,"22,00","41,00",Betha Eletrônica Ltda,1/1
Coleta de Dados - UMMI,Impressão: 08/08/2025  9:23.09,Grupo:,TH-04-R,Equipamento:  1 - UMMI,Coleta:,04/08/2025 - 08:56,Registros:   Total: 2.864        Exibidos: 2.864,Data da Coleta:,04/08/2025,Exibição de Dados,Temperatura:,,Umidade:,,Datas:,,Medições,Data / Hora,Temperatura,Umidade,25/07/2025 - 21:10,"23,00","55,00",Betha Eletrônica Ltda,1/1
Coleta de Dados - UMMI,Impressão: 08/08/2025  9:23.09,Grupo:,TH-04-R,Equipamento:  1 - UMMI,Coleta:,04/08/2025 - 08:56,Registros:   Total: 2.864        Exibidos: 2.864,Data da Coleta:,04/08/2025,Exibição de Dados,Temperatura:,,Umidade:,,Datas:,,Medições,Data / Hora,Temperatura,Umidade,25/07/2025 - 21:15,"23,00","44,00",Betha Eletrônica Ltda,1/1
Coleta de Dados - UMMI,Impressão: 08/08/2025  9:23.09,Grupo:,TH-04-R,Equipamento:  1 - UMMI,Coleta:,04/08/2025 - 08:56,Registros:   Total: 2.864        Exibidos: 2.864,Data da Coleta:,04/08/2025,Exibição de Dados,Temperatura:,,Umidade:,,Datas:,,Medições,Data / Hora,Temperatura,Umidade,25/07/2025 - 21:20,"22,00","51,00",Betha Eletrônica Ltda,1/1
Coleta de Dados - UMMI,Impressão: 08/08/2025  9:23.09,Grupo:,TH-04-R,Equipamento:  1 - UMMI,Coleta:,04/08/2025 - 08:56,Registros:   Total: 2.864        Exibidos: 2.864,Data da Coleta:,04/08/2025,Exibição de Dados,Temperatura:,,Umidade:,,Datas:,,Medições,Data / Hora,Temperatura,Umidade,25/07/2025 - 21:25,"22,00","45,00",Betha Eletrônica Ltda,1/1
Coleta de Dados - UMMI,Impressão: 08/08/2025  9:23.09,Grupo:,TH-04-R,Equipamento:  1 - UMMI,Coleta:,04/08/2025 - 08:56,Registros:   Total: 2.864        Exibidos: 2.864,Data da Coleta:,04/08/2025,Exibição de Dados,Temperatura:,,Umidade:,,Datas:,,Medições,Data / Hora,Temperatura,Umidade,25/07/2025 - 21:30,"22,00","55,00",Betha Eletrônica Ltda,1/1
Coleta de Dados - UMMI,Impressão: 08/08/2025  9:23.09,Grupo:,TH-04-R,Equipamento:  1 - UMMI,Coleta:,04/08/2025 - 08:56,Registros:   Total: 2.864        Exibidos: 2.864,Data da Coleta:,04/08/2025,Exibição de Dados,Temperatura:,,Umidade:,,Datas:,,Medições,Data / Hora,Temperatura,Umidade,25/07/2025 - 21:35,"22,00","43,00",Betha Eletrônica Ltda,1/1
Coleta de Dados - UMMI,Impressão: 08/08/2025  9:23.09,Grupo:,TH-04-R,Equipamento:  1 - UMMI,Coleta:,04/08/2025 - 08:56,Registros:   Total: 2.864        Exibidos: 2.864,Data da Coleta:,04/08/2025,Exibição de Dados,Temperatura:,,Umidade:,,Datas:,,Medições,Data / Hora,Temperatura,Umidade,25/07/2025 - 21:40,"22,00","53,00",Betha Eletrônica Ltda,1/1
Coleta de Dados - UMMI,Impressão: 08/08/2025  9:23.09,Grupo:,TH-04-R,Equipamento:  1 - UMMI,Coleta:,04/08/2025 - 08:56,Registros:   Total: 2.864        Exibidos: 2.864,Data da Coleta:,04/08/2025,Exibição de Dados,Temperatura:,,Umidade:,,Datas:,,Medições,Data / Hora,Temperatura,Umidade,25/07/2025 - 21:45,"23,00","46,00",Betha Eletrônica Ltda,1/1
Coleta de Dados - UMMI,Impressão: 08/08/2025  9:23.09,Grupo:,TH-04-R,Equipamento:  1 - UMMI,Coleta:,04/08/2025 - 08:56,Registros:   Total: 2.864        Exibidos: 2.864,Data da Coleta:,04/08/2025,Exibição de Dados,Temperatura:,,Umidade:,,Datas:,,Medições,Data / Hora,Temperatura,Umidade,25/07/2025 - 21:50,"22,00","48,00",Betha Eletrônica Ltda,1/1
Coleta de Dados - UMMI,Impressão: 08/08/2025  9:23.09,Grupo:,TH-04-R,Equipamento:  1 - UMMI,Coleta:,04/08/2025 - 08:56,Registros:   Total: 2.864        Exibidos: 2.864,Data da Coleta:,04/08/2025,Exibição de Dados,Temperatura:,,Umidade:,,Datas:,,Medições,Data / Hora,Temperatura,Umidade,25/07/2025 - 21:55,"22,00","48,00",Betha Eletrônica Ltda,1/1
Coleta de Dados - UMMI,Impressão: 08/08/2025  9:23.09,Grupo:,TH-04-R,Equipamento:  1 - UMMI,Coleta:,04/08/2025 - 08:56,Registros:   Total: 2.864        Exibidos: 2.864,Data da Coleta:,04/08/2025,Exibição de Dados,Temperatura:,,Umidade:,,Datas:,,Medições,Data / Hora,Temperatura,Umidade,25/07/2025 - 22:00,"22,00","52,00",Betha Eletrônica Ltda,1/1
Coleta de Dados - UMMI,Impressão: 08/08/2025  9:23.09,Grupo:,TH-04-R,Equipamento:  1 - UMMI,Coleta:,04/08/2025 - 08:56,Registros:   Total: 2.864        Exibidos: 2.864,Data da Coleta:,04/08/2025,Exibição de Dados,Temperatura:,,Umidade:,,Datas:,,Medições,Data / Hora,Temperatura,Umidade,25/07/2025 - 22:05,"22,00","44,00",Betha Eletrônica Ltda,1/1
Coleta de Dados - UMMI,Impressão: 08/08/2025  9:23.09,Grupo:,TH-04-R,Equipamento:  1 - UMMI,Coleta:,04/08/2025 - 08:56,Registros:   Total: 2.864        Exibidos: 2.864,Data da Coleta:,04/08/2025,Exibição de Dados,Temperatura:,,Umidade:,,Datas:,,Medições,Data / Hora,Temperatura,Umidade,25/07/2025 - 22:10,"22,00","51,00",Betha Eletrônica Ltda,1/1
Coleta de Dados - UMMI,Impressão: 08/08/2025  9:23.09,Grupo:,TH-04-R,Equipamento:  1 - UMMI,Coleta:,04/08/2025 - 08:56,Registros:   Total: 2.864        Exibidos: 2.864,Data da Coleta:,04/08/2025,Exibição de Dados,Temperatura:,,Umidade:,,Datas:,,Medições,Data / Hora,Temperatura,Umidade,25/07/2025 - 22:15,"23,00","47,00",Betha Eletrônica Ltda,1/1
Coleta de Dados - UMMI,Impressão: 08/08/2025  9:23.09,Grupo:,TH-04-R,Equipamento:  1 - UMMI,Coleta:,04/08/2025 - 08:56,Registros:   Total: 2.864        Exibidos: 2.864,Data da Coleta:,04/08/2025,Exibição de Dados,Temperatura:,,Umidade:,,Datas:,,Medições,Data / Hora,Temperatura,Umidade,25/07/2025 - 22:20,"22,00","45,00",Betha Eletrônica Ltda,1/1
Coleta de Dados - UMMI,Impressão: 08/08/2025  9:23.09,Grupo:,TH-04-R,Equipamento:  1 - UMMI,Coleta:,04/08/2025 - 08:56,Registros:   Total: 2.864        Exibidos: 2.864,Data da Coleta:,04/08/2025,Exibição de Dados,Temperatura:,,Umidade:,,Datas:,,Medições,Data / Hora,Temperatura,Umidade,25/07/2025 - 22:25,"22,00","50,00",Betha Eletrônica Ltda,1/1
Coleta de Dados - UMMI,Impressão: 08/08/2025  9:23.09,Grupo:,TH-04-R,Equipamento:  1 - UMMI,Coleta:,04/08/2025 - 08:56,Registros:   Total: 2.864        Exibidos: 2.864,Data da Coleta:,04/08/2025,Exibição de Dados,Temperatura:,,Umidade:,,Datas:,,Medições,Data / Hora,Temperatura,Umidade,25/07/2025 - 22:30,"22,00","50,00",Betha Eletrônica Ltda,1/1
Coleta de Dados - UMMI,Impressão: 08/08/2025  9:23.09,Grupo:,TH-04-R,Equipamento:  1 - UMMI,Coleta:,04/08/2025 - 08:56,Registros:   Total: 2.864        Exibidos: 2.864,Data da Coleta:,04/08/2025,Exibição de Dados,Temperatura:,,Umidade:,,Datas:,,Medições,Data / Hora,Temperatura,Umidade,25/07/2025 - 22:35,"22,00","45,00",Betha Eletrônica Ltda,1/1
Coleta de Dados - UMMI,Impressão: 08/08/2025  9:23.09,Grupo:,TH-04-R,Equipamento:  1 - UMMI,Coleta:,04/08/2025 - 08:56,Registros:   Total: 2.864        Exibidos: 2.864,Data da Coleta:,04/08/2025,Exibição de Dados,Temperatura:,,Umidade:,,Datas:,,Medições,Data / Hora,Temperatura,Umidade,25/07/2025 - 22:40,"22,00","50,00",Betha Eletrônica Ltda,1/1
Coleta de Dados - UMMI,Impressão: 08/08/2025  9:23.09,Grupo:,TH-04-R,Equipamento:  1 - UMMI,Coleta:,04/08/2025 - 08:56,Registros:   Total: 2.864        Exibidos: 2.864,Data da Coleta:,04/08/2025,Exibição de Dados,Temperatura:,,Umidade:,,Datas:,,Medições,Data / Hora,Temperatura,Umidade,25/07/2025 - 22:45,"23,00","47,00",Betha Eletrônica Ltda,1/1
Coleta de Dados - UMMI,Impressão: 08/08/2025  9:23.09,Grupo:,TH-04-R,Equipamento:  1 - UMMI,Coleta:,04/08/2025 - 08:56,Registros:   Total: 2.864        Exibidos: 2.864,Data da Coleta:,04/08/2025,Exibição de Dados,Temperatura:,,Umidade:,,Datas:,,Medições,Data / Hora,Temperatura,Umidade,25/07/2025 - 22:50,"22,00","44,00",Betha Eletrônica Ltda,1/1
Coleta de Dados - UMMI,Impressão: 08/08/2025  9:23.09,Grupo:,TH-04-R,Equipamento:  1 - UMMI,Coleta:,04/08/2025 - 08:56,Registros:   Total: 2.864        Exibidos: 2.864,Data da Coleta:,04/08/2025,Exibição de Dados,Temperatura:,,Umidade:,,Datas:,,Medições,Data / Hora,Temperatura,Umidade,25/07/2025 - 22:55,"22,00","50,00",Betha Eletrônica Ltda,1/1
Coleta de Dados - UMMI,Impressão: 08/08/2025  9:23.09,Grupo:,TH-04-R,Equipamento:  1 - UMMI,Coleta:,04/08/2025 - 08:56,Registros:   Total: 2.864        Exibidos: 2.864,Data da Coleta:,04/08/2025,Exibição de Dados,Temperatura:,,Umidade:,,Datas:,,Medições,Data / Hora,Temperatura,Umidade,25/07/2025 - 23:00,"21,00","50,00",Betha Eletrônica Ltda,1/1
Coleta de Dados - UMMI,Impressão: 08/08/2025  9:23.09,Grupo:,TH-04-R,Equipamento:  1 - UMMI,Coleta:,04/08/2025 - 08:56,Registros:   Total: 2.864        Exibidos: 2.864,Data da Coleta:,04/08/2025,Exibição de Dados,Temperatura:,,Umidade:,,Datas:,,Medições,Data / Hora,Temperatura,Umidade,25/07/2025 - 23:05,"22,00","45,00",Betha Eletrônica Ltda,1/1
Coleta de Dados - UMMI,Impressão: 08/08/2025  9:23.09,Grupo:,TH-04-R,Equipamento:  1 - UMMI,Coleta:,04/08/2025 - 08:56,Registros:   Total: 2.864        Exibidos: 2.864,Data da Coleta:,04/08/2025,Exibição de Dados,Temperatura:,,Umidade:,,Datas:,,Medições,Data / Hora,Temperatura,Umidade,25/07/2025 - 23:10,"22,00","48,00",Betha Eletrônica Ltda,1/1
Coleta de Dados - UMMI,Impressão: 08/08/2025  9:23.09,Grupo:,TH-04-R,Equipamento:  1 - UMMI,Coleta:,04/08/2025 - 08:56,Registros:   Total: 2.864        Exibidos: 2.864,Data da Coleta:,04/08/2025,Exibição de Dados,Temperatura:,,Umidade:,,Datas:,,Medições,Data / Hora,Temperatura,Umidade,25/07/2025 - 23:15,"23,00","48,00",Betha Eletrônica Ltda,1/1
Coleta de Dados - UMMI,Impressão: 08/08/2025  9:23.09,Grupo:,TH-04-R,Equipamento:  1 - UMMI,Coleta:,04/08/2025 - 08:56,Registros:   Total: 2.864        Exibidos: 2.864,Data da Coleta:,04/08/2025,Exibição de Dados,Temperatura:,,Umidade:,,Datas:,,Medições,Data / Hora,Temperatura,Umidade,25/07/2025 - 23:20,"22,00","42,00",Betha Eletrônica Ltda,1/1
Coleta de Dados - UMMI,Impressão: 08/08/2025  9:23.09,Grupo:,TH-04-R,Equipamento:  1 - UMMI,Coleta:,04/08/2025 - 08:56,Registros:   Total: 2.864        Exibidos: 2.864,Data da Coleta:,04/08/2025,Exibição de Dados,Temperatura:,,Umidade:,,Datas:,,Medições,Data / Hora,Temperatura,Umidade,25/07/2025 - 23:25,"22,00","51,00",Betha Eletrônica Ltda,1/1
Coleta de Dados - UMMI,Impressão: 08/08/2025  9:23.09,Grupo:,TH-04-R,Equipamento:  1 - UMMI,Coleta:,04/08/2025 - 08:56,Registros:   Total: 2.864        Exibidos: 2.864,Data da Coleta:,04/08/2025,Exibição de Dados,Temperatura:,,Umidade:,,Datas:,,Medições,Data / Hora,Temperatura,Umidade,25/07/2025 - 23:30,"21,00","49,00",Betha Eletrônica Ltda,1/1
Coleta de Dados - UMMI,Impressão: 08/08/2025  9:23.09,Grupo:,TH-04-R,Equipamento:  1 - UMMI,Coleta:,04/08/2025 - 08:56,Registros:   Total: 2.864        Exibidos: 2.864,Data da Coleta:,04/08/2025,Exibição de Dados,Temperatura:,,Umidade:,,Datas:,,Medições,Data / Hora,Temperatura,Umidade,25/07/2025 - 23:35,"22,00","46,00",Betha Eletrônica Ltda,1/1
Coleta de Dados - UMMI,Impressão: 08/08/2025  9:23.09,Grupo:,TH-04-R,Equipamento:  1 - UMMI,Coleta:,04/08/2025 - 08:56,Registros:   Total: 2.864        Exibidos: 2.864,Data da Coleta:,04/08/2025,Exibição de Dados,Temperatura:,,Umidade:,,Datas:,,Medições,Data / Hora,Temperatura,Umidade,25/07/2025 - 23:40,"22,00","47,00",Betha Eletrônica Ltda,1/1
Coleta de Dados - UMMI,Impressão: 08/08/2025  9:23.09,Grupo:,TH-04-R,Equipamento:  1 - UMMI,Coleta:,04/08/2025 - 08:56,Registros:   Total: 2.864        Exibidos: 2.864,Data da Coleta:,04/08/2025,Exibição de Dados,Temperatura:,,Umidade:,,Datas:,,Medições,Data / Hora,Temperatura,Umidade,25/07/2025 - 23:45,"23,00","49,00",Betha Eletrônica Ltda,1/1
Coleta de Dados - UMMI,Impressão: 08/08/2025  9:23.09,Grupo:,TH-04-R,Equipamento:  1 - UMMI,Coleta:,04/08/2025 - 08:56,Registros:   Total: 2.864        Exibidos: 2.864,Data da Coleta:,04/08/2025,Exibição de Dados,Temperatura:,,Umidade:,,Datas:,,Medições,Data / Hora,Temperatura,Umidade,25/07/2025 - 23:50,"22,00","41,00",Betha Eletrônica Ltda,1/1
Coleta de Dados - UMMI,Impressão: 08/08/2025  9:23.09,Grupo:,TH-04-R,Equipamento:  1 - UMMI,Coleta:,04/08/2025 - 08:56,Registros:   Total: 2.864        Exibidos: 2.864,Data da Coleta:,04/08/2025,Exibição de Dados,Temperatura:,,Umidade:,,Datas:,,Medições,Data / Hora,Temperatura,Umidade,25/07/2025 - 23:55,"22,00","52,00",Betha Eletrônica Ltda,1/1
Coleta de Dados - UMMI,Impressão: 08/08/2025  9:23.09,Grupo:,TH-04-R,Equipamento:  1 - UMMI,Coleta:,04/08/2025 - 08:56,Registros:   Total: 2.864        Exibidos: 2.864,Data da Coleta:,04/08/2025,Exibição de Dados,Temperatura:,,Umidade:,,Datas:,,Medições,Data / Hora,Temperatura,Umidade,26/07/2025 - 00:00,"21,00","48,00",Betha Eletrônica Ltda,1/1
Coleta de Dados - UMMI,Impressão: 08/08/2025  9:23.09,Grupo:,TH-04-R,Equipamento:  1 - UMMI,Coleta:,04/08/2025 - 08:56,Registros:   Total: 2.864        Exibidos: 2.864,Data da Coleta:,04/08/2025,Exibição de Dados,Temperatura:,,Umidade:,,Datas:,,Medições,Data / Hora,Temperatura,Umidade,26/07/2025 - 00:05,"22,00","46,00",Betha Eletrônica Ltda,1/1
Coleta de Dados - UMMI,Impressão: 08/08/2025  9:23.09,Grupo:,TH-04-R,Equipamento:  1 - UMMI,Coleta:,04/08/2025 - 08:56,Registros:   Total: 2.864        Exibidos: 2.864,Data da Coleta:,04/08/2025,Exibição de Dados,Temperatura:,,Umidade:,,Datas:,,Medições,Data / Hora,Temperatura,Umidade,26/07/2025 - 00:10,"22,00","47,00",Betha Eletrônica Ltda,1/1
Coleta de Dados - UMMI,Impressão: 08/08/2025  9:23.09,Grupo:,TH-04-R,Equipamento:  1 - UMMI,Coleta:,04/08/2025 - 08:56,Registros:   Total: 2.864        Exibidos: 2.864,Data da Coleta:,04/08/2025,Exibição de Dados,Temperatura:,,Umidade:,,Datas:,,Medições,Data / Hora,Temperatura,Umidade,26/07/2025 - 00:15,"23,00","50,00",Betha Eletrônica Ltda,1/1
Coleta de Dados - UMMI,Impressão: 08/08/2025  9:23.09,Grupo:,TH-04-R,Equipamento:  1 - UMMI,Coleta:,04/08/2025 - 08:56,Registros:   Total: 2.864        Exibidos: 2.864,Data da Coleta:,04/08/2025,Exibição de Dados,Temperatura:,,Umidade:,,Datas:,,Medições,Data / Hora,Temperatura,Umidade,26/07/2025 - 00:20,"22,00","41,00",Betha Eletrônica Ltda,1/1
Coleta de Dados - UMMI,Impressão: 08/08/2025  9:23.09,Grupo:,TH-04-R,Equipamento:  1 - UMMI,Coleta:,04/08/2025 - 08:56,Registros:   Total: 2.864        Exibidos: 2.864,Data da Coleta:,04/08/2025,Exibição de Dados,Temperatura:,,Umidade:,,Datas:,,Medições,Data / Hora,Temperatura,Umidade,26/07/2025 - 00:25,"22,00","54,00",Betha Eletrônica Ltda,1/1
Coleta de Dados - UMMI,Impressão: 08/08/2025  9:23.09,Grupo:,TH-04-R,Equipamento:  1 - UMMI,Coleta:,04/08/2025 - 08:56,Registros:   Total: 2.864        Exibidos: 2.864,Data da Coleta:,04/08/2025,Exibição de Dados,Temperatura:,,Umidade:,,Datas:,,Medições,Data / Hora,Temperatura,Umidade,26/07/2025 - 00:30,"21,00","43,00",Betha Eletrônica Ltda,1/1
Coleta de Dados - UMMI,Impressão: 08/08/2025  9:23.09,Grupo:,TH-04-R,Equipamento:  1 - UMMI,Coleta:,04/08/2025 - 08:56,Registros:   Total: 2.864        Exibidos: 2.864,Data da Coleta:,04/08/2025,Exibição de Dados,Temperatura:,,Umidade:,,Datas:,,Medições,Data / Hora,Temperatura,Umidade,26/07/2025 - 00:35,"22,00","52,00",Betha Eletrônica Ltda,1/1
Coleta de Dados - UMMI,Impressão: 08/08/2025  9:23.09,Grupo:,TH-04-R,Equipamento:  1 - UMMI,Coleta:,04/08/2025 - 08:56,Registros:   Total: 2.864        Exibidos: 2.864,Data da Coleta:,04/08/2025,Exibição de Dados,Temperatura:,,Umidade:,,Datas:,,Medições,Data / Hora,Temperatura,Umidade,26/07/2025 - 00:40,"22,00","40,00",Betha Eletrônica Ltda,1/1
Coleta de Dados - UMMI,Impressão: 08/08/2025  9:23.09,Grupo:,TH-04-R,Equipamento:  1 - UMMI,Coleta:,04/08/2025 - 08:56,Registros:   Total: 2.864        Exibidos: 2.864,Data da Coleta:,04/08/2025,Exibição de Dados,Temperatura:,,Umidade:,,Datas:,,Medições,Data / Hora,Temperatura,Umidade,26/07/2025 - 00:45,"23,00","56,00",Betha Eletrônica Ltda,1/1
Coleta de Dados - UMMI,Impressão: 08/08/2025  9:23.09,Grupo:,TH-04-R,Equipamento:  1 - UMMI,Coleta:,04/08/2025 - 08:56,Registros:   Total: 2.864        Exibidos: 2.864,Data da Coleta:,04/08/2025,Exibição de Dados,Temperatura:,,Umidade:,,Datas:,,Medições,Data / Hora,Temperatura,Umidade,26/07/2025 - 00:50,"23,00","42,00",Betha Eletrônica Ltda,1/1
Coleta de Dados - UMMI,Impressão: 08/08/2025  9:23.09,Grupo:,TH-04-R,Equipamento:  1 - UMMI,Coleta:,04/08/2025 - 08:56,Registros:   Total: 2.864        Exibidos: 2.864,Data da Coleta:,04/08/2025,Exibição de Dados,Temperatura:,,Umidade:,,Datas:,,Medições,Data / Hora,Temperatura,Umidade,26/07/2025 - 00:55,"22,00","54,00",Betha Eletrônica Ltda,1/1
Coleta de Dados - UMMI,Impressão: 08/08/2025  9:23.09,Grupo:,TH-04-R,Equipamento:  1 - UMMI,Coleta:,04/08/2025 - 08:56,Registros:   Total: 2.864        Exibidos: 2.864,Data da Coleta:,04/08/2025,Exibição de Dados,Temperatura:,,Umidade:,,Datas:,,Medições,Data / Hora,Temperatura,Umidade,26/07/2025 - 01:00,"22,00","43,00",Betha Eletrônica Ltda,1/1
Coleta de Dados - UMMI,Impressão: 08/08/2025  9:23.09,Grupo:,TH-04-R,Equipamento:  1 - UMMI,Coleta:,04/08/2025 - 08:56,Registros:   Total: 2.864        Exibidos: 2.864,Data da Coleta:,04/08/2025,Exibição de Dados,Temperatura:,,Umidade:,,Datas:,,Medições,Data / Hora,Temperatura,Umidade,26/07/2025 - 01:05,"22,00","55,00",Betha Eletrônica Ltda,1/1
Coleta de Dados - UMMI,Impressão: 08/08/2025  9:23.09,Grupo:,TH-04-R,Equipamento:  1 - UMMI,Coleta:,04/08/2025 - 08:56,Registros:   Total: 2.864        Exibidos: 2.864,Data da Coleta:,04/08/2025,Exibição de Dados,Temperatura:,,Umidade:,,Datas:,,Medições,Data / Hora,Temperatura,Umidade,26/07/2025 - 01:10,"22,00","43,00",Betha Eletrônica Ltda,1/1
Coleta de Dados - UMMI,Impressão: 08/08/2025  9:23.09,Grupo:,TH-04-R,Equipamento:  1 - UMMI,Coleta:,04/08/2025 - 08:56,Registros:   Total: 2.864        Exibidos: 2.864,Data da Coleta:,04/08/2025,Exibição de Dados,Temperatura:,,Umidade:,,Datas:,,Medições,Data / Hora,Temperatura,Umidade,26/07/2025 - 01:15,"22,00","52,00",Betha Eletrônica Ltda,1/1
Coleta de Dados - UMMI,Impressão: 08/08/2025  9:23.09,Grupo:,TH-04-R,Equipamento:  1 - UMMI,Coleta:,04/08/2025 - 08:56,Registros:   Total: 2.864        Exibidos: 2.864,Data da Coleta:,04/08/2025,Exibição de Dados,Temperatura:,,Umidade:,,Datas:,,Medições,Data / Hora,Temperatura,Umidade,26/07/2025 - 01:20,"23,00","46,00",Betha Eletrônica Ltda,1/1
Coleta de Dados - UMMI,Impressão: 08/08/2025  9:23.09,Grupo:,TH-04-R,Equipamento:  1 - UMMI,Coleta:,04/08/2025 - 08:56,Registros:   Total: 2.864        Exibidos: 2.864,Data da Coleta:,04/08/2025,Exibição de Dados,Temperatura:,,Umidade:,,Datas:,,Medições,Data / Hora,Temperatura,Umidade,26/07/2025 - 01:25,"22,00","46,00",Betha Eletrônica Ltda,1/1
Coleta de Dados - UMMI,Impressão: 08/08/2025  9:23.09,Grupo:,TH-04-R,Equipamento:  1 - UMMI,Coleta:,04/08/2025 - 08:56,Registros:   Total: 2.864        Exibidos: 2.864,Data da Coleta:,04/08/2025,Exibição de Dados,Temperatura:,,Umidade:,,Datas:,,Medições,Data / Hora,Temperatura,Umidade,26/07/2025 - 01:30,"22,00","50,00",Betha Eletrônica Ltda,1/1
Coleta de Dados - UMMI,Impressão: 08/08/2025  9:23.09,Grupo:,TH-04-R,Equipamento:  1 - UMMI,Coleta:,04/08/2025 - 08:56,Registros:   Total: 2.864        Exibidos: 2.864,Data da Coleta:,04/08/2025,Exibição de Dados,Temperatura:,,Umidade:,,Datas:,,Medições,Data / Hora,Temperatura,Umidade,26/07/2025 - 01:35,"22,00","47,00",Betha Eletrônica Ltda,1/1
Coleta de Dados - UMMI,Impressão: 08/08/2025  9:23.09,Grupo:,TH-04-R,Equipamento:  1 - UMMI,Coleta:,04/08/2025 - 08:56,Registros:   Total: 2.864        Exibidos: 2.864,Data da Coleta:,04/08/2025,Exibição de Dados,Temperatura:,,Umidade:,,Datas:,,Medições,Data / Hora,Temperatura,Umidade,26/07/2025 - 01:40,"22,00","48,00",Betha Eletrônica Ltda,1/1
Coleta de Dados - UMMI,Impressão: 08/08/2025  9:23.09,Grupo:,TH-04-R,Equipamento:  1 - UMMI,Coleta:,04/08/2025 - 08:56,Registros:   Total: 2.864        Exibidos: 2.864,Data da Coleta:,04/08/2025,Exibição de Dados,Temperatura:,,Umidade:,,Datas:,,Medições,Data / Hora,Temperatura,Umidade,26/07/2025 - 01:45,"22,00","43,00",Betha Eletrônica Ltda,1/1
Coleta de Dados - UMMI,Impressão: 08/08/2025  9:23.09,Grupo:,TH-04-R,Equipamento:  1 - UMMI,Coleta:,04/08/2025 - 08:56,Registros:   Total: 2.864        Exibidos: 2.864,Data da Coleta:,04/08/2025,Exibição de Dados,Temperatura:,,Umidade:,,Datas:,,Medições,Data / Hora,Temperatura,Umidade,26/07/2025 - 01:50,"23,00","53,00",Betha Eletrônica Ltda,1/1
Coleta de Dados - UMMI,Impressão: 08/08/2025  9:23.09,Grupo:,TH-04-R,Equipamento:  1 - UMMI,Coleta:,04/08/2025 - 08:56,Registros:   Total: 2.864        Exibidos: 2.864,Data da Coleta:,04/08/2025,Exibição de Dados,Temperatura:,,Umidade:,,Datas:,,Medições,Data / Hora,Temperatura,Umidade,26/07/2025 - 01:55,"23,00","40,00",Betha Eletrônica Ltda,1/1
Coleta de Dados - UMMI,Impressão: 08/08/2025  9:23.09,Grupo:,TH-04-R,Equipamento:  1 - UMMI,Coleta:,04/08/2025 - 08:56,Registros:   Total: 2.864        Exibidos: 2.864,Data da Coleta:,04/08/2025,Exibição de Dados,Temperatura:,,Umidade:,,Datas:,,Medições,Data / Hora,Temperatura,Umidade,26/07/2025 - 02:00,"22,00","56,00",Betha Eletrônica Ltda,1/1
Coleta de Dados - UMMI,Impressão: 08/08/2025  9:23.09,Grupo:,TH-04-R,Equipamento:  1 - UMMI,Coleta:,04/08/2025 - 08:56,Registros:   Total: 2.864        Exibidos: 2.864,Data da Coleta:,04/08/2025,Exibição de Dados,Temperatura:,,Umidade:,,Datas:,,Medições,Data / Hora,Temperatura,Umidade,26/07/2025 - 02:05,"22,00","42,00",Betha Eletrônica Ltda,1/1
Coleta de Dados - UMMI,Impressão: 08/08/2025  9:23.09,Grupo:,TH-04-R,Equipamento:  1 - UMMI,Coleta:,04/08/2025 - 08:56,Registros:   Total: 2.864        Exibidos: 2.864,Data da Coleta:,04/08/2025,Exibição de Dados,Temperatura:,,Umidade:,,Datas:,,Medições,Data / Hora,Temperatura,Umidade,26/07/2025 - 02:10,"22,00","56,00",Betha Eletrônica Ltda,1/1
Coleta de Dados - UMMI,Impressão: 08/08/2025  9:23.09,Grupo:,TH-04-R,Equipamento:  1 - UMMI,Coleta:,04/08/2025 - 08:56,Registros:   Total: 2.864        Exibidos: 2.864,Data da Coleta:,04/08/2025,Exibição de Dados,Temperatura:,,Umidade:,,Datas:,,Medições,Data / Hora,Temperatura,Umidade,26/07/2025 - 02:15,"22,00","40,00",Betha Eletrônica Ltda,1/1
Coleta de Dados - UMMI,Impressão: 08/08/2025  9:23.09,Grupo:,TH-04-R,Equipamento:  1 - UMMI,Coleta:,04/08/2025 - 08:56,Registros:   Total: 2.864        Exibidos: 2.864,Data da Coleta:,04/08/2025,Exibição de Dados,Temperatura:,,Umidade:,,Datas:,,Medições,Data / Hora,Temperatura,Umidade,26/07/2025 - 02:20,"23,00","56,00",Betha Eletrônica Ltda,1/1
Coleta de Dados - UMMI,Impressão: 08/08/2025  9:23.09,Grupo:,TH-04-R,Equipamento:  1 - UMMI,Coleta:,04/08/2025 - 08:56,Registros:   Total: 2.864        Exibidos: 2.864,Data da Coleta:,04/08/2025,Exibição de Dados,Temperatura:,,Umidade:,,Datas:,,Medições,Data / Hora,Temperatura,Umidade,26/07/2025 - 02:25,"23,00","43,00",Betha Eletrônica Ltda,1/1
Coleta de Dados - UMMI,Impressão: 08/08/2025  9:23.09,Grupo:,TH-04-R,Equipamento:  1 - UMMI,Coleta:,04/08/2025 - 08:56,Registros:   Total: 2.864        Exibidos: 2.864,Data da Coleta:,04/08/2025,Exibição de Dados,Temperatura:,,Umidade:,,Datas:,,Medições,Data / Hora,Temperatura,Umidade,26/07/2025 - 02:30,"22,00","51,00",Betha Eletrônica Ltda,1/1
Coleta de Dados - UMMI,Impressão: 08/08/2025  9:23.09,Grupo:,TH-04-R,Equipamento:  1 - UMMI,Coleta:,04/08/2025 - 08:56,Registros:   Total: 2.864        Exibidos: 2.864,Data da Coleta:,04/08/2025,Exibição de Dados,Temperatura:,,Umidade:,,Datas:,,Medições,Data / Hora,Temperatura,Umidade,26/07/2025 - 02:35,"22,00","47,00",Betha Eletrônica Ltda,1/1
Coleta de Dados - UMMI,Impressão: 08/08/2025  9:23.09,Grupo:,TH-04-R,Equipamento:  1 - UMMI,Coleta:,04/08/2025 - 08:56,Registros:   Total: 2.864        Exibidos: 2.864,Data da Coleta:,04/08/2025,Exibição de Dados,Temperatura:,,Umidade:,,Datas:,,Medições,Data / Hora,Temperatura,Umidade,26/07/2025 - 02:40,"22,00","51,00",Betha Eletrônica Ltda,1/1
Coleta de Dados - UMMI,Impressão: 08/08/2025  9:23.09,Grupo:,TH-04-R,Equipamento:  1 - UMMI,Coleta:,04/08/2025 - 08:56,Registros:   Total: 2.864        Exibidos: 2.864,Data da Coleta:,04/08/2025,Exibição de Dados,Temperatura:,,Umidade:,,Datas:,,Medições,Data / Hora,Temperatura,Umidade,26/07/2025 - 02:45,"22,00","47,00",Betha Eletrônica Ltda,1/1
Coleta de Dados - UMMI,Impressão: 08/08/2025  9:23.09,Grupo:,TH-04-R,Equipamento:  1 - UMMI,Coleta:,04/08/2025 - 08:56,Registros:   Total: 2.864        Exibidos: 2.864,Data da Coleta:,04/08/2025,Exibição de Dados,Temperatura:,,Umidade:,,Datas:,,Medições,Data / Hora,Temperatura,Umidade,26/07/2025 - 02:50,"22,00","43,00",Betha Eletrônica Ltda,1/1
Coleta de Dados - UMMI,Impressão: 08/08/2025  9:23.09,Grupo:,TH-04-R,Equipamento:  1 - UMMI,Coleta:,04/08/2025 - 08:56,Registros:   Total: 2.864        Exibidos: 2.864,Data da Coleta:,04/08/2025,Exibição de Dados,Temperatura:,,Umidade:,,Datas:,,Medições,Data / Hora,Temperatura,Umidade,26/07/2025 - 02:55,"23,00","51,00",Betha Eletrônica Ltda,1/1
Coleta de Dados - UMMI,Impressão: 08/08/2025  9:23.09,Grupo:,TH-04-R,Equipamento:  1 - UMMI,Coleta:,04/08/2025 - 08:56,Registros:   Total: 2.864        Exibidos: 2.864,Data da Coleta:,04/08/2025,Exibição de Dados,Temperatura:,,Umidade:,,Datas:,,Medições,Data / Hora,Temperatura,Umidade,26/07/2025 - 03:00,"23,00","40,00",Betha Eletrônica Ltda,1/1
Coleta de Dados - UMMI,Impressão: 08/08/2025  9:23.09,Grupo:,TH-04-R,Equipamento:  1 - UMMI,Coleta:,04/08/2025 - 08:56,Registros:   Total: 2.864        Exibidos: 2.864,Data da Coleta:,04/08/2025,Exibição de Dados,Temperatura:,,Umidade:,,Datas:,,Medições,Data / Hora,Temperatura,Umidade,26/07/2025 - 03:05,"22,00","56,00",Betha Eletrônica Ltda,1/1
Coleta de Dados - UMMI,Impressão: 08/08/2025  9:23.09,Grupo:,TH-04-R,Equipamento:  1 - UMMI,Coleta:,04/08/2025 - 08:56,Registros:   Total: 2.864        Exibidos: 2.864,Data da Coleta:,04/08/2025,Exibição de Dados,Temperatura:,,Umidade:,,Datas:,,Medições,Data / Hora,Temperatura,Umidade,26/07/2025 - 03:10,"22,00","42,00",Betha Eletrônica Ltda,1/1
Coleta de Dados - UMMI,Impressão: 08/08/2025  9:23.09,Grupo:,TH-04-R,Equipamento:  1 - UMMI,Coleta:,04/08/2025 - 08:56,Registros:   Total: 2.864        Exibidos: 2.864,Data da Coleta:,04/08/2025,Exibição de Dados,Temperatura:,,Umidade:,,Datas:,,Medições,Data / Hora,Temperatura,Umidade,26/07/2025 - 03:15,"22,00","57,00",Betha Eletrônica Ltda,1/1
Coleta de Dados - UMMI,Impressão: 08/08/2025  9:23.09,Grupo:,TH-04-R,Equipamento:  1 - UMMI,Coleta:,04/08/2025 - 08:56,Registros:   Total: 2.864        Exibidos: 2.864,Data da Coleta:,04/08/2025,Exibição de Dados,Temperatura:,,Umidade:,,Datas:,,Medições,Data / Hora,Temperatura,Umidade,26/07/2025 - 03:20,"22,00","41,00",Betha Eletrônica Ltda,1/1
Coleta de Dados - UMMI,Impressão: 08/08/2025  9:23.09,Grupo:,TH-04-R,Equipamento:  1 - UMMI,Coleta:,04/08/2025 - 08:56,Registros:   Total: 2.864        Exibidos: 2.864,Data da Coleta:,04/08/2025,Exibição de Dados,Temperatura:,,Umidade:,,Datas:,,Medições,Data / Hora,Temperatura,Umidade,26/07/2025 - 03:25,"23,00","55,00",Betha Eletrônica Ltda,1/1
Coleta de Dados - UMMI,Impressão: 08/08/2025  9:23.09,Grupo:,TH-04-R,Equipamento:  1 - UMMI,Coleta:,04/08/2025 - 08:56,Registros:   Total: 2.864        Exibidos: 2.864,Data da Coleta:,04/08/2025,Exibição de Dados,Temperatura:,,Umidade:,,Datas:,,Medições,Data / Hora,Temperatura,Umidade,26/07/2025 - 03:30,"23,00","44,00",Betha Eletrônica Ltda,1/1
Coleta de Dados - UMMI,Impressão: 08/08/2025  9:23.09,Grupo:,TH-04-R,Equipamento:  1 - UMMI,Coleta:,04/08/2025 - 08:56,Registros:   Total: 2.864        Exibidos: 2.864,Data da Coleta:,04/08/2025,Exibição de Dados,Temperatura:,,Umidade:,,Datas:,,Medições,Data / Hora,Temperatura,Umidade,26/07/2025 - 03:35,"22,00","51,00",Betha Eletrônica Ltda,1/1
Coleta de Dados - UMMI,Impressão: 08/08/2025  9:23.09,Grupo:,TH-04-R,Equipamento:  1 - UMMI,Coleta:,04/08/2025 - 08:56,Registros:   Total: 2.864        Exibidos: 2.864,Data da Coleta:,04/08/2025,Exibição de Dados,Temperatura:,,Umidade:,,Datas:,,Medições,Data / Hora,Temperatura,Umidade,26/07/2025 - 03:40,"22,00","47,00",Betha Eletrônica Ltda,1/1
Coleta de Dados - UMMI,Impressão: 08/08/2025  9:23.09,Grupo:,TH-04-R,Equipamento:  1 - UMMI,Coleta:,04/08/2025 - 08:56,Registros:   Total: 2.864        Exibidos: 2.864,Data da Coleta:,04/08/2025,Exibição de Dados,Temperatura:,,Umidade:,,Datas:,,Medições,Data / Hora,Temperatura,Umidade,26/07/2025 - 03:45,"22,00","52,00",Betha Eletrônica Ltda,1/1
Coleta de Dados - UMMI,Impressão: 08/08/2025  9:23.09,Grupo:,TH-04-R,Equipamento:  1 - UMMI,Coleta:,04/08/2025 - 08:56,Registros:   Total: 2.864        Exibidos: 2.864,Data da Coleta:,04/08/2025,Exibição de Dados,Temperatura:,,Umidade:,,Datas:,,Medições,Data / Hora,Temperatura,Umidade,26/07/2025 - 03:50,"22,00","45,00",Betha Eletrônica Ltda,1/1
Coleta de Dados - UMMI,Impressão: 08/08/2025  9:23.09,Grupo:,TH-04-R,Equipamento:  1 - UMMI,Coleta:,04/08/2025 - 08:56,Registros:   Total: 2.864        Exibidos: 2.864,Data da Coleta:,04/08/2025,Exibição de Dados,Temperatura:,,Umidade:,,Datas:,,Medições,Data / Hora,Temperatura,Umidade,26/07/2025 - 03:55,"22,00","49,00",Betha Eletrônica Ltda,1/1
Coleta de Dados - UMMI,Impressão: 08/08/2025  9:23.09,Grupo:,TH-04-R,Equipamento:  1 - UMMI,Coleta:,04/08/2025 - 08:56,Registros:   Total: 2.864        Exibidos: 2.864,Data da Coleta:,04/08/2025,Exibição de Dados,Temperatura:,,Umidade:,,Datas:,,Medições,Data / Hora,Temperatura,Umidade,26/07/2025 - 04:00,"23,00","48,00",Betha Eletrônica Ltda,1/1
Coleta de Dados - UMMI,Impressão: 08/08/2025  9:23.09,Grupo:,TH-04-R,Equipamento:  1 - UMMI,Coleta:,04/08/2025 - 08:56,Registros:   Total: 2.864        Exibidos: 2.864,Data da Coleta:,04/08/2025,Exibição de Dados,Temperatura:,,Umidade:,,Datas:,,Medições,Data / Hora,Temperatura,Umidade,26/07/2025 - 04:05,"22,00","41,00",Betha Eletrônica Ltda,1/1
Coleta de Dados - UMMI,Impressão: 08/08/2025  9:23.09,Grupo:,TH-04-R,Equipamento:  1 - UMMI,Coleta:,04/08/2025 - 08:56,Registros:   Total: 2.864        Exibidos: 2.864,Data da Coleta:,04/08/2025,Exibição de Dados,Temperatura:,,Umidade:,,Datas:,,Medições,Data / Hora,Temperatura,Umidade,26/07/2025 - 04:10,"22,00","53,00",Betha Eletrônica Ltda,1/1
Coleta de Dados - UMMI,Impressão: 08/08/2025  9:23.09,Grupo:,TH-04-R,Equipamento:  1 - UMMI,Coleta:,04/08/2025 - 08:56,Registros:   Total: 2.864        Exibidos: 2.864,Data da Coleta:,04/08/2025,Exibição de Dados,Temperatura:,,Umidade:,,Datas:,,Medições,Data / Hora,Temperatura,Umidade,26/07/2025 - 04:15,"21,00","43,00",Betha Eletrônica Ltda,1/1
Coleta de Dados - UMMI,Impressão: 08/08/2025  9:23.09,Grupo:,TH-04-R,Equipamento:  1 - UMMI,Coleta:,04/08/2025 - 08:56,Registros:   Total: 2.864        Exibidos: 2.864,Data da Coleta:,04/08/2025,Exibição de Dados,Temperatura:,,Umidade:,,Datas:,,Medições,Data / Hora,Temperatura,Umidade,26/07/2025 - 04:20,"22,00","53,00",Betha Eletrônica Ltda,1/1
Coleta de Dados - UMMI,Impressão: 08/08/2025  9:23.09,Grupo:,TH-04-R,Equipamento:  1 - UMMI,Coleta:,04/08/2025 - 08:56,Registros:   Total: 2.864        Exibidos: 2.864,Data da Coleta:,04/08/2025,Exibição de Dados,Temperatura:,,Umidade:,,Datas:,,Medições,Data / Hora,Temperatura,Umidade,26/07/2025 - 04:25,"22,00","39,00",Betha Eletrônica Ltda,1/1
Coleta de Dados - UMMI,Impressão: 08/08/2025  9:23.09,Grupo:,TH-04-R,Equipamento:  1 - UMMI,Coleta:,04/08/2025 - 08:56,Registros:   Total: 2.864        Exibidos: 2.864,Data da Coleta:,04/08/2025,Exibição de Dados,Temperatura:,,Umidade:,,Datas:,,Medições,Data / Hora,Temperatura,Umidade,26/07/2025 - 04:30,"23,00","56,00",Betha Eletrônica Ltda,1/1
Coleta de Dados - UMMI,Impressão: 08/08/2025  9:23.09,Grupo:,TH-04-R,Equipamento:  1 - UMMI,Coleta:,04/08/2025 - 08:56,Registros:   Total: 2.864        Exibidos: 2.864,Data da Coleta:,04/08/2025,Exibição de Dados,Temperatura:,,Umidade:,,Datas:,,Medições,Data / Hora,Temperatura,Umidade,26/07/2025 - 04:35,"23,00","42,00",Betha Eletrônica Ltda,1/1
Coleta de Dados - UMMI,Impressão: 08/08/2025  9:23.09,Grupo:,TH-04-R,Equipamento:  1 - UMMI,Coleta:,04/08/2025 - 08:56,Registros:   Total: 2.864        Exibidos: 2.864,Data da Coleta:,04/08/2025,Exibição de Dados,Temperatura:,,Umidade:,,Datas:,,Medições,Data / Hora,Temperatura,Umidade,26/07/2025 - 04:40,"22,00","53,00",Betha Eletrônica Ltda,1/1
Coleta de Dados - UMMI,Impressão: 08/08/2025  9:23.09,Grupo:,TH-04-R,Equipamento:  1 - UMMI,Coleta:,04/08/2025 - 08:56,Registros:   Total: 2.864        Exibidos: 2.864,Data da Coleta:,04/08/2025,Exibição de Dados,Temperatura:,,Umidade:,,Datas:,,Medições,Data / Hora,Temperatura,Umidade,26/07/2025 - 04:45,"22,00","44,00",Betha Eletrônica Ltda,1/1
Coleta de Dados - UMMI,Impressão: 08/08/2025  9:23.09,Grupo:,TH-04-R,Equipamento:  1 - UMMI,Coleta:,04/08/2025 - 08:56,Registros:   Total: 2.864        Exibidos: 2.864,Data da Coleta:,04/08/2025,Exibição de Dados,Temperatura:,,Umidade:,,Datas:,,Medições,Data / Hora,Temperatura,Umidade,26/07/2025 - 04:50,"22,00","55,00",Betha Eletrônica Ltda,1/1
Coleta de Dados - UMMI,Impressão: 08/08/2025  9:23.09,Grupo:,TH-04-R,Equipamento:  1 - UMMI,Coleta:,04/08/2025 - 08:56,Registros:   Total: 2.864        Exibidos: 2.864,Data da Coleta:,04/08/2025,Exibição de Dados,Temperatura:,,Umidade:,,Datas:,,Medições,Data / Hora,Temperatura,Umidade,26/07/2025 - 04:55,"22,00","43,00",Betha Eletrônica Ltda,1/1
Coleta de Dados - UMMI,Impressão: 08/08/2025  9:23.09,Grupo:,TH-04-R,Equipamento:  1 - UMMI,Coleta:,04/08/2025 - 08:56,Registros:   Total: 2.864        Exibidos: 2.864,Data da Coleta:,04/08/2025,Exibição de Dados,Temperatura:,,Umidade:,,Datas:,,Medições,Data / Hora,Temperatura,Umidade,26/07/2025 - 05:00,"22,00","52,00",Betha Eletrônica Ltda,1/1
Coleta de Dados - UMMI,Impressão: 08/08/2025  9:23.09,Grupo:,TH-04-R,Equipamento:  1 - UMMI,Coleta:,04/08/2025 - 08:56,Registros:   Total: 2.864        Exibidos: 2.864,Data da Coleta:,04/08/2025,Exibição de Dados,Temperatura:,,Umidade:,,Datas:,,Medições,Data / Hora,Temperatura,Umidade,26/07/2025 - 05:05,"23,00","46,00",Betha Eletrônica Ltda,1/1
Coleta de Dados - UMMI,Impressão: 08/08/2025  9:23.09,Grupo:,TH-04-R,Equipamento:  1 - UMMI,Coleta:,04/08/2025 - 08:56,Registros:   Total: 2.864        Exibidos: 2.864,Data da Coleta:,04/08/2025,Exibição de Dados,Temperatura:,,Umidade:,,Datas:,,Medições,Data / Hora,Temperatura,Umidade,26/07/2025 - 05:10,"22,00","47,00",Betha Eletrônica Ltda,1/1
Coleta de Dados - UMMI,Impressão: 08/08/2025  9:23.09,Grupo:,TH-04-R,Equipamento:  1 - UMMI,Coleta:,04/08/2025 - 08:56,Registros:   Total: 2.864        Exibidos: 2.864,Data da Coleta:,04/08/2025,Exibição de Dados,Temperatura:,,Umidade:,,Datas:,,Medições,Data / Hora,Temperatura,Umidade,26/07/2025 - 05:15,"22,00","50,00",Betha Eletrônica Ltda,1/1
Coleta de Dados - UMMI,Impressão: 08/08/2025  9:23.09,Grupo:,TH-04-R,Equipamento:  1 - UMMI,Coleta:,04/08/2025 - 08:56,Registros:   Total: 2.864        Exibidos: 2.864,Data da Coleta:,04/08/2025,Exibição de Dados,Temperatura:,,Umidade:,,Datas:,,Medições,Data / Hora,Temperatura,Umidade,26/07/2025 - 05:20,"22,00","46,00",Betha Eletrônica Ltda,1/1
Coleta de Dados - UMMI,Impressão: 08/08/2025  9:23.09,Grupo:,TH-04-R,Equipamento:  1 - UMMI,Coleta:,04/08/2025 - 08:56,Registros:   Total: 2.864        Exibidos: 2.864,Data da Coleta:,04/08/2025,Exibição de Dados,Temperatura:,,Umidade:,,Datas:,,Medições,Data / Hora,Temperatura,Umidade,26/07/2025 - 05:25,"22,00","50,00",Betha Eletrônica Ltda,1/1
Coleta de Dados - UMMI,Impressão: 08/08/2025  9:23.09,Grupo:,TH-04-R,Equipamento:  1 - UMMI,Coleta:,04/08/2025 - 08:56,Registros:   Total: 2.864        Exibidos: 2.864,Data da Coleta:,04/08/2025,Exibição de Dados,Temperatura:,,Umidade:,,Datas:,,Medições,Data / Hora,Temperatura,Umidade,26/07/2025 - 05:30,"22,00","40,00",Betha Eletrônica Ltda,1/1
Coleta de Dados - UMMI,Impressão: 08/08/2025  9:23.09,Grupo:,TH-04-R,Equipamento:  1 - UMMI,Coleta:,04/08/2025 - 08:56,Registros:   Total: 2.864        Exibidos: 2.864,Data da Coleta:,04/08/2025,Exibição de Dados,Temperatura:,,Umidade:,,Datas:,,Medições,Data / Hora,Temperatura,Umidade,26/07/2025 - 05:35,"23,00","56,00",Betha Eletrônica Ltda,1/1
Coleta de Dados - UMMI,Impressão: 08/08/2025  9:23.09,Grupo:,TH-04-R,Equipamento:  1 - UMMI,Coleta:,04/08/2025 - 08:56,Registros:   Total: 2.864        Exibidos: 2.864,Data da Coleta:,04/08/2025,Exibição de Dados,Temperatura:,,Umidade:,,Datas:,,Medições,Data / Hora,Temperatura,Umidade,26/07/2025 - 05:40,"23,00","41,00",Betha Eletrônica Ltda,1/1
Coleta de Dados - UMMI,Impressão: 08/08/2025  9:23.09,Grupo:,TH-04-R,Equipamento:  1 - UMMI,Coleta:,04/08/2025 - 08:56,Registros:   Total: 2.864        Exibidos: 2.864,Data da Coleta:,04/08/2025,Exibição de Dados,Temperatura:,,Umidade:,,Datas:,,Medições,Data / Hora,Temperatura,Umidade,26/07/2025 - 05:45,"22,00","55,00",Betha Eletrônica Ltda,1/1
Coleta de Dados - UMMI,Impressão: 08/08/2025  9:23.09,Grupo:,TH-04-R,Equipamento:  1 - UMMI,Coleta:,04/08/2025 - 08:56,Registros:   Total: 2.864        Exibidos: 2.864,Data da Coleta:,04/08/2025,Exibição de Dados,Temperatura:,,Umidade:,,Datas:,,Medições,Data / Hora,Temperatura,Umidade,26/07/2025 - 05:50,"22,00","43,00",Betha Eletrônica Ltda,1/1
Coleta de Dados - UMMI,Impressão: 08/08/2025  9:23.09,Grupo:,TH-04-R,Equipamento:  1 - UMMI,Coleta:,04/08/2025 - 08:56,Registros:   Total: 2.864        Exibidos: 2.864,Data da Coleta:,04/08/2025,Exibição de Dados,Temperatura:,,Umidade:,,Datas:,,Medições,Data / Hora,Temperatura,Umidade,26/07/2025 - 05:55,"22,00","56,00",Betha Eletrônica Ltda,1/1
Coleta de Dados - UMMI,Impressão: 08/08/2025  9:23.09,Grupo:,TH-04-R,Equipamento:  1 - UMMI,Coleta:,04/08/2025 - 08:56,Registros:   Total: 2.864        Exibidos: 2.864,Data da Coleta:,04/08/2025,Exibição de Dados,Temperatura:,,Umidade:,,Datas:,,Medições,Data / Hora,Temperatura,Umidade,26/07/2025 - 06:00,"22,00","42,00",Betha Eletrônica Ltda,1/1
Coleta de Dados - UMMI,Impressão: 08/08/2025  9:23.09,Grupo:,TH-04-R,Equipamento:  1 - UMMI,Coleta:,04/08/2025 - 08:56,Registros:   Total: 2.864        Exibidos: 2.864,Data da Coleta:,04/08/2025,Exibição de Dados,Temperatura:,,Umidade:,,Datas:,,Medições,Data / Hora,Temperatura,Umidade,26/07/2025 - 06:05,"22,00","53,00",Betha Eletrônica Ltda,1/1
Coleta de Dados - UMMI,Impressão: 08/08/2025  9:23.09,Grupo:,TH-04-R,Equipamento:  1 - UMMI,Coleta:,04/08/2025 - 08:56,Registros:   Total: 2.864        Exibidos: 2.864,Data da Coleta:,04/08/2025,Exibição de Dados,Temperatura:,,Umidade:,,Datas:,,Medições,Data / Hora,Temperatura,Umidade,26/07/2025 - 06:10,"23,00","46,00",Betha Eletrônica Ltda,1/1
Coleta de Dados - UMMI,Impressão: 08/08/2025  9:23.09,Grupo:,TH-04-R,Equipamento:  1 - UMMI,Coleta:,04/08/2025 - 08:56,Registros:   Total: 2.864        Exibidos: 2.864,Data da Coleta:,04/08/2025,Exibição de Dados,Temperatura:,,Umidade:,,Datas:,,Medições,Data / Hora,Temperatura,Umidade,26/07/2025 - 06:15,"22,00","47,00",Betha Eletrônica Ltda,1/1
Coleta de Dados - UMMI,Impressão: 08/08/2025  9:23.09,Grupo:,TH-04-R,Equipamento:  1 - UMMI,Coleta:,04/08/2025 - 08:56,Registros:   Total: 2.864        Exibidos: 2.864,Data da Coleta:,04/08/2025,Exibição de Dados,Temperatura:,,Umidade:,,Datas:,,Medições,Data / Hora,Temperatura,Umidade,26/07/2025 - 06:20,"22,00","50,00",Betha Eletrônica Ltda,1/1
Coleta de Dados - UMMI,Impressão: 08/08/2025  9:23.09,Grupo:,TH-04-R,Equipamento:  1 - UMMI,Coleta:,04/08/2025 - 08:56,Registros:   Total: 2.864        Exibidos: 2.864,Data da Coleta:,04/08/2025,Exibição de Dados,Temperatura:,,Umidade:,,Datas:,,Medições,Data / Hora,Temperatura,Umidade,26/07/2025 - 06:25,"22,00","46,00",Betha Eletrônica Ltda,1/1
Coleta de Dados - UMMI,Impressão: 08/08/2025  9:23.09,Grupo:,TH-04-R,Equipamento:  1 - UMMI,Coleta:,04/08/2025 - 08:56,Registros:   Total: 2.864        Exibidos: 2.864,Data da Coleta:,04/08/2025,Exibição de Dados,Temperatura:,,Umidade:,,Datas:,,Medições,Data / Hora,Temperatura,Umidade,26/07/2025 - 06:30,"23,00","50,00",Betha Eletrônica Ltda,1/1
Coleta de Dados - UMMI,Impressão: 08/08/2025  9:23.09,Grupo:,TH-04-R,Equipamento:  1 - UMMI,Coleta:,04/08/2025 - 08:56,Registros:   Total: 2.864        Exibidos: 2.864,Data da Coleta:,04/08/2025,Exibição de Dados,Temperatura:,,Umidade:,,Datas:,,Medições,Data / Hora,Temperatura,Umidade,26/07/2025 - 06:35,"22,00","40,00",Betha Eletrônica Ltda,1/1
Coleta de Dados - UMMI,Impressão: 08/08/2025  9:23.09,Grupo:,TH-04-R,Equipamento:  1 - UMMI,Coleta:,04/08/2025 - 08:56,Registros:   Total: 2.864        Exibidos: 2.864,Data da Coleta:,04/08/2025,Exibição de Dados,Temperatura:,,Umidade:,,Datas:,,Medições,Data / Hora,Temperatura,Umidade,26/07/2025 - 06:40,"23,00","56,00",Betha Eletrônica Ltda,1/1
Coleta de Dados - UMMI,Impressão: 08/08/2025  9:23.09,Grupo:,TH-04-R,Equipamento:  1 - UMMI,Coleta:,04/08/2025 - 08:56,Registros:   Total: 2.864        Exibidos: 2.864,Data da Coleta:,04/08/2025,Exibição de Dados,Temperatura:,,Umidade:,,Datas:,,Medições,Data / Hora,Temperatura,Umidade,26/07/2025 - 06:45,"23,00","41,00",Betha Eletrônica Ltda,1/1
Coleta de Dados - UMMI,Impressão: 08/08/2025  9:23.09,Grupo:,TH-04-R,Equipamento:  1 - UMMI,Coleta:,04/08/2025 - 08:56,Registros:   Total: 2.864        Exibidos: 2.864,Data da Coleta:,04/08/2025,Exibição de Dados,Temperatura:,,Umidade:,,Datas:,,Medições,Data / Hora,Temperatura,Umidade,26/07/2025 - 06:50,"22,00","55,00",Betha Eletrônica Ltda,1/1
Coleta de Dados - UMMI,Impressão: 08/08/2025  9:23.09,Grupo:,TH-04-R,Equipamento:  1 - UMMI,Coleta:,04/08/2025 - 08:56,Registros:   Total: 2.864        Exibidos: 2.864,Data da Coleta:,04/08/2025,Exibição de Dados,Temperatura:,,Umidade:,,Datas:,,Medições,Data / Hora,Temperatura,Umidade,26/07/2025 - 06:55,"22,00","43,00",Betha Eletrônica Ltda,1/1
Coleta de Dados - UMMI,Impressão: 08/08/2025  9:23.09,Grupo:,TH-04-R,Equipamento:  1 - UMMI,Coleta:,04/08/2025 - 08:56,Registros:   Total: 2.864        Exibidos: 2.864,Data da Coleta:,04/08/2025,Exibição de Dados,Temperatura:,,Umidade:,,Datas:,,Medições,Data / Hora,Temperatura,Umidade,26/07/2025 - 07:00,"22,00","55,00",Betha Eletrônica Ltda,1/1
Coleta de Dados - UMMI,Impressão: 08/08/2025  9:23.09,Grupo:,TH-04-R,Equipamento:  1 - UMMI,Coleta:,04/08/2025 - 08:56,Registros:   Total: 2.864        Exibidos: 2.864,Data da Coleta:,04/08/2025,Exibição de Dados,Temperatura:,,Umidade:,,Datas:,,Medições,Data / Hora,Temperatura,Umidade,26/07/2025 - 07:05,"23,00","43,00",Betha Eletrônica Ltda,1/1
Coleta de Dados - UMMI,Impressão: 08/08/2025  9:23.09,Grupo:,TH-04-R,Equipamento:  1 - UMMI,Coleta:,04/08/2025 - 08:56,Registros:   Total: 2.864        Exibidos: 2.864,Data da Coleta:,04/08/2025,Exibição de Dados,Temperatura:,,Umidade:,,Datas:,,Medições,Data / Hora,Temperatura,Umidade,26/07/2025 - 07:10,"22,00","52,00",Betha Eletrônica Ltda,1/1
Coleta de Dados - UMMI,Impressão: 08/08/2025  9:23.09,Grupo:,TH-04-R,Equipamento:  1 - UMMI,Coleta:,04/08/2025 - 08:56,Registros:   Total: 2.864        Exibidos: 2.864,Data da Coleta:,04/08/2025,Exibição de Dados,Temperatura:,,Umidade:,,Datas:,,Medições,Data / Hora,Temperatura,Umidade,26/07/2025 - 07:15,"23,00","46,00",Betha Eletrônica Ltda,1/1
Coleta de Dados - UMMI,Impressão: 08/08/2025  9:23.09,Grupo:,TH-04-R,Equipamento:  1 - UMMI,Coleta:,04/08/2025 - 08:56,Registros:   Total: 2.864        Exibidos: 2.864,Data da Coleta:,04/08/2025,Exibição de Dados,Temperatura:,,Umidade:,,Datas:,,Medições,Data / Hora,Temperatura,Umidade,26/07/2025 - 07:20,"22,00","46,00",Betha Eletrônica Ltda,1/1
Coleta de Dados - UMMI,Impressão: 08/08/2025  9:23.09,Grupo:,TH-04-R,Equipamento:  1 - UMMI,Coleta:,04/08/2025 - 08:56,Registros:   Total: 2.864        Exibidos: 2.864,Data da Coleta:,04/08/2025,Exibição de Dados,Temperatura:,,Umidade:,,Datas:,,Medições,Data / Hora,Temperatura,Umidade,26/07/2025 - 07:25,"22,00","50,00",Betha Eletrônica Ltda,1/1
Coleta de Dados - UMMI,Impressão: 08/08/2025  9:23.09,Grupo:,TH-04-R,Equipamento:  1 - UMMI,Coleta:,04/08/2025 - 08:56,Registros:   Total: 2.864        Exibidos: 2.864,Data da Coleta:,04/08/2025,Exibição de Dados,Temperatura:,,Umidade:,,Datas:,,Medições,Data / Hora,Temperatura,Umidade,26/07/2025 - 07:30,"22,00","45,00",Betha Eletrônica Ltda,1/1
Coleta de Dados - UMMI,Impressão: 08/08/2025  9:23.09,Grupo:,TH-04-R,Equipamento:  1 - UMMI,Coleta:,04/08/2025 - 08:56,Registros:   Total: 2.864        Exibidos: 2.864,Data da Coleta:,04/08/2025,Exibição de Dados,Temperatura:,,Umidade:,,Datas:,,Medições,Data / Hora,Temperatura,Umidade,26/07/2025 - 07:35,"22,00","49,00",Betha Eletrônica Ltda,1/1
Coleta de Dados - UMMI,Impressão: 08/08/2025  9:23.09,Grupo:,TH-04-R,Equipamento:  1 - UMMI,Coleta:,04/08/2025 - 08:56,Registros:   Total: 2.864        Exibidos: 2.864,Data da Coleta:,04/08/2025,Exibição de Dados,Temperatura:,,Umidade:,,Datas:,,Medições,Data / Hora,Temperatura,Umidade,26/07/2025 - 07:40,"22,00","41,00",Betha Eletrônica Ltda,1/1
Coleta de Dados - UMMI,Impressão: 08/08/2025  9:23.09,Grupo:,TH-04-R,Equipamento:  1 - UMMI,Coleta:,04/08/2025 - 08:56,Registros:   Total: 2.864        Exibidos: 2.864,Data da Coleta:,04/08/2025,Exibição de Dados,Temperatura:,,Umidade:,,Datas:,,Medições,Data / Hora,Temperatura,Umidade,26/07/2025 - 07:45,"23,00","55,00",Betha Eletrônica Ltda,1/1
Coleta de Dados - UMMI,Impressão: 08/08/2025  9:23.09,Grupo:,TH-04-R,Equipamento:  1 - UMMI,Coleta:,04/08/2025 - 08:56,Registros:   Total: 2.864        Exibidos: 2.864,Data da Coleta:,04/08/2025,Exibição de Dados,Temperatura:,,Umidade:,,Datas:,,Medições,Data / Hora,Temperatura,Umidade,26/07/2025 - 07:50,"23,00","40,00",Betha Eletrônica Ltda,1/1
Coleta de Dados - UMMI,Impressão: 08/08/2025  9:23.09,Grupo:,TH-04-R,Equipamento:  1 - UMMI,Coleta:,04/08/2025 - 08:56,Registros:   Total: 2.864        Exibidos: 2.864,Data da Coleta:,04/08/2025,Exibição de Dados,Temperatura:,,Umidade:,,Datas:,,Medições,Data / Hora,Temperatura,Umidade,26/07/2025 - 07:55,"22,00","55,00",Betha Eletrônica Ltda,1/1
Coleta de Dados - UMMI,Impressão: 08/08/2025  9:23.09,Grupo:,TH-04-R,Equipamento:  1 - UMMI,Coleta:,04/08/2025 - 08:56,Registros:   Total: 2.864        Exibidos: 2.864,Data da Coleta:,04/08/2025,Exibição de Dados,Temperatura:,,Umidade:,,Datas:,,Medições,Data / Hora,Temperatura,Umidade,26/07/2025 - 08:00,"22,00","42,00",Betha Eletrônica Ltda,1/1
Coleta de Dados - UMMI,Impressão: 08/08/2025  9:23.09,Grupo:,TH-04-R,Equipamento:  1 - UMMI,Coleta:,04/08/2025 - 08:56,Registros:   Total: 2.864        Exibidos: 2.864,Data da Coleta:,04/08/2025,Exibição de Dados,Temperatura:,,Umidade:,,Datas:,,Medições,Data / Hora,Temperatura,Umidade,26/07/2025 - 08:05,"22,00","56,00",Betha Eletrônica Ltda,1/1
Coleta de Dados - UMMI,Impressão: 08/08/2025  9:23.09,Grupo:,TH-04-R,Equipamento:  1 - UMMI,Coleta:,04/08/2025 - 08:56,Registros:   Total: 2.864        Exibidos: 2.864,Data da Coleta:,04/08/2025,Exibição de Dados,Temperatura:,,Umidade:,,Datas:,,Medições,Data / Hora,Temperatura,Umidade,26/07/2025 - 08:10,"22,00","43,00",Betha Eletrônica Ltda,1/1
Coleta de Dados - UMMI,Impressão: 08/08/2025  9:23.09,Grupo:,TH-04-R,Equipamento:  1 - UMMI,Coleta:,04/08/2025 - 08:56,Registros:   Total: 2.864        Exibidos: 2.864,Data da Coleta:,04/08/2025,Exibição de Dados,Temperatura:,,Umidade:,,Datas:,,Medições,Data / Hora,Temperatura,Umidade,26/07/2025 - 08:15,"22,00","54,00",Betha Eletrônica Ltda,1/1
Coleta de Dados - UMMI,Impressão: 08/08/2025  9:23.09,Grupo:,TH-04-R,Equipamento:  1 - UMMI,Coleta:,04/08/2025 - 08:56,Registros:   Total: 2.864        Exibidos: 2.864,Data da Coleta:,04/08/2025,Exibição de Dados,Temperatura:,,Umidade:,,Datas:,,Medições,Data / Hora,Temperatura,Umidade,26/07/2025 - 08:20,"23,00","46,00",Betha Eletrônica Ltda,1/1
Coleta de Dados - UMMI,Impressão: 08/08/2025  9:23.09,Grupo:,TH-04-R,Equipamento:  1 - UMMI,Coleta:,04/08/2025 - 08:56,Registros:   Total: 2.864        Exibidos: 2.864,Data da Coleta:,04/08/2025,Exibição de Dados,Temperatura:,,Umidade:,,Datas:,,Medições,Data / Hora,Temperatura,Umidade,26/07/2025 - 08:25,"22,00","48,00",Betha Eletrônica Ltda,1/1
Coleta de Dados - UMMI,Impressão: 08/08/2025  9:23.09,Grupo:,TH-04-R,Equipamento:  1 - UMMI,Coleta:,04/08/2025 - 08:56,Registros:   Total: 2.864        Exibidos: 2.864,Data da Coleta:,04/08/2025,Exibição de Dados,Temperatura:,,Umidade:,,Datas:,,Medições,Data / Hora,Temperatura,Umidade,26/07/2025 - 08:30,"23,00","49,00",Betha Eletrônica Ltda,1/1
Coleta de Dados - UMMI,Impressão: 08/08/2025  9:23.09,Grupo:,TH-04-R,Equipamento:  1 - UMMI,Coleta:,04/08/2025 - 08:56,Registros:   Total: 2.864        Exibidos: 2.864,Data da Coleta:,04/08/2025,Exibição de Dados,Temperatura:,,Umidade:,,Datas:,,Medições,Data / Hora,Temperatura,Umidade,26/07/2025 - 08:35,"22,00","46,00",Betha Eletrônica Ltda,1/1
Coleta de Dados - UMMI,Impressão: 08/08/2025  9:23.09,Grupo:,TH-04-R,Equipamento:  1 - UMMI,Coleta:,04/08/2025 - 08:56,Registros:   Total: 2.864        Exibidos: 2.864,Data da Coleta:,04/08/2025,Exibição de Dados,Temperatura:,,Umidade:,,Datas:,,Medições,Data / Hora,Temperatura,Umidade,26/07/2025 - 08:40,"22,00","50,00",Betha Eletrônica Ltda,1/1
Coleta de Dados - UMMI,Impressão: 08/08/2025  9:23.09,Grupo:,TH-04-R,Equipamento:  1 - UMMI,Coleta:,04/08/2025 - 08:56,Registros:   Total: 2.864        Exibidos: 2.864,Data da Coleta:,04/08/2025,Exibição de Dados,Temperatura:,,Umidade:,,Datas:,,Medições,Data / Hora,Temperatura,Umidade,26/07/2025 - 08:45,"22,00","41,00",Betha Eletrônica Ltda,1/1
Coleta de Dados - UMMI,Impressão: 08/08/2025  9:23.09,Grupo:,TH-04-R,Equipamento:  1 - UMMI,Coleta:,04/08/2025 - 08:56,Registros:   Total: 2.864        Exibidos: 2.864,Data da Coleta:,04/08/2025,Exibição de Dados,Temperatura:,,Umidade:,,Datas:,,Medições,Data / Hora,Temperatura,Umidade,26/07/2025 - 08:50,"23,00","56,00",Betha Eletrônica Ltda,1/1
Coleta de Dados - UMMI,Impressão: 08/08/2025  9:23.09,Grupo:,TH-04-R,Equipamento:  1 - UMMI,Coleta:,04/08/2025 - 08:56,Registros:   Total: 2.864        Exibidos: 2.864,Data da Coleta:,04/08/2025,Exibição de Dados,Temperatura:,,Umidade:,,Datas:,,Medições,Data / Hora,Temperatura,Umidade,26/07/2025 - 08:55,"23,00","41,00",Betha Eletrônica Ltda,1/1
Coleta de Dados - UMMI,Impressão: 08/08/2025  9:23.09,Grupo:,TH-04-R,Equipamento:  1 - UMMI,Coleta:,04/08/2025 - 08:56,Registros:   Total: 2.864        Exibidos: 2.864,Data da Coleta:,04/08/2025,Exibição de Dados,Temperatura:,,Umidade:,,Datas:,,Medições,Data / Hora,Temperatura,Umidade,26/07/2025 - 09:00,"22,00","54,00",Betha Eletrônica Ltda,1/1
Coleta de Dados - UMMI,Impressão: 08/08/2025  9:23.09,Grupo:,TH-04-R,Equipamento:  1 - UMMI,Coleta:,04/08/2025 - 08:56,Registros:   Total: 2.864        Exibidos: 2.864,Data da Coleta:,04/08/2025,Exibição de Dados,Temperatura:,,Umidade:,,Datas:,,Medições,Data / Hora,Temperatura,Umidade,26/07/2025 - 09:05,"22,00","43,00",Betha Eletrônica Ltda,1/1
Coleta de Dados - UMMI,Impressão: 08/08/2025  9:23.09,Grupo:,TH-04-R,Equipamento:  1 - UMMI,Coleta:,04/08/2025 - 08:56,Registros:   Total: 2.864        Exibidos: 2.864,Data da Coleta:,04/08/2025,Exibição de Dados,Temperatura:,,Umidade:,,Datas:,,Medições,Data / Hora,Temperatura,Umidade,26/07/2025 - 09:10,"22,00","57,00",Betha Eletrônica Ltda,1/1
Coleta de Dados - UMMI,Impressão: 08/08/2025  9:23.09,Grupo:,TH-04-R,Equipamento:  1 - UMMI,Coleta:,04/08/2025 - 08:56,Registros:   Total: 2.864        Exibidos: 2.864,Data da Coleta:,04/08/2025,Exibição de Dados,Temperatura:,,Umidade:,,Datas:,,Medições,Data / Hora,Temperatura,Umidade,26/07/2025 - 09:15,"22,00","41,00",Betha Eletrônica Ltda,1/1
Coleta de Dados - UMMI,Impressão: 08/08/2025  9:23.09,Grupo:,TH-04-R,Equipamento:  1 - UMMI,Coleta:,04/08/2025 - 08:56,Registros:   Total: 2.864        Exibidos: 2.864,Data da Coleta:,04/08/2025,Exibição de Dados,Temperatura:,,Umidade:,,Datas:,,Medições,Data / Hora,Temperatura,Umidade,26/07/2025 - 09:20,"23,00","55,00",Betha Eletrônica Ltda,1/1
Coleta de Dados - UMMI,Impressão: 08/08/2025  9:23.09,Grupo:,TH-04-R,Equipamento:  1 - UMMI,Coleta:,04/08/2025 - 08:56,Registros:   Total: 2.864        Exibidos: 2.864,Data da Coleta:,04/08/2025,Exibição de Dados,Temperatura:,,Umidade:,,Datas:,,Medições,Data / Hora,Temperatura,Umidade,26/07/2025 - 09:25,"23,00","45,00",Betha Eletrônica Ltda,1/1
Coleta de Dados - UMMI,Impressão: 08/08/2025  9:23.09,Grupo:,TH-04-R,Equipamento:  1 - UMMI,Coleta:,04/08/2025 - 08:56,Registros:   Total: 2.864        Exibidos: 2.864,Data da Coleta:,04/08/2025,Exibição de Dados,Temperatura:,,Umidade:,,Datas:,,Medições,Data / Hora,Temperatura,Umidade,26/07/2025 - 09:30,"23,00","49,00",Betha Eletrônica Ltda,1/1
Coleta de Dados - UMMI,Impressão: 08/08/2025  9:23.09,Grupo:,TH-04-R,Equipamento:  1 - UMMI,Coleta:,04/08/2025 - 08:56,Registros:   Total: 2.864        Exibidos: 2.864,Data da Coleta:,04/08/2025,Exibição de Dados,Temperatura:,,Umidade:,,Datas:,,Medições,Data / Hora,Temperatura,Umidade,26/07/2025 - 09:35,"22,00","47,00",Betha Eletrônica Ltda,1/1
Coleta de Dados - UMMI,Impressão: 08/08/2025  9:23.09,Grupo:,TH-04-R,Equipamento:  1 - UMMI,Coleta:,04/08/2025 - 08:56,Registros:   Total: 2.864        Exibidos: 2.864,Data da Coleta:,04/08/2025,Exibição de Dados,Temperatura:,,Umidade:,,Datas:,,Medições,Data / Hora,Temperatura,Umidade,26/07/2025 - 09:40,"22,00","53,00",Betha Eletrônica Ltda,1/1
Coleta de Dados - UMMI,Impressão: 08/08/2025  9:23.09,Grupo:,TH-04-R,Equipamento:  1 - UMMI,Coleta:,04/08/2025 - 08:56,Registros:   Total: 2.864        Exibidos: 2.864,Data da Coleta:,04/08/2025,Exibição de Dados,Temperatura:,,Umidade:,,Datas:,,Medições,Data / Hora,Temperatura,Umidade,26/07/2025 - 09:45,"22,00","46,00",Betha Eletrônica Ltda,1/1
Coleta de Dados - UMMI,Impressão: 08/08/2025  9:23.09,Grupo:,TH-04-R,Equipamento:  1 - UMMI,Coleta:,04/08/2025 - 08:56,Registros:   Total: 2.864        Exibidos: 2.864,Data da Coleta:,04/08/2025,Exibição de Dados,Temperatura:,,Umidade:,,Datas:,,Medições,Data / Hora,Temperatura,Umidade,26/07/2025 - 09:50,"22,00","46,00",Betha Eletrônica Ltda,1/1
Coleta de Dados - UMMI,Impressão: 08/08/2025  9:23.09,Grupo:,TH-04-R,Equipamento:  1 - UMMI,Coleta:,04/08/2025 - 08:56,Registros:   Total: 2.864        Exibidos: 2.864,Data da Coleta:,04/08/2025,Exibição de Dados,Temperatura:,,Umidade:,,Datas:,,Medições,Data / Hora,Temperatura,Umidade,26/07/2025 - 09:55,"23,00","50,00",Betha Eletrônica Ltda,1/1
Coleta de Dados - UMMI,Impressão: 08/08/2025  9:23.09,Grupo:,TH-04-R,Equipamento:  1 - UMMI,Coleta:,04/08/2025 - 08:56,Registros:   Total: 2.864        Exibidos: 2.864,Data da Coleta:,04/08/2025,Exibição de Dados,Temperatura:,,Umidade:,,Datas:,,Medições,Data / Hora,Temperatura,Umidade,26/07/2025 - 10:00,"22,00","40,00",Betha Eletrônica Ltda,1/1
Coleta de Dados - UMMI,Impressão: 08/08/2025  9:23.09,Grupo:,TH-04-R,Equipamento:  1 - UMMI,Coleta:,04/08/2025 - 08:56,Registros:   Total: 2.864        Exibidos: 2.864,Data da Coleta:,04/08/2025,Exibição de Dados,Temperatura:,,Umidade:,,Datas:,,Medições,Data / Hora,Temperatura,Umidade,26/07/2025 - 10:05,"22,00","55,00",Betha Eletrônica Ltda,1/1
Coleta de Dados - UMMI,Impressão: 08/08/2025  9:23.09,Grupo:,TH-04-R,Equipamento:  1 - UMMI,Coleta:,04/08/2025 - 08:56,Registros:   Total: 2.864        Exibidos: 2.864,Data da Coleta:,04/08/2025,Exibição de Dados,Temperatura:,,Umidade:,,Datas:,,Medições,Data / Hora,Temperatura,Umidade,26/07/2025 - 10:10,"22,00","42,00",Betha Eletrônica Ltda,1/1
Coleta de Dados - UMMI,Impressão: 08/08/2025  9:23.09,Grupo:,TH-04-R,Equipamento:  1 - UMMI,Coleta:,04/08/2025 - 08:56,Registros:   Total: 2.864        Exibidos: 2.864,Data da Coleta:,04/08/2025,Exibição de Dados,Temperatura:,,Umidade:,,Datas:,,Medições,Data / Hora,Temperatura,Umidade,26/07/2025 - 10:15,"22,00","57,00",Betha Eletrônica Ltda,1/1
Coleta de Dados - UMMI,Impressão: 08/08/2025  9:23.09,Grupo:,TH-04-R,Equipamento:  1 - UMMI,Coleta:,04/08/2025 - 08:56,Registros:   Total: 2.864        Exibidos: 2.864,Data da Coleta:,04/08/2025,Exibição de Dados,Temperatura:,,Umidade:,,Datas:,,Medições,Data / Hora,Temperatura,Umidade,26/07/2025 - 10:20,"22,00","42,00",Betha Eletrônica Ltda,1/1
Coleta de Dados - UMMI,Impressão: 08/08/2025  9:23.09,Grupo:,TH-04-R,Equipamento:  1 - UMMI,Coleta:,04/08/2025 - 08:56,Registros:   Total: 2.864        Exibidos: 2.864,Data da Coleta:,04/08/2025,Exibição de Dados,Temperatura:,,Umidade:,,Datas:,,Medições,Data / Hora,Temperatura,Umidade,26/07/2025 - 10:25,"22,00","55,00",Betha Eletrônica Ltda,1/1
Coleta de Dados - UMMI,Impressão: 08/08/2025  9:23.09,Grupo:,TH-04-R,Equipamento:  1 - UMMI,Coleta:,04/08/2025 - 08:56,Registros:   Total: 2.864        Exibidos: 2.864,Data da Coleta:,04/08/2025,Exibição de Dados,Temperatura:,,Umidade:,,Datas:,,Medições,Data / Hora,Temperatura,Umidade,26/07/2025 - 10:30,"23,00","44,00",Betha Eletrônica Ltda,1/1
Coleta de Dados - UMMI,Impressão: 08/08/2025  9:23.09,Grupo:,TH-04-R,Equipamento:  1 - UMMI,Coleta:,04/08/2025 - 08:56,Registros:   Total: 2.864        Exibidos: 2.864,Data da Coleta:,04/08/2025,Exibição de Dados,Temperatura:,,Umidade:,,Datas:,,Medições,Data / Hora,Temperatura,Umidade,26/07/2025 - 10:35,"22,00","50,00",Betha Eletrônica Ltda,1/1
Coleta de Dados - UMMI,Impressão: 08/08/2025  9:23.09,Grupo:,TH-04-R,Equipamento:  1 - UMMI,Coleta:,04/08/2025 - 08:56,Registros:   Total: 2.864        Exibidos: 2.864,Data da Coleta:,04/08/2025,Exibição de Dados,Temperatura:,,Umidade:,,Datas:,,Medições,Data / Hora,Temperatura,Umidade,26/07/2025 - 10:40,"22,00","47,00",Betha Eletrônica Ltda,1/1
Coleta de Dados - UMMI,Impressão: 08/08/2025  9:23.09,Grupo:,TH-04-R,Equipamento:  1 - UMMI,Coleta:,04/08/2025 - 08:56,Registros:   Total: 2.864        Exibidos: 2.864,Data da Coleta:,04/08/2025,Exibição de Dados,Temperatura:,,Umidade:,,Datas:,,Medições,Data / Hora,Temperatura,Umidade,26/07/2025 - 10:45,"22,00","51,00",Betha Eletrônica Ltda,1/1
Coleta de Dados - UMMI,Impressão: 08/08/2025  9:23.09,Grupo:,TH-04-R,Equipamento:  1 - UMMI,Coleta:,04/08/2025 - 08:56,Registros:   Total: 2.864        Exibidos: 2.864,Data da Coleta:,04/08/2025,Exibição de Dados,Temperatura:,,Umidade:,,Datas:,,Medições,Data / Hora,Temperatura,Umidade,26/07/2025 - 10:50,"22,00","46,00",Betha Eletrônica Ltda,1/1
Coleta de Dados - UMMI,Impressão: 08/08/2025  9:23.09,Grupo:,TH-04-R,Equipamento:  1 - UMMI,Coleta:,04/08/2025 - 08:56,Registros:   Total: 2.864        Exibidos: 2.864,Data da Coleta:,04/08/2025,Exibição de Dados,Temperatura:,,Umidade:,,Datas:,,Medições,Data / Hora,Temperatura,Umidade,26/07/2025 - 10:55,"22,00","48,00",Betha Eletrônica Ltda,1/1
Coleta de Dados - UMMI,Impressão: 08/08/2025  9:23.09,Grupo:,TH-04-R,Equipamento:  1 - UMMI,Coleta:,04/08/2025 - 08:56,Registros:   Total: 2.864        Exibidos: 2.864,Data da Coleta:,04/08/2025,Exibição de Dados,Temperatura:,,Umidade:,,Datas:,,Medições,Data / Hora,Temperatura,Umidade,26/07/2025 - 11:00,"23,00","48,00",Betha Eletrônica Ltda,1/1
Coleta de Dados - UMMI,Impressão: 08/08/2025  9:23.09,Grupo:,TH-04-R,Equipamento:  1 - UMMI,Coleta:,04/08/2025 - 08:56,Registros:   Total: 2.864        Exibidos: 2.864,Data da Coleta:,04/08/2025,Exibição de Dados,Temperatura:,,Umidade:,,Datas:,,Medições,Data / Hora,Temperatura,Umidade,26/07/2025 - 11:05,"23,00","43,00",Betha Eletrônica Ltda,1/1
Coleta de Dados - UMMI,Impressão: 08/08/2025  9:23.09,Grupo:,TH-04-R,Equipamento:  1 - UMMI,Coleta:,04/08/2025 - 08:56,Registros:   Total: 2.864        Exibidos: 2.864,Data da Coleta:,04/08/2025,Exibição de Dados,Temperatura:,,Umidade:,,Datas:,,Medições,Data / Hora,Temperatura,Umidade,26/07/2025 - 11:10,"23,00","51,00",Betha Eletrônica Ltda,1/1
Coleta de Dados - UMMI,Impressão: 08/08/2025  9:23.09,Grupo:,TH-04-R,Equipamento:  1 - UMMI,Coleta:,04/08/2025 - 08:56,Registros:   Total: 2.864        Exibidos: 2.864,Data da Coleta:,04/08/2025,Exibição de Dados,Temperatura:,,Umidade:,,Datas:,,Medições,Data / Hora,Temperatura,Umidade,26/07/2025 - 11:15,"22,00","47,00",Betha Eletrônica Ltda,1/1
Coleta de Dados - UMMI,Impressão: 08/08/2025  9:23.09,Grupo:,TH-04-R,Equipamento:  1 - UMMI,Coleta:,04/08/2025 - 08:56,Registros:   Total: 2.864        Exibidos: 2.864,Data da Coleta:,04/08/2025,Exibição de Dados,Temperatura:,,Umidade:,,Datas:,,Medições,Data / Hora,Temperatura,Umidade,26/07/2025 - 11:20,"22,00","46,00",Betha Eletrônica Ltda,1/1
Coleta de Dados - UMMI,Impressão: 08/08/2025  9:23.09,Grupo:,TH-04-R,Equipamento:  1 - UMMI,Coleta:,04/08/2025 - 08:56,Registros:   Total: 2.864        Exibidos: 2.864,Data da Coleta:,04/08/2025,Exibição de Dados,Temperatura:,,Umidade:,,Datas:,,Medições,Data / Hora,Temperatura,Umidade,26/07/2025 - 11:25,"22,00","46,00",Betha Eletrônica Ltda,1/1
Coleta de Dados - UMMI,Impressão: 08/08/2025  9:23.09,Grupo:,TH-04-R,Equipamento:  1 - UMMI,Coleta:,04/08/2025 - 08:56,Registros:   Total: 2.864        Exibidos: 2.864,Data da Coleta:,04/08/2025,Exibição de Dados,Temperatura:,,Umidade:,,Datas:,,Medições,Data / Hora,Temperatura,Umidade,26/07/2025 - 11:30,"23,00","49,00",Betha Eletrônica Ltda,1/1
Coleta de Dados - UMMI,Impressão: 08/08/2025  9:23.09,Grupo:,TH-04-R,Equipamento:  1 - UMMI,Coleta:,04/08/2025 - 08:56,Registros:   Total: 2.864        Exibidos: 2.864,Data da Coleta:,04/08/2025,Exibição de Dados,Temperatura:,,Umidade:,,Datas:,,Medições,Data / Hora,Temperatura,Umidade,26/07/2025 - 11:35,"23,00","44,00",Betha Eletrônica Ltda,1/1
Coleta de Dados - UMMI,Impressão: 08/08/2025  9:23.09,Grupo:,TH-04-R,Equipamento:  1 - UMMI,Coleta:,04/08/2025 - 08:56,Registros:   Total: 2.864        Exibidos: 2.864,Data da Coleta:,04/08/2025,Exibição de Dados,Temperatura:,,Umidade:,,Datas:,,Medições,Data / Hora,Temperatura,Umidade,26/07/2025 - 11:40,"22,00","49,00",Betha Eletrônica Ltda,1/1
Coleta de Dados - UMMI,Impressão: 08/08/2025  9:23.09,Grupo:,TH-04-R,Equipamento:  1 - UMMI,Coleta:,04/08/2025 - 08:56,Registros:   Total: 2.864        Exibidos: 2.864,Data da Coleta:,04/08/2025,Exibição de Dados,Temperatura:,,Umidade:,,Datas:,,Medições,Data / Hora,Temperatura,Umidade,26/07/2025 - 11:45,"22,00","46,00",Betha Eletrônica Ltda,1/1
Coleta de Dados - UMMI,Impressão: 08/08/2025  9:23.09,Grupo:,TH-04-R,Equipamento:  1 - UMMI,Coleta:,04/08/2025 - 08:56,Registros:   Total: 2.864        Exibidos: 2.864,Data da Coleta:,04/08/2025,Exibição de Dados,Temperatura:,,Umidade:,,Datas:,,Medições,Data / Hora,Temperatura,Umidade,26/07/2025 - 11:50,"22,00","44,00",Betha Eletrônica Ltda,1/1
Coleta de Dados - UMMI,Impressão: 08/08/2025  9:23.09,Grupo:,TH-04-R,Equipamento:  1 - UMMI,Coleta:,04/08/2025 - 08:56,Registros:   Total: 2.864        Exibidos: 2.864,Data da Coleta:,04/08/2025,Exibição de Dados,Temperatura:,,Umidade:,,Datas:,,Medições,Data / Hora,Temperatura,Umidade,26/07/2025 - 11:55,"22,00","48,00",Betha Eletrônica Ltda,1/1
Coleta de Dados - UMMI,Impressão: 08/08/2025  9:23.09,Grupo:,TH-04-R,Equipamento:  1 - UMMI,Coleta:,04/08/2025 - 08:56,Registros:   Total: 2.864        Exibidos: 2.864,Data da Coleta:,04/08/2025,Exibição de Dados,Temperatura:,,Umidade:,,Datas:,,Medições,Data / Hora,Temperatura,Umidade,26/07/2025 - 12:00,"23,00","47,00",Betha Eletrônica Ltda,1/1
Coleta de Dados - UMMI,Impressão: 08/08/2025  9:23.09,Grupo:,TH-04-R,Equipamento:  1 - UMMI,Coleta:,04/08/2025 - 08:56,Registros:   Total: 2.864        Exibidos: 2.864,Data da Coleta:,04/08/2025,Exibição de Dados,Temperatura:,,Umidade:,,Datas:,,Medições,Data / Hora,Temperatura,Umidade,26/07/2025 - 12:05,"23,00","44,00",Betha Eletrônica Ltda,1/1
Coleta de Dados - UMMI,Impressão: 08/08/2025  9:23.09,Grupo:,TH-04-R,Equipamento:  1 - UMMI,Coleta:,04/08/2025 - 08:56,Registros:   Total: 2.864        Exibidos: 2.864,Data da Coleta:,04/08/2025,Exibição de Dados,Temperatura:,,Umidade:,,Datas:,,Medições,Data / Hora,Temperatura,Umidade,26/07/2025 - 12:10,"23,00","49,00",Betha Eletrônica Ltda,1/1
Coleta de Dados - UMMI,Impressão: 08/08/2025  9:23.09,Grupo:,TH-04-R,Equipamento:  1 - UMMI,Coleta:,04/08/2025 - 08:56,Registros:   Total: 2.864        Exibidos: 2.864,Data da Coleta:,04/08/2025,Exibição de Dados,Temperatura:,,Umidade:,,Datas:,,Medições,Data / Hora,Temperatura,Umidade,26/07/2025 - 12:15,"22,00","49,00",Betha Eletrônica Ltda,1/1
Coleta de Dados - UMMI,Impressão: 08/08/2025  9:23.09,Grupo:,TH-04-R,Equipamento:  1 - UMMI,Coleta:,04/08/2025 - 08:56,Registros:   Total: 2.864        Exibidos: 2.864,Data da Coleta:,04/08/2025,Exibição de Dados,Temperatura:,,Umidade:,,Datas:,,Medições,Data / Hora,Temperatura,Umidade,26/07/2025 - 12:20,"22,00","44,00",Betha Eletrônica Ltda,1/1
Coleta de Dados - UMMI,Impressão: 08/08/2025  9:23.09,Grupo:,TH-04-R,Equipamento:  1 - UMMI,Coleta:,04/08/2025 - 08:56,Registros:   Total: 2.864        Exibidos: 2.864,Data da Coleta:,04/08/2025,Exibição de Dados,Temperatura:,,Umidade:,,Datas:,,Medições,Data / Hora,Temperatura,Umidade,26/07/2025 - 12:25,"22,00","49,00",Betha Eletrônica Ltda,1/1
Coleta de Dados - UMMI,Impressão: 08/08/2025  9:23.09,Grupo:,TH-04-R,Equipamento:  1 - UMMI,Coleta:,04/08/2025 - 08:56,Registros:   Total: 2.864        Exibidos: 2.864,Data da Coleta:,04/08/2025,Exibição de Dados,Temperatura:,,Umidade:,,Datas:,,Medições,Data / Hora,Temperatura,Umidade,26/07/2025 - 12:30,"23,00","47,00",Betha Eletrônica Ltda,1/1
Coleta de Dados - UMMI,Impressão: 08/08/2025  9:23.09,Grupo:,TH-04-R,Equipamento:  1 - UMMI,Coleta:,04/08/2025 - 08:56,Registros:   Total: 2.864        Exibidos: 2.864,Data da Coleta:,04/08/2025,Exibição de Dados,Temperatura:,,Umidade:,,Datas:,,Medições,Data / Hora,Temperatura,Umidade,26/07/2025 - 12:35,"23,00","46,00",Betha Eletrônica Ltda,1/1
Coleta de Dados - UMMI,Impressão: 08/08/2025  9:23.09,Grupo:,TH-04-R,Equipamento:  1 - UMMI,Coleta:,04/08/2025 - 08:56,Registros:   Total: 2.864        Exibidos: 2.864,Data da Coleta:,04/08/2025,Exibição de Dados,Temperatura:,,Umidade:,,Datas:,,Medições,Data / Hora,Temperatura,Umidade,26/07/2025 - 12:40,"22,00","48,00",Betha Eletrônica Ltda,1/1
Coleta de Dados - UMMI,Impressão: 08/08/2025  9:23.09,Grupo:,TH-04-R,Equipamento:  1 - UMMI,Coleta:,04/08/2025 - 08:56,Registros:   Total: 2.864        Exibidos: 2.864,Data da Coleta:,04/08/2025,Exibição de Dados,Temperatura:,,Umidade:,,Datas:,,Medições,Data / Hora,Temperatura,Umidade,26/07/2025 - 12:45,"22,00","51,00",Betha Eletrônica Ltda,1/1
Coleta de Dados - UMMI,Impressão: 08/08/2025  9:23.09,Grupo:,TH-04-R,Equipamento:  1 - UMMI,Coleta:,04/08/2025 - 08:56,Registros:   Total: 2.864        Exibidos: 2.864,Data da Coleta:,04/08/2025,Exibição de Dados,Temperatura:,,Umidade:,,Datas:,,Medições,Data / Hora,Temperatura,Umidade,26/07/2025 - 12:50,"22,00","42,00",Betha Eletrônica Ltda,1/1
Coleta de Dados - UMMI,Impressão: 08/08/2025  9:23.09,Grupo:,TH-04-R,Equipamento:  1 - UMMI,Coleta:,04/08/2025 - 08:56,Registros:   Total: 2.864        Exibidos: 2.864,Data da Coleta:,04/08/2025,Exibição de Dados,Temperatura:,,Umidade:,,Datas:,,Medições,Data / Hora,Temperatura,Umidade,26/07/2025 - 12:55,"23,00","52,00",Betha Eletrônica Ltda,1/1
Coleta de Dados - UMMI,Impressão: 08/08/2025  9:23.09,Grupo:,TH-04-R,Equipamento:  1 - UMMI,Coleta:,04/08/2025 - 08:56,Registros:   Total: 2.864        Exibidos: 2.864,Data da Coleta:,04/08/2025,Exibição de Dados,Temperatura:,,Umidade:,,Datas:,,Medições,Data / Hora,Temperatura,Umidade,26/07/2025 - 13:00,"23,00","45,00",Betha Eletrônica Ltda,1/1
Coleta de Dados - UMMI,Impressão: 08/08/2025  9:23.09,Grupo:,TH-04-R,Equipamento:  1 - UMMI,Coleta:,04/08/2025 - 08:56,Registros:   Total: 2.864        Exibidos: 2.864,Data da Coleta:,04/08/2025,Exibição de Dados,Temperatura:,,Umidade:,,Datas:,,Medições,Data / Hora,Temperatura,Umidade,26/07/2025 - 13:05,"23,00","48,00",Betha Eletrônica Ltda,1/1
Coleta de Dados - UMMI,Impressão: 08/08/2025  9:23.09,Grupo:,TH-04-R,Equipamento:  1 - UMMI,Coleta:,04/08/2025 - 08:56,Registros:   Total: 2.864        Exibidos: 2.864,Data da Coleta:,04/08/2025,Exibição de Dados,Temperatura:,,Umidade:,,Datas:,,Medições,Data / Hora,Temperatura,Umidade,26/07/2025 - 13:10,"22,00","46,00",Betha Eletrônica Ltda,1/1
Coleta de Dados - UMMI,Impressão: 08/08/2025  9:23.09,Grupo:,TH-04-R,Equipamento:  1 - UMMI,Coleta:,04/08/2025 - 08:56,Registros:   Total: 2.864        Exibidos: 2.864,Data da Coleta:,04/08/2025,Exibição de Dados,Temperatura:,,Umidade:,,Datas:,,Medições,Data / Hora,Temperatura,Umidade,26/07/2025 - 13:15,"22,00","51,00",Betha Eletrônica Ltda,1/1
Coleta de Dados - UMMI,Impressão: 08/08/2025  9:23.09,Grupo:,TH-04-R,Equipamento:  1 - UMMI,Coleta:,04/08/2025 - 08:56,Registros:   Total: 2.864        Exibidos: 2.864,Data da Coleta:,04/08/2025,Exibição de Dados,Temperatura:,,Umidade:,,Datas:,,Medições,Data / Hora,Temperatura,Umidade,26/07/2025 - 13:20,"22,00","41,00",Betha Eletrônica Ltda,1/1
Coleta de Dados - UMMI,Impressão: 08/08/2025  9:23.09,Grupo:,TH-04-R,Equipamento:  1 - UMMI,Coleta:,04/08/2025 - 08:56,Registros:   Total: 2.864        Exibidos: 2.864,Data da Coleta:,04/08/2025,Exibição de Dados,Temperatura:,,Umidade:,,Datas:,,Medições,Data / Hora,Temperatura,Umidade,26/07/2025 - 13:25,"23,00","53,00",Betha Eletrônica Ltda,1/1
Coleta de Dados - UMMI,Impressão: 08/08/2025  9:23.09,Grupo:,TH-04-R,Equipamento:  1 - UMMI,Coleta:,04/08/2025 - 08:56,Registros:   Total: 2.864        Exibidos: 2.864,Data da Coleta:,04/08/2025,Exibição de Dados,Temperatura:,,Umidade:,,Datas:,,Medições,Data / Hora,Temperatura,Umidade,26/07/2025 - 13:30,"23,00","42,00",Betha Eletrônica Ltda,1/1
Coleta de Dados - UMMI,Impressão: 08/08/2025  9:23.09,Grupo:,TH-04-R,Equipamento:  1 - UMMI,Coleta:,04/08/2025 - 08:56,Registros:   Total: 2.864        Exibidos: 2.864,Data da Coleta:,04/08/2025,Exibição de Dados,Temperatura:,,Umidade:,,Datas:,,Medições,Data / Hora,Temperatura,Umidade,26/07/2025 - 13:35,"23,00","52,00",Betha Eletrônica Ltda,1/1
Coleta de Dados - UMMI,Impressão: 08/08/2025  9:23.09,Grupo:,TH-04-R,Equipamento:  1 - UMMI,Coleta:,04/08/2025 - 08:56,Registros:   Total: 2.864        Exibidos: 2.864,Data da Coleta:,04/08/2025,Exibição de Dados,Temperatura:,,Umidade:,,Datas:,,Medições,Data / Hora,Temperatura,Umidade,26/07/2025 - 13:40,"22,00","43,00",Betha Eletrônica Ltda,1/1
Coleta de Dados - UMMI,Impressão: 08/08/2025  9:23.09,Grupo:,TH-04-R,Equipamento:  1 - UMMI,Coleta:,04/08/2025 - 08:56,Registros:   Total: 2.864        Exibidos: 2.864,Data da Coleta:,04/08/2025,Exibição de Dados,Temperatura:,,Umidade:,,Datas:,,Medições,Data / Hora,Temperatura,Umidade,26/07/2025 - 13:45,"22,00","51,00",Betha Eletrônica Ltda,1/1
Coleta de Dados - UMMI,Impressão: 08/08/2025  9:23.09,Grupo:,TH-04-R,Equipamento:  1 - UMMI,Coleta:,04/08/2025 - 08:56,Registros:   Total: 2.864        Exibidos: 2.864,Data da Coleta:,04/08/2025,Exibição de Dados,Temperatura:,,Umidade:,,Datas:,,Medições,Data / Hora,Temperatura,Umidade,26/07/2025 - 13:50,"22,00","43,00",Betha Eletrônica Ltda,1/1
Coleta de Dados - UMMI,Impressão: 08/08/2025  9:23.09,Grupo:,TH-04-R,Equipamento:  1 - UMMI,Coleta:,04/08/2025 - 08:56,Registros:   Total: 2.864        Exibidos: 2.864,Data da Coleta:,04/08/2025,Exibição de Dados,Temperatura:,,Umidade:,,Datas:,,Medições,Data / Hora,Temperatura,Umidade,26/07/2025 - 13:55,"23,00","49,00",Betha Eletrônica Ltda,1/1
Coleta de Dados - UMMI,Impressão: 08/08/2025  9:23.09,Grupo:,TH-04-R,Equipamento:  1 - UMMI,Coleta:,04/08/2025 - 08:56,Registros:   Total: 2.864        Exibidos: 2.864,Data da Coleta:,04/08/2025,Exibição de Dados,Temperatura:,,Umidade:,,Datas:,,Medições,Data / Hora,Temperatura,Umidade,26/07/2025 - 14:00,"23,00","42,00",Betha Eletrônica Ltda,1/1
Coleta de Dados - UMMI,Impressão: 08/08/2025  9:23.09,Grupo:,TH-04-R,Equipamento:  1 - UMMI,Coleta:,04/08/2025 - 08:56,Registros:   Total: 2.864        Exibidos: 2.864,Data da Coleta:,04/08/2025,Exibição de Dados,Temperatura:,,Umidade:,,Datas:,,Medições,Data / Hora,Temperatura,Umidade,26/07/2025 - 14:05,"23,00","50,00",Betha Eletrônica Ltda,1/1
Coleta de Dados - UMMI,Impressão: 08/08/2025  9:23.09,Grupo:,TH-04-R,Equipamento:  1 - UMMI,Coleta:,04/08/2025 - 08:56,Registros:   Total: 2.864        Exibidos: 2.864,Data da Coleta:,04/08/2025,Exibição de Dados,Temperatura:,,Umidade:,,Datas:,,Medições,Data / Hora,Temperatura,Umidade,26/07/2025 - 14:10,"22,00","47,00",Betha Eletrônica Ltda,1/1
Coleta de Dados - UMMI,Impressão: 08/08/2025  9:23.09,Grupo:,TH-04-R,Equipamento:  1 - UMMI,Coleta:,04/08/2025 - 08:56,Registros:   Total: 2.864        Exibidos: 2.864,Data da Coleta:,04/08/2025,Exibição de Dados,Temperatura:,,Umidade:,,Datas:,,Medições,Data / Hora,Temperatura,Umidade,26/07/2025 - 14:15,"22,00","43,00",Betha Eletrônica Ltda,1/1
Coleta de Dados - UMMI,Impressão: 08/08/2025  9:23.09,Grupo:,TH-04-R,Equipamento:  1 - UMMI,Coleta:,04/08/2025 - 08:56,Registros:   Total: 2.864        Exibidos: 2.864,Data da Coleta:,04/08/2025,Exibição de Dados,Temperatura:,,Umidade:,,Datas:,,Medições,Data / Hora,Temperatura,Umidade,26/07/2025 - 14:20,"23,00","55,00",Betha Eletrônica Ltda,1/1
Coleta de Dados - UMMI,Impressão: 08/08/2025  9:23.09,Grupo:,TH-04-R,Equipamento:  1 - UMMI,Coleta:,04/08/2025 - 08:56,Registros:   Total: 2.864        Exibidos: 2.864,Data da Coleta:,04/08/2025,Exibição de Dados,Temperatura:,,Umidade:,,Datas:,,Medições,Data / Hora,Temperatura,Umidade,26/07/2025 - 14:25,"23,00","40,00",Betha Eletrônica Ltda,1/1
Coleta de Dados - UMMI,Impressão: 08/08/2025  9:23.09,Grupo:,TH-04-R,Equipamento:  1 - UMMI,Coleta:,04/08/2025 - 08:56,Registros:   Total: 2.864        Exibidos: 2.864,Data da Coleta:,04/08/2025,Exibição de Dados,Temperatura:,,Umidade:,,Datas:,,Medições,Data / Hora,Temperatura,Umidade,26/07/2025 - 14:30,"23,00","54,00",Betha Eletrônica Ltda,1/1
Coleta de Dados - UMMI,Impressão: 08/08/2025  9:23.09,Grupo:,TH-04-R,Equipamento:  1 - UMMI,Coleta:,04/08/2025 - 08:56,Registros:   Total: 2.864        Exibidos: 2.864,Data da Coleta:,04/08/2025,Exibição de Dados,Temperatura:,,Umidade:,,Datas:,,Medições,Data / Hora,Temperatura,Umidade,26/07/2025 - 14:35,"22,00","42,00",Betha Eletrônica Ltda,1/1
Coleta de Dados - UMMI,Impressão: 08/08/2025  9:23.09,Grupo:,TH-04-R,Equipamento:  1 - UMMI,Coleta:,04/08/2025 - 08:56,Registros:   Total: 2.864        Exibidos: 2.864,Data da Coleta:,04/08/2025,Exibição de Dados,Temperatura:,,Umidade:,,Datas:,,Medições,Data / Hora,Temperatura,Umidade,26/07/2025 - 14:40,"22,00","45,00",Betha Eletrônica Ltda,1/1
Coleta de Dados - UMMI,Impressão: 08/08/2025  9:23.09,Grupo:,TH-04-R,Equipamento:  1 - UMMI,Coleta:,04/08/2025 - 08:56,Registros:   Total: 2.864        Exibidos: 2.864,Data da Coleta:,04/08/2025,Exibição de Dados,Temperatura:,,Umidade:,,Datas:,,Medições,Data / Hora,Temperatura,Umidade,26/07/2025 - 14:45,"22,00","53,00",Betha Eletrônica Ltda,1/1
Coleta de Dados - UMMI,Impressão: 08/08/2025  9:23.09,Grupo:,TH-04-R,Equipamento:  1 - UMMI,Coleta:,04/08/2025 - 08:56,Registros:   Total: 2.864        Exibidos: 2.864,Data da Coleta:,04/08/2025,Exibição de Dados,Temperatura:,,Umidade:,,Datas:,,Medições,Data / Hora,Temperatura,Umidade,26/07/2025 - 14:50,"23,00","41,00",Betha Eletrônica Ltda,1/1
Coleta de Dados - UMMI,Impressão: 08/08/2025  9:23.09,Grupo:,TH-04-R,Equipamento:  1 - UMMI,Coleta:,04/08/2025 - 08:56,Registros:   Total: 2.864        Exibidos: 2.864,Data da Coleta:,04/08/2025,Exibição de Dados,Temperatura:,,Umidade:,,Datas:,,Medições,Data / Hora,Temperatura,Umidade,26/07/2025 - 14:55,"23,00","53,00",Betha Eletrônica Ltda,1/1
Coleta de Dados - UMMI,Impressão: 08/08/2025  9:23.09,Grupo:,TH-04-R,Equipamento:  1 - UMMI,Coleta:,04/08/2025 - 08:56,Registros:   Total: 2.864        Exibidos: 2.864,Data da Coleta:,04/08/2025,Exibição de Dados,Temperatura:,,Umidade:,,Datas:,,Medições,Data / Hora,Temperatura,Umidade,26/07/2025 - 15:00,"23,00","42,00",Betha Eletrônica Ltda,1/1
Coleta de Dados - UMMI,Impressão: 08/08/2025  9:23.09,Grupo:,TH-04-R,Equipamento:  1 - UMMI,Coleta:,04/08/2025 - 08:56,Registros:   Total: 2.864        Exibidos: 2.864,Data da Coleta:,04/08/2025,Exibição de Dados,Temperatura:,,Umidade:,,Datas:,,Medições,Data / Hora,Temperatura,Umidade,26/07/2025 - 15:05,"22,00","47,00",Betha Eletrônica Ltda,1/1
Coleta de Dados - UMMI,Impressão: 08/08/2025  9:23.09,Grupo:,TH-04-R,Equipamento:  1 - UMMI,Coleta:,04/08/2025 - 08:56,Registros:   Total: 2.864        Exibidos: 2.864,Data da Coleta:,04/08/2025,Exibição de Dados,Temperatura:,,Umidade:,,Datas:,,Medições,Data / Hora,Temperatura,Umidade,26/07/2025 - 15:10,"22,00","50,00",Betha Eletrônica Ltda,1/1
Coleta de Dados - UMMI,Impressão: 08/08/2025  9:23.09,Grupo:,TH-04-R,Equipamento:  1 - UMMI,Coleta:,04/08/2025 - 08:56,Registros:   Total: 2.864        Exibidos: 2.864,Data da Coleta:,04/08/2025,Exibição de Dados,Temperatura:,,Umidade:,,Datas:,,Medições,Data / Hora,Temperatura,Umidade,26/07/2025 - 15:15,"23,00","41,00",Betha Eletrônica Ltda,1/1
Coleta de Dados - UMMI,Impressão: 08/08/2025  9:23.09,Grupo:,TH-04-R,Equipamento:  1 - UMMI,Coleta:,04/08/2025 - 08:56,Registros:   Total: 2.864        Exibidos: 2.864,Data da Coleta:,04/08/2025,Exibição de Dados,Temperatura:,,Umidade:,,Datas:,,Medições,Data / Hora,Temperatura,Umidade,26/07/2025 - 15:20,"23,00","53,00",Betha Eletrônica Ltda,1/1
Coleta de Dados - UMMI,Impressão: 08/08/2025  9:23.09,Grupo:,TH-04-R,Equipamento:  1 - UMMI,Coleta:,04/08/2025 - 08:56,Registros:   Total: 2.864        Exibidos: 2.864,Data da Coleta:,04/08/2025,Exibição de Dados,Temperatura:,,Umidade:,,Datas:,,Medições,Data / Hora,Temperatura,Umidade,26/07/2025 - 15:25,"23,00","42,00",Betha Eletrônica Ltda,1/1
Coleta de Dados - UMMI,Impressão: 08/08/2025  9:23.09,Grupo:,TH-04-R,Equipamento:  1 - UMMI,Coleta:,04/08/2025 - 08:56,Registros:   Total: 2.864        Exibidos: 2.864,Data da Coleta:,04/08/2025,Exibição de Dados,Temperatura:,,Umidade:,,Datas:,,Medições,Data / Hora,Temperatura,Umidade,26/07/2025 - 15:30,"23,00","49,00",Betha Eletrônica Ltda,1/1
Coleta de Dados - UMMI,Impressão: 08/08/2025  9:23.09,Grupo:,TH-04-R,Equipamento:  1 - UMMI,Coleta:,04/08/2025 - 08:56,Registros:   Total: 2.864        Exibidos: 2.864,Data da Coleta:,04/08/2025,Exibição de Dados,Temperatura:,,Umidade:,,Datas:,,Medições,Data / Hora,Temperatura,Umidade,26/07/2025 - 15:35,"22,00","47,00",Betha Eletrônica Ltda,1/1
Coleta de Dados - UMMI,Impressão: 08/08/2025  9:23.09,Grupo:,TH-04-R,Equipamento:  1 - UMMI,Coleta:,04/08/2025 - 08:56,Registros:   Total: 2.864        Exibidos: 2.864,Data da Coleta:,04/08/2025,Exibição de Dados,Temperatura:,,Umidade:,,Datas:,,Medições,Data / Hora,Temperatura,Umidade,26/07/2025 - 15:40,"22,00","42,00",Betha Eletrônica Ltda,1/1
Coleta de Dados - UMMI,Impressão: 08/08/2025  9:23.09,Grupo:,TH-04-R,Equipamento:  1 - UMMI,Coleta:,04/08/2025 - 08:56,Registros:   Total: 2.864        Exibidos: 2.864,Data da Coleta:,04/08/2025,Exibição de Dados,Temperatura:,,Umidade:,,Datas:,,Medições,Data / Hora,Temperatura,Umidade,26/07/2025 - 15:45,"23,00","52,00",Betha Eletrônica Ltda,1/1
Coleta de Dados - UMMI,Impressão: 08/08/2025  9:23.09,Grupo:,TH-04-R,Equipamento:  1 - UMMI,Coleta:,04/08/2025 - 08:56,Registros:   Total: 2.864        Exibidos: 2.864,Data da Coleta:,04/08/2025,Exibição de Dados,Temperatura:,,Umidade:,,Datas:,,Medições,Data / Hora,Temperatura,Umidade,26/07/2025 - 15:50,"23,00","40,00",Betha Eletrônica Ltda,1/1
Coleta de Dados - UMMI,Impressão: 08/08/2025  9:23.09,Grupo:,TH-04-R,Equipamento:  1 - UMMI,Coleta:,04/08/2025 - 08:56,Registros:   Total: 2.864        Exibidos: 2.864,Data da Coleta:,04/08/2025,Exibição de Dados,Temperatura:,,Umidade:,,Datas:,,Medições,Data / Hora,Temperatura,Umidade,26/07/2025 - 15:55,"23,00","49,00",Betha Eletrônica Ltda,1/1
Coleta de Dados - UMMI,Impressão: 08/08/2025  9:23.09,Grupo:,TH-04-R,Equipamento:  1 - UMMI,Coleta:,04/08/2025 - 08:56,Registros:   Total: 2.864        Exibidos: 2.864,Data da Coleta:,04/08/2025,Exibição de Dados,Temperatura:,,Umidade:,,Datas:,,Medições,Data / Hora,Temperatura,Umidade,26/07/2025 - 16:00,"22,00","46,00",Betha Eletrônica Ltda,1/1
Coleta de Dados - UMMI,Impressão: 08/08/2025  9:23.09,Grupo:,TH-04-R,Equipamento:  1 - UMMI,Coleta:,04/08/2025 - 08:56,Registros:   Total: 2.864        Exibidos: 2.864,Data da Coleta:,04/08/2025,Exibição de Dados,Temperatura:,,Umidade:,,Datas:,,Medições,Data / Hora,Temperatura,Umidade,26/07/2025 - 16:05,"22,00","43,00",Betha Eletrônica Ltda,1/1
Coleta de Dados - UMMI,Impressão: 08/08/2025  9:23.09,Grupo:,TH-04-R,Equipamento:  1 - UMMI,Coleta:,04/08/2025 - 08:56,Registros:   Total: 2.864        Exibidos: 2.864,Data da Coleta:,04/08/2025,Exibição de Dados,Temperatura:,,Umidade:,,Datas:,,Medições,Data / Hora,Temperatura,Umidade,26/07/2025 - 16:10,"23,00","54,00",Betha Eletrônica Ltda,1/1
Coleta de Dados - UMMI,Impressão: 08/08/2025  9:23.09,Grupo:,TH-04-R,Equipamento:  1 - UMMI,Coleta:,04/08/2025 - 08:56,Registros:   Total: 2.864        Exibidos: 2.864,Data da Coleta:,04/08/2025,Exibição de Dados,Temperatura:,,Umidade:,,Datas:,,Medições,Data / Hora,Temperatura,Umidade,26/07/2025 - 16:15,"23,00","40,00",Betha Eletrônica Ltda,1/1
Coleta de Dados - UMMI,Impressão: 08/08/2025  9:23.09,Grupo:,TH-04-R,Equipamento:  1 - UMMI,Coleta:,04/08/2025 - 08:56,Registros:   Total: 2.864        Exibidos: 2.864,Data da Coleta:,04/08/2025,Exibição de Dados,Temperatura:,,Umidade:,,Datas:,,Medições,Data / Hora,Temperatura,Umidade,26/07/2025 - 16:20,"23,00","52,00",Betha Eletrônica Ltda,1/1
Coleta de Dados - UMMI,Impressão: 08/08/2025  9:23.09,Grupo:,TH-04-R,Equipamento:  1 - UMMI,Coleta:,04/08/2025 - 08:56,Registros:   Total: 2.864        Exibidos: 2.864,Data da Coleta:,04/08/2025,Exibição de Dados,Temperatura:,,Umidade:,,Datas:,,Medições,Data / Hora,Temperatura,Umidade,26/07/2025 - 16:25,"22,00","44,00",Betha Eletrônica Ltda,1/1
Coleta de Dados - UMMI,Impressão: 08/08/2025  9:23.09,Grupo:,TH-04-R,Equipamento:  1 - UMMI,Coleta:,04/08/2025 - 08:56,Registros:   Total: 2.864        Exibidos: 2.864,Data da Coleta:,04/08/2025,Exibição de Dados,Temperatura:,,Umidade:,,Datas:,,Medições,Data / Hora,Temperatura,Umidade,26/07/2025 - 16:30,"22,00","44,00",Betha Eletrônica Ltda,1/1
Coleta de Dados - UMMI,Impressão: 08/08/2025  9:23.09,Grupo:,TH-04-R,Equipamento:  1 - UMMI,Coleta:,04/08/2025 - 08:56,Registros:   Total: 2.864        Exibidos: 2.864,Data da Coleta:,04/08/2025,Exibição de Dados,Temperatura:,,Umidade:,,Datas:,,Medições,Data / Hora,Temperatura,Umidade,26/07/2025 - 16:35,"23,00","54,00",Betha Eletrônica Ltda,1/1
Coleta de Dados - UMMI,Impressão: 08/08/2025  9:23.09,Grupo:,TH-04-R,Equipamento:  1 - UMMI,Coleta:,04/08/2025 - 08:56,Registros:   Total: 2.864        Exibidos: 2.864,Data da Coleta:,04/08/2025,Exibição de Dados,Temperatura:,,Umidade:,,Datas:,,Medições,Data / Hora,Temperatura,Umidade,26/07/2025 - 16:40,"23,00","39,00",Betha Eletrônica Ltda,1/1
Coleta de Dados - UMMI,Impressão: 08/08/2025  9:23.09,Grupo:,TH-04-R,Equipamento:  1 - UMMI,Coleta:,04/08/2025 - 08:56,Registros:   Total: 2.864        Exibidos: 2.864,Data da Coleta:,04/08/2025,Exibição de Dados,Temperatura:,,Umidade:,,Datas:,,Medições,Data / Hora,Temperatura,Umidade,26/07/2025 - 16:45,"23,00","53,00",Betha Eletrônica Ltda,1/1
Coleta de Dados - UMMI,Impressão: 08/08/2025  9:23.09,Grupo:,TH-04-R,Equipamento:  1 - UMMI,Coleta:,04/08/2025 - 08:56,Registros:   Total: 2.864        Exibidos: 2.864,Data da Coleta:,04/08/2025,Exibição de Dados,Temperatura:,,Umidade:,,Datas:,,Medições,Data / Hora,Temperatura,Umidade,26/07/2025 - 16:50,"23,00","43,00",Betha Eletrônica Ltda,1/1
Coleta de Dados - UMMI,Impressão: 08/08/2025  9:23.09,Grupo:,TH-04-R,Equipamento:  1 - UMMI,Coleta:,04/08/2025 - 08:56,Registros:   Total: 2.864        Exibidos: 2.864,Data da Coleta:,04/08/2025,Exibição de Dados,Temperatura:,,Umidade:,,Datas:,,Medições,Data / Hora,Temperatura,Umidade,26/07/2025 - 16:55,"22,00","44,00",Betha Eletrônica Ltda,1/1
Coleta de Dados - UMMI,Impressão: 08/08/2025  9:23.09,Grupo:,TH-04-R,Equipamento:  1 - UMMI,Coleta:,04/08/2025 - 08:56,Registros:   Total: 2.864        Exibidos: 2.864,Data da Coleta:,04/08/2025,Exibição de Dados,Temperatura:,,Umidade:,,Datas:,,Medições,Data / Hora,Temperatura,Umidade,26/07/2025 - 17:00,"22,00","54,00",Betha Eletrônica Ltda,1/1
Coleta de Dados - UMMI,Impressão: 08/08/2025  9:23.09,Grupo:,TH-04-R,Equipamento:  1 - UMMI,Coleta:,04/08/2025 - 08:56,Registros:   Total: 2.864        Exibidos: 2.864,Data da Coleta:,04/08/2025,Exibição de Dados,Temperatura:,,Umidade:,,Datas:,,Medições,Data / Hora,Temperatura,Umidade,26/07/2025 - 17:05,"23,00","40,00",Betha Eletrônica Ltda,1/1
Coleta de Dados - UMMI,Impressão: 08/08/2025  9:23.09,Grupo:,TH-04-R,Equipamento:  1 - UMMI,Coleta:,04/08/2025 - 08:56,Registros:   Total: 2.864        Exibidos: 2.864,Data da Coleta:,04/08/2025,Exibição de Dados,Temperatura:,,Umidade:,,Datas:,,Medições,Data / Hora,Temperatura,Umidade,26/07/2025 - 17:10,"23,00","53,00",Betha Eletrônica Ltda,1/1
Coleta de Dados - UMMI,Impressão: 08/08/2025  9:23.09,Grupo:,TH-04-R,Equipamento:  1 - UMMI,Coleta:,04/08/2025 - 08:56,Registros:   Total: 2.864        Exibidos: 2.864,Data da Coleta:,04/08/2025,Exibição de Dados,Temperatura:,,Umidade:,,Datas:,,Medições,Data / Hora,Temperatura,Umidade,26/07/2025 - 17:15,"23,00","42,00",Betha Eletrônica Ltda,1/1
Coleta de Dados - UMMI,Impressão: 08/08/2025  9:23.09,Grupo:,TH-04-R,Equipamento:  1 - UMMI,Coleta:,04/08/2025 - 08:56,Registros:   Total: 2.864        Exibidos: 2.864,Data da Coleta:,04/08/2025,Exibição de Dados,Temperatura:,,Umidade:,,Datas:,,Medições,Data / Hora,Temperatura,Umidade,26/07/2025 - 17:20,"22,00","46,00",Betha Eletrônica Ltda,1/1
Coleta de Dados - UMMI,Impressão: 08/08/2025  9:23.09,Grupo:,TH-04-R,Equipamento:  1 - UMMI,Coleta:,04/08/2025 - 08:56,Registros:   Total: 2.864        Exibidos: 2.864,Data da Coleta:,04/08/2025,Exibição de Dados,Temperatura:,,Umidade:,,Datas:,,Medições,Data / Hora,Temperatura,Umidade,26/07/2025 - 17:25,"22,00","50,00",Betha Eletrônica Ltda,1/1
Coleta de Dados - UMMI,Impressão: 08/08/2025  9:23.09,Grupo:,TH-04-R,Equipamento:  1 - UMMI,Coleta:,04/08/2025 - 08:56,Registros:   Total: 2.864        Exibidos: 2.864,Data da Coleta:,04/08/2025,Exibição de Dados,Temperatura:,,Umidade:,,Datas:,,Medições,Data / Hora,Temperatura,Umidade,26/07/2025 - 17:30,"22,00","41,00",Betha Eletrônica Ltda,1/1
Coleta de Dados - UMMI,Impressão: 08/08/2025  9:23.09,Grupo:,TH-04-R,Equipamento:  1 - UMMI,Coleta:,04/08/2025 - 08:56,Registros:   Total: 2.864        Exibidos: 2.864,Data da Coleta:,04/08/2025,Exibição de Dados,Temperatura:,,Umidade:,,Datas:,,Medições,Data / Hora,Temperatura,Umidade,26/07/2025 - 17:35,"23,00","50,00",Betha Eletrônica Ltda,1/1
Coleta de Dados - UMMI,Impressão: 08/08/2025  9:23.09,Grupo:,TH-04-R,Equipamento:  1 - UMMI,Coleta:,04/08/2025 - 08:56,Registros:   Total: 2.864        Exibidos: 2.864,Data da Coleta:,04/08/2025,Exibição de Dados,Temperatura:,,Umidade:,,Datas:,,Medições,Data / Hora,Temperatura,Umidade,26/07/2025 - 17:40,"23,00","41,00",Betha Eletrônica Ltda,1/1
Coleta de Dados - UMMI,Impressão: 08/08/2025  9:23.09,Grupo:,TH-04-R,Equipamento:  1 - UMMI,Coleta:,04/08/2025 - 08:56,Registros:   Total: 2.864        Exibidos: 2.864,Data da Coleta:,04/08/2025,Exibição de Dados,Temperatura:,,Umidade:,,Datas:,,Medições,Data / Hora,Temperatura,Umidade,26/07/2025 - 17:45,"23,00","48,00",Betha Eletrônica Ltda,1/1
Coleta de Dados - UMMI,Impressão: 08/08/2025  9:23.09,Grupo:,TH-04-R,Equipamento:  1 - UMMI,Coleta:,04/08/2025 - 08:56,Registros:   Total: 2.864        Exibidos: 2.864,Data da Coleta:,04/08/2025,Exibição de Dados,Temperatura:,,Umidade:,,Datas:,,Medições,Data / Hora,Temperatura,Umidade,26/07/2025 - 17:50,"22,00","48,00",Betha Eletrônica Ltda,1/1
Coleta de Dados - UMMI,Impressão: 08/08/2025  9:23.09,Grupo:,TH-04-R,Equipamento:  1 - UMMI,Coleta:,04/08/2025 - 08:56,Registros:   Total: 2.864        Exibidos: 2.864,Data da Coleta:,04/08/2025,Exibição de Dados,Temperatura:,,Umidade:,,Datas:,,Medições,Data / Hora,Temperatura,Umidade,26/07/2025 - 17:55,"22,00","42,00",Betha Eletrônica Ltda,1/1
Coleta de Dados - UMMI,Impressão: 08/08/2025  9:23.09,Grupo:,TH-04-R,Equipamento:  1 - UMMI,Coleta:,04/08/2025 - 08:56,Registros:   Total: 2.864        Exibidos: 2.864,Data da Coleta:,04/08/2025,Exibição de Dados,Temperatura:,,Umidade:,,Datas:,,Medições,Data / Hora,Temperatura,Umidade,26/07/2025 - 18:00,"23,00","53,00",Betha Eletrônica Ltda,1/1
Coleta de Dados - UMMI,Impressão: 08/08/2025  9:23.09,Grupo:,TH-04-R,Equipamento:  1 - UMMI,Coleta:,04/08/2025 - 08:56,Registros:   Total: 2.864        Exibidos: 2.864,Data da Coleta:,04/08/2025,Exibição de Dados,Temperatura:,,Umidade:,,Datas:,,Medições,Data / Hora,Temperatura,Umidade,26/07/2025 - 18:05,"23,00","40,00",Betha Eletrônica Ltda,1/1
Coleta de Dados - UMMI,Impressão: 08/08/2025  9:23.09,Grupo:,TH-04-R,Equipamento:  1 - UMMI,Coleta:,04/08/2025 - 08:56,Registros:   Total: 2.864        Exibidos: 2.864,Data da Coleta:,04/08/2025,Exibição de Dados,Temperatura:,,Umidade:,,Datas:,,Medições,Data / Hora,Temperatura,Umidade,26/07/2025 - 18:10,"23,00","51,00",Betha Eletrônica Ltda,1/1
Coleta de Dados - UMMI,Impressão: 08/08/2025  9:23.09,Grupo:,TH-04-R,Equipamento:  1 - UMMI,Coleta:,04/08/2025 - 08:56,Registros:   Total: 2.864        Exibidos: 2.864,Data da Coleta:,04/08/2025,Exibição de Dados,Temperatura:,,Umidade:,,Datas:,,Medições,Data / Hora,Temperatura,Umidade,26/07/2025 - 18:15,"22,00","45,00",Betha Eletrônica Ltda,1/1
Coleta de Dados - UMMI,Impressão: 08/08/2025  9:23.09,Grupo:,TH-04-R,Equipamento:  1 - UMMI,Coleta:,04/08/2025 - 08:56,Registros:   Total: 2.864        Exibidos: 2.864,Data da Coleta:,04/08/2025,Exibição de Dados,Temperatura:,,Umidade:,,Datas:,,Medições,Data / Hora,Temperatura,Umidade,26/07/2025 - 18:20,"22,00","43,00",Betha Eletrônica Ltda,1/1
Coleta de Dados - UMMI,Impressão: 08/08/2025  9:23.09,Grupo:,TH-04-R,Equipamento:  1 - UMMI,Coleta:,04/08/2025 - 08:56,Registros:   Total: 2.864        Exibidos: 2.864,Data da Coleta:,04/08/2025,Exibição de Dados,Temperatura:,,Umidade:,,Datas:,,Medições,Data / Hora,Temperatura,Umidade,26/07/2025 - 18:25,"23,00","55,00",Betha Eletrônica Ltda,1/1
Coleta de Dados - UMMI,Impressão: 08/08/2025  9:23.09,Grupo:,TH-04-R,Equipamento:  1 - UMMI,Coleta:,04/08/2025 - 08:56,Registros:   Total: 2.864        Exibidos: 2.864,Data da Coleta:,04/08/2025,Exibição de Dados,Temperatura:,,Umidade:,,Datas:,,Medições,Data / Hora,Temperatura,Umidade,26/07/2025 - 18:30,"23,00","40,00",Betha Eletrônica Ltda,1/1
Coleta de Dados - UMMI,Impressão: 08/08/2025  9:23.09,Grupo:,TH-04-R,Equipamento:  1 - UMMI,Coleta:,04/08/2025 - 08:56,Registros:   Total: 2.864        Exibidos: 2.864,Data da Coleta:,04/08/2025,Exibição de Dados,Temperatura:,,Umidade:,,Datas:,,Medições,Data / Hora,Temperatura,Umidade,26/07/2025 - 18:35,"23,00","54,00",Betha Eletrônica Ltda,1/1
Coleta de Dados - UMMI,Impressão: 08/08/2025  9:23.09,Grupo:,TH-04-R,Equipamento:  1 - UMMI,Coleta:,04/08/2025 - 08:56,Registros:   Total: 2.864        Exibidos: 2.864,Data da Coleta:,04/08/2025,Exibição de Dados,Temperatura:,,Umidade:,,Datas:,,Medições,Data / Hora,Temperatura,Umidade,26/07/2025 - 18:40,"22,00","43,00",Betha Eletrônica Ltda,1/1
Coleta de Dados - UMMI,Impressão: 08/08/2025  9:23.09,Grupo:,TH-04-R,Equipamento:  1 - UMMI,Coleta:,04/08/2025 - 08:56,Registros:   Total: 2.864        Exibidos: 2.864,Data da Coleta:,04/08/2025,Exibição de Dados,Temperatura:,,Umidade:,,Datas:,,Medições,Data / Hora,Temperatura,Umidade,26/07/2025 - 18:45,"22,00","46,00",Betha Eletrônica Ltda,1/1
Coleta de Dados - UMMI,Impressão: 08/08/2025  9:23.09,Grupo:,TH-04-R,Equipamento:  1 - UMMI,Coleta:,04/08/2025 - 08:56,Registros:   Total: 2.864        Exibidos: 2.864,Data da Coleta:,04/08/2025,Exibição de Dados,Temperatura:,,Umidade:,,Datas:,,Medições,Data / Hora,Temperatura,Umidade,26/07/2025 - 18:50,"22,00","53,00",Betha Eletrônica Ltda,1/1
Coleta de Dados - UMMI,Impressão: 08/08/2025  9:23.09,Grupo:,TH-04-R,Equipamento:  1 - UMMI,Coleta:,04/08/2025 - 08:56,Registros:   Total: 2.864        Exibidos: 2.864,Data da Coleta:,04/08/2025,Exibição de Dados,Temperatura:,,Umidade:,,Datas:,,Medições,Data / Hora,Temperatura,Umidade,26/07/2025 - 18:55,"23,00","42,00",Betha Eletrônica Ltda,1/1
Coleta de Dados - UMMI,Impressão: 08/08/2025  9:23.09,Grupo:,TH-04-R,Equipamento:  1 - UMMI,Coleta:,04/08/2025 - 08:56,Registros:   Total: 2.864        Exibidos: 2.864,Data da Coleta:,04/08/2025,Exibição de Dados,Temperatura:,,Umidade:,,Datas:,,Medições,Data / Hora,Temperatura,Umidade,26/07/2025 - 19:00,"23,00","53,00",Betha Eletrônica Ltda,1/1
Coleta de Dados - UMMI,Impressão: 08/08/2025  9:23.09,Grupo:,TH-04-R,Equipamento:  1 - UMMI,Coleta:,04/08/2025 - 08:56,Registros:   Total: 2.864        Exibidos: 2.864,Data da Coleta:,04/08/2025,Exibição de Dados,Temperatura:,,Umidade:,,Datas:,,Medições,Data / Hora,Temperatura,Umidade,26/07/2025 - 19:05,"23,00","43,00",Betha Eletrônica Ltda,1/1
Coleta de Dados - UMMI,Impressão: 08/08/2025  9:23.09,Grupo:,TH-04-R,Equipamento:  1 - UMMI,Coleta:,04/08/2025 - 08:56,Registros:   Total: 2.864        Exibidos: 2.864,Data da Coleta:,04/08/2025,Exibição de Dados,Temperatura:,,Umidade:,,Datas:,,Medições,Data / Hora,Temperatura,Umidade,26/07/2025 - 19:10,"22,00","48,00",Betha Eletrônica Ltda,1/1
Coleta de Dados - UMMI,Impressão: 08/08/2025  9:23.09,Grupo:,TH-04-R,Equipamento:  1 - UMMI,Coleta:,04/08/2025 - 08:56,Registros:   Total: 2.864        Exibidos: 2.864,Data da Coleta:,04/08/2025,Exibição de Dados,Temperatura:,,Umidade:,,Datas:,,Medições,Data / Hora,Temperatura,Umidade,26/07/2025 - 19:15,"22,00","51,00",Betha Eletrônica Ltda,1/1
Coleta de Dados - UMMI,Impressão: 08/08/2025  9:23.09,Grupo:,TH-04-R,Equipamento:  1 - UMMI,Coleta:,04/08/2025 - 08:56,Registros:   Total: 2.864        Exibidos: 2.864,Data da Coleta:,04/08/2025,Exibição de Dados,Temperatura:,,Umidade:,,Datas:,,Medições,Data / Hora,Temperatura,Umidade,26/07/2025 - 19:20,"23,00","43,00",Betha Eletrônica Ltda,1/1
Coleta de Dados - UMMI,Impressão: 08/08/2025  9:23.09,Grupo:,TH-04-R,Equipamento:  1 - UMMI,Coleta:,04/08/2025 - 08:56,Registros:   Total: 2.864        Exibidos: 2.864,Data da Coleta:,04/08/2025,Exibição de Dados,Temperatura:,,Umidade:,,Datas:,,Medições,Data / Hora,Temperatura,Umidade,26/07/2025 - 19:25,"23,00","50,00",Betha Eletrônica Ltda,1/1
Coleta de Dados - UMMI,Impressão: 08/08/2025  9:23.09,Grupo:,TH-04-R,Equipamento:  1 - UMMI,Coleta:,04/08/2025 - 08:56,Registros:   Total: 2.864        Exibidos: 2.864,Data da Coleta:,04/08/2025,Exibição de Dados,Temperatura:,,Umidade:,,Datas:,,Medições,Data / Hora,Temperatura,Umidade,26/07/2025 - 19:30,"23,00","45,00",Betha Eletrônica Ltda,1/1
Coleta de Dados - UMMI,Impressão: 08/08/2025  9:23.09,Grupo:,TH-04-R,Equipamento:  1 - UMMI,Coleta:,04/08/2025 - 08:56,Registros:   Total: 2.864        Exibidos: 2.864,Data da Coleta:,04/08/2025,Exibição de Dados,Temperatura:,,Umidade:,,Datas:,,Medições,Data / Hora,Temperatura,Umidade,26/07/2025 - 19:35,"22,00","52,00",Betha Eletrônica Ltda,1/1
Coleta de Dados - UMMI,Impressão: 08/08/2025  9:23.09,Grupo:,TH-04-R,Equipamento:  1 - UMMI,Coleta:,04/08/2025 - 08:56,Registros:   Total: 2.864        Exibidos: 2.864,Data da Coleta:,04/08/2025,Exibição de Dados,Temperatura:,,Umidade:,,Datas:,,Medições,Data / Hora,Temperatura,Umidade,26/07/2025 - 19:40,"22,00","45,00",Betha Eletrônica Ltda,1/1
Coleta de Dados - UMMI,Impressão: 08/08/2025  9:23.09,Grupo:,TH-04-R,Equipamento:  1 - UMMI,Coleta:,04/08/2025 - 08:56,Registros:   Total: 2.864        Exibidos: 2.864,Data da Coleta:,04/08/2025,Exibição de Dados,Temperatura:,,Umidade:,,Datas:,,Medições,Data / Hora,Temperatura,Umidade,26/07/2025 - 19:45,"22,00","45,00",Betha Eletrônica Ltda,1/1
Coleta de Dados - UMMI,Impressão: 08/08/2025  9:23.09,Grupo:,TH-04-R,Equipamento:  1 - UMMI,Coleta:,04/08/2025 - 08:56,Registros:   Total: 2.864        Exibidos: 2.864,Data da Coleta:,04/08/2025,Exibição de Dados,Temperatura:,,Umidade:,,Datas:,,Medições,Data / Hora,Temperatura,Umidade,26/07/2025 - 19:50,"23,00","49,00",Betha Eletrônica Ltda,1/1
Coleta de Dados - UMMI,Impressão: 08/08/2025  9:23.09,Grupo:,TH-04-R,Equipamento:  1 - UMMI,Coleta:,04/08/2025 - 08:56,Registros:   Total: 2.864        Exibidos: 2.864,Data da Coleta:,04/08/2025,Exibição de Dados,Temperatura:,,Umidade:,,Datas:,,Medições,Data / Hora,Temperatura,Umidade,26/07/2025 - 19:55,"23,00","46,00",Betha Eletrônica Ltda,1/1
Coleta de Dados - UMMI,Impressão: 08/08/2025  9:23.09,Grupo:,TH-04-R,Equipamento:  1 - UMMI,Coleta:,04/08/2025 - 08:56,Registros:   Total: 2.864        Exibidos: 2.864,Data da Coleta:,04/08/2025,Exibição de Dados,Temperatura:,,Umidade:,,Datas:,,Medições,Data / Hora,Temperatura,Umidade,26/07/2025 - 20:00,"22,00","49,00",Betha Eletrônica Ltda,1/1
Coleta de Dados - UMMI,Impressão: 08/08/2025  9:23.09,Grupo:,TH-04-R,Equipamento:  1 - UMMI,Coleta:,04/08/2025 - 08:56,Registros:   Total: 2.864        Exibidos: 2.864,Data da Coleta:,04/08/2025,Exibição de Dados,Temperatura:,,Umidade:,,Datas:,,Medições,Data / Hora,Temperatura,Umidade,26/07/2025 - 20:05,"22,00","45,00",Betha Eletrônica Ltda,1/1
Coleta de Dados - UMMI,Impressão: 08/08/2025  9:23.09,Grupo:,TH-04-R,Equipamento:  1 - UMMI,Coleta:,04/08/2025 - 08:56,Registros:   Total: 2.864        Exibidos: 2.864,Data da Coleta:,04/08/2025,Exibição de Dados,Temperatura:,,Umidade:,,Datas:,,Medições,Data / Hora,Temperatura,Umidade,26/07/2025 - 20:10,"22,00","55,00",Betha Eletrônica Ltda,1/1
Coleta de Dados - UMMI,Impressão: 08/08/2025  9:23.09,Grupo:,TH-04-R,Equipamento:  1 - UMMI,Coleta:,04/08/2025 - 08:56,Registros:   Total: 2.864        Exibidos: 2.864,Data da Coleta:,04/08/2025,Exibição de Dados,Temperatura:,,Umidade:,,Datas:,,Medições,Data / Hora,Temperatura,Umidade,26/07/2025 - 20:15,"22,00","41,00",Betha Eletrônica Ltda,1/1
Coleta de Dados - UMMI,Impressão: 08/08/2025  9:23.09,Grupo:,TH-04-R,Equipamento:  1 - UMMI,Coleta:,04/08/2025 - 08:56,Registros:   Total: 2.864        Exibidos: 2.864,Data da Coleta:,04/08/2025,Exibição de Dados,Temperatura:,,Umidade:,,Datas:,,Medições,Data / Hora,Temperatura,Umidade,26/07/2025 - 20:20,"23,00","54,00",Betha Eletrônica Ltda,1/1
Coleta de Dados - UMMI,Impressão: 08/08/2025  9:23.09,Grupo:,TH-04-R,Equipamento:  1 - UMMI,Coleta:,04/08/2025 - 08:56,Registros:   Total: 2.864        Exibidos: 2.864,Data da Coleta:,04/08/2025,Exibição de Dados,Temperatura:,,Umidade:,,Datas:,,Medições,Data / Hora,Temperatura,Umidade,26/07/2025 - 20:25,"23,00","42,00",Betha Eletrônica Ltda,1/1
Coleta de Dados - UMMI,Impressão: 08/08/2025  9:23.09,Grupo:,TH-04-R,Equipamento:  1 - UMMI,Coleta:,04/08/2025 - 08:56,Registros:   Total: 2.864        Exibidos: 2.864,Data da Coleta:,04/08/2025,Exibição de Dados,Temperatura:,,Umidade:,,Datas:,,Medições,Data / Hora,Temperatura,Umidade,26/07/2025 - 20:30,"22,00","53,00",Betha Eletrônica Ltda,1/1
Coleta de Dados - UMMI,Impressão: 08/08/2025  9:23.09,Grupo:,TH-04-R,Equipamento:  1 - UMMI,Coleta:,04/08/2025 - 08:56,Registros:   Total: 2.864        Exibidos: 2.864,Data da Coleta:,04/08/2025,Exibição de Dados,Temperatura:,,Umidade:,,Datas:,,Medições,Data / Hora,Temperatura,Umidade,26/07/2025 - 20:35,"22,00","43,00",Betha Eletrônica Ltda,1/1
Coleta de Dados - UMMI,Impressão: 08/08/2025  9:23.09,Grupo:,TH-04-R,Equipamento:  1 - UMMI,Coleta:,04/08/2025 - 08:56,Registros:   Total: 2.864        Exibidos: 2.864,Data da Coleta:,04/08/2025,Exibição de Dados,Temperatura:,,Umidade:,,Datas:,,Medições,Data / Hora,Temperatura,Umidade,26/07/2025 - 20:40,"22,00","51,00",Betha Eletrônica Ltda,1/1
Coleta de Dados - UMMI,Impressão: 08/08/2025  9:23.09,Grupo:,TH-04-R,Equipamento:  1 - UMMI,Coleta:,04/08/2025 - 08:56,Registros:   Total: 2.864        Exibidos: 2.864,Data da Coleta:,04/08/2025,Exibição de Dados,Temperatura:,,Umidade:,,Datas:,,Medições,Data / Hora,Temperatura,Umidade,26/07/2025 - 20:45,"22,00","39,00",Betha Eletrônica Ltda,1/1
Coleta de Dados - UMMI,Impressão: 08/08/2025  9:23.09,Grupo:,TH-04-R,Equipamento:  1 - UMMI,Coleta:,04/08/2025 - 08:56,Registros:   Total: 2.864        Exibidos: 2.864,Data da Coleta:,04/08/2025,Exibição de Dados,Temperatura:,,Umidade:,,Datas:,,Medições,Data / Hora,Temperatura,Umidade,26/07/2025 - 20:50,"23,00","55,00",Betha Eletrônica Ltda,1/1
Coleta de Dados - UMMI,Impressão: 08/08/2025  9:23.09,Grupo:,TH-04-R,Equipamento:  1 - UMMI,Coleta:,04/08/2025 - 08:56,Registros:   Total: 2.864        Exibidos: 2.864,Data da Coleta:,04/08/2025,Exibição de Dados,Temperatura:,,Umidade:,,Datas:,,Medições,Data / Hora,Temperatura,Umidade,26/07/2025 - 20:55,"23,00","41,00",Betha Eletrônica Ltda,1/1
Coleta de Dados - UMMI,Impressão: 08/08/2025  9:23.09,Grupo:,TH-04-R,Equipamento:  1 - UMMI,Coleta:,04/08/2025 - 08:56,Registros:   Total: 2.864        Exibidos: 2.864,Data da Coleta:,04/08/2025,Exibição de Dados,Temperatura:,,Umidade:,,Datas:,,Medições,Data / Hora,Temperatura,Umidade,26/07/2025 - 21:00,"22,00","54,00",Betha Eletrônica Ltda,1/1
Coleta de Dados - UMMI,Impressão: 08/08/2025  9:23.09,Grupo:,TH-04-R,Equipamento:  1 - UMMI,Coleta:,04/08/2025 - 08:56,Registros:   Total: 2.864        Exibidos: 2.864,Data da Coleta:,04/08/2025,Exibição de Dados,Temperatura:,,Umidade:,,Datas:,,Medições,Data / Hora,Temperatura,Umidade,26/07/2025 - 21:05,"21,00","44,00",Betha Eletrônica Ltda,1/1
Coleta de Dados - UMMI,Impressão: 08/08/2025  9:23.09,Grupo:,TH-04-R,Equipamento:  1 - UMMI,Coleta:,04/08/2025 - 08:56,Registros:   Total: 2.864        Exibidos: 2.864,Data da Coleta:,04/08/2025,Exibição de Dados,Temperatura:,,Umidade:,,Datas:,,Medições,Data / Hora,Temperatura,Umidade,26/07/2025 - 21:10,"22,00","48,00",Betha Eletrônica Ltda,1/1
Coleta de Dados - UMMI,Impressão: 08/08/2025  9:23.09,Grupo:,TH-04-R,Equipamento:  1 - UMMI,Coleta:,04/08/2025 - 08:56,Registros:   Total: 2.864        Exibidos: 2.864,Data da Coleta:,04/08/2025,Exibição de Dados,Temperatura:,,Umidade:,,Datas:,,Medições,Data / Hora,Temperatura,Umidade,26/07/2025 - 21:15,"22,00","42,00",Betha Eletrônica Ltda,1/1
Coleta de Dados - UMMI,Impressão: 08/08/2025  9:23.09,Grupo:,TH-04-R,Equipamento:  1 - UMMI,Coleta:,04/08/2025 - 08:56,Registros:   Total: 2.864        Exibidos: 2.864,Data da Coleta:,04/08/2025,Exibição de Dados,Temperatura:,,Umidade:,,Datas:,,Medições,Data / Hora,Temperatura,Umidade,26/07/2025 - 21:20,"23,00","51,00",Betha Eletrônica Ltda,1/1
Coleta de Dados - UMMI,Impressão: 08/08/2025  9:23.09,Grupo:,TH-04-R,Equipamento:  1 - UMMI,Coleta:,04/08/2025 - 08:56,Registros:   Total: 2.864        Exibidos: 2.864,Data da Coleta:,04/08/2025,Exibição de Dados,Temperatura:,,Umidade:,,Datas:,,Medições,Data / Hora,Temperatura,Umidade,26/07/2025 - 21:25,"23,00","41,00",Betha Eletrônica Ltda,1/1
Coleta de Dados - UMMI,Impressão: 08/08/2025  9:23.09,Grupo:,TH-04-R,Equipamento:  1 - UMMI,Coleta:,04/08/2025 - 08:56,Registros:   Total: 2.864        Exibidos: 2.864,Data da Coleta:,04/08/2025,Exibição de Dados,Temperatura:,,Umidade:,,Datas:,,Medições,Data / Hora,Temperatura,Umidade,26/07/2025 - 21:30,"22,00","51,00",Betha Eletrônica Ltda,1/1
Coleta de Dados - UMMI,Impressão: 08/08/2025  9:23.09,Grupo:,TH-04-R,Equipamento:  1 - UMMI,Coleta:,04/08/2025 - 08:56,Registros:   Total: 2.864        Exibidos: 2.864,Data da Coleta:,04/08/2025,Exibição de Dados,Temperatura:,,Umidade:,,Datas:,,Medições,Data / Hora,Temperatura,Umidade,26/07/2025 - 21:35,"21,00","45,00",Betha Eletrônica Ltda,1/1
Coleta de Dados - UMMI,Impressão: 08/08/2025  9:23.09,Grupo:,TH-04-R,Equipamento:  1 - UMMI,Coleta:,04/08/2025 - 08:56,Registros:   Total: 2.864        Exibidos: 2.864,Data da Coleta:,04/08/2025,Exibição de Dados,Temperatura:,,Umidade:,,Datas:,,Medições,Data / Hora,Temperatura,Umidade,26/07/2025 - 21:40,"22,00","44,00",Betha Eletrônica Ltda,1/1
Coleta de Dados - UMMI,Impressão: 08/08/2025  9:23.09,Grupo:,TH-04-R,Equipamento:  1 - UMMI,Coleta:,04/08/2025 - 08:56,Registros:   Total: 2.864        Exibidos: 2.864,Data da Coleta:,04/08/2025,Exibição de Dados,Temperatura:,,Umidade:,,Datas:,,Medições,Data / Hora,Temperatura,Umidade,26/07/2025 - 21:45,"22,00","50,00",Betha Eletrônica Ltda,1/1
Coleta de Dados - UMMI,Impressão: 08/08/2025  9:23.09,Grupo:,TH-04-R,Equipamento:  1 - UMMI,Coleta:,04/08/2025 - 08:56,Registros:   Total: 2.864        Exibidos: 2.864,Data da Coleta:,04/08/2025,Exibição de Dados,Temperatura:,,Umidade:,,Datas:,,Medições,Data / Hora,Temperatura,Umidade,26/07/2025 - 21:50,"23,00","45,00",Betha Eletrônica Ltda,1/1
Coleta de Dados - UMMI,Impressão: 08/08/2025  9:23.09,Grupo:,TH-04-R,Equipamento:  1 - UMMI,Coleta:,04/08/2025 - 08:56,Registros:   Total: 2.864        Exibidos: 2.864,Data da Coleta:,04/08/2025,Exibição de Dados,Temperatura:,,Umidade:,,Datas:,,Medições,Data / Hora,Temperatura,Umidade,26/07/2025 - 21:55,"22,00","45,00",Betha Eletrônica Ltda,1/1
Coleta de Dados - UMMI,Impressão: 08/08/2025  9:23.09,Grupo:,TH-04-R,Equipamento:  1 - UMMI,Coleta:,04/08/2025 - 08:56,Registros:   Total: 2.864        Exibidos: 2.864,Data da Coleta:,04/08/2025,Exibição de Dados,Temperatura:,,Umidade:,,Datas:,,Medições,Data / Hora,Temperatura,Umidade,26/07/2025 - 22:00,"22,00","48,00",Betha Eletrônica Ltda,1/1
Coleta de Dados - UMMI,Impressão: 08/08/2025  9:23.09,Grupo:,TH-04-R,Equipamento:  1 - UMMI,Coleta:,04/08/2025 - 08:56,Registros:   Total: 2.864        Exibidos: 2.864,Data da Coleta:,04/08/2025,Exibição de Dados,Temperatura:,,Umidade:,,Datas:,,Medições,Data / Hora,Temperatura,Umidade,26/07/2025 - 22:05,"21,00","50,00",Betha Eletrônica Ltda,1/1
Coleta de Dados - UMMI,Impressão: 08/08/2025  9:23.09,Grupo:,TH-04-R,Equipamento:  1 - UMMI,Coleta:,04/08/2025 - 08:56,Registros:   Total: 2.864        Exibidos: 2.864,Data da Coleta:,04/08/2025,Exibição de Dados,Temperatura:,,Umidade:,,Datas:,,Medições,Data / Hora,Temperatura,Umidade,26/07/2025 - 22:10,"22,00","44,00",Betha Eletrônica Ltda,1/1
Coleta de Dados - UMMI,Impressão: 08/08/2025  9:23.09,Grupo:,TH-04-R,Equipamento:  1 - UMMI,Coleta:,04/08/2025 - 08:56,Registros:   Total: 2.864        Exibidos: 2.864,Data da Coleta:,04/08/2025,Exibição de Dados,Temperatura:,,Umidade:,,Datas:,,Medições,Data / Hora,Temperatura,Umidade,26/07/2025 - 22:15,"22,00","50,00",Betha Eletrônica Ltda,1/1
Coleta de Dados - UMMI,Impressão: 08/08/2025  9:23.09,Grupo:,TH-04-R,Equipamento:  1 - UMMI,Coleta:,04/08/2025 - 08:56,Registros:   Total: 2.864        Exibidos: 2.864,Data da Coleta:,04/08/2025,Exibição de Dados,Temperatura:,,Umidade:,,Datas:,,Medições,Data / Hora,Temperatura,Umidade,26/07/2025 - 22:20,"23,00","46,00",Betha Eletrônica Ltda,1/1
Coleta de Dados - UMMI,Impressão: 08/08/2025  9:23.09,Grupo:,TH-04-R,Equipamento:  1 - UMMI,Coleta:,04/08/2025 - 08:56,Registros:   Total: 2.864        Exibidos: 2.864,Data da Coleta:,04/08/2025,Exibição de Dados,Temperatura:,,Umidade:,,Datas:,,Medições,Data / Hora,Temperatura,Umidade,26/07/2025 - 22:25,"22,00","45,00",Betha Eletrônica Ltda,1/1
Coleta de Dados - UMMI,Impressão: 08/08/2025  9:23.09,Grupo:,TH-04-R,Equipamento:  1 - UMMI,Coleta:,04/08/2025 - 08:56,Registros:   Total: 2.864        Exibidos: 2.864,Data da Coleta:,04/08/2025,Exibição de Dados,Temperatura:,,Umidade:,,Datas:,,Medições,Data / Hora,Temperatura,Umidade,26/07/2025 - 22:30,"22,00","48,00",Betha Eletrônica Ltda,1/1
Coleta de Dados - UMMI,Impressão: 08/08/2025  9:23.09,Grupo:,TH-04-R,Equipamento:  1 - UMMI,Coleta:,04/08/2025 - 08:56,Registros:   Total: 2.864        Exibidos: 2.864,Data da Coleta:,04/08/2025,Exibição de Dados,Temperatura:,,Umidade:,,Datas:,,Medições,Data / Hora,Temperatura,Umidade,26/07/2025 - 22:35,"22,00","50,00",Betha Eletrônica Ltda,1/1
Coleta de Dados - UMMI,Impressão: 08/08/2025  9:23.09,Grupo:,TH-04-R,Equipamento:  1 - UMMI,Coleta:,04/08/2025 - 08:56,Registros:   Total: 2.864        Exibidos: 2.864,Data da Coleta:,04/08/2025,Exibição de Dados,Temperatura:,,Umidade:,,Datas:,,Medições,Data / Hora,Temperatura,Umidade,26/07/2025 - 22:40,"22,00","43,00",Betha Eletrônica Ltda,1/1
Coleta de Dados - UMMI,Impressão: 08/08/2025  9:23.09,Grupo:,TH-04-R,Equipamento:  1 - UMMI,Coleta:,04/08/2025 - 08:56,Registros:   Total: 2.864        Exibidos: 2.864,Data da Coleta:,04/08/2025,Exibição de Dados,Temperatura:,,Umidade:,,Datas:,,Medições,Data / Hora,Temperatura,Umidade,26/07/2025 - 22:45,"22,00","51,00",Betha Eletrônica Ltda,1/1
Coleta de Dados - UMMI,Impressão: 08/08/2025  9:23.09,Grupo:,TH-04-R,Equipamento:  1 - UMMI,Coleta:,04/08/2025 - 08:56,Registros:   Total: 2.864        Exibidos: 2.864,Data da Coleta:,04/08/2025,Exibição de Dados,Temperatura:,,Umidade:,,Datas:,,Medições,Data / Hora,Temperatura,Umidade,26/07/2025 - 22:50,"23,00","46,00",Betha Eletrônica Ltda,1/1
Coleta de Dados - UMMI,Impressão: 08/08/2025  9:23.09,Grupo:,TH-04-R,Equipamento:  1 - UMMI,Coleta:,04/08/2025 - 08:56,Registros:   Total: 2.864        Exibidos: 2.864,Data da Coleta:,04/08/2025,Exibição de Dados,Temperatura:,,Umidade:,,Datas:,,Medições,Data / Hora,Temperatura,Umidade,26/07/2025 - 22:55,"23,00","47,00",Betha Eletrônica Ltda,1/1
Coleta de Dados - UMMI,Impressão: 08/08/2025  9:23.09,Grupo:,TH-04-R,Equipamento:  1 - UMMI,Coleta:,04/08/2025 - 08:56,Registros:   Total: 2.864        Exibidos: 2.864,Data da Coleta:,04/08/2025,Exibição de Dados,Temperatura:,,Umidade:,,Datas:,,Medições,Data / Hora,Temperatura,Umidade,26/07/2025 - 23:00,"22,00","48,00",Betha Eletrônica Ltda,1/1
Coleta de Dados - UMMI,Impressão: 08/08/2025  9:23.09,Grupo:,TH-04-R,Equipamento:  1 - UMMI,Coleta:,04/08/2025 - 08:56,Registros:   Total: 2.864        Exibidos: 2.864,Data da Coleta:,04/08/2025,Exibição de Dados,Temperatura:,,Umidade:,,Datas:,,Medições,Data / Hora,Temperatura,Umidade,26/07/2025 - 23:05,"21,00","52,00",Betha Eletrônica Ltda,1/1
Coleta de Dados - UMMI,Impressão: 08/08/2025  9:23.09,Grupo:,TH-04-R,Equipamento:  1 - UMMI,Coleta:,04/08/2025 - 08:56,Registros:   Total: 2.864        Exibidos: 2.864,Data da Coleta:,04/08/2025,Exibição de Dados,Temperatura:,,Umidade:,,Datas:,,Medições,Data / Hora,Temperatura,Umidade,26/07/2025 - 23:10,"22,00","43,00",Betha Eletrônica Ltda,1/1
Coleta de Dados - UMMI,Impressão: 08/08/2025  9:23.09,Grupo:,TH-04-R,Equipamento:  1 - UMMI,Coleta:,04/08/2025 - 08:56,Registros:   Total: 2.864        Exibidos: 2.864,Data da Coleta:,04/08/2025,Exibição de Dados,Temperatura:,,Umidade:,,Datas:,,Medições,Data / Hora,Temperatura,Umidade,26/07/2025 - 23:15,"22,00","52,00",Betha Eletrônica Ltda,1/1
Coleta de Dados - UMMI,Impressão: 08/08/2025  9:23.09,Grupo:,TH-04-R,Equipamento:  1 - UMMI,Coleta:,04/08/2025 - 08:56,Registros:   Total: 2.864        Exibidos: 2.864,Data da Coleta:,04/08/2025,Exibição de Dados,Temperatura:,,Umidade:,,Datas:,,Medições,Data / Hora,Temperatura,Umidade,26/07/2025 - 23:20,"23,00","45,00",Betha Eletrônica Ltda,1/1
Coleta de Dados - UMMI,Impressão: 08/08/2025  9:23.09,Grupo:,TH-04-R,Equipamento:  1 - UMMI,Coleta:,04/08/2025 - 08:56,Registros:   Total: 2.864        Exibidos: 2.864,Data da Coleta:,04/08/2025,Exibição de Dados,Temperatura:,,Umidade:,,Datas:,,Medições,Data / Hora,Temperatura,Umidade,26/07/2025 - 23:25,"22,00","48,00",Betha Eletrônica Ltda,1/1
Coleta de Dados - UMMI,Impressão: 08/08/2025  9:23.09,Grupo:,TH-04-R,Equipamento:  1 - UMMI,Coleta:,04/08/2025 - 08:56,Registros:   Total: 2.864        Exibidos: 2.864,Data da Coleta:,04/08/2025,Exibição de Dados,Temperatura:,,Umidade:,,Datas:,,Medições,Data / Hora,Temperatura,Umidade,26/07/2025 - 23:30,"22,00","47,00",Betha Eletrônica Ltda,1/1
Coleta de Dados - UMMI,Impressão: 08/08/2025  9:23.09,Grupo:,TH-04-R,Equipamento:  1 - UMMI,Coleta:,04/08/2025 - 08:56,Registros:   Total: 2.864        Exibidos: 2.864,Data da Coleta:,04/08/2025,Exibição de Dados,Temperatura:,,Umidade:,,Datas:,,Medições,Data / Hora,Temperatura,Umidade,26/07/2025 - 23:35,"21,00","53,00",Betha Eletrônica Ltda,1/1
Coleta de Dados - UMMI,Impressão: 08/08/2025  9:23.09,Grupo:,TH-04-R,Equipamento:  1 - UMMI,Coleta:,04/08/2025 - 08:56,Registros:   Total: 2.864        Exibidos: 2.864,Data da Coleta:,04/08/2025,Exibição de Dados,Temperatura:,,Umidade:,,Datas:,,Medições,Data / Hora,Temperatura,Umidade,26/07/2025 - 23:40,"22,00","42,00",Betha Eletrônica Ltda,1/1
Coleta de Dados - UMMI,Impressão: 08/08/2025  9:23.09,Grupo:,TH-04-R,Equipamento:  1 - UMMI,Coleta:,04/08/2025 - 08:56,Registros:   Total: 2.864        Exibidos: 2.864,Data da Coleta:,04/08/2025,Exibição de Dados,Temperatura:,,Umidade:,,Datas:,,Medições,Data / Hora,Temperatura,Umidade,26/07/2025 - 23:45,"22,00","52,00",Betha Eletrônica Ltda,1/1
Coleta de Dados - UMMI,Impressão: 08/08/2025  9:23.09,Grupo:,TH-04-R,Equipamento:  1 - UMMI,Coleta:,04/08/2025 - 08:56,Registros:   Total: 2.864        Exibidos: 2.864,Data da Coleta:,04/08/2025,Exibição de Dados,Temperatura:,,Umidade:,,Datas:,,Medições,Data / Hora,Temperatura,Umidade,26/07/2025 - 23:50,"23,00","46,00",Betha Eletrônica Ltda,1/1
Coleta de Dados - UMMI,Impressão: 08/08/2025  9:23.09,Grupo:,TH-04-R,Equipamento:  1 - UMMI,Coleta:,04/08/2025 - 08:56,Registros:   Total: 2.864        Exibidos: 2.864,Data da Coleta:,04/08/2025,Exibição de Dados,Temperatura:,,Umidade:,,Datas:,,Medições,Data / Hora,Temperatura,Umidade,26/07/2025 - 23:55,"22,00","46,00",Betha Eletrônica Ltda,1/1
Coleta de Dados - UMMI,Impressão: 08/08/2025  9:23.09,Grupo:,TH-04-R,Equipamento:  1 - UMMI,Coleta:,04/08/2025 - 08:56,Registros:   Total: 2.864        Exibidos: 2.864,Data da Coleta:,04/08/2025,Exibição de Dados,Temperatura:,,Umidade:,,Datas:,,Medições,Data / Hora,Temperatura,Umidade,27/07/2025 - 00:00,"22,00","48,00",Betha Eletrônica Ltda,1/1
Coleta de Dados - UMMI,Impressão: 08/08/2025  9:23.09,Grupo:,TH-04-R,Equipamento:  1 - UMMI,Coleta:,04/08/2025 - 08:56,Registros:   Total: 2.864        Exibidos: 2.864,Data da Coleta:,04/08/2025,Exibição de Dados,Temperatura:,,Umidade:,,Datas:,,Medições,Data / Hora,Temperatura,Umidade,27/07/2025 - 00:05,"21,00","53,00",Betha Eletrônica Ltda,1/1
Coleta de Dados - UMMI,Impressão: 08/08/2025  9:23.09,Grupo:,TH-04-R,Equipamento:  1 - UMMI,Coleta:,04/08/2025 - 08:56,Registros:   Total: 2.864        Exibidos: 2.864,Data da Coleta:,04/08/2025,Exibição de Dados,Temperatura:,,Umidade:,,Datas:,,Medições,Data / Hora,Temperatura,Umidade,27/07/2025 - 00:10,"22,00","42,00",Betha Eletrônica Ltda,1/1
Coleta de Dados - UMMI,Impressão: 08/08/2025  9:23.09,Grupo:,TH-04-R,Equipamento:  1 - UMMI,Coleta:,04/08/2025 - 08:56,Registros:   Total: 2.864        Exibidos: 2.864,Data da Coleta:,04/08/2025,Exibição de Dados,Temperatura:,,Umidade:,,Datas:,,Medições,Data / Hora,Temperatura,Umidade,27/07/2025 - 00:15,"22,00","53,00",Betha Eletrônica Ltda,1/1
Coleta de Dados - UMMI,Impressão: 08/08/2025  9:23.09,Grupo:,TH-04-R,Equipamento:  1 - UMMI,Coleta:,04/08/2025 - 08:56,Registros:   Total: 2.864        Exibidos: 2.864,Data da Coleta:,04/08/2025,Exibição de Dados,Temperatura:,,Umidade:,,Datas:,,Medições,Data / Hora,Temperatura,Umidade,27/07/2025 - 00:20,"23,00","45,00",Betha Eletrônica Ltda,1/1
Coleta de Dados - UMMI,Impressão: 08/08/2025  9:23.09,Grupo:,TH-04-R,Equipamento:  1 - UMMI,Coleta:,04/08/2025 - 08:56,Registros:   Total: 2.864        Exibidos: 2.864,Data da Coleta:,04/08/2025,Exibição de Dados,Temperatura:,,Umidade:,,Datas:,,Medições,Data / Hora,Temperatura,Umidade,27/07/2025 - 00:25,"22,00","48,00",Betha Eletrônica Ltda,1/1
Coleta de Dados - UMMI,Impressão: 08/08/2025  9:23.09,Grupo:,TH-04-R,Equipamento:  1 - UMMI,Coleta:,04/08/2025 - 08:56,Registros:   Total: 2.864        Exibidos: 2.864,Data da Coleta:,04/08/2025,Exibição de Dados,Temperatura:,,Umidade:,,Datas:,,Medições,Data / Hora,Temperatura,Umidade,27/07/2025 - 00:30,"22,00","48,00",Betha Eletrônica Ltda,1/1
Coleta de Dados - UMMI,Impressão: 08/08/2025  9:23.09,Grupo:,TH-04-R,Equipamento:  1 - UMMI,Coleta:,04/08/2025 - 08:56,Registros:   Total: 2.864        Exibidos: 2.864,Data da Coleta:,04/08/2025,Exibição de Dados,Temperatura:,,Umidade:,,Datas:,,Medições,Data / Hora,Temperatura,Umidade,27/07/2025 - 00:35,"22,00","52,00",Betha Eletrônica Ltda,1/1
Coleta de Dados - UMMI,Impressão: 08/08/2025  9:23.09,Grupo:,TH-04-R,Equipamento:  1 - UMMI,Coleta:,04/08/2025 - 08:56,Registros:   Total: 2.864        Exibidos: 2.864,Data da Coleta:,04/08/2025,Exibição de Dados,Temperatura:,,Umidade:,,Datas:,,Medições,Data / Hora,Temperatura,Umidade,27/07/2025 - 00:40,"22,00","44,00",Betha Eletrônica Ltda,1/1
Coleta de Dados - UMMI,Impressão: 08/08/2025  9:23.09,Grupo:,TH-04-R,Equipamento:  1 - UMMI,Coleta:,04/08/2025 - 08:56,Registros:   Total: 2.864        Exibidos: 2.864,Data da Coleta:,04/08/2025,Exibição de Dados,Temperatura:,,Umidade:,,Datas:,,Medições,Data / Hora,Temperatura,Umidade,27/07/2025 - 00:45,"22,00","50,00",Betha Eletrônica Ltda,1/1
Coleta de Dados - UMMI,Impressão: 08/08/2025  9:23.09,Grupo:,TH-04-R,Equipamento:  1 - UMMI,Coleta:,04/08/2025 - 08:56,Registros:   Total: 2.864        Exibidos: 2.864,Data da Coleta:,04/08/2025,Exibição de Dados,Temperatura:,,Umidade:,,Datas:,,Medições,Data / Hora,Temperatura,Umidade,27/07/2025 - 00:50,"23,00","47,00",Betha Eletrônica Ltda,1/1
Coleta de Dados - UMMI,Impressão: 08/08/2025  9:23.09,Grupo:,TH-04-R,Equipamento:  1 - UMMI,Coleta:,04/08/2025 - 08:56,Registros:   Total: 2.864        Exibidos: 2.864,Data da Coleta:,04/08/2025,Exibição de Dados,Temperatura:,,Umidade:,,Datas:,,Medições,Data / Hora,Temperatura,Umidade,27/07/2025 - 00:55,"22,00","45,00",Betha Eletrônica Ltda,1/1
Coleta de Dados - UMMI,Impressão: 08/08/2025  9:23.09,Grupo:,TH-04-R,Equipamento:  1 - UMMI,Coleta:,04/08/2025 - 08:56,Registros:   Total: 2.864        Exibidos: 2.864,Data da Coleta:,04/08/2025,Exibição de Dados,Temperatura:,,Umidade:,,Datas:,,Medições,Data / Hora,Temperatura,Umidade,27/07/2025 - 01:00,"22,00","48,00",Betha Eletrônica Ltda,1/1
Coleta de Dados - UMMI,Impressão: 08/08/2025  9:23.09,Grupo:,TH-04-R,Equipamento:  1 - UMMI,Coleta:,04/08/2025 - 08:56,Registros:   Total: 2.864        Exibidos: 2.864,Data da Coleta:,04/08/2025,Exibição de Dados,Temperatura:,,Umidade:,,Datas:,,Medições,Data / Hora,Temperatura,Umidade,27/07/2025 - 01:05,"22,00","52,00",Betha Eletrônica Ltda,1/1
Coleta de Dados - UMMI,Impressão: 08/08/2025  9:23.09,Grupo:,TH-04-R,Equipamento:  1 - UMMI,Coleta:,04/08/2025 - 08:56,Registros:   Total: 2.864        Exibidos: 2.864,Data da Coleta:,04/08/2025,Exibição de Dados,Temperatura:,,Umidade:,,Datas:,,Medições,Data / Hora,Temperatura,Umidade,27/07/2025 - 01:10,"22,00","43,00",Betha Eletrônica Ltda,1/1
Coleta de Dados - UMMI,Impressão: 08/08/2025  9:23.09,Grupo:,TH-04-R,Equipamento:  1 - UMMI,Coleta:,04/08/2025 - 08:56,Registros:   Total: 2.864        Exibidos: 2.864,Data da Coleta:,04/08/2025,Exibição de Dados,Temperatura:,,Umidade:,,Datas:,,Medições,Data / Hora,Temperatura,Umidade,27/07/2025 - 01:15,"22,00","52,00",Betha Eletrônica Ltda,1/1
Coleta de Dados - UMMI,Impressão: 08/08/2025  9:23.09,Grupo:,TH-04-R,Equipamento:  1 - UMMI,Coleta:,04/08/2025 - 08:56,Registros:   Total: 2.864        Exibidos: 2.864,Data da Coleta:,04/08/2025,Exibição de Dados,Temperatura:,,Umidade:,,Datas:,,Medições,Data / Hora,Temperatura,Umidade,27/07/2025 - 01:20,"23,00","46,00",Betha Eletrônica Ltda,1/1
Coleta de Dados - UMMI,Impressão: 08/08/2025  9:23.09,Grupo:,TH-04-R,Equipamento:  1 - UMMI,Coleta:,04/08/2025 - 08:56,Registros:   Total: 2.864        Exibidos: 2.864,Data da Coleta:,04/08/2025,Exibição de Dados,Temperatura:,,Umidade:,,Datas:,,Medições,Data / Hora,Temperatura,Umidade,27/07/2025 - 01:25,"22,00","46,00",Betha Eletrônica Ltda,1/1
Coleta de Dados - UMMI,Impressão: 08/08/2025  9:23.09,Grupo:,TH-04-R,Equipamento:  1 - UMMI,Coleta:,04/08/2025 - 08:56,Registros:   Total: 2.864        Exibidos: 2.864,Data da Coleta:,04/08/2025,Exibição de Dados,Temperatura:,,Umidade:,,Datas:,,Medições,Data / Hora,Temperatura,Umidade,27/07/2025 - 01:30,"22,00","48,00",Betha Eletrônica Ltda,1/1
Coleta de Dados - UMMI,Impressão: 08/08/2025  9:23.09,Grupo:,TH-04-R,Equipamento:  1 - UMMI,Coleta:,04/08/2025 - 08:56,Registros:   Total: 2.864        Exibidos: 2.864,Data da Coleta:,04/08/2025,Exibição de Dados,Temperatura:,,Umidade:,,Datas:,,Medições,Data / Hora,Temperatura,Umidade,27/07/2025 - 01:35,"21,00","52,00",Betha Eletrônica Ltda,1/1
Coleta de Dados - UMMI,Impressão: 08/08/2025  9:23.09,Grupo:,TH-04-R,Equipamento:  1 - UMMI,Coleta:,04/08/2025 - 08:56,Registros:   Total: 2.864        Exibidos: 2.864,Data da Coleta:,04/08/2025,Exibição de Dados,Temperatura:,,Umidade:,,Datas:,,Medições,Data / Hora,Temperatura,Umidade,27/07/2025 - 01:40,"22,00","44,00",Betha Eletrônica Ltda,1/1
Coleta de Dados - UMMI,Impressão: 08/08/2025  9:23.09,Grupo:,TH-04-R,Equipamento:  1 - UMMI,Coleta:,04/08/2025 - 08:56,Registros:   Total: 2.864        Exibidos: 2.864,Data da Coleta:,04/08/2025,Exibição de Dados,Temperatura:,,Umidade:,,Datas:,,Medições,Data / Hora,Temperatura,Umidade,27/07/2025 - 01:45,"22,00","51,00",Betha Eletrônica Ltda,1/1
Coleta de Dados - UMMI,Impressão: 08/08/2025  9:23.09,Grupo:,TH-04-R,Equipamento:  1 - UMMI,Coleta:,04/08/2025 - 08:56,Registros:   Total: 2.864        Exibidos: 2.864,Data da Coleta:,04/08/2025,Exibição de Dados,Temperatura:,,Umidade:,,Datas:,,Medições,Data / Hora,Temperatura,Umidade,27/07/2025 - 01:50,"23,00","46,00",Betha Eletrônica Ltda,1/1
Coleta de Dados - UMMI,Impressão: 08/08/2025  9:23.09,Grupo:,TH-04-R,Equipamento:  1 - UMMI,Coleta:,04/08/2025 - 08:56,Registros:   Total: 2.864        Exibidos: 2.864,Data da Coleta:,04/08/2025,Exibição de Dados,Temperatura:,,Umidade:,,Datas:,,Medições,Data / Hora,Temperatura,Umidade,27/07/2025 - 01:55,"22,00","45,00",Betha Eletrônica Ltda,1/1
Coleta de Dados - UMMI,Impressão: 08/08/2025  9:23.09,Grupo:,TH-04-R,Equipamento:  1 - UMMI,Coleta:,04/08/2025 - 08:56,Registros:   Total: 2.864        Exibidos: 2.864,Data da Coleta:,04/08/2025,Exibição de Dados,Temperatura:,,Umidade:,,Datas:,,Medições,Data / Hora,Temperatura,Umidade,27/07/2025 - 02:00,"22,00","49,00",Betha Eletrônica Ltda,1/1
Coleta de Dados - UMMI,Impressão: 08/08/2025  9:23.09,Grupo:,TH-04-R,Equipamento:  1 - UMMI,Coleta:,04/08/2025 - 08:56,Registros:   Total: 2.864        Exibidos: 2.864,Data da Coleta:,04/08/2025,Exibição de Dados,Temperatura:,,Umidade:,,Datas:,,Medições,Data / Hora,Temperatura,Umidade,27/07/2025 - 02:05,"21,00","52,00",Betha Eletrônica Ltda,1/1
Coleta de Dados - UMMI,Impressão: 08/08/2025  9:23.09,Grupo:,TH-04-R,Equipamento:  1 - UMMI,Coleta:,04/08/2025 - 08:56,Registros:   Total: 2.864        Exibidos: 2.864,Data da Coleta:,04/08/2025,Exibição de Dados,Temperatura:,,Umidade:,,Datas:,,Medições,Data / Hora,Temperatura,Umidade,27/07/2025 - 02:10,"22,00","44,00",Betha Eletrônica Ltda,1/1
Coleta de Dados - UMMI,Impressão: 08/08/2025  9:23.09,Grupo:,TH-04-R,Equipamento:  1 - UMMI,Coleta:,04/08/2025 - 08:56,Registros:   Total: 2.864        Exibidos: 2.864,Data da Coleta:,04/08/2025,Exibição de Dados,Temperatura:,,Umidade:,,Datas:,,Medições,Data / Hora,Temperatura,Umidade,27/07/2025 - 02:15,"22,00","51,00",Betha Eletrônica Ltda,1/1
Coleta de Dados - UMMI,Impressão: 08/08/2025  9:23.09,Grupo:,TH-04-R,Equipamento:  1 - UMMI,Coleta:,04/08/2025 - 08:56,Registros:   Total: 2.864        Exibidos: 2.864,Data da Coleta:,04/08/2025,Exibição de Dados,Temperatura:,,Umidade:,,Datas:,,Medições,Data / Hora,Temperatura,Umidade,27/07/2025 - 02:20,"23,00","47,00",Betha Eletrônica Ltda,1/1
Coleta de Dados - UMMI,Impressão: 08/08/2025  9:23.09,Grupo:,TH-04-R,Equipamento:  1 - UMMI,Coleta:,04/08/2025 - 08:56,Registros:   Total: 2.864        Exibidos: 2.864,Data da Coleta:,04/08/2025,Exibição de Dados,Temperatura:,,Umidade:,,Datas:,,Medições,Data / Hora,Temperatura,Umidade,27/07/2025 - 02:25,"22,00","45,00",Betha Eletrônica Ltda,1/1
Coleta de Dados - UMMI,Impressão: 08/08/2025  9:23.09,Grupo:,TH-04-R,Equipamento:  1 - UMMI,Coleta:,04/08/2025 - 08:56,Registros:   Total: 2.864        Exibidos: 2.864,Data da Coleta:,04/08/2025,Exibição de Dados,Temperatura:,,Umidade:,,Datas:,,Medições,Data / Hora,Temperatura,Umidade,27/07/2025 - 02:30,"22,00","50,00",Betha Eletrônica Ltda,1/1
Coleta de Dados - UMMI,Impressão: 08/08/2025  9:23.09,Grupo:,TH-04-R,Equipamento:  1 - UMMI,Coleta:,04/08/2025 - 08:56,Registros:   Total: 2.864        Exibidos: 2.864,Data da Coleta:,04/08/2025,Exibição de Dados,Temperatura:,,Umidade:,,Datas:,,Medições,Data / Hora,Temperatura,Umidade,27/07/2025 - 02:35,"21,00","51,00",Betha Eletrônica Ltda,1/1
Coleta de Dados - UMMI,Impressão: 08/08/2025  9:23.09,Grupo:,TH-04-R,Equipamento:  1 - UMMI,Coleta:,04/08/2025 - 08:56,Registros:   Total: 2.864        Exibidos: 2.864,Data da Coleta:,04/08/2025,Exibição de Dados,Temperatura:,,Umidade:,,Datas:,,Medições,Data / Hora,Temperatura,Umidade,27/07/2025 - 02:40,"22,00","45,00",Betha Eletrônica Ltda,1/1
Coleta de Dados - UMMI,Impressão: 08/08/2025  9:23.09,Grupo:,TH-04-R,Equipamento:  1 - UMMI,Coleta:,04/08/2025 - 08:56,Registros:   Total: 2.864        Exibidos: 2.864,Data da Coleta:,04/08/2025,Exibição de Dados,Temperatura:,,Umidade:,,Datas:,,Medições,Data / Hora,Temperatura,Umidade,27/07/2025 - 02:45,"22,00","50,00",Betha Eletrônica Ltda,1/1
Coleta de Dados - UMMI,Impressão: 08/08/2025  9:23.09,Grupo:,TH-04-R,Equipamento:  1 - UMMI,Coleta:,04/08/2025 - 08:56,Registros:   Total: 2.864        Exibidos: 2.864,Data da Coleta:,04/08/2025,Exibição de Dados,Temperatura:,,Umidade:,,Datas:,,Medições,Data / Hora,Temperatura,Umidade,27/07/2025 - 02:50,"23,00","47,00",Betha Eletrônica Ltda,1/1
Coleta de Dados - UMMI,Impressão: 08/08/2025  9:23.09,Grupo:,TH-04-R,Equipamento:  1 - UMMI,Coleta:,04/08/2025 - 08:56,Registros:   Total: 2.864        Exibidos: 2.864,Data da Coleta:,04/08/2025,Exibição de Dados,Temperatura:,,Umidade:,,Datas:,,Medições,Data / Hora,Temperatura,Umidade,27/07/2025 - 02:55,"22,00","44,00",Betha Eletrônica Ltda,1/1
Coleta de Dados - UMMI,Impressão: 08/08/2025  9:23.09,Grupo:,TH-04-R,Equipamento:  1 - UMMI,Coleta:,04/08/2025 - 08:56,Registros:   Total: 2.864        Exibidos: 2.864,Data da Coleta:,04/08/2025,Exibição de Dados,Temperatura:,,Umidade:,,Datas:,,Medições,Data / Hora,Temperatura,Umidade,27/07/2025 - 03:00,"22,00","50,00",Betha Eletrônica Ltda,1/1
Coleta de Dados - UMMI,Impressão: 08/08/2025  9:23.09,Grupo:,TH-04-R,Equipamento:  1 - UMMI,Coleta:,04/08/2025 - 08:56,Registros:   Total: 2.864        Exibidos: 2.864,Data da Coleta:,04/08/2025,Exibição de Dados,Temperatura:,,Umidade:,,Datas:,,Medições,Data / Hora,Temperatura,Umidade,27/07/2025 - 03:05,"21,00","52,00",Betha Eletrônica Ltda,1/1
Coleta de Dados - UMMI,Impressão: 08/08/2025  9:23.09,Grupo:,TH-04-R,Equipamento:  1 - UMMI,Coleta:,04/08/2025 - 08:56,Registros:   Total: 2.864        Exibidos: 2.864,Data da Coleta:,04/08/2025,Exibição de Dados,Temperatura:,,Umidade:,,Datas:,,Medições,Data / Hora,Temperatura,Umidade,27/07/2025 - 03:10,"22,00","44,00",Betha Eletrônica Ltda,1/1
Coleta de Dados - UMMI,Impressão: 08/08/2025  9:23.09,Grupo:,TH-04-R,Equipamento:  1 - UMMI,Coleta:,04/08/2025 - 08:56,Registros:   Total: 2.864        Exibidos: 2.864,Data da Coleta:,04/08/2025,Exibição de Dados,Temperatura:,,Umidade:,,Datas:,,Medições,Data / Hora,Temperatura,Umidade,27/07/2025 - 03:15,"22,00","50,00",Betha Eletrônica Ltda,1/1
Coleta de Dados - UMMI,Impressão: 08/08/2025  9:23.09,Grupo:,TH-04-R,Equipamento:  1 - UMMI,Coleta:,04/08/2025 - 08:56,Registros:   Total: 2.864        Exibidos: 2.864,Data da Coleta:,04/08/2025,Exibição de Dados,Temperatura:,,Umidade:,,Datas:,,Medições,Data / Hora,Temperatura,Umidade,27/07/2025 - 03:20,"23,00","47,00",Betha Eletrônica Ltda,1/1
Coleta de Dados - UMMI,Impressão: 08/08/2025  9:23.09,Grupo:,TH-04-R,Equipamento:  1 - UMMI,Coleta:,04/08/2025 - 08:56,Registros:   Total: 2.864        Exibidos: 2.864,Data da Coleta:,04/08/2025,Exibição de Dados,Temperatura:,,Umidade:,,Datas:,,Medições,Data / Hora,Temperatura,Umidade,27/07/2025 - 03:25,"22,00","44,00",Betha Eletrônica Ltda,1/1
Coleta de Dados - UMMI,Impressão: 08/08/2025  9:23.09,Grupo:,TH-04-R,Equipamento:  1 - UMMI,Coleta:,04/08/2025 - 08:56,Registros:   Total: 2.864        Exibidos: 2.864,Data da Coleta:,04/08/2025,Exibição de Dados,Temperatura:,,Umidade:,,Datas:,,Medições,Data / Hora,Temperatura,Umidade,27/07/2025 - 03:30,"22,00","50,00",Betha Eletrônica Ltda,1/1
Coleta de Dados - UMMI,Impressão: 08/08/2025  9:23.09,Grupo:,TH-04-R,Equipamento:  1 - UMMI,Coleta:,04/08/2025 - 08:56,Registros:   Total: 2.864        Exibidos: 2.864,Data da Coleta:,04/08/2025,Exibição de Dados,Temperatura:,,Umidade:,,Datas:,,Medições,Data / Hora,Temperatura,Umidade,27/07/2025 - 03:35,"21,00","51,00",Betha Eletrônica Ltda,1/1
Coleta de Dados - UMMI,Impressão: 08/08/2025  9:23.09,Grupo:,TH-04-R,Equipamento:  1 - UMMI,Coleta:,04/08/2025 - 08:56,Registros:   Total: 2.864        Exibidos: 2.864,Data da Coleta:,04/08/2025,Exibição de Dados,Temperatura:,,Umidade:,,Datas:,,Medições,Data / Hora,Temperatura,Umidade,27/07/2025 - 03:40,"22,00","45,00",Betha Eletrônica Ltda,1/1
Coleta de Dados - UMMI,Impressão: 08/08/2025  9:23.09,Grupo:,TH-04-R,Equipamento:  1 - UMMI,Coleta:,04/08/2025 - 08:56,Registros:   Total: 2.864        Exibidos: 2.864,Data da Coleta:,04/08/2025,Exibição de Dados,Temperatura:,,Umidade:,,Datas:,,Medições,Data / Hora,Temperatura,Umidade,27/07/2025 - 03:45,"22,00","49,00",Betha Eletrônica Ltda,1/1
Coleta de Dados - UMMI,Impressão: 08/08/2025  9:23.09,Grupo:,TH-04-R,Equipamento:  1 - UMMI,Coleta:,04/08/2025 - 08:56,Registros:   Total: 2.864        Exibidos: 2.864,Data da Coleta:,04/08/2025,Exibição de Dados,Temperatura:,,Umidade:,,Datas:,,Medições,Data / Hora,Temperatura,Umidade,27/07/2025 - 03:50,"23,00","48,00",Betha Eletrônica Ltda,1/1
Coleta de Dados - UMMI,Impressão: 08/08/2025  9:23.09,Grupo:,TH-04-R,Equipamento:  1 - UMMI,Coleta:,04/08/2025 - 08:56,Registros:   Total: 2.864        Exibidos: 2.864,Data da Coleta:,04/08/2025,Exibição de Dados,Temperatura:,,Umidade:,,Datas:,,Medições,Data / Hora,Temperatura,Umidade,27/07/2025 - 03:55,"22,00","43,00",Betha Eletrônica Ltda,1/1
Coleta de Dados - UMMI,Impressão: 08/08/2025  9:23.09,Grupo:,TH-04-R,Equipamento:  1 - UMMI,Coleta:,04/08/2025 - 08:56,Registros:   Total: 2.864        Exibidos: 2.864,Data da Coleta:,04/08/2025,Exibição de Dados,Temperatura:,,Umidade:,,Datas:,,Medições,Data / Hora,Temperatura,Umidade,27/07/2025 - 04:00,"22,00","52,00",Betha Eletrônica Ltda,1/1
Coleta de Dados - UMMI,Impressão: 08/08/2025  9:23.09,Grupo:,TH-04-R,Equipamento:  1 - UMMI,Coleta:,04/08/2025 - 08:56,Registros:   Total: 2.864        Exibidos: 2.864,Data da Coleta:,04/08/2025,Exibição de Dados,Temperatura:,,Umidade:,,Datas:,,Medições,Data / Hora,Temperatura,Umidade,27/07/2025 - 04:05,"21,00","48,00",Betha Eletrônica Ltda,1/1
Coleta de Dados - UMMI,Impressão: 08/08/2025  9:23.09,Grupo:,TH-04-R,Equipamento:  1 - UMMI,Coleta:,04/08/2025 - 08:56,Registros:   Total: 2.864        Exibidos: 2.864,Data da Coleta:,04/08/2025,Exibição de Dados,Temperatura:,,Umidade:,,Datas:,,Medições,Data / Hora,Temperatura,Umidade,27/07/2025 - 04:10,"22,00","45,00",Betha Eletrônica Ltda,1/1
Coleta de Dados - UMMI,Impressão: 08/08/2025  9:23.09,Grupo:,TH-04-R,Equipamento:  1 - UMMI,Coleta:,04/08/2025 - 08:56,Registros:   Total: 2.864        Exibidos: 2.864,Data da Coleta:,04/08/2025,Exibição de Dados,Temperatura:,,Umidade:,,Datas:,,Medições,Data / Hora,Temperatura,Umidade,27/07/2025 - 04:15,"22,00","48,00",Betha Eletrônica Ltda,1/1
Coleta de Dados - UMMI,Impressão: 08/08/2025  9:23.09,Grupo:,TH-04-R,Equipamento:  1 - UMMI,Coleta:,04/08/2025 - 08:56,Registros:   Total: 2.864        Exibidos: 2.864,Data da Coleta:,04/08/2025,Exibição de Dados,Temperatura:,,Umidade:,,Datas:,,Medições,Data / Hora,Temperatura,Umidade,27/07/2025 - 04:20,"23,00","48,00",Betha Eletrônica Ltda,1/1
Coleta de Dados - UMMI,Impressão: 08/08/2025  9:23.09,Grupo:,TH-04-R,Equipamento:  1 - UMMI,Coleta:,04/08/2025 - 08:56,Registros:   Total: 2.864        Exibidos: 2.864,Data da Coleta:,04/08/2025,Exibição de Dados,Temperatura:,,Umidade:,,Datas:,,Medições,Data / Hora,Temperatura,Umidade,27/07/2025 - 04:25,"22,00","43,00",Betha Eletrônica Ltda,1/1
Coleta de Dados - UMMI,Impressão: 08/08/2025  9:23.09,Grupo:,TH-04-R,Equipamento:  1 - UMMI,Coleta:,04/08/2025 - 08:56,Registros:   Total: 2.864        Exibidos: 2.864,Data da Coleta:,04/08/2025,Exibição de Dados,Temperatura:,,Umidade:,,Datas:,,Medições,Data / Hora,Temperatura,Umidade,27/07/2025 - 04:30,"22,00","52,00",Betha Eletrônica Ltda,1/1
Coleta de Dados - UMMI,Impressão: 08/08/2025  9:23.09,Grupo:,TH-04-R,Equipamento:  1 - UMMI,Coleta:,04/08/2025 - 08:56,Registros:   Total: 2.864        Exibidos: 2.864,Data da Coleta:,04/08/2025,Exibição de Dados,Temperatura:,,Umidade:,,Datas:,,Medições,Data / Hora,Temperatura,Umidade,27/07/2025 - 04:35,"21,00","47,00",Betha Eletrônica Ltda,1/1
Coleta de Dados - UMMI,Impressão: 08/08/2025  9:23.09,Grupo:,TH-04-R,Equipamento:  1 - UMMI,Coleta:,04/08/2025 - 08:56,Registros:   Total: 2.864        Exibidos: 2.864,Data da Coleta:,04/08/2025,Exibição de Dados,Temperatura:,,Umidade:,,Datas:,,Medições,Data / Hora,Temperatura,Umidade,27/07/2025 - 04:40,"22,00","48,00",Betha Eletrônica Ltda,1/1
Coleta de Dados - UMMI,Impressão: 08/08/2025  9:23.09,Grupo:,TH-04-R,Equipamento:  1 - UMMI,Coleta:,04/08/2025 - 08:56,Registros:   Total: 2.864        Exibidos: 2.864,Data da Coleta:,04/08/2025,Exibição de Dados,Temperatura:,,Umidade:,,Datas:,,Medições,Data / Hora,Temperatura,Umidade,27/07/2025 - 04:45,"22,00","44,00",Betha Eletrônica Ltda,1/1
Coleta de Dados - UMMI,Impressão: 08/08/2025  9:23.09,Grupo:,TH-04-R,Equipamento:  1 - UMMI,Coleta:,04/08/2025 - 08:56,Registros:   Total: 2.864        Exibidos: 2.864,Data da Coleta:,04/08/2025,Exibição de Dados,Temperatura:,,Umidade:,,Datas:,,Medições,Data / Hora,Temperatura,Umidade,27/07/2025 - 04:50,"23,00","52,00",Betha Eletrônica Ltda,1/1
Coleta de Dados - UMMI,Impressão: 08/08/2025  9:23.09,Grupo:,TH-04-R,Equipamento:  1 - UMMI,Coleta:,04/08/2025 - 08:56,Registros:   Total: 2.864        Exibidos: 2.864,Data da Coleta:,04/08/2025,Exibição de Dados,Temperatura:,,Umidade:,,Datas:,,Medições,Data / Hora,Temperatura,Umidade,27/07/2025 - 04:55,"22,00","40,00",Betha Eletrônica Ltda,1/1
Coleta de Dados - UMMI,Impressão: 08/08/2025  9:23.09,Grupo:,TH-04-R,Equipamento:  1 - UMMI,Coleta:,04/08/2025 - 08:56,Registros:   Total: 2.864        Exibidos: 2.864,Data da Coleta:,04/08/2025,Exibição de Dados,Temperatura:,,Umidade:,,Datas:,,Medições,Data / Hora,Temperatura,Umidade,27/07/2025 - 05:00,"22,00","55,00",Betha Eletrônica Ltda,1/1
Coleta de Dados - UMMI,Impressão: 08/08/2025  9:23.09,Grupo:,TH-04-R,Equipamento:  1 - UMMI,Coleta:,04/08/2025 - 08:56,Registros:   Total: 2.864        Exibidos: 2.864,Data da Coleta:,04/08/2025,Exibição de Dados,Temperatura:,,Umidade:,,Datas:,,Medições,Data / Hora,Temperatura,Umidade,27/07/2025 - 05:05,"22,00","43,00",Betha Eletrônica Ltda,1/1
Coleta de Dados - UMMI,Impressão: 08/08/2025  9:23.09,Grupo:,TH-04-R,Equipamento:  1 - UMMI,Coleta:,04/08/2025 - 08:56,Registros:   Total: 2.864        Exibidos: 2.864,Data da Coleta:,04/08/2025,Exibição de Dados,Temperatura:,,Umidade:,,Datas:,,Medições,Data / Hora,Temperatura,Umidade,27/07/2025 - 05:10,"22,00","54,00",Betha Eletrônica Ltda,1/1
Coleta de Dados - UMMI,Impressão: 08/08/2025  9:23.09,Grupo:,TH-04-R,Equipamento:  1 - UMMI,Coleta:,04/08/2025 - 08:56,Registros:   Total: 2.864        Exibidos: 2.864,Data da Coleta:,04/08/2025,Exibição de Dados,Temperatura:,,Umidade:,,Datas:,,Medições,Data / Hora,Temperatura,Umidade,27/07/2025 - 05:15,"22,00","40,00",Betha Eletrônica Ltda,1/1
Coleta de Dados - UMMI,Impressão: 08/08/2025  9:23.09,Grupo:,TH-04-R,Equipamento:  1 - UMMI,Coleta:,04/08/2025 - 08:56,Registros:   Total: 2.864        Exibidos: 2.864,Data da Coleta:,04/08/2025,Exibição de Dados,Temperatura:,,Umidade:,,Datas:,,Medições,Data / Hora,Temperatura,Umidade,27/07/2025 - 05:20,"23,00","55,00",Betha Eletrônica Ltda,1/1
Coleta de Dados - UMMI,Impressão: 08/08/2025  9:23.09,Grupo:,TH-04-R,Equipamento:  1 - UMMI,Coleta:,04/08/2025 - 08:56,Registros:   Total: 2.864        Exibidos: 2.864,Data da Coleta:,04/08/2025,Exibição de Dados,Temperatura:,,Umidade:,,Datas:,,Medições,Data / Hora,Temperatura,Umidade,27/07/2025 - 05:25,"23,00","41,00",Betha Eletrônica Ltda,1/1
Coleta de Dados - UMMI,Impressão: 08/08/2025  9:23.09,Grupo:,TH-04-R,Equipamento:  1 - UMMI,Coleta:,04/08/2025 - 08:56,Registros:   Total: 2.864        Exibidos: 2.864,Data da Coleta:,04/08/2025,Exibição de Dados,Temperatura:,,Umidade:,,Datas:,,Medições,Data / Hora,Temperatura,Umidade,27/07/2025 - 05:30,"22,00","53,00",Betha Eletrônica Ltda,1/1
Coleta de Dados - UMMI,Impressão: 08/08/2025  9:23.09,Grupo:,TH-04-R,Equipamento:  1 - UMMI,Coleta:,04/08/2025 - 08:56,Registros:   Total: 2.864        Exibidos: 2.864,Data da Coleta:,04/08/2025,Exibição de Dados,Temperatura:,,Umidade:,,Datas:,,Medições,Data / Hora,Temperatura,Umidade,27/07/2025 - 05:35,"22,00","44,00",Betha Eletrônica Ltda,1/1
Coleta de Dados - UMMI,Impressão: 08/08/2025  9:23.09,Grupo:,TH-04-R,Equipamento:  1 - UMMI,Coleta:,04/08/2025 - 08:56,Registros:   Total: 2.864        Exibidos: 2.864,Data da Coleta:,04/08/2025,Exibição de Dados,Temperatura:,,Umidade:,,Datas:,,Medições,Data / Hora,Temperatura,Umidade,27/07/2025 - 05:40,"22,00","56,00",Betha Eletrônica Ltda,1/1
Coleta de Dados - UMMI,Impressão: 08/08/2025  9:23.09,Grupo:,TH-04-R,Equipamento:  1 - UMMI,Coleta:,04/08/2025 - 08:56,Registros:   Total: 2.864        Exibidos: 2.864,Data da Coleta:,04/08/2025,Exibição de Dados,Temperatura:,,Umidade:,,Datas:,,Medições,Data / Hora,Temperatura,Umidade,27/07/2025 - 05:45,"22,00","40,00",Betha Eletrônica Ltda,1/1
Coleta de Dados - UMMI,Impressão: 08/08/2025  9:23.09,Grupo:,TH-04-R,Equipamento:  1 - UMMI,Coleta:,04/08/2025 - 08:56,Registros:   Total: 2.864        Exibidos: 2.864,Data da Coleta:,04/08/2025,Exibição de Dados,Temperatura:,,Umidade:,,Datas:,,Medições,Data / Hora,Temperatura,Umidade,27/07/2025 - 05:50,"22,00","55,00",Betha Eletrônica Ltda,1/1
Coleta de Dados - UMMI,Impressão: 08/08/2025  9:23.09,Grupo:,TH-04-R,Equipamento:  1 - UMMI,Coleta:,04/08/2025 - 08:56,Registros:   Total: 2.864        Exibidos: 2.864,Data da Coleta:,04/08/2025,Exibição de Dados,Temperatura:,,Umidade:,,Datas:,,Medições,Data / Hora,Temperatura,Umidade,27/07/2025 - 05:55,"23,00","43,00",Betha Eletrônica Ltda,1/1
Coleta de Dados - UMMI,Impressão: 08/08/2025  9:23.09,Grupo:,TH-04-R,Equipamento:  1 - UMMI,Coleta:,04/08/2025 - 08:56,Registros:   Total: 2.864        Exibidos: 2.864,Data da Coleta:,04/08/2025,Exibição de Dados,Temperatura:,,Umidade:,,Datas:,,Medições,Data / Hora,Temperatura,Umidade,27/07/2025 - 06:00,"22,00","52,00",Betha Eletrônica Ltda,1/1
Coleta de Dados - UMMI,Impressão: 08/08/2025  9:23.09,Grupo:,TH-04-R,Equipamento:  1 - UMMI,Coleta:,04/08/2025 - 08:56,Registros:   Total: 2.864        Exibidos: 2.864,Data da Coleta:,04/08/2025,Exibição de Dados,Temperatura:,,Umidade:,,Datas:,,Medições,Data / Hora,Temperatura,Umidade,27/07/2025 - 06:05,"22,00","47,00",Betha Eletrônica Ltda,1/1
Coleta de Dados - UMMI,Impressão: 08/08/2025  9:23.09,Grupo:,TH-04-R,Equipamento:  1 - UMMI,Coleta:,04/08/2025 - 08:56,Registros:   Total: 2.864        Exibidos: 2.864,Data da Coleta:,04/08/2025,Exibição de Dados,Temperatura:,,Umidade:,,Datas:,,Medições,Data / Hora,Temperatura,Umidade,27/07/2025 - 06:10,"22,00","53,00",Betha Eletrônica Ltda,1/1
Coleta de Dados - UMMI,Impressão: 08/08/2025  9:23.09,Grupo:,TH-04-R,Equipamento:  1 - UMMI,Coleta:,04/08/2025 - 08:56,Registros:   Total: 2.864        Exibidos: 2.864,Data da Coleta:,04/08/2025,Exibição de Dados,Temperatura:,,Umidade:,,Datas:,,Medições,Data / Hora,Temperatura,Umidade,27/07/2025 - 06:15,"22,00","44,00",Betha Eletrônica Ltda,1/1
Coleta de Dados - UMMI,Impressão: 08/08/2025  9:23.09,Grupo:,TH-04-R,Equipamento:  1 - UMMI,Coleta:,04/08/2025 - 08:56,Registros:   Total: 2.864        Exibidos: 2.864,Data da Coleta:,04/08/2025,Exibição de Dados,Temperatura:,,Umidade:,,Datas:,,Medições,Data / Hora,Temperatura,Umidade,27/07/2025 - 06:20,"22,00","51,00",Betha Eletrônica Ltda,1/1
Coleta de Dados - UMMI,Impressão: 08/08/2025  9:23.09,Grupo:,TH-04-R,Equipamento:  1 - UMMI,Coleta:,04/08/2025 - 08:56,Registros:   Total: 2.864        Exibidos: 2.864,Data da Coleta:,04/08/2025,Exibição de Dados,Temperatura:,,Umidade:,,Datas:,,Medições,Data / Hora,Temperatura,Umidade,27/07/2025 - 06:25,"23,00","47,00",Betha Eletrônica Ltda,1/1
Coleta de Dados - UMMI,Impressão: 08/08/2025  9:23.09,Grupo:,TH-04-R,Equipamento:  1 - UMMI,Coleta:,04/08/2025 - 08:56,Registros:   Total: 2.864        Exibidos: 2.864,Data da Coleta:,04/08/2025,Exibição de Dados,Temperatura:,,Umidade:,,Datas:,,Medições,Data / Hora,Temperatura,Umidade,27/07/2025 - 06:30,"22,00","44,00",Betha Eletrônica Ltda,1/1
Coleta de Dados - UMMI,Impressão: 08/08/2025  9:23.09,Grupo:,TH-04-R,Equipamento:  1 - UMMI,Coleta:,04/08/2025 - 08:56,Registros:   Total: 2.864        Exibidos: 2.864,Data da Coleta:,04/08/2025,Exibição de Dados,Temperatura:,,Umidade:,,Datas:,,Medições,Data / Hora,Temperatura,Umidade,27/07/2025 - 06:35,"22,00","51,00",Betha Eletrônica Ltda,1/1
Coleta de Dados - UMMI,Impressão: 08/08/2025  9:23.09,Grupo:,TH-04-R,Equipamento:  1 - UMMI,Coleta:,04/08/2025 - 08:56,Registros:   Total: 2.864        Exibidos: 2.864,Data da Coleta:,04/08/2025,Exibição de Dados,Temperatura:,,Umidade:,,Datas:,,Medições,Data / Hora,Temperatura,Umidade,27/07/2025 - 06:40,"21,00","45,00",Betha Eletrônica Ltda,1/1
Coleta de Dados - UMMI,Impressão: 08/08/2025  9:23.09,Grupo:,TH-04-R,Equipamento:  1 - UMMI,Coleta:,04/08/2025 - 08:56,Registros:   Total: 2.864        Exibidos: 2.864,Data da Coleta:,04/08/2025,Exibição de Dados,Temperatura:,,Umidade:,,Datas:,,Medições,Data / Hora,Temperatura,Umidade,27/07/2025 - 06:45,"22,00","50,00",Betha Eletrônica Ltda,1/1
Coleta de Dados - UMMI,Impressão: 08/08/2025  9:23.09,Grupo:,TH-04-R,Equipamento:  1 - UMMI,Coleta:,04/08/2025 - 08:56,Registros:   Total: 2.864        Exibidos: 2.864,Data da Coleta:,04/08/2025,Exibição de Dados,Temperatura:,,Umidade:,,Datas:,,Medições,Data / Hora,Temperatura,Umidade,27/07/2025 - 06:50,"22,00","40,00",Betha Eletrônica Ltda,1/1
Coleta de Dados - UMMI,Impressão: 08/08/2025  9:23.09,Grupo:,TH-04-R,Equipamento:  1 - UMMI,Coleta:,04/08/2025 - 08:56,Registros:   Total: 2.864        Exibidos: 2.864,Data da Coleta:,04/08/2025,Exibição de Dados,Temperatura:,,Umidade:,,Datas:,,Medições,Data / Hora,Temperatura,Umidade,27/07/2025 - 06:55,"23,00","55,00",Betha Eletrônica Ltda,1/1
Coleta de Dados - UMMI,Impressão: 08/08/2025  9:23.09,Grupo:,TH-04-R,Equipamento:  1 - UMMI,Coleta:,04/08/2025 - 08:56,Registros:   Total: 2.864        Exibidos: 2.864,Data da Coleta:,04/08/2025,Exibição de Dados,Temperatura:,,Umidade:,,Datas:,,Medições,Data / Hora,Temperatura,Umidade,27/07/2025 - 07:00,"23,00","41,00",Betha Eletrônica Ltda,1/1
Coleta de Dados - UMMI,Impressão: 08/08/2025  9:23.09,Grupo:,TH-04-R,Equipamento:  1 - UMMI,Coleta:,04/08/2025 - 08:56,Registros:   Total: 2.864        Exibidos: 2.864,Data da Coleta:,04/08/2025,Exibição de Dados,Temperatura:,,Umidade:,,Datas:,,Medições,Data / Hora,Temperatura,Umidade,27/07/2025 - 07:05,"22,00","54,00",Betha Eletrônica Ltda,1/1
Coleta de Dados - UMMI,Impressão: 08/08/2025  9:23.09,Grupo:,TH-04-R,Equipamento:  1 - UMMI,Coleta:,04/08/2025 - 08:56,Registros:   Total: 2.864        Exibidos: 2.864,Data da Coleta:,04/08/2025,Exibição de Dados,Temperatura:,,Umidade:,,Datas:,,Medições,Data / Hora,Temperatura,Umidade,27/07/2025 - 07:10,"22,00","43,00",Betha Eletrônica Ltda,1/1
Coleta de Dados - UMMI,Impressão: 08/08/2025  9:23.09,Grupo:,TH-04-R,Equipamento:  1 - UMMI,Coleta:,04/08/2025 - 08:56,Registros:   Total: 2.864        Exibidos: 2.864,Data da Coleta:,04/08/2025,Exibição de Dados,Temperatura:,,Umidade:,,Datas:,,Medições,Data / Hora,Temperatura,Umidade,27/07/2025 - 07:15,"22,00","56,00",Betha Eletrônica Ltda,1/1
Coleta de Dados - UMMI,Impressão: 08/08/2025  9:23.09,Grupo:,TH-04-R,Equipamento:  1 - UMMI,Coleta:,04/08/2025 - 08:56,Registros:   Total: 2.864        Exibidos: 2.864,Data da Coleta:,04/08/2025,Exibição de Dados,Temperatura:,,Umidade:,,Datas:,,Medições,Data / Hora,Temperatura,Umidade,27/07/2025 - 07:20,"22,00","41,00",Betha Eletrônica Ltda,1/1
Coleta de Dados - UMMI,Impressão: 08/08/2025  9:23.09,Grupo:,TH-04-R,Equipamento:  1 - UMMI,Coleta:,04/08/2025 - 08:56,Registros:   Total: 2.864        Exibidos: 2.864,Data da Coleta:,04/08/2025,Exibição de Dados,Temperatura:,,Umidade:,,Datas:,,Medições,Data / Hora,Temperatura,Umidade,27/07/2025 - 07:25,"23,00","55,00",Betha Eletrônica Ltda,1/1
Coleta de Dados - UMMI,Impressão: 08/08/2025  9:23.09,Grupo:,TH-04-R,Equipamento:  1 - UMMI,Coleta:,04/08/2025 - 08:56,Registros:   Total: 2.864        Exibidos: 2.864,Data da Coleta:,04/08/2025,Exibição de Dados,Temperatura:,,Umidade:,,Datas:,,Medições,Data / Hora,Temperatura,Umidade,27/07/2025 - 07:30,"23,00","43,00",Betha Eletrônica Ltda,1/1
Coleta de Dados - UMMI,Impressão: 08/08/2025  9:23.09,Grupo:,TH-04-R,Equipamento:  1 - UMMI,Coleta:,04/08/2025 - 08:56,Registros:   Total: 2.864        Exibidos: 2.864,Data da Coleta:,04/08/2025,Exibição de Dados,Temperatura:,,Umidade:,,Datas:,,Medições,Data / Hora,Temperatura,Umidade,27/07/2025 - 07:35,"22,00","51,00",Betha Eletrônica Ltda,1/1
Coleta de Dados - UMMI,Impressão: 08/08/2025  9:23.09,Grupo:,TH-04-R,Equipamento:  1 - UMMI,Coleta:,04/08/2025 - 08:56,Registros:   Total: 2.864        Exibidos: 2.864,Data da Coleta:,04/08/2025,Exibição de Dados,Temperatura:,,Umidade:,,Datas:,,Medições,Data / Hora,Temperatura,Umidade,27/07/2025 - 07:40,"22,00","46,00",Betha Eletrônica Ltda,1/1
Coleta de Dados - UMMI,Impressão: 08/08/2025  9:23.09,Grupo:,TH-04-R,Equipamento:  1 - UMMI,Coleta:,04/08/2025 - 08:56,Registros:   Total: 2.864        Exibidos: 2.864,Data da Coleta:,04/08/2025,Exibição de Dados,Temperatura:,,Umidade:,,Datas:,,Medições,Data / Hora,Temperatura,Umidade,27/07/2025 - 07:45,"22,00","54,00",Betha Eletrônica Ltda,1/1
Coleta de Dados - UMMI,Impressão: 08/08/2025  9:23.09,Grupo:,TH-04-R,Equipamento:  1 - UMMI,Coleta:,04/08/2025 - 08:56,Registros:   Total: 2.864        Exibidos: 2.864,Data da Coleta:,04/08/2025,Exibição de Dados,Temperatura:,,Umidade:,,Datas:,,Medições,Data / Hora,Temperatura,Umidade,27/07/2025 - 07:50,"22,00","43,00",Betha Eletrônica Ltda,1/1
Coleta de Dados - UMMI,Impressão: 08/08/2025  9:23.09,Grupo:,TH-04-R,Equipamento:  1 - UMMI,Coleta:,04/08/2025 - 08:56,Registros:   Total: 2.864        Exibidos: 2.864,Data da Coleta:,04/08/2025,Exibição de Dados,Temperatura:,,Umidade:,,Datas:,,Medições,Data / Hora,Temperatura,Umidade,27/07/2025 - 07:55,"22,00","52,00",Betha Eletrônica Ltda,1/1
Coleta de Dados - UMMI,Impressão: 08/08/2025  9:23.09,Grupo:,TH-04-R,Equipamento:  1 - UMMI,Coleta:,04/08/2025 - 08:56,Registros:   Total: 2.864        Exibidos: 2.864,Data da Coleta:,04/08/2025,Exibição de Dados,Temperatura:,,Umidade:,,Datas:,,Medições,Data / Hora,Temperatura,Umidade,27/07/2025 - 08:00,"23,00","46,00",Betha Eletrônica Ltda,1/1
Coleta de Dados - UMMI,Impressão: 08/08/2025  9:23.09,Grupo:,TH-04-R,Equipamento:  1 - UMMI,Coleta:,04/08/2025 - 08:56,Registros:   Total: 2.864        Exibidos: 2.864,Data da Coleta:,04/08/2025,Exibição de Dados,Temperatura:,,Umidade:,,Datas:,,Medições,Data / Hora,Temperatura,Umidade,27/07/2025 - 08:05,"22,00","46,00",Betha Eletrônica Ltda,1/1
Coleta de Dados - UMMI,Impressão: 08/08/2025  9:23.09,Grupo:,TH-04-R,Equipamento:  1 - UMMI,Coleta:,04/08/2025 - 08:56,Registros:   Total: 2.864        Exibidos: 2.864,Data da Coleta:,04/08/2025,Exibição de Dados,Temperatura:,,Umidade:,,Datas:,,Medições,Data / Hora,Temperatura,Umidade,27/07/2025 - 08:10,"22,00","49,00",Betha Eletrônica Ltda,1/1
Coleta de Dados - UMMI,Impressão: 08/08/2025  9:23.09,Grupo:,TH-04-R,Equipamento:  1 - UMMI,Coleta:,04/08/2025 - 08:56,Registros:   Total: 2.864        Exibidos: 2.864,Data da Coleta:,04/08/2025,Exibição de Dados,Temperatura:,,Umidade:,,Datas:,,Medições,Data / Hora,Temperatura,Umidade,27/07/2025 - 08:15,"22,00","48,00",Betha Eletrônica Ltda,1/1
Coleta de Dados - UMMI,Impressão: 08/08/2025  9:23.09,Grupo:,TH-04-R,Equipamento:  1 - UMMI,Coleta:,04/08/2025 - 08:56,Registros:   Total: 2.864        Exibidos: 2.864,Data da Coleta:,04/08/2025,Exibição de Dados,Temperatura:,,Umidade:,,Datas:,,Medições,Data / Hora,Temperatura,Umidade,27/07/2025 - 08:20,"22,00","47,00",Betha Eletrônica Ltda,1/1
Coleta de Dados - UMMI,Impressão: 08/08/2025  9:23.09,Grupo:,TH-04-R,Equipamento:  1 - UMMI,Coleta:,04/08/2025 - 08:56,Registros:   Total: 2.864        Exibidos: 2.864,Data da Coleta:,04/08/2025,Exibição de Dados,Temperatura:,,Umidade:,,Datas:,,Medições,Data / Hora,Temperatura,Umidade,27/07/2025 - 08:25,"22,00","43,00",Betha Eletrônica Ltda,1/1
Coleta de Dados - UMMI,Impressão: 08/08/2025  9:23.09,Grupo:,TH-04-R,Equipamento:  1 - UMMI,Coleta:,04/08/2025 - 08:56,Registros:   Total: 2.864        Exibidos: 2.864,Data da Coleta:,04/08/2025,Exibição de Dados,Temperatura:,,Umidade:,,Datas:,,Medições,Data / Hora,Temperatura,Umidade,27/07/2025 - 08:30,"23,00","53,00",Betha Eletrônica Ltda,1/1
Coleta de Dados - UMMI,Impressão: 08/08/2025  9:23.09,Grupo:,TH-04-R,Equipamento:  1 - UMMI,Coleta:,04/08/2025 - 08:56,Registros:   Total: 2.864        Exibidos: 2.864,Data da Coleta:,04/08/2025,Exibição de Dados,Temperatura:,,Umidade:,,Datas:,,Medições,Data / Hora,Temperatura,Umidade,27/07/2025 - 08:35,"23,00","40,00",Betha Eletrônica Ltda,1/1
Coleta de Dados - UMMI,Impressão: 08/08/2025  9:23.09,Grupo:,TH-04-R,Equipamento:  1 - UMMI,Coleta:,04/08/2025 - 08:56,Registros:   Total: 2.864        Exibidos: 2.864,Data da Coleta:,04/08/2025,Exibição de Dados,Temperatura:,,Umidade:,,Datas:,,Medições,Data / Hora,Temperatura,Umidade,27/07/2025 - 08:40,"22,00","55,00",Betha Eletrônica Ltda,1/1
Coleta de Dados - UMMI,Impressão: 08/08/2025  9:23.09,Grupo:,TH-04-R,Equipamento:  1 - UMMI,Coleta:,04/08/2025 - 08:56,Registros:   Total: 2.864        Exibidos: 2.864,Data da Coleta:,04/08/2025,Exibição de Dados,Temperatura:,,Umidade:,,Datas:,,Medições,Data / Hora,Temperatura,Umidade,27/07/2025 - 08:45,"22,00","44,00",Betha Eletrônica Ltda,1/1
Coleta de Dados - UMMI,Impressão: 08/08/2025  9:23.09,Grupo:,TH-04-R,Equipamento:  1 - UMMI,Coleta:,04/08/2025 - 08:56,Registros:   Total: 2.864        Exibidos: 2.864,Data da Coleta:,04/08/2025,Exibição de Dados,Temperatura:,,Umidade:,,Datas:,,Medições,Data / Hora,Temperatura,Umidade,27/07/2025 - 08:50,"22,00","53,00",Betha Eletrônica Ltda,1/1
Coleta de Dados - UMMI,Impressão: 08/08/2025  9:23.09,Grupo:,TH-04-R,Equipamento:  1 - UMMI,Coleta:,04/08/2025 - 08:56,Registros:   Total: 2.864        Exibidos: 2.864,Data da Coleta:,04/08/2025,Exibição de Dados,Temperatura:,,Umidade:,,Datas:,,Medições,Data / Hora,Temperatura,Umidade,27/07/2025 - 08:55,"22,00","40,00",Betha Eletrônica Ltda,1/1
Coleta de Dados - UMMI,Impressão: 08/08/2025  9:23.09,Grupo:,TH-04-R,Equipamento:  1 - UMMI,Coleta:,04/08/2025 - 08:56,Registros:   Total: 2.864        Exibidos: 2.864,Data da Coleta:,04/08/2025,Exibição de Dados,Temperatura:,,Umidade:,,Datas:,,Medições,Data / Hora,Temperatura,Umidade,27/07/2025 - 09:00,"23,00","56,00",Betha Eletrônica Ltda,1/1
Coleta de Dados - UMMI,Impressão: 08/08/2025  9:23.09,Grupo:,TH-04-R,Equipamento:  1 - UMMI,Coleta:,04/08/2025 - 08:56,Registros:   Total: 2.864        Exibidos: 2.864,Data da Coleta:,04/08/2025,Exibição de Dados,Temperatura:,,Umidade:,,Datas:,,Medições,Data / Hora,Temperatura,Umidade,27/07/2025 - 09:05,"23,00","41,00",Betha Eletrônica Ltda,1/1
Coleta de Dados - UMMI,Impressão: 08/08/2025  9:23.09,Grupo:,TH-04-R,Equipamento:  1 - UMMI,Coleta:,04/08/2025 - 08:56,Registros:   Total: 2.864        Exibidos: 2.864,Data da Coleta:,04/08/2025,Exibição de Dados,Temperatura:,,Umidade:,,Datas:,,Medições,Data / Hora,Temperatura,Umidade,27/07/2025 - 09:10,"22,00","54,00",Betha Eletrônica Ltda,1/1
Coleta de Dados - UMMI,Impressão: 08/08/2025  9:23.09,Grupo:,TH-04-R,Equipamento:  1 - UMMI,Coleta:,04/08/2025 - 08:56,Registros:   Total: 2.864        Exibidos: 2.864,Data da Coleta:,04/08/2025,Exibição de Dados,Temperatura:,,Umidade:,,Datas:,,Medições,Data / Hora,Temperatura,Umidade,27/07/2025 - 09:15,"22,00","44,00",Betha Eletrônica Ltda,1/1
Coleta de Dados - UMMI,Impressão: 08/08/2025  9:23.09,Grupo:,TH-04-R,Equipamento:  1 - UMMI,Coleta:,04/08/2025 - 08:56,Registros:   Total: 2.864        Exibidos: 2.864,Data da Coleta:,04/08/2025,Exibição de Dados,Temperatura:,,Umidade:,,Datas:,,Medições,Data / Hora,Temperatura,Umidade,27/07/2025 - 09:20,"22,00","56,00",Betha Eletrônica Ltda,1/1
Coleta de Dados - UMMI,Impressão: 08/08/2025  9:23.09,Grupo:,TH-04-R,Equipamento:  1 - UMMI,Coleta:,04/08/2025 - 08:56,Registros:   Total: 2.864        Exibidos: 2.864,Data da Coleta:,04/08/2025,Exibição de Dados,Temperatura:,,Umidade:,,Datas:,,Medições,Data / Hora,Temperatura,Umidade,27/07/2025 - 09:25,"22,00","41,00",Betha Eletrônica Ltda,1/1
Coleta de Dados - UMMI,Impressão: 08/08/2025  9:23.09,Grupo:,TH-04-R,Equipamento:  1 - UMMI,Coleta:,04/08/2025 - 08:56,Registros:   Total: 2.864        Exibidos: 2.864,Data da Coleta:,04/08/2025,Exibição de Dados,Temperatura:,,Umidade:,,Datas:,,Medições,Data / Hora,Temperatura,Umidade,27/07/2025 - 09:30,"23,00","55,00",Betha Eletrônica Ltda,1/1
Coleta de Dados - UMMI,Impressão: 08/08/2025  9:23.09,Grupo:,TH-04-R,Equipamento:  1 - UMMI,Coleta:,04/08/2025 - 08:56,Registros:   Total: 2.864        Exibidos: 2.864,Data da Coleta:,04/08/2025,Exibição de Dados,Temperatura:,,Umidade:,,Datas:,,Medições,Data / Hora,Temperatura,Umidade,27/07/2025 - 09:35,"23,00","44,00",Betha Eletrônica Ltda,1/1
Coleta de Dados - UMMI,Impressão: 08/08/2025  9:23.09,Grupo:,TH-04-R,Equipamento:  1 - UMMI,Coleta:,04/08/2025 - 08:56,Registros:   Total: 2.864        Exibidos: 2.864,Data da Coleta:,04/08/2025,Exibição de Dados,Temperatura:,,Umidade:,,Datas:,,Medições,Data / Hora,Temperatura,Umidade,27/07/2025 - 09:40,"22,00","51,00",Betha Eletrônica Ltda,1/1
Coleta de Dados - UMMI,Impressão: 08/08/2025  9:23.09,Grupo:,TH-04-R,Equipamento:  1 - UMMI,Coleta:,04/08/2025 - 08:56,Registros:   Total: 2.864        Exibidos: 2.864,Data da Coleta:,04/08/2025,Exibição de Dados,Temperatura:,,Umidade:,,Datas:,,Medições,Data / Hora,Temperatura,Umidade,27/07/2025 - 09:45,"22,00","46,00",Betha Eletrônica Ltda,1/1
Coleta de Dados - UMMI,Impressão: 08/08/2025  9:23.09,Grupo:,TH-04-R,Equipamento:  1 - UMMI,Coleta:,04/08/2025 - 08:56,Registros:   Total: 2.864        Exibidos: 2.864,Data da Coleta:,04/08/2025,Exibição de Dados,Temperatura:,,Umidade:,,Datas:,,Medições,Data / Hora,Temperatura,Umidade,27/07/2025 - 09:50,"22,00","55,00",Betha Eletrônica Ltda,1/1
Coleta de Dados - UMMI,Impressão: 08/08/2025  9:23.09,Grupo:,TH-04-R,Equipamento:  1 - UMMI,Coleta:,04/08/2025 - 08:56,Registros:   Total: 2.864        Exibidos: 2.864,Data da Coleta:,04/08/2025,Exibição de Dados,Temperatura:,,Umidade:,,Datas:,,Medições,Data / Hora,Temperatura,Umidade,27/07/2025 - 09:55,"22,00","43,00",Betha Eletrônica Ltda,1/1
Coleta de Dados - UMMI,Impressão: 08/08/2025  9:23.09,Grupo:,TH-04-R,Equipamento:  1 - UMMI,Coleta:,04/08/2025 - 08:56,Registros:   Total: 2.864        Exibidos: 2.864,Data da Coleta:,04/08/2025,Exibição de Dados,Temperatura:,,Umidade:,,Datas:,,Medições,Data / Hora,Temperatura,Umidade,27/07/2025 - 10:00,"22,00","53,00",Betha Eletrônica Ltda,1/1
Coleta de Dados - UMMI,Impressão: 08/08/2025  9:23.09,Grupo:,TH-04-R,Equipamento:  1 - UMMI,Coleta:,04/08/2025 - 08:56,Registros:   Total: 2.864        Exibidos: 2.864,Data da Coleta:,04/08/2025,Exibição de Dados,Temperatura:,,Umidade:,,Datas:,,Medições,Data / Hora,Temperatura,Umidade,27/07/2025 - 10:05,"23,00","46,00",Betha Eletrônica Ltda,1/1
Coleta de Dados - UMMI,Impressão: 08/08/2025  9:23.09,Grupo:,TH-04-R,Equipamento:  1 - UMMI,Coleta:,04/08/2025 - 08:56,Registros:   Total: 2.864        Exibidos: 2.864,Data da Coleta:,04/08/2025,Exibição de Dados,Temperatura:,,Umidade:,,Datas:,,Medições,Data / Hora,Temperatura,Umidade,27/07/2025 - 10:10,"22,00","48,00",Betha Eletrônica Ltda,1/1
Coleta de Dados - UMMI,Impressão: 08/08/2025  9:23.09,Grupo:,TH-04-R,Equipamento:  1 - UMMI,Coleta:,04/08/2025 - 08:56,Registros:   Total: 2.864        Exibidos: 2.864,Data da Coleta:,04/08/2025,Exibição de Dados,Temperatura:,,Umidade:,,Datas:,,Medições,Data / Hora,Temperatura,Umidade,27/07/2025 - 10:15,"22,00","46,00",Betha Eletrônica Ltda,1/1
Coleta de Dados - UMMI,Impressão: 08/08/2025  9:23.09,Grupo:,TH-04-R,Equipamento:  1 - UMMI,Coleta:,04/08/2025 - 08:56,Registros:   Total: 2.864        Exibidos: 2.864,Data da Coleta:,04/08/2025,Exibição de Dados,Temperatura:,,Umidade:,,Datas:,,Medições,Data / Hora,Temperatura,Umidade,27/07/2025 - 10:20,"22,00","54,00",Betha Eletrônica Ltda,1/1
Coleta de Dados - UMMI,Impressão: 08/08/2025  9:23.09,Grupo:,TH-04-R,Equipamento:  1 - UMMI,Coleta:,04/08/2025 - 08:56,Registros:   Total: 2.864        Exibidos: 2.864,Data da Coleta:,04/08/2025,Exibição de Dados,Temperatura:,,Umidade:,,Datas:,,Medições,Data / Hora,Temperatura,Umidade,27/07/2025 - 10:25,"22,00","42,00",Betha Eletrônica Ltda,1/1
Coleta de Dados - UMMI,Impressão: 08/08/2025  9:23.09,Grupo:,TH-04-R,Equipamento:  1 - UMMI,Coleta:,04/08/2025 - 08:56,Registros:   Total: 2.864        Exibidos: 2.864,Data da Coleta:,04/08/2025,Exibição de Dados,Temperatura:,,Umidade:,,Datas:,,Medições,Data / Hora,Temperatura,Umidade,27/07/2025 - 10:30,"22,00","53,00",Betha Eletrônica Ltda,1/1
Coleta de Dados - UMMI,Impressão: 08/08/2025  9:23.09,Grupo:,TH-04-R,Equipamento:  1 - UMMI,Coleta:,04/08/2025 - 08:56,Registros:   Total: 2.864        Exibidos: 2.864,Data da Coleta:,04/08/2025,Exibição de Dados,Temperatura:,,Umidade:,,Datas:,,Medições,Data / Hora,Temperatura,Umidade,27/07/2025 - 10:35,"23,00","45,00",Betha Eletrônica Ltda,1/1
Coleta de Dados - UMMI,Impressão: 08/08/2025  9:23.09,Grupo:,TH-04-R,Equipamento:  1 - UMMI,Coleta:,04/08/2025 - 08:56,Registros:   Total: 2.864        Exibidos: 2.864,Data da Coleta:,04/08/2025,Exibição de Dados,Temperatura:,,Umidade:,,Datas:,,Medições,Data / Hora,Temperatura,Umidade,27/07/2025 - 10:40,"23,00","49,00",Betha Eletrônica Ltda,1/1
Coleta de Dados - UMMI,Impressão: 08/08/2025  9:23.09,Grupo:,TH-04-R,Equipamento:  1 - UMMI,Coleta:,04/08/2025 - 08:56,Registros:   Total: 2.864        Exibidos: 2.864,Data da Coleta:,04/08/2025,Exibição de Dados,Temperatura:,,Umidade:,,Datas:,,Medições,Data / Hora,Temperatura,Umidade,27/07/2025 - 10:45,"22,00","46,00",Betha Eletrônica Ltda,1/1
Coleta de Dados - UMMI,Impressão: 08/08/2025  9:23.09,Grupo:,TH-04-R,Equipamento:  1 - UMMI,Coleta:,04/08/2025 - 08:56,Registros:   Total: 2.864        Exibidos: 2.864,Data da Coleta:,04/08/2025,Exibição de Dados,Temperatura:,,Umidade:,,Datas:,,Medições,Data / Hora,Temperatura,Umidade,27/07/2025 - 10:50,"22,00","55,00",Betha Eletrônica Ltda,1/1
Coleta de Dados - UMMI,Impressão: 08/08/2025  9:23.09,Grupo:,TH-04-R,Equipamento:  1 - UMMI,Coleta:,04/08/2025 - 08:56,Registros:   Total: 2.864        Exibidos: 2.864,Data da Coleta:,04/08/2025,Exibição de Dados,Temperatura:,,Umidade:,,Datas:,,Medições,Data / Hora,Temperatura,Umidade,27/07/2025 - 10:55,"22,00","42,00",Betha Eletrônica Ltda,1/1
Coleta de Dados - UMMI,Impressão: 08/08/2025  9:23.09,Grupo:,TH-04-R,Equipamento:  1 - UMMI,Coleta:,04/08/2025 - 08:56,Registros:   Total: 2.864        Exibidos: 2.864,Data da Coleta:,04/08/2025,Exibição de Dados,Temperatura:,,Umidade:,,Datas:,,Medições,Data / Hora,Temperatura,Umidade,27/07/2025 - 11:00,"23,00","55,00",Betha Eletrônica Ltda,1/1
Coleta de Dados - UMMI,Impressão: 08/08/2025  9:23.09,Grupo:,TH-04-R,Equipamento:  1 - UMMI,Coleta:,04/08/2025 - 08:56,Registros:   Total: 2.864        Exibidos: 2.864,Data da Coleta:,04/08/2025,Exibição de Dados,Temperatura:,,Umidade:,,Datas:,,Medições,Data / Hora,Temperatura,Umidade,27/07/2025 - 11:05,"23,00","43,00",Betha Eletrônica Ltda,1/1
Coleta de Dados - UMMI,Impressão: 08/08/2025  9:23.09,Grupo:,TH-04-R,Equipamento:  1 - UMMI,Coleta:,04/08/2025 - 08:56,Registros:   Total: 2.864        Exibidos: 2.864,Data da Coleta:,04/08/2025,Exibição de Dados,Temperatura:,,Umidade:,,Datas:,,Medições,Data / Hora,Temperatura,Umidade,27/07/2025 - 11:10,"23,00","53,00",Betha Eletrônica Ltda,1/1
Coleta de Dados - UMMI,Impressão: 08/08/2025  9:23.09,Grupo:,TH-04-R,Equipamento:  1 - UMMI,Coleta:,04/08/2025 - 08:56,Registros:   Total: 2.864        Exibidos: 2.864,Data da Coleta:,04/08/2025,Exibição de Dados,Temperatura:,,Umidade:,,Datas:,,Medições,Data / Hora,Temperatura,Umidade,27/07/2025 - 11:15,"22,00","44,00",Betha Eletrônica Ltda,1/1
Coleta de Dados - UMMI,Impressão: 08/08/2025  9:23.09,Grupo:,TH-04-R,Equipamento:  1 - UMMI,Coleta:,04/08/2025 - 08:56,Registros:   Total: 2.864        Exibidos: 2.864,Data da Coleta:,04/08/2025,Exibição de Dados,Temperatura:,,Umidade:,,Datas:,,Medições,Data / Hora,Temperatura,Umidade,27/07/2025 - 11:20,"23,00","55,00",Betha Eletrônica Ltda,1/1
Coleta de Dados - UMMI,Impressão: 08/08/2025  9:23.09,Grupo:,TH-04-R,Equipamento:  1 - UMMI,Coleta:,04/08/2025 - 08:56,Registros:   Total: 2.864        Exibidos: 2.864,Data da Coleta:,04/08/2025,Exibição de Dados,Temperatura:,,Umidade:,,Datas:,,Medições,Data / Hora,Temperatura,Umidade,27/07/2025 - 11:25,"22,00","40,00",Betha Eletrônica Ltda,1/1
Coleta de Dados - UMMI,Impressão: 08/08/2025  9:23.09,Grupo:,TH-04-R,Equipamento:  1 - UMMI,Coleta:,04/08/2025 - 08:56,Registros:   Total: 2.864        Exibidos: 2.864,Data da Coleta:,04/08/2025,Exibição de Dados,Temperatura:,,Umidade:,,Datas:,,Medições,Data / Hora,Temperatura,Umidade,27/07/2025 - 11:30,"23,00","55,00",Betha Eletrônica Ltda,1/1
Coleta de Dados - UMMI,Impressão: 08/08/2025  9:23.09,Grupo:,TH-04-R,Equipamento:  1 - UMMI,Coleta:,04/08/2025 - 08:56,Registros:   Total: 2.864        Exibidos: 2.864,Data da Coleta:,04/08/2025,Exibição de Dados,Temperatura:,,Umidade:,,Datas:,,Medições,Data / Hora,Temperatura,Umidade,27/07/2025 - 11:35,"23,00","41,00",Betha Eletrônica Ltda,1/1
Coleta de Dados - UMMI,Impressão: 08/08/2025  9:23.09,Grupo:,TH-04-R,Equipamento:  1 - UMMI,Coleta:,04/08/2025 - 08:56,Registros:   Total: 2.864        Exibidos: 2.864,Data da Coleta:,04/08/2025,Exibição de Dados,Temperatura:,,Umidade:,,Datas:,,Medições,Data / Hora,Temperatura,Umidade,27/07/2025 - 11:40,"23,00","53,00",Betha Eletrônica Ltda,1/1
Coleta de Dados - UMMI,Impressão: 08/08/2025  9:23.09,Grupo:,TH-04-R,Equipamento:  1 - UMMI,Coleta:,04/08/2025 - 08:56,Registros:   Total: 2.864        Exibidos: 2.864,Data da Coleta:,04/08/2025,Exibição de Dados,Temperatura:,,Umidade:,,Datas:,,Medições,Data / Hora,Temperatura,Umidade,27/07/2025 - 11:45,"22,00","42,00",Betha Eletrônica Ltda,1/1
Coleta de Dados - UMMI,Impressão: 08/08/2025  9:23.09,Grupo:,TH-04-R,Equipamento:  1 - UMMI,Coleta:,04/08/2025 - 08:56,Registros:   Total: 2.864        Exibidos: 2.864,Data da Coleta:,04/08/2025,Exibição de Dados,Temperatura:,,Umidade:,,Datas:,,Medições,Data / Hora,Temperatura,Umidade,27/07/2025 - 11:50,"22,00","48,00",Betha Eletrônica Ltda,1/1
Coleta de Dados - UMMI,Impressão: 08/08/2025  9:23.09,Grupo:,TH-04-R,Equipamento:  1 - UMMI,Coleta:,04/08/2025 - 08:56,Registros:   Total: 2.864        Exibidos: 2.864,Data da Coleta:,04/08/2025,Exibição de Dados,Temperatura:,,Umidade:,,Datas:,,Medições,Data / Hora,Temperatura,Umidade,27/07/2025 - 11:55,"23,00","44,00",Betha Eletrônica Ltda,1/1
Coleta de Dados - UMMI,Impressão: 08/08/2025  9:23.09,Grupo:,TH-04-R,Equipamento:  1 - UMMI,Coleta:,04/08/2025 - 08:56,Registros:   Total: 2.864        Exibidos: 2.864,Data da Coleta:,04/08/2025,Exibição de Dados,Temperatura:,,Umidade:,,Datas:,,Medições,Data / Hora,Temperatura,Umidade,27/07/2025 - 12:00,"23,00","48,00",Betha Eletrônica Ltda,1/1
Coleta de Dados - UMMI,Impressão: 08/08/2025  9:23.09,Grupo:,TH-04-R,Equipamento:  1 - UMMI,Coleta:,04/08/2025 - 08:56,Registros:   Total: 2.864        Exibidos: 2.864,Data da Coleta:,04/08/2025,Exibição de Dados,Temperatura:,,Umidade:,,Datas:,,Medições,Data / Hora,Temperatura,Umidade,27/07/2025 - 12:05,"23,00","42,00",Betha Eletrônica Ltda,1/1
Coleta de Dados - UMMI,Impressão: 08/08/2025  9:23.09,Grupo:,TH-04-R,Equipamento:  1 - UMMI,Coleta:,04/08/2025 - 08:56,Registros:   Total: 2.864        Exibidos: 2.864,Data da Coleta:,04/08/2025,Exibição de Dados,Temperatura:,,Umidade:,,Datas:,,Medições,Data / Hora,Temperatura,Umidade,27/07/2025 - 12:10,"23,00","48,00",Betha Eletrônica Ltda,1/1
Coleta de Dados - UMMI,Impressão: 08/08/2025  9:23.09,Grupo:,TH-04-R,Equipamento:  1 - UMMI,Coleta:,04/08/2025 - 08:56,Registros:   Total: 2.864        Exibidos: 2.864,Data da Coleta:,04/08/2025,Exibição de Dados,Temperatura:,,Umidade:,,Datas:,,Medições,Data / Hora,Temperatura,Umidade,27/07/2025 - 12:15,"22,00","47,00",Betha Eletrônica Ltda,1/1
Coleta de Dados - UMMI,Impressão: 08/08/2025  9:23.09,Grupo:,TH-04-R,Equipamento:  1 - UMMI,Coleta:,04/08/2025 - 08:56,Registros:   Total: 2.864        Exibidos: 2.864,Data da Coleta:,04/08/2025,Exibição de Dados,Temperatura:,,Umidade:,,Datas:,,Medições,Data / Hora,Temperatura,Umidade,27/07/2025 - 12:20,"22,00","42,00",Betha Eletrônica Ltda,1/1
Coleta de Dados - UMMI,Impressão: 08/08/2025  9:23.09,Grupo:,TH-04-R,Equipamento:  1 - UMMI,Coleta:,04/08/2025 - 08:56,Registros:   Total: 2.864        Exibidos: 2.864,Data da Coleta:,04/08/2025,Exibição de Dados,Temperatura:,,Umidade:,,Datas:,,Medições,Data / Hora,Temperatura,Umidade,27/07/2025 - 12:25,"23,00","53,00",Betha Eletrônica Ltda,1/1
Coleta de Dados - UMMI,Impressão: 08/08/2025  9:23.09,Grupo:,TH-04-R,Equipamento:  1 - UMMI,Coleta:,04/08/2025 - 08:56,Registros:   Total: 2.864        Exibidos: 2.864,Data da Coleta:,04/08/2025,Exibição de Dados,Temperatura:,,Umidade:,,Datas:,,Medições,Data / Hora,Temperatura,Umidade,27/07/2025 - 12:30,"23,00","40,00",Betha Eletrônica Ltda,1/1
Coleta de Dados - UMMI,Impressão: 08/08/2025  9:23.09,Grupo:,TH-04-R,Equipamento:  1 - UMMI,Coleta:,04/08/2025 - 08:56,Registros:   Total: 2.864        Exibidos: 2.864,Data da Coleta:,04/08/2025,Exibição de Dados,Temperatura:,,Umidade:,,Datas:,,Medições,Data / Hora,Temperatura,Umidade,27/07/2025 - 12:35,"23,00","51,00",Betha Eletrônica Ltda,1/1
Coleta de Dados - UMMI,Impressão: 08/08/2025  9:23.09,Grupo:,TH-04-R,Equipamento:  1 - UMMI,Coleta:,04/08/2025 - 08:56,Registros:   Total: 2.864        Exibidos: 2.864,Data da Coleta:,04/08/2025,Exibição de Dados,Temperatura:,,Umidade:,,Datas:,,Medições,Data / Hora,Temperatura,Umidade,27/07/2025 - 12:40,"22,00","45,00",Betha Eletrônica Ltda,1/1
Coleta de Dados - UMMI,Impressão: 08/08/2025  9:23.09,Grupo:,TH-04-R,Equipamento:  1 - UMMI,Coleta:,04/08/2025 - 08:56,Registros:   Total: 2.864        Exibidos: 2.864,Data da Coleta:,04/08/2025,Exibição de Dados,Temperatura:,,Umidade:,,Datas:,,Medições,Data / Hora,Temperatura,Umidade,27/07/2025 - 12:45,"22,00","43,00",Betha Eletrônica Ltda,1/1
Coleta de Dados - UMMI,Impressão: 08/08/2025  9:23.09,Grupo:,TH-04-R,Equipamento:  1 - UMMI,Coleta:,04/08/2025 - 08:56,Registros:   Total: 2.864        Exibidos: 2.864,Data da Coleta:,04/08/2025,Exibição de Dados,Temperatura:,,Umidade:,,Datas:,,Medições,Data / Hora,Temperatura,Umidade,27/07/2025 - 12:50,"23,00","52,00",Betha Eletrônica Ltda,1/1
Coleta de Dados - UMMI,Impressão: 08/08/2025  9:23.09,Grupo:,TH-04-R,Equipamento:  1 - UMMI,Coleta:,04/08/2025 - 08:56,Registros:   Total: 2.864        Exibidos: 2.864,Data da Coleta:,04/08/2025,Exibição de Dados,Temperatura:,,Umidade:,,Datas:,,Medições,Data / Hora,Temperatura,Umidade,27/07/2025 - 12:55,"23,00","39,00",Betha Eletrônica Ltda,1/1
Coleta de Dados - UMMI,Impressão: 08/08/2025  9:23.09,Grupo:,TH-04-R,Equipamento:  1 - UMMI,Coleta:,04/08/2025 - 08:56,Registros:   Total: 2.864        Exibidos: 2.864,Data da Coleta:,04/08/2025,Exibição de Dados,Temperatura:,,Umidade:,,Datas:,,Medições,Data / Hora,Temperatura,Umidade,27/07/2025 - 13:00,"23,00","50,00",Betha Eletrônica Ltda,1/1
Coleta de Dados - UMMI,Impressão: 08/08/2025  9:23.09,Grupo:,TH-04-R,Equipamento:  1 - UMMI,Coleta:,04/08/2025 - 08:56,Registros:   Total: 2.864        Exibidos: 2.864,Data da Coleta:,04/08/2025,Exibição de Dados,Temperatura:,,Umidade:,,Datas:,,Medições,Data / Hora,Temperatura,Umidade,27/07/2025 - 13:05,"23,00","43,00",Betha Eletrônica Ltda,1/1
Coleta de Dados - UMMI,Impressão: 08/08/2025  9:23.09,Grupo:,TH-04-R,Equipamento:  1 - UMMI,Coleta:,04/08/2025 - 08:56,Registros:   Total: 2.864        Exibidos: 2.864,Data da Coleta:,04/08/2025,Exibição de Dados,Temperatura:,,Umidade:,,Datas:,,Medições,Data / Hora,Temperatura,Umidade,27/07/2025 - 13:10,"22,00","43,00",Betha Eletrônica Ltda,1/1
Coleta de Dados - UMMI,Impressão: 08/08/2025  9:23.09,Grupo:,TH-04-R,Equipamento:  1 - UMMI,Coleta:,04/08/2025 - 08:56,Registros:   Total: 2.864        Exibidos: 2.864,Data da Coleta:,04/08/2025,Exibição de Dados,Temperatura:,,Umidade:,,Datas:,,Medições,Data / Hora,Temperatura,Umidade,27/07/2025 - 13:15,"23,00","48,00",Betha Eletrônica Ltda,1/1
Coleta de Dados - UMMI,Impressão: 08/08/2025  9:23.09,Grupo:,TH-04-R,Equipamento:  1 - UMMI,Coleta:,04/08/2025 - 08:56,Registros:   Total: 2.864        Exibidos: 2.864,Data da Coleta:,04/08/2025,Exibição de Dados,Temperatura:,,Umidade:,,Datas:,,Medições,Data / Hora,Temperatura,Umidade,27/07/2025 - 13:20,"23,00","42,00",Betha Eletrônica Ltda,1/1
Coleta de Dados - UMMI,Impressão: 08/08/2025  9:23.09,Grupo:,TH-04-R,Equipamento:  1 - UMMI,Coleta:,04/08/2025 - 08:56,Registros:   Total: 2.864        Exibidos: 2.864,Data da Coleta:,04/08/2025,Exibição de Dados,Temperatura:,,Umidade:,,Datas:,,Medições,Data / Hora,Temperatura,Umidade,27/07/2025 - 13:25,"24,00","46,00",Betha Eletrônica Ltda,1/1
Coleta de Dados - UMMI,Impressão: 08/08/2025  9:23.09,Grupo:,TH-04-R,Equipamento:  1 - UMMI,Coleta:,04/08/2025 - 08:56,Registros:   Total: 2.864        Exibidos: 2.864,Data da Coleta:,04/08/2025,Exibição de Dados,Temperatura:,,Umidade:,,Datas:,,Medições,Data / Hora,Temperatura,Umidade,27/07/2025 - 13:30,"23,00","45,00",Betha Eletrônica Ltda,1/1
Coleta de Dados - UMMI,Impressão: 08/08/2025  9:23.09,Grupo:,TH-04-R,Equipamento:  1 - UMMI,Coleta:,04/08/2025 - 08:56,Registros:   Total: 2.864        Exibidos: 2.864,Data da Coleta:,04/08/2025,Exibição de Dados,Temperatura:,,Umidade:,,Datas:,,Medições,Data / Hora,Temperatura,Umidade,27/07/2025 - 13:35,"22,00","42,00",Betha Eletrônica Ltda,1/1
Coleta de Dados - UMMI,Impressão: 08/08/2025  9:23.09,Grupo:,TH-04-R,Equipamento:  1 - UMMI,Coleta:,04/08/2025 - 08:56,Registros:   Total: 2.864        Exibidos: 2.864,Data da Coleta:,04/08/2025,Exibição de Dados,Temperatura:,,Umidade:,,Datas:,,Medições,Data / Hora,Temperatura,Umidade,27/07/2025 - 13:40,"22,00","44,00",Betha Eletrônica Ltda,1/1
Coleta de Dados - UMMI,Impressão: 08/08/2025  9:23.09,Grupo:,TH-04-R,Equipamento:  1 - UMMI,Coleta:,04/08/2025 - 08:56,Registros:   Total: 2.864        Exibidos: 2.864,Data da Coleta:,04/08/2025,Exibição de Dados,Temperatura:,,Umidade:,,Datas:,,Medições,Data / Hora,Temperatura,Umidade,27/07/2025 - 13:45,"23,00","51,00",Betha Eletrônica Ltda,1/1
Coleta de Dados - UMMI,Impressão: 08/08/2025  9:23.09,Grupo:,TH-04-R,Equipamento:  1 - UMMI,Coleta:,04/08/2025 - 08:56,Registros:   Total: 2.864        Exibidos: 2.864,Data da Coleta:,04/08/2025,Exibição de Dados,Temperatura:,,Umidade:,,Datas:,,Medições,Data / Hora,Temperatura,Umidade,27/07/2025 - 13:50,"23,00","39,00",Betha Eletrônica Ltda,1/1
Coleta de Dados - UMMI,Impressão: 08/08/2025  9:23.09,Grupo:,TH-04-R,Equipamento:  1 - UMMI,Coleta:,04/08/2025 - 08:56,Registros:   Total: 2.864        Exibidos: 2.864,Data da Coleta:,04/08/2025,Exibição de Dados,Temperatura:,,Umidade:,,Datas:,,Medições,Data / Hora,Temperatura,Umidade,27/07/2025 - 13:55,"23,00","50,00",Betha Eletrônica Ltda,1/1
Coleta de Dados - UMMI,Impressão: 08/08/2025  9:23.09,Grupo:,TH-04-R,Equipamento:  1 - UMMI,Coleta:,04/08/2025 - 08:56,Registros:   Total: 2.864        Exibidos: 2.864,Data da Coleta:,04/08/2025,Exibição de Dados,Temperatura:,,Umidade:,,Datas:,,Medições,Data / Hora,Temperatura,Umidade,27/07/2025 - 14:00,"23,00","42,00",Betha Eletrônica Ltda,1/1
Coleta de Dados - UMMI,Impressão: 08/08/2025  9:23.09,Grupo:,TH-04-R,Equipamento:  1 - UMMI,Coleta:,04/08/2025 - 08:56,Registros:   Total: 2.864        Exibidos: 2.864,Data da Coleta:,04/08/2025,Exibição de Dados,Temperatura:,,Umidade:,,Datas:,,Medições,Data / Hora,Temperatura,Umidade,27/07/2025 - 14:05,"22,00","43,00",Betha Eletrônica Ltda,1/1
Coleta de Dados - UMMI,Impressão: 08/08/2025  9:23.09,Grupo:,TH-04-R,Equipamento:  1 - UMMI,Coleta:,04/08/2025 - 08:56,Registros:   Total: 2.864        Exibidos: 2.864,Data da Coleta:,04/08/2025,Exibição de Dados,Temperatura:,,Umidade:,,Datas:,,Medições,Data / Hora,Temperatura,Umidade,27/07/2025 - 14:10,"23,00","50,00",Betha Eletrônica Ltda,1/1
Coleta de Dados - UMMI,Impressão: 08/08/2025  9:23.09,Grupo:,TH-04-R,Equipamento:  1 - UMMI,Coleta:,04/08/2025 - 08:56,Registros:   Total: 2.864        Exibidos: 2.864,Data da Coleta:,04/08/2025,Exibição de Dados,Temperatura:,,Umidade:,,Datas:,,Medições,Data / Hora,Temperatura,Umidade,27/07/2025 - 14:15,"23,00","40,00",Betha Eletrônica Ltda,1/1
Coleta de Dados - UMMI,Impressão: 08/08/2025  9:23.09,Grupo:,TH-04-R,Equipamento:  1 - UMMI,Coleta:,04/08/2025 - 08:56,Registros:   Total: 2.864        Exibidos: 2.864,Data da Coleta:,04/08/2025,Exibição de Dados,Temperatura:,,Umidade:,,Datas:,,Medições,Data / Hora,Temperatura,Umidade,27/07/2025 - 14:20,"24,00","49,00",Betha Eletrônica Ltda,1/1
Coleta de Dados - UMMI,Impressão: 08/08/2025  9:23.09,Grupo:,TH-04-R,Equipamento:  1 - UMMI,Coleta:,04/08/2025 - 08:56,Registros:   Total: 2.864        Exibidos: 2.864,Data da Coleta:,04/08/2025,Exibição de Dados,Temperatura:,,Umidade:,,Datas:,,Medições,Data / Hora,Temperatura,Umidade,27/07/2025 - 14:25,"23,00","45,00",Betha Eletrônica Ltda,1/1
Coleta de Dados - UMMI,Impressão: 08/08/2025  9:23.09,Grupo:,TH-04-R,Equipamento:  1 - UMMI,Coleta:,04/08/2025 - 08:56,Registros:   Total: 2.864        Exibidos: 2.864,Data da Coleta:,04/08/2025,Exibição de Dados,Temperatura:,,Umidade:,,Datas:,,Medições,Data / Hora,Temperatura,Umidade,27/07/2025 - 14:30,"22,00","42,00",Betha Eletrônica Ltda,1/1
Coleta de Dados - UMMI,Impressão: 08/08/2025  9:23.09,Grupo:,TH-04-R,Equipamento:  1 - UMMI,Coleta:,04/08/2025 - 08:56,Registros:   Total: 2.864        Exibidos: 2.864,Data da Coleta:,04/08/2025,Exibição de Dados,Temperatura:,,Umidade:,,Datas:,,Medições,Data / Hora,Temperatura,Umidade,27/07/2025 - 14:35,"22,00","44,00",Betha Eletrônica Ltda,1/1
Coleta de Dados - UMMI,Impressão: 08/08/2025  9:23.09,Grupo:,TH-04-R,Equipamento:  1 - UMMI,Coleta:,04/08/2025 - 08:56,Registros:   Total: 2.864        Exibidos: 2.864,Data da Coleta:,04/08/2025,Exibição de Dados,Temperatura:,,Umidade:,,Datas:,,Medições,Data / Hora,Temperatura,Umidade,27/07/2025 - 14:40,"23,00","51,00",Betha Eletrônica Ltda,1/1
Coleta de Dados - UMMI,Impressão: 08/08/2025  9:23.09,Grupo:,TH-04-R,Equipamento:  1 - UMMI,Coleta:,04/08/2025 - 08:56,Registros:   Total: 2.864        Exibidos: 2.864,Data da Coleta:,04/08/2025,Exibição de Dados,Temperatura:,,Umidade:,,Datas:,,Medições,Data / Hora,Temperatura,Umidade,27/07/2025 - 14:45,"23,00","39,00",Betha Eletrônica Ltda,1/1
Coleta de Dados - UMMI,Impressão: 08/08/2025  9:23.09,Grupo:,TH-04-R,Equipamento:  1 - UMMI,Coleta:,04/08/2025 - 08:56,Registros:   Total: 2.864        Exibidos: 2.864,Data da Coleta:,04/08/2025,Exibição de Dados,Temperatura:,,Umidade:,,Datas:,,Medições,Data / Hora,Temperatura,Umidade,27/07/2025 - 14:50,"23,00","49,00",Betha Eletrônica Ltda,1/1
Coleta de Dados - UMMI,Impressão: 08/08/2025  9:23.09,Grupo:,TH-04-R,Equipamento:  1 - UMMI,Coleta:,04/08/2025 - 08:56,Registros:   Total: 2.864        Exibidos: 2.864,Data da Coleta:,04/08/2025,Exibição de Dados,Temperatura:,,Umidade:,,Datas:,,Medições,Data / Hora,Temperatura,Umidade,27/07/2025 - 14:55,"22,00","44,00",Betha Eletrônica Ltda,1/1
Coleta de Dados - UMMI,Impressão: 08/08/2025  9:23.09,Grupo:,TH-04-R,Equipamento:  1 - UMMI,Coleta:,04/08/2025 - 08:56,Registros:   Total: 2.864        Exibidos: 2.864,Data da Coleta:,04/08/2025,Exibição de Dados,Temperatura:,,Umidade:,,Datas:,,Medições,Data / Hora,Temperatura,Umidade,27/07/2025 - 15:00,"22,00","42,00",Betha Eletrônica Ltda,1/1
Coleta de Dados - UMMI,Impressão: 08/08/2025  9:23.09,Grupo:,TH-04-R,Equipamento:  1 - UMMI,Coleta:,04/08/2025 - 08:56,Registros:   Total: 2.864        Exibidos: 2.864,Data da Coleta:,04/08/2025,Exibição de Dados,Temperatura:,,Umidade:,,Datas:,,Medições,Data / Hora,Temperatura,Umidade,27/07/2025 - 15:05,"23,00","48,00",Betha Eletrônica Ltda,1/1
Coleta de Dados - UMMI,Impressão: 08/08/2025  9:23.09,Grupo:,TH-04-R,Equipamento:  1 - UMMI,Coleta:,04/08/2025 - 08:56,Registros:   Total: 2.864        Exibidos: 2.864,Data da Coleta:,04/08/2025,Exibição de Dados,Temperatura:,,Umidade:,,Datas:,,Medições,Data / Hora,Temperatura,Umidade,27/07/2025 - 15:10,"23,00","43,00",Betha Eletrônica Ltda,1/1
Coleta de Dados - UMMI,Impressão: 08/08/2025  9:23.09,Grupo:,TH-04-R,Equipamento:  1 - UMMI,Coleta:,04/08/2025 - 08:56,Registros:   Total: 2.864        Exibidos: 2.864,Data da Coleta:,04/08/2025,Exibição de Dados,Temperatura:,,Umidade:,,Datas:,,Medições,Data / Hora,Temperatura,Umidade,27/07/2025 - 15:15,"24,00","45,00",Betha Eletrônica Ltda,1/1
Coleta de Dados - UMMI,Impressão: 08/08/2025  9:23.09,Grupo:,TH-04-R,Equipamento:  1 - UMMI,Coleta:,04/08/2025 - 08:56,Registros:   Total: 2.864        Exibidos: 2.864,Data da Coleta:,04/08/2025,Exibição de Dados,Temperatura:,,Umidade:,,Datas:,,Medições,Data / Hora,Temperatura,Umidade,27/07/2025 - 15:20,"23,00","48,00",Betha Eletrônica Ltda,1/1
Coleta de Dados - UMMI,Impressão: 08/08/2025  9:23.09,Grupo:,TH-04-R,Equipamento:  1 - UMMI,Coleta:,04/08/2025 - 08:56,Registros:   Total: 2.864        Exibidos: 2.864,Data da Coleta:,04/08/2025,Exibição de Dados,Temperatura:,,Umidade:,,Datas:,,Medições,Data / Hora,Temperatura,Umidade,27/07/2025 - 15:25,"22,00","46,00",Betha Eletrônica Ltda,1/1
Coleta de Dados - UMMI,Impressão: 08/08/2025  9:23.09,Grupo:,TH-04-R,Equipamento:  1 - UMMI,Coleta:,04/08/2025 - 08:56,Registros:   Total: 2.864        Exibidos: 2.864,Data da Coleta:,04/08/2025,Exibição de Dados,Temperatura:,,Umidade:,,Datas:,,Medições,Data / Hora,Temperatura,Umidade,27/07/2025 - 15:30,"22,00","40,00",Betha Eletrônica Ltda,1/1
Coleta de Dados - UMMI,Impressão: 08/08/2025  9:23.09,Grupo:,TH-04-R,Equipamento:  1 - UMMI,Coleta:,04/08/2025 - 08:56,Registros:   Total: 2.864        Exibidos: 2.864,Data da Coleta:,04/08/2025,Exibição de Dados,Temperatura:,,Umidade:,,Datas:,,Medições,Data / Hora,Temperatura,Umidade,27/07/2025 - 15:35,"23,00","49,00",Betha Eletrônica Ltda,1/1
Coleta de Dados - UMMI,Impressão: 08/08/2025  9:23.09,Grupo:,TH-04-R,Equipamento:  1 - UMMI,Coleta:,04/08/2025 - 08:56,Registros:   Total: 2.864        Exibidos: 2.864,Data da Coleta:,04/08/2025,Exibição de Dados,Temperatura:,,Umidade:,,Datas:,,Medições,Data / Hora,Temperatura,Umidade,27/07/2025 - 15:40,"23,00","41,00",Betha Eletrônica Ltda,1/1
Coleta de Dados - UMMI,Impressão: 08/08/2025  9:23.09,Grupo:,TH-04-R,Equipamento:  1 - UMMI,Coleta:,04/08/2025 - 08:56,Registros:   Total: 2.864        Exibidos: 2.864,Data da Coleta:,04/08/2025,Exibição de Dados,Temperatura:,,Umidade:,,Datas:,,Medições,Data / Hora,Temperatura,Umidade,27/07/2025 - 15:45,"23,00","45,00",Betha Eletrônica Ltda,1/1
Coleta de Dados - UMMI,Impressão: 08/08/2025  9:23.09,Grupo:,TH-04-R,Equipamento:  1 - UMMI,Coleta:,04/08/2025 - 08:56,Registros:   Total: 2.864        Exibidos: 2.864,Data da Coleta:,04/08/2025,Exibição de Dados,Temperatura:,,Umidade:,,Datas:,,Medições,Data / Hora,Temperatura,Umidade,27/07/2025 - 15:50,"22,00","48,00",Betha Eletrônica Ltda,1/1
Coleta de Dados - UMMI,Impressão: 08/08/2025  9:23.09,Grupo:,TH-04-R,Equipamento:  1 - UMMI,Coleta:,04/08/2025 - 08:56,Registros:   Total: 2.864        Exibidos: 2.864,Data da Coleta:,04/08/2025,Exibição de Dados,Temperatura:,,Umidade:,,Datas:,,Medições,Data / Hora,Temperatura,Umidade,27/07/2025 - 15:55,"22,00","44,00",Betha Eletrônica Ltda,1/1
Coleta de Dados - UMMI,Impressão: 08/08/2025  9:23.09,Grupo:,TH-04-R,Equipamento:  1 - UMMI,Coleta:,04/08/2025 - 08:56,Registros:   Total: 2.864        Exibidos: 2.864,Data da Coleta:,04/08/2025,Exibição de Dados,Temperatura:,,Umidade:,,Datas:,,Medições,Data / Hora,Temperatura,Umidade,27/07/2025 - 16:00,"23,00","43,00",Betha Eletrônica Ltda,1/1
Coleta de Dados - UMMI,Impressão: 08/08/2025  9:23.09,Grupo:,TH-04-R,Equipamento:  1 - UMMI,Coleta:,04/08/2025 - 08:56,Registros:   Total: 2.864        Exibidos: 2.864,Data da Coleta:,04/08/2025,Exibição de Dados,Temperatura:,,Umidade:,,Datas:,,Medições,Data / Hora,Temperatura,Umidade,27/07/2025 - 16:05,"23,00","49,00",Betha Eletrônica Ltda,1/1
Coleta de Dados - UMMI,Impressão: 08/08/2025  9:23.09,Grupo:,TH-04-R,Equipamento:  1 - UMMI,Coleta:,04/08/2025 - 08:56,Registros:   Total: 2.864        Exibidos: 2.864,Data da Coleta:,04/08/2025,Exibição de Dados,Temperatura:,,Umidade:,,Datas:,,Medições,Data / Hora,Temperatura,Umidade,27/07/2025 - 16:10,"23,00","41,00",Betha Eletrônica Ltda,1/1
Coleta de Dados - UMMI,Impressão: 08/08/2025  9:23.09,Grupo:,TH-04-R,Equipamento:  1 - UMMI,Coleta:,04/08/2025 - 08:56,Registros:   Total: 2.864        Exibidos: 2.864,Data da Coleta:,04/08/2025,Exibição de Dados,Temperatura:,,Umidade:,,Datas:,,Medições,Data / Hora,Temperatura,Umidade,27/07/2025 - 16:15,"23,00","45,00",Betha Eletrônica Ltda,1/1
Coleta de Dados - UMMI,Impressão: 08/08/2025  9:23.09,Grupo:,TH-04-R,Equipamento:  1 - UMMI,Coleta:,04/08/2025 - 08:56,Registros:   Total: 2.864        Exibidos: 2.864,Data da Coleta:,04/08/2025,Exibição de Dados,Temperatura:,,Umidade:,,Datas:,,Medições,Data / Hora,Temperatura,Umidade,27/07/2025 - 16:20,"22,00","47,00",Betha Eletrônica Ltda,1/1
Coleta de Dados - UMMI,Impressão: 08/08/2025  9:23.09,Grupo:,TH-04-R,Equipamento:  1 - UMMI,Coleta:,04/08/2025 - 08:56,Registros:   Total: 2.864        Exibidos: 2.864,Data da Coleta:,04/08/2025,Exibição de Dados,Temperatura:,,Umidade:,,Datas:,,Medições,Data / Hora,Temperatura,Umidade,27/07/2025 - 16:25,"23,00","45,00",Betha Eletrônica Ltda,1/1
Coleta de Dados - UMMI,Impressão: 08/08/2025  9:23.09,Grupo:,TH-04-R,Equipamento:  1 - UMMI,Coleta:,04/08/2025 - 08:56,Registros:   Total: 2.864        Exibidos: 2.864,Data da Coleta:,04/08/2025,Exibição de Dados,Temperatura:,,Umidade:,,Datas:,,Medições,Data / Hora,Temperatura,Umidade,27/07/2025 - 16:30,"24,00","42,00",Betha Eletrônica Ltda,1/1
Coleta de Dados - UMMI,Impressão: 08/08/2025  9:23.09,Grupo:,TH-04-R,Equipamento:  1 - UMMI,Coleta:,04/08/2025 - 08:56,Registros:   Total: 2.864        Exibidos: 2.864,Data da Coleta:,04/08/2025,Exibição de Dados,Temperatura:,,Umidade:,,Datas:,,Medições,Data / Hora,Temperatura,Umidade,27/07/2025 - 16:35,"23,00","48,00",Betha Eletrônica Ltda,1/1
Coleta de Dados - UMMI,Impressão: 08/08/2025  9:23.09,Grupo:,TH-04-R,Equipamento:  1 - UMMI,Coleta:,04/08/2025 - 08:56,Registros:   Total: 2.864        Exibidos: 2.864,Data da Coleta:,04/08/2025,Exibição de Dados,Temperatura:,,Umidade:,,Datas:,,Medições,Data / Hora,Temperatura,Umidade,27/07/2025 - 16:40,"23,00","41,00",Betha Eletrônica Ltda,1/1
Coleta de Dados - UMMI,Impressão: 08/08/2025  9:23.09,Grupo:,TH-04-R,Equipamento:  1 - UMMI,Coleta:,04/08/2025 - 08:56,Registros:   Total: 2.864        Exibidos: 2.864,Data da Coleta:,04/08/2025,Exibição de Dados,Temperatura:,,Umidade:,,Datas:,,Medições,Data / Hora,Temperatura,Umidade,27/07/2025 - 16:45,"22,00","44,00",Betha Eletrônica Ltda,1/1
Coleta de Dados - UMMI,Impressão: 08/08/2025  9:23.09,Grupo:,TH-04-R,Equipamento:  1 - UMMI,Coleta:,04/08/2025 - 08:56,Registros:   Total: 2.864        Exibidos: 2.864,Data da Coleta:,04/08/2025,Exibição de Dados,Temperatura:,,Umidade:,,Datas:,,Medições,Data / Hora,Temperatura,Umidade,27/07/2025 - 16:50,"23,00","50,00",Betha Eletrônica Ltda,1/1
Coleta de Dados - UMMI,Impressão: 08/08/2025  9:23.09,Grupo:,TH-04-R,Equipamento:  1 - UMMI,Coleta:,04/08/2025 - 08:56,Registros:   Total: 2.864        Exibidos: 2.864,Data da Coleta:,04/08/2025,Exibição de Dados,Temperatura:,,Umidade:,,Datas:,,Medições,Data / Hora,Temperatura,Umidade,27/07/2025 - 16:55,"23,00","40,00",Betha Eletrônica Ltda,1/1
Coleta de Dados - UMMI,Impressão: 08/08/2025  9:23.09,Grupo:,TH-04-R,Equipamento:  1 - UMMI,Coleta:,04/08/2025 - 08:56,Registros:   Total: 2.864        Exibidos: 2.864,Data da Coleta:,04/08/2025,Exibição de Dados,Temperatura:,,Umidade:,,Datas:,,Medições,Data / Hora,Temperatura,Umidade,27/07/2025 - 17:00,"24,00","47,00",Betha Eletrônica Ltda,1/1
Coleta de Dados - UMMI,Impressão: 08/08/2025  9:23.09,Grupo:,TH-04-R,Equipamento:  1 - UMMI,Coleta:,04/08/2025 - 08:56,Registros:   Total: 2.864        Exibidos: 2.864,Data da Coleta:,04/08/2025,Exibição de Dados,Temperatura:,,Umidade:,,Datas:,,Medições,Data / Hora,Temperatura,Umidade,27/07/2025 - 17:05,"23,00","46,00",Betha Eletrônica Ltda,1/1
Coleta de Dados - UMMI,Impressão: 08/08/2025  9:23.09,Grupo:,TH-04-R,Equipamento:  1 - UMMI,Coleta:,04/08/2025 - 08:56,Registros:   Total: 2.864        Exibidos: 2.864,Data da Coleta:,04/08/2025,Exibição de Dados,Temperatura:,,Umidade:,,Datas:,,Medições,Data / Hora,Temperatura,Umidade,27/07/2025 - 17:10,"22,00","43,00",Betha Eletrônica Ltda,1/1
Coleta de Dados - UMMI,Impressão: 08/08/2025  9:23.09,Grupo:,TH-04-R,Equipamento:  1 - UMMI,Coleta:,04/08/2025 - 08:56,Registros:   Total: 2.864        Exibidos: 2.864,Data da Coleta:,04/08/2025,Exibição de Dados,Temperatura:,,Umidade:,,Datas:,,Medições,Data / Hora,Temperatura,Umidade,27/07/2025 - 17:15,"22,00","43,00",Betha Eletrônica Ltda,1/1
Coleta de Dados - UMMI,Impressão: 08/08/2025  9:23.09,Grupo:,TH-04-R,Equipamento:  1 - UMMI,Coleta:,04/08/2025 - 08:56,Registros:   Total: 2.864        Exibidos: 2.864,Data da Coleta:,04/08/2025,Exibição de Dados,Temperatura:,,Umidade:,,Datas:,,Medições,Data / Hora,Temperatura,Umidade,27/07/2025 - 17:20,"23,00","50,00",Betha Eletrônica Ltda,1/1
Coleta de Dados - UMMI,Impressão: 08/08/2025  9:23.09,Grupo:,TH-04-R,Equipamento:  1 - UMMI,Coleta:,04/08/2025 - 08:56,Registros:   Total: 2.864        Exibidos: 2.864,Data da Coleta:,04/08/2025,Exibição de Dados,Temperatura:,,Umidade:,,Datas:,,Medições,Data / Hora,Temperatura,Umidade,27/07/2025 - 17:25,"23,00","41,00",Betha Eletrônica Ltda,1/1
Coleta de Dados - UMMI,Impressão: 08/08/2025  9:23.09,Grupo:,TH-04-R,Equipamento:  1 - UMMI,Coleta:,04/08/2025 - 08:56,Registros:   Total: 2.864        Exibidos: 2.864,Data da Coleta:,04/08/2025,Exibição de Dados,Temperatura:,,Umidade:,,Datas:,,Medições,Data / Hora,Temperatura,Umidade,27/07/2025 - 17:30,"23,00","47,00",Betha Eletrônica Ltda,1/1
Coleta de Dados - UMMI,Impressão: 08/08/2025  9:23.09,Grupo:,TH-04-R,Equipamento:  1 - UMMI,Coleta:,04/08/2025 - 08:56,Registros:   Total: 2.864        Exibidos: 2.864,Data da Coleta:,04/08/2025,Exibição de Dados,Temperatura:,,Umidade:,,Datas:,,Medições,Data / Hora,Temperatura,Umidade,27/07/2025 - 17:35,"22,00","48,00",Betha Eletrônica Ltda,1/1
Coleta de Dados - UMMI,Impressão: 08/08/2025  9:23.09,Grupo:,TH-04-R,Equipamento:  1 - UMMI,Coleta:,04/08/2025 - 08:56,Registros:   Total: 2.864        Exibidos: 2.864,Data da Coleta:,04/08/2025,Exibição de Dados,Temperatura:,,Umidade:,,Datas:,,Medições,Data / Hora,Temperatura,Umidade,27/07/2025 - 17:40,"22,00","44,00",Betha Eletrônica Ltda,1/1
Coleta de Dados - UMMI,Impressão: 08/08/2025  9:23.09,Grupo:,TH-04-R,Equipamento:  1 - UMMI,Coleta:,04/08/2025 - 08:56,Registros:   Total: 2.864        Exibidos: 2.864,Data da Coleta:,04/08/2025,Exibição de Dados,Temperatura:,,Umidade:,,Datas:,,Medições,Data / Hora,Temperatura,Umidade,27/07/2025 - 17:45,"23,00","44,00",Betha Eletrônica Ltda,1/1
Coleta de Dados - UMMI,Impressão: 08/08/2025  9:23.09,Grupo:,TH-04-R,Equipamento:  1 - UMMI,Coleta:,04/08/2025 - 08:56,Registros:   Total: 2.864        Exibidos: 2.864,Data da Coleta:,04/08/2025,Exibição de Dados,Temperatura:,,Umidade:,,Datas:,,Medições,Data / Hora,Temperatura,Umidade,27/07/2025 - 17:50,"23,00","50,00",Betha Eletrônica Ltda,1/1
Coleta de Dados - UMMI,Impressão: 08/08/2025  9:23.09,Grupo:,TH-04-R,Equipamento:  1 - UMMI,Coleta:,04/08/2025 - 08:56,Registros:   Total: 2.864        Exibidos: 2.864,Data da Coleta:,04/08/2025,Exibição de Dados,Temperatura:,,Umidade:,,Datas:,,Medições,Data / Hora,Temperatura,Umidade,27/07/2025 - 17:55,"23,00","41,00",Betha Eletrônica Ltda,1/1
Coleta de Dados - UMMI,Impressão: 08/08/2025  9:23.09,Grupo:,TH-04-R,Equipamento:  1 - UMMI,Coleta:,04/08/2025 - 08:56,Registros:   Total: 2.864        Exibidos: 2.864,Data da Coleta:,04/08/2025,Exibição de Dados,Temperatura:,,Umidade:,,Datas:,,Medições,Data / Hora,Temperatura,Umidade,27/07/2025 - 18:00,"23,00","45,00",Betha Eletrônica Ltda,1/1
Coleta de Dados - UMMI,Impressão: 08/08/2025  9:23.09,Grupo:,TH-04-R,Equipamento:  1 - UMMI,Coleta:,04/08/2025 - 08:56,Registros:   Total: 2.864        Exibidos: 2.864,Data da Coleta:,04/08/2025,Exibição de Dados,Temperatura:,,Umidade:,,Datas:,,Medições,Data / Hora,Temperatura,Umidade,27/07/2025 - 18:05,"22,00","48,00",Betha Eletrônica Ltda,1/1
Coleta de Dados - UMMI,Impressão: 08/08/2025  9:23.09,Grupo:,TH-04-R,Equipamento:  1 - UMMI,Coleta:,04/08/2025 - 08:56,Registros:   Total: 2.864        Exibidos: 2.864,Data da Coleta:,04/08/2025,Exibição de Dados,Temperatura:,,Umidade:,,Datas:,,Medições,Data / Hora,Temperatura,Umidade,27/07/2025 - 18:10,"22,00","44,00",Betha Eletrônica Ltda,1/1
Coleta de Dados - UMMI,Impressão: 08/08/2025  9:23.09,Grupo:,TH-04-R,Equipamento:  1 - UMMI,Coleta:,04/08/2025 - 08:56,Registros:   Total: 2.864        Exibidos: 2.864,Data da Coleta:,04/08/2025,Exibição de Dados,Temperatura:,,Umidade:,,Datas:,,Medições,Data / Hora,Temperatura,Umidade,27/07/2025 - 18:15,"23,00","43,00",Betha Eletrônica Ltda,1/1
Coleta de Dados - UMMI,Impressão: 08/08/2025  9:23.09,Grupo:,TH-04-R,Equipamento:  1 - UMMI,Coleta:,04/08/2025 - 08:56,Registros:   Total: 2.864        Exibidos: 2.864,Data da Coleta:,04/08/2025,Exibição de Dados,Temperatura:,,Umidade:,,Datas:,,Medições,Data / Hora,Temperatura,Umidade,27/07/2025 - 18:20,"23,00","50,00",Betha Eletrônica Ltda,1/1
Coleta de Dados - UMMI,Impressão: 08/08/2025  9:23.09,Grupo:,TH-04-R,Equipamento:  1 - UMMI,Coleta:,04/08/2025 - 08:56,Registros:   Total: 2.864        Exibidos: 2.864,Data da Coleta:,04/08/2025,Exibição de Dados,Temperatura:,,Umidade:,,Datas:,,Medições,Data / Hora,Temperatura,Umidade,27/07/2025 - 18:25,"23,00","42,00",Betha Eletrônica Ltda,1/1
Coleta de Dados - UMMI,Impressão: 08/08/2025  9:23.09,Grupo:,TH-04-R,Equipamento:  1 - UMMI,Coleta:,04/08/2025 - 08:56,Registros:   Total: 2.864        Exibidos: 2.864,Data da Coleta:,04/08/2025,Exibição de Dados,Temperatura:,,Umidade:,,Datas:,,Medições,Data / Hora,Temperatura,Umidade,27/07/2025 - 18:30,"22,00","46,00",Betha Eletrônica Ltda,1/1
Coleta de Dados - UMMI,Impressão: 08/08/2025  9:23.09,Grupo:,TH-04-R,Equipamento:  1 - UMMI,Coleta:,04/08/2025 - 08:56,Registros:   Total: 2.864        Exibidos: 2.864,Data da Coleta:,04/08/2025,Exibição de Dados,Temperatura:,,Umidade:,,Datas:,,Medições,Data / Hora,Temperatura,Umidade,27/07/2025 - 18:35,"22,00","49,00",Betha Eletrônica Ltda,1/1
Coleta de Dados - UMMI,Impressão: 08/08/2025  9:23.09,Grupo:,TH-04-R,Equipamento:  1 - UMMI,Coleta:,04/08/2025 - 08:56,Registros:   Total: 2.864        Exibidos: 2.864,Data da Coleta:,04/08/2025,Exibição de Dados,Temperatura:,,Umidade:,,Datas:,,Medições,Data / Hora,Temperatura,Umidade,27/07/2025 - 18:40,"23,00","39,00",Betha Eletrônica Ltda,1/1
Coleta de Dados - UMMI,Impressão: 08/08/2025  9:23.09,Grupo:,TH-04-R,Equipamento:  1 - UMMI,Coleta:,04/08/2025 - 08:56,Registros:   Total: 2.864        Exibidos: 2.864,Data da Coleta:,04/08/2025,Exibição de Dados,Temperatura:,,Umidade:,,Datas:,,Medições,Data / Hora,Temperatura,Umidade,27/07/2025 - 18:45,"23,00","52,00",Betha Eletrônica Ltda,1/1
Coleta de Dados - UMMI,Impressão: 08/08/2025  9:23.09,Grupo:,TH-04-R,Equipamento:  1 - UMMI,Coleta:,04/08/2025 - 08:56,Registros:   Total: 2.864        Exibidos: 2.864,Data da Coleta:,04/08/2025,Exibição de Dados,Temperatura:,,Umidade:,,Datas:,,Medições,Data / Hora,Temperatura,Umidade,27/07/2025 - 18:50,"23,00","42,00",Betha Eletrônica Ltda,1/1
Coleta de Dados - UMMI,Impressão: 08/08/2025  9:23.09,Grupo:,TH-04-R,Equipamento:  1 - UMMI,Coleta:,04/08/2025 - 08:56,Registros:   Total: 2.864        Exibidos: 2.864,Data da Coleta:,04/08/2025,Exibição de Dados,Temperatura:,,Umidade:,,Datas:,,Medições,Data / Hora,Temperatura,Umidade,27/07/2025 - 18:55,"22,00","43,00",Betha Eletrônica Ltda,1/1
Coleta de Dados - UMMI,Impressão: 08/08/2025  9:23.09,Grupo:,TH-04-R,Equipamento:  1 - UMMI,Coleta:,04/08/2025 - 08:56,Registros:   Total: 2.864        Exibidos: 2.864,Data da Coleta:,04/08/2025,Exibição de Dados,Temperatura:,,Umidade:,,Datas:,,Medições,Data / Hora,Temperatura,Umidade,27/07/2025 - 19:00,"22,00","47,00",Betha Eletrônica Ltda,1/1
Coleta de Dados - UMMI,Impressão: 08/08/2025  9:23.09,Grupo:,TH-04-R,Equipamento:  1 - UMMI,Coleta:,04/08/2025 - 08:56,Registros:   Total: 2.864        Exibidos: 2.864,Data da Coleta:,04/08/2025,Exibição de Dados,Temperatura:,,Umidade:,,Datas:,,Medições,Data / Hora,Temperatura,Umidade,27/07/2025 - 19:05,"22,00","49,00",Betha Eletrônica Ltda,1/1
Coleta de Dados - UMMI,Impressão: 08/08/2025  9:23.09,Grupo:,TH-04-R,Equipamento:  1 - UMMI,Coleta:,04/08/2025 - 08:56,Registros:   Total: 2.864        Exibidos: 2.864,Data da Coleta:,04/08/2025,Exibição de Dados,Temperatura:,,Umidade:,,Datas:,,Medições,Data / Hora,Temperatura,Umidade,27/07/2025 - 19:10,"23,00","42,00",Betha Eletrônica Ltda,1/1
Coleta de Dados - UMMI,Impressão: 08/08/2025  9:23.09,Grupo:,TH-04-R,Equipamento:  1 - UMMI,Coleta:,04/08/2025 - 08:56,Registros:   Total: 2.864        Exibidos: 2.864,Data da Coleta:,04/08/2025,Exibição de Dados,Temperatura:,,Umidade:,,Datas:,,Medições,Data / Hora,Temperatura,Umidade,27/07/2025 - 19:15,"23,00","51,00",Betha Eletrônica Ltda,1/1
Coleta de Dados - UMMI,Impressão: 08/08/2025  9:23.09,Grupo:,TH-04-R,Equipamento:  1 - UMMI,Coleta:,04/08/2025 - 08:56,Registros:   Total: 2.864        Exibidos: 2.864,Data da Coleta:,04/08/2025,Exibição de Dados,Temperatura:,,Umidade:,,Datas:,,Medições,Data / Hora,Temperatura,Umidade,27/07/2025 - 19:20,"23,00","41,00",Betha Eletrônica Ltda,1/1
Coleta de Dados - UMMI,Impressão: 08/08/2025  9:23.09,Grupo:,TH-04-R,Equipamento:  1 - UMMI,Coleta:,04/08/2025 - 08:56,Registros:   Total: 2.864        Exibidos: 2.864,Data da Coleta:,04/08/2025,Exibição de Dados,Temperatura:,,Umidade:,,Datas:,,Medições,Data / Hora,Temperatura,Umidade,27/07/2025 - 19:25,"22,00","46,00",Betha Eletrônica Ltda,1/1
Coleta de Dados - UMMI,Impressão: 08/08/2025  9:23.09,Grupo:,TH-04-R,Equipamento:  1 - UMMI,Coleta:,04/08/2025 - 08:56,Registros:   Total: 2.864        Exibidos: 2.864,Data da Coleta:,04/08/2025,Exibição de Dados,Temperatura:,,Umidade:,,Datas:,,Medições,Data / Hora,Temperatura,Umidade,27/07/2025 - 19:30,"22,00","51,00",Betha Eletrônica Ltda,1/1
Coleta de Dados - UMMI,Impressão: 08/08/2025  9:23.09,Grupo:,TH-04-R,Equipamento:  1 - UMMI,Coleta:,04/08/2025 - 08:56,Registros:   Total: 2.864        Exibidos: 2.864,Data da Coleta:,04/08/2025,Exibição de Dados,Temperatura:,,Umidade:,,Datas:,,Medições,Data / Hora,Temperatura,Umidade,27/07/2025 - 19:35,"23,00","40,00",Betha Eletrônica Ltda,1/1
Coleta de Dados - UMMI,Impressão: 08/08/2025  9:23.09,Grupo:,TH-04-R,Equipamento:  1 - UMMI,Coleta:,04/08/2025 - 08:56,Registros:   Total: 2.864        Exibidos: 2.864,Data da Coleta:,04/08/2025,Exibição de Dados,Temperatura:,,Umidade:,,Datas:,,Medições,Data / Hora,Temperatura,Umidade,27/07/2025 - 19:40,"23,00","52,00",Betha Eletrônica Ltda,1/1
Coleta de Dados - UMMI,Impressão: 08/08/2025  9:23.09,Grupo:,TH-04-R,Equipamento:  1 - UMMI,Coleta:,04/08/2025 - 08:56,Registros:   Total: 2.864        Exibidos: 2.864,Data da Coleta:,04/08/2025,Exibição de Dados,Temperatura:,,Umidade:,,Datas:,,Medições,Data / Hora,Temperatura,Umidade,27/07/2025 - 19:45,"23,00","41,00",Betha Eletrônica Ltda,1/1
Coleta de Dados - UMMI,Impressão: 08/08/2025  9:23.09,Grupo:,TH-04-R,Equipamento:  1 - UMMI,Coleta:,04/08/2025 - 08:56,Registros:   Total: 2.864        Exibidos: 2.864,Data da Coleta:,04/08/2025,Exibição de Dados,Temperatura:,,Umidade:,,Datas:,,Medições,Data / Hora,Temperatura,Umidade,27/07/2025 - 19:50,"22,00","44,00",Betha Eletrônica Ltda,1/1
Coleta de Dados - UMMI,Impressão: 08/08/2025  9:23.09,Grupo:,TH-04-R,Equipamento:  1 - UMMI,Coleta:,04/08/2025 - 08:56,Registros:   Total: 2.864        Exibidos: 2.864,Data da Coleta:,04/08/2025,Exibição de Dados,Temperatura:,,Umidade:,,Datas:,,Medições,Data / Hora,Temperatura,Umidade,27/07/2025 - 19:55,"22,00","48,00",Betha Eletrônica Ltda,1/1
Coleta de Dados - UMMI,Impressão: 08/08/2025  9:23.09,Grupo:,TH-04-R,Equipamento:  1 - UMMI,Coleta:,04/08/2025 - 08:56,Registros:   Total: 2.864        Exibidos: 2.864,Data da Coleta:,04/08/2025,Exibição de Dados,Temperatura:,,Umidade:,,Datas:,,Medições,Data / Hora,Temperatura,Umidade,27/07/2025 - 20:00,"22,00","46,00",Betha Eletrônica Ltda,1/1
Coleta de Dados - UMMI,Impressão: 08/08/2025  9:23.09,Grupo:,TH-04-R,Equipamento:  1 - UMMI,Coleta:,04/08/2025 - 08:56,Registros:   Total: 2.864        Exibidos: 2.864,Data da Coleta:,04/08/2025,Exibição de Dados,Temperatura:,,Umidade:,,Datas:,,Medições,Data / Hora,Temperatura,Umidade,27/07/2025 - 20:05,"23,00","44,00",Betha Eletrônica Ltda,1/1
Coleta de Dados - UMMI,Impressão: 08/08/2025  9:23.09,Grupo:,TH-04-R,Equipamento:  1 - UMMI,Coleta:,04/08/2025 - 08:56,Registros:   Total: 2.864        Exibidos: 2.864,Data da Coleta:,04/08/2025,Exibição de Dados,Temperatura:,,Umidade:,,Datas:,,Medições,Data / Hora,Temperatura,Umidade,27/07/2025 - 20:10,"23,00","48,00",Betha Eletrônica Ltda,1/1
Coleta de Dados - UMMI,Impressão: 08/08/2025  9:23.09,Grupo:,TH-04-R,Equipamento:  1 - UMMI,Coleta:,04/08/2025 - 08:56,Registros:   Total: 2.864        Exibidos: 2.864,Data da Coleta:,04/08/2025,Exibição de Dados,Temperatura:,,Umidade:,,Datas:,,Medições,Data / Hora,Temperatura,Umidade,27/07/2025 - 20:15,"22,00","42,00",Betha Eletrônica Ltda,1/1
Coleta de Dados - UMMI,Impressão: 08/08/2025  9:23.09,Grupo:,TH-04-R,Equipamento:  1 - UMMI,Coleta:,04/08/2025 - 08:56,Registros:   Total: 2.864        Exibidos: 2.864,Data da Coleta:,04/08/2025,Exibição de Dados,Temperatura:,,Umidade:,,Datas:,,Medições,Data / Hora,Temperatura,Umidade,27/07/2025 - 20:20,"22,00","46,00",Betha Eletrônica Ltda,1/1
Coleta de Dados - UMMI,Impressão: 08/08/2025  9:23.09,Grupo:,TH-04-R,Equipamento:  1 - UMMI,Coleta:,04/08/2025 - 08:56,Registros:   Total: 2.864        Exibidos: 2.864,Data da Coleta:,04/08/2025,Exibição de Dados,Temperatura:,,Umidade:,,Datas:,,Medições,Data / Hora,Temperatura,Umidade,27/07/2025 - 20:25,"22,00","51,00",Betha Eletrônica Ltda,1/1
Coleta de Dados - UMMI,Impressão: 08/08/2025  9:23.09,Grupo:,TH-04-R,Equipamento:  1 - UMMI,Coleta:,04/08/2025 - 08:56,Registros:   Total: 2.864        Exibidos: 2.864,Data da Coleta:,04/08/2025,Exibição de Dados,Temperatura:,,Umidade:,,Datas:,,Medições,Data / Hora,Temperatura,Umidade,27/07/2025 - 20:30,"23,00","42,00",Betha Eletrônica Ltda,1/1
Coleta de Dados - UMMI,Impressão: 08/08/2025  9:23.09,Grupo:,TH-04-R,Equipamento:  1 - UMMI,Coleta:,04/08/2025 - 08:56,Registros:   Total: 2.864        Exibidos: 2.864,Data da Coleta:,04/08/2025,Exibição de Dados,Temperatura:,,Umidade:,,Datas:,,Medições,Data / Hora,Temperatura,Umidade,27/07/2025 - 20:35,"23,00","51,00",Betha Eletrônica Ltda,1/1
Coleta de Dados - UMMI,Impressão: 08/08/2025  9:23.09,Grupo:,TH-04-R,Equipamento:  1 - UMMI,Coleta:,04/08/2025 - 08:56,Registros:   Total: 2.864        Exibidos: 2.864,Data da Coleta:,04/08/2025,Exibição de Dados,Temperatura:,,Umidade:,,Datas:,,Medições,Data / Hora,Temperatura,Umidade,27/07/2025 - 20:40,"23,00","43,00",Betha Eletrônica Ltda,1/1
Coleta de Dados - UMMI,Impressão: 08/08/2025  9:23.09,Grupo:,TH-04-R,Equipamento:  1 - UMMI,Coleta:,04/08/2025 - 08:56,Registros:   Total: 2.864        Exibidos: 2.864,Data da Coleta:,04/08/2025,Exibição de Dados,Temperatura:,,Umidade:,,Datas:,,Medições,Data / Hora,Temperatura,Umidade,27/07/2025 - 20:45,"22,00","47,00",Betha Eletrônica Ltda,1/1
Coleta de Dados - UMMI,Impressão: 08/08/2025  9:23.09,Grupo:,TH-04-R,Equipamento:  1 - UMMI,Coleta:,04/08/2025 - 08:56,Registros:   Total: 2.864        Exibidos: 2.864,Data da Coleta:,04/08/2025,Exibição de Dados,Temperatura:,,Umidade:,,Datas:,,Medições,Data / Hora,Temperatura,Umidade,27/07/2025 - 20:50,"22,00","50,00",Betha Eletrônica Ltda,1/1
Coleta de Dados - UMMI,Impressão: 08/08/2025  9:23.09,Grupo:,TH-04-R,Equipamento:  1 - UMMI,Coleta:,04/08/2025 - 08:56,Registros:   Total: 2.864        Exibidos: 2.864,Data da Coleta:,04/08/2025,Exibição de Dados,Temperatura:,,Umidade:,,Datas:,,Medições,Data / Hora,Temperatura,Umidade,27/07/2025 - 20:55,"23,00","42,00",Betha Eletrônica Ltda,1/1
Coleta de Dados - UMMI,Impressão: 08/08/2025  9:23.09,Grupo:,TH-04-R,Equipamento:  1 - UMMI,Coleta:,04/08/2025 - 08:56,Registros:   Total: 2.864        Exibidos: 2.864,Data da Coleta:,04/08/2025,Exibição de Dados,Temperatura:,,Umidade:,,Datas:,,Medições,Data / Hora,Temperatura,Umidade,27/07/2025 - 21:00,"23,00","52,00",Betha Eletrônica Ltda,1/1
Coleta de Dados - UMMI,Impressão: 08/08/2025  9:23.09,Grupo:,TH-04-R,Equipamento:  1 - UMMI,Coleta:,04/08/2025 - 08:56,Registros:   Total: 2.864        Exibidos: 2.864,Data da Coleta:,04/08/2025,Exibição de Dados,Temperatura:,,Umidade:,,Datas:,,Medições,Data / Hora,Temperatura,Umidade,27/07/2025 - 21:05,"23,00","42,00",Betha Eletrônica Ltda,1/1
Coleta de Dados - UMMI,Impressão: 08/08/2025  9:23.09,Grupo:,TH-04-R,Equipamento:  1 - UMMI,Coleta:,04/08/2025 - 08:56,Registros:   Total: 2.864        Exibidos: 2.864,Data da Coleta:,04/08/2025,Exibição de Dados,Temperatura:,,Umidade:,,Datas:,,Medições,Data / Hora,Temperatura,Umidade,27/07/2025 - 21:10,"22,00","46,00",Betha Eletrônica Ltda,1/1
Coleta de Dados - UMMI,Impressão: 08/08/2025  9:23.09,Grupo:,TH-04-R,Equipamento:  1 - UMMI,Coleta:,04/08/2025 - 08:56,Registros:   Total: 2.864        Exibidos: 2.864,Data da Coleta:,04/08/2025,Exibição de Dados,Temperatura:,,Umidade:,,Datas:,,Medições,Data / Hora,Temperatura,Umidade,27/07/2025 - 21:15,"22,00","50,00",Betha Eletrônica Ltda,1/1
Coleta de Dados - UMMI,Impressão: 08/08/2025  9:23.09,Grupo:,TH-04-R,Equipamento:  1 - UMMI,Coleta:,04/08/2025 - 08:56,Registros:   Total: 2.864        Exibidos: 2.864,Data da Coleta:,04/08/2025,Exibição de Dados,Temperatura:,,Umidade:,,Datas:,,Medições,Data / Hora,Temperatura,Umidade,27/07/2025 - 21:20,"22,00","44,00",Betha Eletrônica Ltda,1/1
Coleta de Dados - UMMI,Impressão: 08/08/2025  9:23.09,Grupo:,TH-04-R,Equipamento:  1 - UMMI,Coleta:,04/08/2025 - 08:56,Registros:   Total: 2.864        Exibidos: 2.864,Data da Coleta:,04/08/2025,Exibição de Dados,Temperatura:,,Umidade:,,Datas:,,Medições,Data / Hora,Temperatura,Umidade,27/07/2025 - 21:25,"23,00","46,00",Betha Eletrônica Ltda,1/1
Coleta de Dados - UMMI,Impressão: 08/08/2025  9:23.09,Grupo:,TH-04-R,Equipamento:  1 - UMMI,Coleta:,04/08/2025 - 08:56,Registros:   Total: 2.864        Exibidos: 2.864,Data da Coleta:,04/08/2025,Exibição de Dados,Temperatura:,,Umidade:,,Datas:,,Medições,Data / Hora,Temperatura,Umidade,27/07/2025 - 21:30,"23,00","46,00",Betha Eletrônica Ltda,1/1
Coleta de Dados - UMMI,Impressão: 08/08/2025  9:23.09,Grupo:,TH-04-R,Equipamento:  1 - UMMI,Coleta:,04/08/2025 - 08:56,Registros:   Total: 2.864        Exibidos: 2.864,Data da Coleta:,04/08/2025,Exibição de Dados,Temperatura:,,Umidade:,,Datas:,,Medições,Data / Hora,Temperatura,Umidade,27/07/2025 - 21:35,"23,00","45,00",Betha Eletrônica Ltda,1/1
Coleta de Dados - UMMI,Impressão: 08/08/2025  9:23.09,Grupo:,TH-04-R,Equipamento:  1 - UMMI,Coleta:,04/08/2025 - 08:56,Registros:   Total: 2.864        Exibidos: 2.864,Data da Coleta:,04/08/2025,Exibição de Dados,Temperatura:,,Umidade:,,Datas:,,Medições,Data / Hora,Temperatura,Umidade,27/07/2025 - 21:40,"22,00","49,00",Betha Eletrônica Ltda,1/1
Coleta de Dados - UMMI,Impressão: 08/08/2025  9:23.09,Grupo:,TH-04-R,Equipamento:  1 - UMMI,Coleta:,04/08/2025 - 08:56,Registros:   Total: 2.864        Exibidos: 2.864,Data da Coleta:,04/08/2025,Exibição de Dados,Temperatura:,,Umidade:,,Datas:,,Medições,Data / Hora,Temperatura,Umidade,27/07/2025 - 21:45,"22,00","46,00",Betha Eletrônica Ltda,1/1
Coleta de Dados - UMMI,Impressão: 08/08/2025  9:23.09,Grupo:,TH-04-R,Equipamento:  1 - UMMI,Coleta:,04/08/2025 - 08:56,Registros:   Total: 2.864        Exibidos: 2.864,Data da Coleta:,04/08/2025,Exibição de Dados,Temperatura:,,Umidade:,,Datas:,,Medições,Data / Hora,Temperatura,Umidade,27/07/2025 - 21:50,"23,00","44,00",Betha Eletrônica Ltda,1/1
Coleta de Dados - UMMI,Impressão: 08/08/2025  9:23.09,Grupo:,TH-04-R,Equipamento:  1 - UMMI,Coleta:,04/08/2025 - 08:56,Registros:   Total: 2.864        Exibidos: 2.864,Data da Coleta:,04/08/2025,Exibição de Dados,Temperatura:,,Umidade:,,Datas:,,Medições,Data / Hora,Temperatura,Umidade,27/07/2025 - 21:55,"23,00","48,00",Betha Eletrônica Ltda,1/1
Coleta de Dados - UMMI,Impressão: 08/08/2025  9:23.09,Grupo:,TH-04-R,Equipamento:  1 - UMMI,Coleta:,04/08/2025 - 08:56,Registros:   Total: 2.864        Exibidos: 2.864,Data da Coleta:,04/08/2025,Exibição de Dados,Temperatura:,,Umidade:,,Datas:,,Medições,Data / Hora,Temperatura,Umidade,27/07/2025 - 22:00,"23,00","46,00",Betha Eletrônica Ltda,1/1
Coleta de Dados - UMMI,Impressão: 08/08/2025  9:23.09,Grupo:,TH-04-R,Equipamento:  1 - UMMI,Coleta:,04/08/2025 - 08:56,Registros:   Total: 2.864        Exibidos: 2.864,Data da Coleta:,04/08/2025,Exibição de Dados,Temperatura:,,Umidade:,,Datas:,,Medições,Data / Hora,Temperatura,Umidade,27/07/2025 - 22:05,"22,00","51,00",Betha Eletrônica Ltda,1/1
Coleta de Dados - UMMI,Impressão: 08/08/2025  9:23.09,Grupo:,TH-04-R,Equipamento:  1 - UMMI,Coleta:,04/08/2025 - 08:56,Registros:   Total: 2.864        Exibidos: 2.864,Data da Coleta:,04/08/2025,Exibição de Dados,Temperatura:,,Umidade:,,Datas:,,Medições,Data / Hora,Temperatura,Umidade,27/07/2025 - 22:10,"22,00","43,00",Betha Eletrônica Ltda,1/1
Coleta de Dados - UMMI,Impressão: 08/08/2025  9:23.09,Grupo:,TH-04-R,Equipamento:  1 - UMMI,Coleta:,04/08/2025 - 08:56,Registros:   Total: 2.864        Exibidos: 2.864,Data da Coleta:,04/08/2025,Exibição de Dados,Temperatura:,,Umidade:,,Datas:,,Medições,Data / Hora,Temperatura,Umidade,27/07/2025 - 22:15,"23,00","45,00",Betha Eletrônica Ltda,1/1
Coleta de Dados - UMMI,Impressão: 08/08/2025  9:23.09,Grupo:,TH-04-R,Equipamento:  1 - UMMI,Coleta:,04/08/2025 - 08:56,Registros:   Total: 2.864        Exibidos: 2.864,Data da Coleta:,04/08/2025,Exibição de Dados,Temperatura:,,Umidade:,,Datas:,,Medições,Data / Hora,Temperatura,Umidade,27/07/2025 - 22:20,"23,00","48,00",Betha Eletrônica Ltda,1/1
Coleta de Dados - UMMI,Impressão: 08/08/2025  9:23.09,Grupo:,TH-04-R,Equipamento:  1 - UMMI,Coleta:,04/08/2025 - 08:56,Registros:   Total: 2.864        Exibidos: 2.864,Data da Coleta:,04/08/2025,Exibição de Dados,Temperatura:,,Umidade:,,Datas:,,Medições,Data / Hora,Temperatura,Umidade,27/07/2025 - 22:25,"23,00","46,00",Betha Eletrônica Ltda,1/1
Coleta de Dados - UMMI,Impressão: 08/08/2025  9:23.09,Grupo:,TH-04-R,Equipamento:  1 - UMMI,Coleta:,04/08/2025 - 08:56,Registros:   Total: 2.864        Exibidos: 2.864,Data da Coleta:,04/08/2025,Exibição de Dados,Temperatura:,,Umidade:,,Datas:,,Medições,Data / Hora,Temperatura,Umidade,27/07/2025 - 22:30,"22,00","50,00",Betha Eletrônica Ltda,1/1
Coleta de Dados - UMMI,Impressão: 08/08/2025  9:23.09,Grupo:,TH-04-R,Equipamento:  1 - UMMI,Coleta:,04/08/2025 - 08:56,Registros:   Total: 2.864        Exibidos: 2.864,Data da Coleta:,04/08/2025,Exibição de Dados,Temperatura:,,Umidade:,,Datas:,,Medições,Data / Hora,Temperatura,Umidade,27/07/2025 - 22:35,"22,00","44,00",Betha Eletrônica Ltda,1/1
Coleta de Dados - UMMI,Impressão: 08/08/2025  9:23.09,Grupo:,TH-04-R,Equipamento:  1 - UMMI,Coleta:,04/08/2025 - 08:56,Registros:   Total: 2.864        Exibidos: 2.864,Data da Coleta:,04/08/2025,Exibição de Dados,Temperatura:,,Umidade:,,Datas:,,Medições,Data / Hora,Temperatura,Umidade,27/07/2025 - 22:40,"22,00","43,00",Betha Eletrônica Ltda,1/1
Coleta de Dados - UMMI,Impressão: 08/08/2025  9:23.09,Grupo:,TH-04-R,Equipamento:  1 - UMMI,Coleta:,04/08/2025 - 08:56,Registros:   Total: 2.864        Exibidos: 2.864,Data da Coleta:,04/08/2025,Exibição de Dados,Temperatura:,,Umidade:,,Datas:,,Medições,Data / Hora,Temperatura,Umidade,27/07/2025 - 22:45,"23,00","54,00",Betha Eletrônica Ltda,1/1
Coleta de Dados - UMMI,Impressão: 08/08/2025  9:23.09,Grupo:,TH-04-R,Equipamento:  1 - UMMI,Coleta:,04/08/2025 - 08:56,Registros:   Total: 2.864        Exibidos: 2.864,Data da Coleta:,04/08/2025,Exibição de Dados,Temperatura:,,Umidade:,,Datas:,,Medições,Data / Hora,Temperatura,Umidade,27/07/2025 - 22:50,"23,00","41,00",Betha Eletrônica Ltda,1/1
Coleta de Dados - UMMI,Impressão: 08/08/2025  9:23.09,Grupo:,TH-04-R,Equipamento:  1 - UMMI,Coleta:,04/08/2025 - 08:56,Registros:   Total: 2.864        Exibidos: 2.864,Data da Coleta:,04/08/2025,Exibição de Dados,Temperatura:,,Umidade:,,Datas:,,Medições,Data / Hora,Temperatura,Umidade,27/07/2025 - 22:55,"23,00","52,00",Betha Eletrônica Ltda,1/1
Coleta de Dados - UMMI,Impressão: 08/08/2025  9:23.09,Grupo:,TH-04-R,Equipamento:  1 - UMMI,Coleta:,04/08/2025 - 08:56,Registros:   Total: 2.864        Exibidos: 2.864,Data da Coleta:,04/08/2025,Exibição de Dados,Temperatura:,,Umidade:,,Datas:,,Medições,Data / Hora,Temperatura,Umidade,27/07/2025 - 23:00,"22,00","45,00",Betha Eletrônica Ltda,1/1
Coleta de Dados - UMMI,Impressão: 08/08/2025  9:23.09,Grupo:,TH-04-R,Equipamento:  1 - UMMI,Coleta:,04/08/2025 - 08:56,Registros:   Total: 2.864        Exibidos: 2.864,Data da Coleta:,04/08/2025,Exibição de Dados,Temperatura:,,Umidade:,,Datas:,,Medições,Data / Hora,Temperatura,Umidade,27/07/2025 - 23:05,"22,00","43,00",Betha Eletrônica Ltda,1/1
Coleta de Dados - UMMI,Impressão: 08/08/2025  9:23.09,Grupo:,TH-04-R,Equipamento:  1 - UMMI,Coleta:,04/08/2025 - 08:56,Registros:   Total: 2.864        Exibidos: 2.864,Data da Coleta:,04/08/2025,Exibição de Dados,Temperatura:,,Umidade:,,Datas:,,Medições,Data / Hora,Temperatura,Umidade,27/07/2025 - 23:10,"23,00","55,00",Betha Eletrônica Ltda,1/1
Coleta de Dados - UMMI,Impressão: 08/08/2025  9:23.09,Grupo:,TH-04-R,Equipamento:  1 - UMMI,Coleta:,04/08/2025 - 08:56,Registros:   Total: 2.864        Exibidos: 2.864,Data da Coleta:,04/08/2025,Exibição de Dados,Temperatura:,,Umidade:,,Datas:,,Medições,Data / Hora,Temperatura,Umidade,27/07/2025 - 23:15,"23,00","40,00",Betha Eletrônica Ltda,1/1
Coleta de Dados - UMMI,Impressão: 08/08/2025  9:23.09,Grupo:,TH-04-R,Equipamento:  1 - UMMI,Coleta:,04/08/2025 - 08:56,Registros:   Total: 2.864        Exibidos: 2.864,Data da Coleta:,04/08/2025,Exibição de Dados,Temperatura:,,Umidade:,,Datas:,,Medições,Data / Hora,Temperatura,Umidade,27/07/2025 - 23:20,"23,00","53,00",Betha Eletrônica Ltda,1/1
Coleta de Dados - UMMI,Impressão: 08/08/2025  9:23.09,Grupo:,TH-04-R,Equipamento:  1 - UMMI,Coleta:,04/08/2025 - 08:56,Registros:   Total: 2.864        Exibidos: 2.864,Data da Coleta:,04/08/2025,Exibição de Dados,Temperatura:,,Umidade:,,Datas:,,Medições,Data / Hora,Temperatura,Umidade,27/07/2025 - 23:25,"22,00","44,00",Betha Eletrônica Ltda,1/1
Coleta de Dados - UMMI,Impressão: 08/08/2025  9:23.09,Grupo:,TH-04-R,Equipamento:  1 - UMMI,Coleta:,04/08/2025 - 08:56,Registros:   Total: 2.864        Exibidos: 2.864,Data da Coleta:,04/08/2025,Exibição de Dados,Temperatura:,,Umidade:,,Datas:,,Medições,Data / Hora,Temperatura,Umidade,27/07/2025 - 23:30,"22,00","44,00",Betha Eletrônica Ltda,1/1
Coleta de Dados - UMMI,Impressão: 08/08/2025  9:23.09,Grupo:,TH-04-R,Equipamento:  1 - UMMI,Coleta:,04/08/2025 - 08:56,Registros:   Total: 2.864        Exibidos: 2.864,Data da Coleta:,04/08/2025,Exibição de Dados,Temperatura:,,Umidade:,,Datas:,,Medições,Data / Hora,Temperatura,Umidade,27/07/2025 - 23:35,"23,00","55,00",Betha Eletrônica Ltda,1/1
Coleta de Dados - UMMI,Impressão: 08/08/2025  9:23.09,Grupo:,TH-04-R,Equipamento:  1 - UMMI,Coleta:,04/08/2025 - 08:56,Registros:   Total: 2.864        Exibidos: 2.864,Data da Coleta:,04/08/2025,Exibição de Dados,Temperatura:,,Umidade:,,Datas:,,Medições,Data / Hora,Temperatura,Umidade,27/07/2025 - 23:40,"23,00","41,00",Betha Eletrônica Ltda,1/1
Coleta de Dados - UMMI,Impressão: 08/08/2025  9:23.09,Grupo:,TH-04-R,Equipamento:  1 - UMMI,Coleta:,04/08/2025 - 08:56,Registros:   Total: 2.864        Exibidos: 2.864,Data da Coleta:,04/08/2025,Exibição de Dados,Temperatura:,,Umidade:,,Datas:,,Medições,Data / Hora,Temperatura,Umidade,27/07/2025 - 23:45,"23,00","54,00",Betha Eletrônica Ltda,1/1
Coleta de Dados - UMMI,Impressão: 08/08/2025  9:23.09,Grupo:,TH-04-R,Equipamento:  1 - UMMI,Coleta:,04/08/2025 - 08:56,Registros:   Total: 2.864        Exibidos: 2.864,Data da Coleta:,04/08/2025,Exibição de Dados,Temperatura:,,Umidade:,,Datas:,,Medições,Data / Hora,Temperatura,Umidade,27/07/2025 - 23:50,"23,00","42,00",Betha Eletrônica Ltda,1/1
Coleta de Dados - UMMI,Impressão: 08/08/2025  9:23.09,Grupo:,TH-04-R,Equipamento:  1 - UMMI,Coleta:,04/08/2025 - 08:56,Registros:   Total: 2.864        Exibidos: 2.864,Data da Coleta:,04/08/2025,Exibição de Dados,Temperatura:,,Umidade:,,Datas:,,Medições,Data / Hora,Temperatura,Umidade,27/07/2025 - 23:55,"22,00","46,00",Betha Eletrônica Ltda,1/1
Coleta de Dados - UMMI,Impressão: 08/08/2025  9:23.09,Grupo:,TH-04-R,Equipamento:  1 - UMMI,Coleta:,04/08/2025 - 08:56,Registros:   Total: 2.864        Exibidos: 2.864,Data da Coleta:,04/08/2025,Exibição de Dados,Temperatura:,,Umidade:,,Datas:,,Medições,Data / Hora,Temperatura,Umidade,28/07/2025 - 00:00,"22,00","53,00",Betha Eletrônica Ltda,1/1
Coleta de Dados - UMMI,Impressão: 08/08/2025  9:23.09,Grupo:,TH-04-R,Equipamento:  1 - UMMI,Coleta:,04/08/2025 - 08:56,Registros:   Total: 2.864        Exibidos: 2.864,Data da Coleta:,04/08/2025,Exibição de Dados,Temperatura:,,Umidade:,,Datas:,,Medições,Data / Hora,Temperatura,Umidade,28/07/2025 - 00:05,"23,00","41,00",Betha Eletrônica Ltda,1/1
Coleta de Dados - UMMI,Impressão: 08/08/2025  9:23.09,Grupo:,TH-04-R,Equipamento:  1 - UMMI,Coleta:,04/08/2025 - 08:56,Registros:   Total: 2.864        Exibidos: 2.864,Data da Coleta:,04/08/2025,Exibição de Dados,Temperatura:,,Umidade:,,Datas:,,Medições,Data / Hora,Temperatura,Umidade,28/07/2025 - 00:10,"23,00","54,00",Betha Eletrônica Ltda,1/1
Coleta de Dados - UMMI,Impressão: 08/08/2025  9:23.09,Grupo:,TH-04-R,Equipamento:  1 - UMMI,Coleta:,04/08/2025 - 08:56,Registros:   Total: 2.864        Exibidos: 2.864,Data da Coleta:,04/08/2025,Exibição de Dados,Temperatura:,,Umidade:,,Datas:,,Medições,Data / Hora,Temperatura,Umidade,28/07/2025 - 00:15,"23,00","42,00",Betha Eletrônica Ltda,1/1
Coleta de Dados - UMMI,Impressão: 08/08/2025  9:23.09,Grupo:,TH-04-R,Equipamento:  1 - UMMI,Coleta:,04/08/2025 - 08:56,Registros:   Total: 2.864        Exibidos: 2.864,Data da Coleta:,04/08/2025,Exibição de Dados,Temperatura:,,Umidade:,,Datas:,,Medições,Data / Hora,Temperatura,Umidade,28/07/2025 - 00:20,"22,00","46,00",Betha Eletrônica Ltda,1/1
Coleta de Dados - UMMI,Impressão: 08/08/2025  9:23.09,Grupo:,TH-04-R,Equipamento:  1 - UMMI,Coleta:,04/08/2025 - 08:56,Registros:   Total: 2.864        Exibidos: 2.864,Data da Coleta:,04/08/2025,Exibição de Dados,Temperatura:,,Umidade:,,Datas:,,Medições,Data / Hora,Temperatura,Umidade,28/07/2025 - 00:25,"22,00","52,00",Betha Eletrônica Ltda,1/1
Coleta de Dados - UMMI,Impressão: 08/08/2025  9:23.09,Grupo:,TH-04-R,Equipamento:  1 - UMMI,Coleta:,04/08/2025 - 08:56,Registros:   Total: 2.864        Exibidos: 2.864,Data da Coleta:,04/08/2025,Exibição de Dados,Temperatura:,,Umidade:,,Datas:,,Medições,Data / Hora,Temperatura,Umidade,28/07/2025 - 00:30,"22,00","41,00",Betha Eletrônica Ltda,1/1
Coleta de Dados - UMMI,Impressão: 08/08/2025  9:23.09,Grupo:,TH-04-R,Equipamento:  1 - UMMI,Coleta:,04/08/2025 - 08:56,Registros:   Total: 2.864        Exibidos: 2.864,Data da Coleta:,04/08/2025,Exibição de Dados,Temperatura:,,Umidade:,,Datas:,,Medições,Data / Hora,Temperatura,Umidade,28/07/2025 - 00:35,"23,00","54,00",Betha Eletrônica Ltda,1/1
Coleta de Dados - UMMI,Impressão: 08/08/2025  9:23.09,Grupo:,TH-04-R,Equipamento:  1 - UMMI,Coleta:,04/08/2025 - 08:56,Registros:   Total: 2.864        Exibidos: 2.864,Data da Coleta:,04/08/2025,Exibição de Dados,Temperatura:,,Umidade:,,Datas:,,Medições,Data / Hora,Temperatura,Umidade,28/07/2025 - 00:40,"23,00","42,00",Betha Eletrônica Ltda,1/1
Coleta de Dados - UMMI,Impressão: 08/08/2025  9:23.09,Grupo:,TH-04-R,Equipamento:  1 - UMMI,Coleta:,04/08/2025 - 08:56,Registros:   Total: 2.864        Exibidos: 2.864,Data da Coleta:,04/08/2025,Exibição de Dados,Temperatura:,,Umidade:,,Datas:,,Medições,Data / Hora,Temperatura,Umidade,28/07/2025 - 00:45,"22,00","47,00",Betha Eletrônica Ltda,1/1
Coleta de Dados - UMMI,Impressão: 08/08/2025  9:23.09,Grupo:,TH-04-R,Equipamento:  1 - UMMI,Coleta:,04/08/2025 - 08:56,Registros:   Total: 2.864        Exibidos: 2.864,Data da Coleta:,04/08/2025,Exibição de Dados,Temperatura:,,Umidade:,,Datas:,,Medições,Data / Hora,Temperatura,Umidade,28/07/2025 - 00:50,"21,00","49,00",Betha Eletrônica Ltda,1/1
Coleta de Dados - UMMI,Impressão: 08/08/2025  9:23.09,Grupo:,TH-04-R,Equipamento:  1 - UMMI,Coleta:,04/08/2025 - 08:56,Registros:   Total: 2.864        Exibidos: 2.864,Data da Coleta:,04/08/2025,Exibição de Dados,Temperatura:,,Umidade:,,Datas:,,Medições,Data / Hora,Temperatura,Umidade,28/07/2025 - 00:55,"22,00","41,00",Betha Eletrônica Ltda,1/1
Coleta de Dados - UMMI,Impressão: 08/08/2025  9:23.09,Grupo:,TH-04-R,Equipamento:  1 - UMMI,Coleta:,04/08/2025 - 08:56,Registros:   Total: 2.864        Exibidos: 2.864,Data da Coleta:,04/08/2025,Exibição de Dados,Temperatura:,,Umidade:,,Datas:,,Medições,Data / Hora,Temperatura,Umidade,28/07/2025 - 01:00,"23,00","50,00",Betha Eletrônica Ltda,1/1
Coleta de Dados - UMMI,Impressão: 08/08/2025  9:23.09,Grupo:,TH-04-R,Equipamento:  1 - UMMI,Coleta:,04/08/2025 - 08:56,Registros:   Total: 2.864        Exibidos: 2.864,Data da Coleta:,04/08/2025,Exibição de Dados,Temperatura:,,Umidade:,,Datas:,,Medições,Data / Hora,Temperatura,Umidade,28/07/2025 - 01:05,"23,00","43,00",Betha Eletrônica Ltda,1/1
Coleta de Dados - UMMI,Impressão: 08/08/2025  9:23.09,Grupo:,TH-04-R,Equipamento:  1 - UMMI,Coleta:,04/08/2025 - 08:56,Registros:   Total: 2.864        Exibidos: 2.864,Data da Coleta:,04/08/2025,Exibição de Dados,Temperatura:,,Umidade:,,Datas:,,Medições,Data / Hora,Temperatura,Umidade,28/07/2025 - 01:10,"23,00","49,00",Betha Eletrônica Ltda,1/1
Coleta de Dados - UMMI,Impressão: 08/08/2025  9:23.09,Grupo:,TH-04-R,Equipamento:  1 - UMMI,Coleta:,04/08/2025 - 08:56,Registros:   Total: 2.864        Exibidos: 2.864,Data da Coleta:,04/08/2025,Exibição de Dados,Temperatura:,,Umidade:,,Datas:,,Medições,Data / Hora,Temperatura,Umidade,28/07/2025 - 01:15,"22,00","47,00",Betha Eletrônica Ltda,1/1
Coleta de Dados - UMMI,Impressão: 08/08/2025  9:23.09,Grupo:,TH-04-R,Equipamento:  1 - UMMI,Coleta:,04/08/2025 - 08:56,Registros:   Total: 2.864        Exibidos: 2.864,Data da Coleta:,04/08/2025,Exibição de Dados,Temperatura:,,Umidade:,,Datas:,,Medições,Data / Hora,Temperatura,Umidade,28/07/2025 - 01:20,"22,00","41,00",Betha Eletrônica Ltda,1/1
Coleta de Dados - UMMI,Impressão: 08/08/2025  9:23.09,Grupo:,TH-04-R,Equipamento:  1 - UMMI,Coleta:,04/08/2025 - 08:56,Registros:   Total: 2.864        Exibidos: 2.864,Data da Coleta:,04/08/2025,Exibição de Dados,Temperatura:,,Umidade:,,Datas:,,Medições,Data / Hora,Temperatura,Umidade,28/07/2025 - 01:25,"23,00","53,00",Betha Eletrônica Ltda,1/1
Coleta de Dados - UMMI,Impressão: 08/08/2025  9:23.09,Grupo:,TH-04-R,Equipamento:  1 - UMMI,Coleta:,04/08/2025 - 08:56,Registros:   Total: 2.864        Exibidos: 2.864,Data da Coleta:,04/08/2025,Exibição de Dados,Temperatura:,,Umidade:,,Datas:,,Medições,Data / Hora,Temperatura,Umidade,28/07/2025 - 01:30,"23,00","40,00",Betha Eletrônica Ltda,1/1
Coleta de Dados - UMMI,Impressão: 08/08/2025  9:23.09,Grupo:,TH-04-R,Equipamento:  1 - UMMI,Coleta:,04/08/2025 - 08:56,Registros:   Total: 2.864        Exibidos: 2.864,Data da Coleta:,04/08/2025,Exibição de Dados,Temperatura:,,Umidade:,,Datas:,,Medições,Data / Hora,Temperatura,Umidade,28/07/2025 - 01:35,"23,00","52,00",Betha Eletrônica Ltda,1/1
Coleta de Dados - UMMI,Impressão: 08/08/2025  9:23.09,Grupo:,TH-04-R,Equipamento:  1 - UMMI,Coleta:,04/08/2025 - 08:56,Registros:   Total: 2.864        Exibidos: 2.864,Data da Coleta:,04/08/2025,Exibição de Dados,Temperatura:,,Umidade:,,Datas:,,Medições,Data / Hora,Temperatura,Umidade,28/07/2025 - 01:40,"22,00","45,00",Betha Eletrônica Ltda,1/1
Coleta de Dados - UMMI,Impressão: 08/08/2025  9:23.09,Grupo:,TH-04-R,Equipamento:  1 - UMMI,Coleta:,04/08/2025 - 08:56,Registros:   Total: 2.864        Exibidos: 2.864,Data da Coleta:,04/08/2025,Exibição de Dados,Temperatura:,,Umidade:,,Datas:,,Medições,Data / Hora,Temperatura,Umidade,28/07/2025 - 01:45,"22,00","43,00",Betha Eletrônica Ltda,1/1
Coleta de Dados - UMMI,Impressão: 08/08/2025  9:23.09,Grupo:,TH-04-R,Equipamento:  1 - UMMI,Coleta:,04/08/2025 - 08:56,Registros:   Total: 2.864        Exibidos: 2.864,Data da Coleta:,04/08/2025,Exibição de Dados,Temperatura:,,Umidade:,,Datas:,,Medições,Data / Hora,Temperatura,Umidade,28/07/2025 - 01:50,"22,00","54,00",Betha Eletrônica Ltda,1/1
Coleta de Dados - UMMI,Impressão: 08/08/2025  9:23.09,Grupo:,TH-04-R,Equipamento:  1 - UMMI,Coleta:,04/08/2025 - 08:56,Registros:   Total: 2.864        Exibidos: 2.864,Data da Coleta:,04/08/2025,Exibição de Dados,Temperatura:,,Umidade:,,Datas:,,Medições,Data / Hora,Temperatura,Umidade,28/07/2025 - 01:55,"23,00","39,00",Betha Eletrônica Ltda,1/1
Coleta de Dados - UMMI,Impressão: 08/08/2025  9:23.09,Grupo:,TH-04-R,Equipamento:  1 - UMMI,Coleta:,04/08/2025 - 08:56,Registros:   Total: 2.864        Exibidos: 2.864,Data da Coleta:,04/08/2025,Exibição de Dados,Temperatura:,,Umidade:,,Datas:,,Medições,Data / Hora,Temperatura,Umidade,28/07/2025 - 02:00,"23,00","53,00",Betha Eletrônica Ltda,1/1
Coleta de Dados - UMMI,Impressão: 08/08/2025  9:23.09,Grupo:,TH-04-R,Equipamento:  1 - UMMI,Coleta:,04/08/2025 - 08:56,Registros:   Total: 2.864        Exibidos: 2.864,Data da Coleta:,04/08/2025,Exibição de Dados,Temperatura:,,Umidade:,,Datas:,,Medições,Data / Hora,Temperatura,Umidade,28/07/2025 - 02:05,"23,00","43,00",Betha Eletrônica Ltda,1/1
Coleta de Dados - UMMI,Impressão: 08/08/2025  9:23.09,Grupo:,TH-04-R,Equipamento:  1 - UMMI,Coleta:,04/08/2025 - 08:56,Registros:   Total: 2.864        Exibidos: 2.864,Data da Coleta:,04/08/2025,Exibição de Dados,Temperatura:,,Umidade:,,Datas:,,Medições,Data / Hora,Temperatura,Umidade,28/07/2025 - 02:10,"22,00","43,00",Betha Eletrônica Ltda,1/1
Coleta de Dados - UMMI,Impressão: 08/08/2025  9:23.09,Grupo:,TH-04-R,Equipamento:  1 - UMMI,Coleta:,04/08/2025 - 08:56,Registros:   Total: 2.864        Exibidos: 2.864,Data da Coleta:,04/08/2025,Exibição de Dados,Temperatura:,,Umidade:,,Datas:,,Medições,Data / Hora,Temperatura,Umidade,28/07/2025 - 02:15,"22,00","52,00",Betha Eletrônica Ltda,1/1
Coleta de Dados - UMMI,Impressão: 08/08/2025  9:23.09,Grupo:,TH-04-R,Equipamento:  1 - UMMI,Coleta:,04/08/2025 - 08:56,Registros:   Total: 2.864        Exibidos: 2.864,Data da Coleta:,04/08/2025,Exibição de Dados,Temperatura:,,Umidade:,,Datas:,,Medições,Data / Hora,Temperatura,Umidade,28/07/2025 - 02:20,"23,00","41,00",Betha Eletrônica Ltda,1/1
Coleta de Dados - UMMI,Impressão: 08/08/2025  9:23.09,Grupo:,TH-04-R,Equipamento:  1 - UMMI,Coleta:,04/08/2025 - 08:56,Registros:   Total: 2.864        Exibidos: 2.864,Data da Coleta:,04/08/2025,Exibição de Dados,Temperatura:,,Umidade:,,Datas:,,Medições,Data / Hora,Temperatura,Umidade,28/07/2025 - 02:25,"23,00","51,00",Betha Eletrônica Ltda,1/1
Coleta de Dados - UMMI,Impressão: 08/08/2025  9:23.09,Grupo:,TH-04-R,Equipamento:  1 - UMMI,Coleta:,04/08/2025 - 08:56,Registros:   Total: 2.864        Exibidos: 2.864,Data da Coleta:,04/08/2025,Exibição de Dados,Temperatura:,,Umidade:,,Datas:,,Medições,Data / Hora,Temperatura,Umidade,28/07/2025 - 02:30,"23,00","43,00",Betha Eletrônica Ltda,1/1
Coleta de Dados - UMMI,Impressão: 08/08/2025  9:23.09,Grupo:,TH-04-R,Equipamento:  1 - UMMI,Coleta:,04/08/2025 - 08:56,Registros:   Total: 2.864        Exibidos: 2.864,Data da Coleta:,04/08/2025,Exibição de Dados,Temperatura:,,Umidade:,,Datas:,,Medições,Data / Hora,Temperatura,Umidade,28/07/2025 - 02:35,"22,00","44,00",Betha Eletrônica Ltda,1/1
Coleta de Dados - UMMI,Impressão: 08/08/2025  9:23.09,Grupo:,TH-04-R,Equipamento:  1 - UMMI,Coleta:,04/08/2025 - 08:56,Registros:   Total: 2.864        Exibidos: 2.864,Data da Coleta:,04/08/2025,Exibição de Dados,Temperatura:,,Umidade:,,Datas:,,Medições,Data / Hora,Temperatura,Umidade,28/07/2025 - 02:40,"22,00","48,00",Betha Eletrônica Ltda,1/1
Coleta de Dados - UMMI,Impressão: 08/08/2025  9:23.09,Grupo:,TH-04-R,Equipamento:  1 - UMMI,Coleta:,04/08/2025 - 08:56,Registros:   Total: 2.864        Exibidos: 2.864,Data da Coleta:,04/08/2025,Exibição de Dados,Temperatura:,,Umidade:,,Datas:,,Medições,Data / Hora,Temperatura,Umidade,28/07/2025 - 02:45,"22,00","48,00",Betha Eletrônica Ltda,1/1
Coleta de Dados - UMMI,Impressão: 08/08/2025  9:23.09,Grupo:,TH-04-R,Equipamento:  1 - UMMI,Coleta:,04/08/2025 - 08:56,Registros:   Total: 2.864        Exibidos: 2.864,Data da Coleta:,04/08/2025,Exibição de Dados,Temperatura:,,Umidade:,,Datas:,,Medições,Data / Hora,Temperatura,Umidade,28/07/2025 - 02:50,"23,00","44,00",Betha Eletrônica Ltda,1/1
Coleta de Dados - UMMI,Impressão: 08/08/2025  9:23.09,Grupo:,TH-04-R,Equipamento:  1 - UMMI,Coleta:,04/08/2025 - 08:56,Registros:   Total: 2.864        Exibidos: 2.864,Data da Coleta:,04/08/2025,Exibição de Dados,Temperatura:,,Umidade:,,Datas:,,Medições,Data / Hora,Temperatura,Umidade,28/07/2025 - 02:55,"23,00","49,00",Betha Eletrônica Ltda,1/1
Coleta de Dados - UMMI,Impressão: 08/08/2025  9:23.09,Grupo:,TH-04-R,Equipamento:  1 - UMMI,Coleta:,04/08/2025 - 08:56,Registros:   Total: 2.864        Exibidos: 2.864,Data da Coleta:,04/08/2025,Exibição de Dados,Temperatura:,,Umidade:,,Datas:,,Medições,Data / Hora,Temperatura,Umidade,28/07/2025 - 03:00,"23,00","45,00",Betha Eletrônica Ltda,1/1
Coleta de Dados - UMMI,Impressão: 08/08/2025  9:23.09,Grupo:,TH-04-R,Equipamento:  1 - UMMI,Coleta:,04/08/2025 - 08:56,Registros:   Total: 2.864        Exibidos: 2.864,Data da Coleta:,04/08/2025,Exibição de Dados,Temperatura:,,Umidade:,,Datas:,,Medições,Data / Hora,Temperatura,Umidade,28/07/2025 - 03:05,"22,00","50,00",Betha Eletrônica Ltda,1/1
Coleta de Dados - UMMI,Impressão: 08/08/2025  9:23.09,Grupo:,TH-04-R,Equipamento:  1 - UMMI,Coleta:,04/08/2025 - 08:56,Registros:   Total: 2.864        Exibidos: 2.864,Data da Coleta:,04/08/2025,Exibição de Dados,Temperatura:,,Umidade:,,Datas:,,Medições,Data / Hora,Temperatura,Umidade,28/07/2025 - 03:10,"22,00","44,00",Betha Eletrônica Ltda,1/1
Coleta de Dados - UMMI,Impressão: 08/08/2025  9:23.09,Grupo:,TH-04-R,Equipamento:  1 - UMMI,Coleta:,04/08/2025 - 08:56,Registros:   Total: 2.864        Exibidos: 2.864,Data da Coleta:,04/08/2025,Exibição de Dados,Temperatura:,,Umidade:,,Datas:,,Medições,Data / Hora,Temperatura,Umidade,28/07/2025 - 03:15,"23,00","45,00",Betha Eletrônica Ltda,1/1
Coleta de Dados - UMMI,Impressão: 08/08/2025  9:23.09,Grupo:,TH-04-R,Equipamento:  1 - UMMI,Coleta:,04/08/2025 - 08:56,Registros:   Total: 2.864        Exibidos: 2.864,Data da Coleta:,04/08/2025,Exibição de Dados,Temperatura:,,Umidade:,,Datas:,,Medições,Data / Hora,Temperatura,Umidade,28/07/2025 - 03:20,"23,00","48,00",Betha Eletrônica Ltda,1/1
Coleta de Dados - UMMI,Impressão: 08/08/2025  9:23.09,Grupo:,TH-04-R,Equipamento:  1 - UMMI,Coleta:,04/08/2025 - 08:56,Registros:   Total: 2.864        Exibidos: 2.864,Data da Coleta:,04/08/2025,Exibição de Dados,Temperatura:,,Umidade:,,Datas:,,Medições,Data / Hora,Temperatura,Umidade,28/07/2025 - 03:25,"23,00","46,00",Betha Eletrônica Ltda,1/1
Coleta de Dados - UMMI,Impressão: 08/08/2025  9:23.09,Grupo:,TH-04-R,Equipamento:  1 - UMMI,Coleta:,04/08/2025 - 08:56,Registros:   Total: 2.864        Exibidos: 2.864,Data da Coleta:,04/08/2025,Exibição de Dados,Temperatura:,,Umidade:,,Datas:,,Medições,Data / Hora,Temperatura,Umidade,28/07/2025 - 03:30,"22,00","51,00",Betha Eletrônica Ltda,1/1
Coleta de Dados - UMMI,Impressão: 08/08/2025  9:23.09,Grupo:,TH-04-R,Equipamento:  1 - UMMI,Coleta:,04/08/2025 - 08:56,Registros:   Total: 2.864        Exibidos: 2.864,Data da Coleta:,04/08/2025,Exibição de Dados,Temperatura:,,Umidade:,,Datas:,,Medições,Data / Hora,Temperatura,Umidade,28/07/2025 - 03:35,"22,00","45,00",Betha Eletrônica Ltda,1/1
Coleta de Dados - UMMI,Impressão: 08/08/2025  9:23.09,Grupo:,TH-04-R,Equipamento:  1 - UMMI,Coleta:,04/08/2025 - 08:56,Registros:   Total: 2.864        Exibidos: 2.864,Data da Coleta:,04/08/2025,Exibição de Dados,Temperatura:,,Umidade:,,Datas:,,Medições,Data / Hora,Temperatura,Umidade,28/07/2025 - 03:40,"22,00","45,00",Betha Eletrônica Ltda,1/1
Coleta de Dados - UMMI,Impressão: 08/08/2025  9:23.09,Grupo:,TH-04-R,Equipamento:  1 - UMMI,Coleta:,04/08/2025 - 08:56,Registros:   Total: 2.864        Exibidos: 2.864,Data da Coleta:,04/08/2025,Exibição de Dados,Temperatura:,,Umidade:,,Datas:,,Medições,Data / Hora,Temperatura,Umidade,28/07/2025 - 03:45,"23,00","49,00",Betha Eletrônica Ltda,1/1
Coleta de Dados - UMMI,Impressão: 08/08/2025  9:23.09,Grupo:,TH-04-R,Equipamento:  1 - UMMI,Coleta:,04/08/2025 - 08:56,Registros:   Total: 2.864        Exibidos: 2.864,Data da Coleta:,04/08/2025,Exibição de Dados,Temperatura:,,Umidade:,,Datas:,,Medições,Data / Hora,Temperatura,Umidade,28/07/2025 - 03:50,"23,00","46,00",Betha Eletrônica Ltda,1/1
Coleta de Dados - UMMI,Impressão: 08/08/2025  9:23.09,Grupo:,TH-04-R,Equipamento:  1 - UMMI,Coleta:,04/08/2025 - 08:56,Registros:   Total: 2.864        Exibidos: 2.864,Data da Coleta:,04/08/2025,Exibição de Dados,Temperatura:,,Umidade:,,Datas:,,Medições,Data / Hora,Temperatura,Umidade,28/07/2025 - 03:55,"23,00","50,00",Betha Eletrônica Ltda,1/1
Coleta de Dados - UMMI,Impressão: 08/08/2025  9:23.09,Grupo:,TH-04-R,Equipamento:  1 - UMMI,Coleta:,04/08/2025 - 08:56,Registros:   Total: 2.864        Exibidos: 2.864,Data da Coleta:,04/08/2025,Exibição de Dados,Temperatura:,,Umidade:,,Datas:,,Medições,Data / Hora,Temperatura,Umidade,28/07/2025 - 04:00,"22,00","43,00",Betha Eletrônica Ltda,1/1
Coleta de Dados - UMMI,Impressão: 08/08/2025  9:23.09,Grupo:,TH-04-R,Equipamento:  1 - UMMI,Coleta:,04/08/2025 - 08:56,Registros:   Total: 2.864        Exibidos: 2.864,Data da Coleta:,04/08/2025,Exibição de Dados,Temperatura:,,Umidade:,,Datas:,,Medições,Data / Hora,Temperatura,Umidade,28/07/2025 - 04:05,"22,00","44,00",Betha Eletrônica Ltda,1/1
Coleta de Dados - UMMI,Impressão: 08/08/2025  9:23.09,Grupo:,TH-04-R,Equipamento:  1 - UMMI,Coleta:,04/08/2025 - 08:56,Registros:   Total: 2.864        Exibidos: 2.864,Data da Coleta:,04/08/2025,Exibição de Dados,Temperatura:,,Umidade:,,Datas:,,Medições,Data / Hora,Temperatura,Umidade,28/07/2025 - 04:10,"22,00","55,00",Betha Eletrônica Ltda,1/1
Coleta de Dados - UMMI,Impressão: 08/08/2025  9:23.09,Grupo:,TH-04-R,Equipamento:  1 - UMMI,Coleta:,04/08/2025 - 08:56,Registros:   Total: 2.864        Exibidos: 2.864,Data da Coleta:,04/08/2025,Exibição de Dados,Temperatura:,,Umidade:,,Datas:,,Medições,Data / Hora,Temperatura,Umidade,28/07/2025 - 04:15,"23,00","42,00",Betha Eletrônica Ltda,1/1
Coleta de Dados - UMMI,Impressão: 08/08/2025  9:23.09,Grupo:,TH-04-R,Equipamento:  1 - UMMI,Coleta:,04/08/2025 - 08:56,Registros:   Total: 2.864        Exibidos: 2.864,Data da Coleta:,04/08/2025,Exibição de Dados,Temperatura:,,Umidade:,,Datas:,,Medições,Data / Hora,Temperatura,Umidade,28/07/2025 - 04:20,"23,00","53,00",Betha Eletrônica Ltda,1/1
Coleta de Dados - UMMI,Impressão: 08/08/2025  9:23.09,Grupo:,TH-04-R,Equipamento:  1 - UMMI,Coleta:,04/08/2025 - 08:56,Registros:   Total: 2.864        Exibidos: 2.864,Data da Coleta:,04/08/2025,Exibição de Dados,Temperatura:,,Umidade:,,Datas:,,Medições,Data / Hora,Temperatura,Umidade,28/07/2025 - 04:25,"22,00","43,00",Betha Eletrônica Ltda,1/1
Coleta de Dados - UMMI,Impressão: 08/08/2025  9:23.09,Grupo:,TH-04-R,Equipamento:  1 - UMMI,Coleta:,04/08/2025 - 08:56,Registros:   Total: 2.864        Exibidos: 2.864,Data da Coleta:,04/08/2025,Exibição de Dados,Temperatura:,,Umidade:,,Datas:,,Medições,Data / Hora,Temperatura,Umidade,28/07/2025 - 04:30,"22,00","47,00",Betha Eletrônica Ltda,1/1
Coleta de Dados - UMMI,Impressão: 08/08/2025  9:23.09,Grupo:,TH-04-R,Equipamento:  1 - UMMI,Coleta:,04/08/2025 - 08:56,Registros:   Total: 2.864        Exibidos: 2.864,Data da Coleta:,04/08/2025,Exibição de Dados,Temperatura:,,Umidade:,,Datas:,,Medições,Data / Hora,Temperatura,Umidade,28/07/2025 - 04:35,"22,00","51,00",Betha Eletrônica Ltda,1/1
Coleta de Dados - UMMI,Impressão: 08/08/2025  9:23.09,Grupo:,TH-04-R,Equipamento:  1 - UMMI,Coleta:,04/08/2025 - 08:56,Registros:   Total: 2.864        Exibidos: 2.864,Data da Coleta:,04/08/2025,Exibição de Dados,Temperatura:,,Umidade:,,Datas:,,Medições,Data / Hora,Temperatura,Umidade,28/07/2025 - 04:40,"23,00","44,00",Betha Eletrônica Ltda,1/1
Coleta de Dados - UMMI,Impressão: 08/08/2025  9:23.09,Grupo:,TH-04-R,Equipamento:  1 - UMMI,Coleta:,04/08/2025 - 08:56,Registros:   Total: 2.864        Exibidos: 2.864,Data da Coleta:,04/08/2025,Exibição de Dados,Temperatura:,,Umidade:,,Datas:,,Medições,Data / Hora,Temperatura,Umidade,28/07/2025 - 04:45,"22,00","50,00",Betha Eletrônica Ltda,1/1
Coleta de Dados - UMMI,Impressão: 08/08/2025  9:23.09,Grupo:,TH-04-R,Equipamento:  1 - UMMI,Coleta:,04/08/2025 - 08:56,Registros:   Total: 2.864        Exibidos: 2.864,Data da Coleta:,04/08/2025,Exibição de Dados,Temperatura:,,Umidade:,,Datas:,,Medições,Data / Hora,Temperatura,Umidade,28/07/2025 - 04:50,"22,00","47,00",Betha Eletrônica Ltda,1/1
Coleta de Dados - UMMI,Impressão: 08/08/2025  9:23.09,Grupo:,TH-04-R,Equipamento:  1 - UMMI,Coleta:,04/08/2025 - 08:56,Registros:   Total: 2.864        Exibidos: 2.864,Data da Coleta:,04/08/2025,Exibição de Dados,Temperatura:,,Umidade:,,Datas:,,Medições,Data / Hora,Temperatura,Umidade,28/07/2025 - 04:55,"22,00","52,00",Betha Eletrônica Ltda,1/1
Coleta de Dados - UMMI,Impressão: 08/08/2025  9:23.09,Grupo:,TH-04-R,Equipamento:  1 - UMMI,Coleta:,04/08/2025 - 08:56,Registros:   Total: 2.864        Exibidos: 2.864,Data da Coleta:,04/08/2025,Exibição de Dados,Temperatura:,,Umidade:,,Datas:,,Medições,Data / Hora,Temperatura,Umidade,28/07/2025 - 05:00,"22,00","42,00",Betha Eletrônica Ltda,1/1
Coleta de Dados - UMMI,Impressão: 08/08/2025  9:23.09,Grupo:,TH-04-R,Equipamento:  1 - UMMI,Coleta:,04/08/2025 - 08:56,Registros:   Total: 2.864        Exibidos: 2.864,Data da Coleta:,04/08/2025,Exibição de Dados,Temperatura:,,Umidade:,,Datas:,,Medições,Data / Hora,Temperatura,Umidade,28/07/2025 - 05:05,"23,00","56,00",Betha Eletrônica Ltda,1/1
Coleta de Dados - UMMI,Impressão: 08/08/2025  9:23.09,Grupo:,TH-04-R,Equipamento:  1 - UMMI,Coleta:,04/08/2025 - 08:56,Registros:   Total: 2.864        Exibidos: 2.864,Data da Coleta:,04/08/2025,Exibição de Dados,Temperatura:,,Umidade:,,Datas:,,Medições,Data / Hora,Temperatura,Umidade,28/07/2025 - 05:10,"23,00","42,00",Betha Eletrônica Ltda,1/1
Coleta de Dados - UMMI,Impressão: 08/08/2025  9:23.09,Grupo:,TH-04-R,Equipamento:  1 - UMMI,Coleta:,04/08/2025 - 08:56,Registros:   Total: 2.864        Exibidos: 2.864,Data da Coleta:,04/08/2025,Exibição de Dados,Temperatura:,,Umidade:,,Datas:,,Medições,Data / Hora,Temperatura,Umidade,28/07/2025 - 05:15,"22,00","55,00",Betha Eletrônica Ltda,1/1
Coleta de Dados - UMMI,Impressão: 08/08/2025  9:23.09,Grupo:,TH-04-R,Equipamento:  1 - UMMI,Coleta:,04/08/2025 - 08:56,Registros:   Total: 2.864        Exibidos: 2.864,Data da Coleta:,04/08/2025,Exibição de Dados,Temperatura:,,Umidade:,,Datas:,,Medições,Data / Hora,Temperatura,Umidade,28/07/2025 - 06:50,"21,00","54,00",Betha Eletrônica Ltda,1/1
Coleta de Dados - UMMI,Impressão: 08/08/2025  9:23.09,Grupo:,TH-04-R,Equipamento:  1 - UMMI,Coleta:,04/08/2025 - 08:56,Registros:   Total: 2.864        Exibidos: 2.864,Data da Coleta:,04/08/2025,Exibição de Dados,Temperatura:,,Umidade:,,Datas:,,Medições,Data / Hora,Temperatura,Umidade,28/07/2025 - 06:55,"20,00","46,00",Betha Eletrônica Ltda,1/1
Coleta de Dados - UMMI,Impressão: 08/08/2025  9:23.09,Grupo:,TH-04-R,Equipamento:  1 - UMMI,Coleta:,04/08/2025 - 08:56,Registros:   Total: 2.864        Exibidos: 2.864,Data da Coleta:,04/08/2025,Exibição de Dados,Temperatura:,,Umidade:,,Datas:,,Medições,Data / Hora,Temperatura,Umidade,28/07/2025 - 07:00,"21,00","59,00",Betha Eletrônica Ltda,1/1
Coleta de Dados - UMMI,Impressão: 08/08/2025  9:23.09,Grupo:,TH-04-R,Equipamento:  1 - UMMI,Coleta:,04/08/2025 - 08:56,Registros:   Total: 2.864        Exibidos: 2.864,Data da Coleta:,04/08/2025,Exibição de Dados,Temperatura:,,Umidade:,,Datas:,,Medições,Data / Hora,Temperatura,Umidade,28/07/2025 - 07:05,"21,00","42,00",Betha Eletrônica Ltda,1/1
Coleta de Dados - UMMI,Impressão: 08/08/2025  9:23.09,Grupo:,TH-04-R,Equipamento:  1 - UMMI,Coleta:,04/08/2025 - 08:56,Registros:   Total: 2.864        Exibidos: 2.864,Data da Coleta:,04/08/2025,Exibição de Dados,Temperatura:,,Umidade:,,Datas:,,Medições,Data / Hora,Temperatura,Umidade,28/07/2025 - 07:10,"22,00","56,00",Betha Eletrônica Ltda,1/1
Coleta de Dados - UMMI,Impressão: 08/08/2025  9:23.09,Grupo:,TH-04-R,Equipamento:  1 - UMMI,Coleta:,04/08/2025 - 08:56,Registros:   Total: 2.864        Exibidos: 2.864,Data da Coleta:,04/08/2025,Exibição de Dados,Temperatura:,,Umidade:,,Datas:,,Medições,Data / Hora,Temperatura,Umidade,28/07/2025 - 07:15,"22,00","46,00",Betha Eletrônica Ltda,1/1
Coleta de Dados - UMMI,Impressão: 08/08/2025  9:23.09,Grupo:,TH-04-R,Equipamento:  1 - UMMI,Coleta:,04/08/2025 - 08:56,Registros:   Total: 2.864        Exibidos: 2.864,Data da Coleta:,04/08/2025,Exibição de Dados,Temperatura:,,Umidade:,,Datas:,,Medições,Data / Hora,Temperatura,Umidade,28/07/2025 - 07:20,"22,00","49,00",Betha Eletrônica Ltda,1/1
Coleta de Dados - UMMI,Impressão: 08/08/2025  9:23.09,Grupo:,TH-04-R,Equipamento:  1 - UMMI,Coleta:,04/08/2025 - 08:56,Registros:   Total: 2.864        Exibidos: 2.864,Data da Coleta:,04/08/2025,Exibição de Dados,Temperatura:,,Umidade:,,Datas:,,Medições,Data / Hora,Temperatura,Umidade,28/07/2025 - 07:25,"22,00","50,00",Betha Eletrônica Ltda,1/1
Coleta de Dados - UMMI,Impressão: 08/08/2025  9:23.09,Grupo:,TH-04-R,Equipamento:  1 - UMMI,Coleta:,04/08/2025 - 08:56,Registros:   Total: 2.864        Exibidos: 2.864,Data da Coleta:,04/08/2025,Exibição de Dados,Temperatura:,,Umidade:,,Datas:,,Medições,Data / Hora,Temperatura,Umidade,28/07/2025 - 07:30,"22,00","47,00",Betha Eletrônica Ltda,1/1
Coleta de Dados - UMMI,Impressão: 08/08/2025  9:23.09,Grupo:,TH-04-R,Equipamento:  1 - UMMI,Coleta:,04/08/2025 - 08:56,Registros:   Total: 2.864        Exibidos: 2.864,Data da Coleta:,04/08/2025,Exibição de Dados,Temperatura:,,Umidade:,,Datas:,,Medições,Data / Hora,Temperatura,Umidade,28/07/2025 - 07:35,"22,00","49,00",Betha Eletrônica Ltda,1/1
Coleta de Dados - UMMI,Impressão: 08/08/2025  9:23.09,Grupo:,TH-04-R,Equipamento:  1 - UMMI,Coleta:,04/08/2025 - 08:56,Registros:   Total: 2.864        Exibidos: 2.864,Data da Coleta:,04/08/2025,Exibição de Dados,Temperatura:,,Umidade:,,Datas:,,Medições,Data / Hora,Temperatura,Umidade,28/07/2025 - 07:40,"22,00","43,00",Betha Eletrônica Ltda,1/1
Coleta de Dados - UMMI,Impressão: 08/08/2025  9:23.09,Grupo:,TH-04-R,Equipamento:  1 - UMMI,Coleta:,04/08/2025 - 08:56,Registros:   Total: 2.864        Exibidos: 2.864,Data da Coleta:,04/08/2025,Exibição de Dados,Temperatura:,,Umidade:,,Datas:,,Medições,Data / Hora,Temperatura,Umidade,28/07/2025 - 07:45,"23,00","56,00",Betha Eletrônica Ltda,1/1
Coleta de Dados - UMMI,Impressão: 08/08/2025  9:23.09,Grupo:,TH-04-R,Equipamento:  1 - UMMI,Coleta:,04/08/2025 - 08:56,Registros:   Total: 2.864        Exibidos: 2.864,Data da Coleta:,04/08/2025,Exibição de Dados,Temperatura:,,Umidade:,,Datas:,,Medições,Data / Hora,Temperatura,Umidade,28/07/2025 - 07:50,"22,00","42,00",Betha Eletrônica Ltda,1/1
Coleta de Dados - UMMI,Impressão: 08/08/2025  9:23.09,Grupo:,TH-04-R,Equipamento:  1 - UMMI,Coleta:,04/08/2025 - 08:56,Registros:   Total: 2.864        Exibidos: 2.864,Data da Coleta:,04/08/2025,Exibição de Dados,Temperatura:,,Umidade:,,Datas:,,Medições,Data / Hora,Temperatura,Umidade,28/07/2025 - 07:55,"22,00","55,00",Betha Eletrônica Ltda,1/1
Coleta de Dados - UMMI,Impressão: 08/08/2025  9:23.09,Grupo:,TH-04-R,Equipamento:  1 - UMMI,Coleta:,04/08/2025 - 08:56,Registros:   Total: 2.864        Exibidos: 2.864,Data da Coleta:,04/08/2025,Exibição de Dados,Temperatura:,,Umidade:,,Datas:,,Medições,Data / Hora,Temperatura,Umidade,28/07/2025 - 08:00,"22,00","47,00",Betha Eletrônica Ltda,1/1
Coleta de Dados - UMMI,Impressão: 08/08/2025  9:23.09,Grupo:,TH-04-R,Equipamento:  1 - UMMI,Coleta:,04/08/2025 - 08:56,Registros:   Total: 2.864        Exibidos: 2.864,Data da Coleta:,04/08/2025,Exibição de Dados,Temperatura:,,Umidade:,,Datas:,,Medições,Data / Hora,Temperatura,Umidade,28/07/2025 - 08:05,"22,00","50,00",Betha Eletrônica Ltda,1/1
Coleta de Dados - UMMI,Impressão: 08/08/2025  9:23.09,Grupo:,TH-04-R,Equipamento:  1 - UMMI,Coleta:,04/08/2025 - 08:56,Registros:   Total: 2.864        Exibidos: 2.864,Data da Coleta:,04/08/2025,Exibição de Dados,Temperatura:,,Umidade:,,Datas:,,Medições,Data / Hora,Temperatura,Umidade,28/07/2025 - 08:10,"23,00","39,00",Betha Eletrônica Ltda,1/1
Coleta de Dados - UMMI,Impressão: 08/08/2025  9:23.09,Grupo:,TH-04-R,Equipamento:  1 - UMMI,Coleta:,04/08/2025 - 08:56,Registros:   Total: 2.864        Exibidos: 2.864,Data da Coleta:,04/08/2025,Exibição de Dados,Temperatura:,,Umidade:,,Datas:,,Medições,Data / Hora,Temperatura,Umidade,28/07/2025 - 08:15,"23,00","53,00",Betha Eletrônica Ltda,1/1
Coleta de Dados - UMMI,Impressão: 08/08/2025  9:23.09,Grupo:,TH-04-R,Equipamento:  1 - UMMI,Coleta:,04/08/2025 - 08:56,Registros:   Total: 2.864        Exibidos: 2.864,Data da Coleta:,04/08/2025,Exibição de Dados,Temperatura:,,Umidade:,,Datas:,,Medições,Data / Hora,Temperatura,Umidade,28/07/2025 - 08:20,"23,00","42,00",Betha Eletrônica Ltda,1/1
Coleta de Dados - UMMI,Impressão: 08/08/2025  9:23.09,Grupo:,TH-04-R,Equipamento:  1 - UMMI,Coleta:,04/08/2025 - 08:56,Registros:   Total: 2.864        Exibidos: 2.864,Data da Coleta:,04/08/2025,Exibição de Dados,Temperatura:,,Umidade:,,Datas:,,Medições,Data / Hora,Temperatura,Umidade,28/07/2025 - 08:25,"22,00","48,00",Betha Eletrônica Ltda,1/1
Coleta de Dados - UMMI,Impressão: 08/08/2025  9:23.09,Grupo:,TH-04-R,Equipamento:  1 - UMMI,Coleta:,04/08/2025 - 08:56,Registros:   Total: 2.864        Exibidos: 2.864,Data da Coleta:,04/08/2025,Exibição de Dados,Temperatura:,,Umidade:,,Datas:,,Medições,Data / Hora,Temperatura,Umidade,28/07/2025 - 08:30,"22,00","41,00",Betha Eletrônica Ltda,1/1
Coleta de Dados - UMMI,Impressão: 08/08/2025  9:23.09,Grupo:,TH-04-R,Equipamento:  1 - UMMI,Coleta:,04/08/2025 - 08:56,Registros:   Total: 2.864        Exibidos: 2.864,Data da Coleta:,04/08/2025,Exibição de Dados,Temperatura:,,Umidade:,,Datas:,,Medições,Data / Hora,Temperatura,Umidade,28/07/2025 - 08:35,"22,00","47,00",Betha Eletrônica Ltda,1/1
Coleta de Dados - UMMI,Impressão: 08/08/2025  9:23.09,Grupo:,TH-04-R,Equipamento:  1 - UMMI,Coleta:,04/08/2025 - 08:56,Registros:   Total: 2.864        Exibidos: 2.864,Data da Coleta:,04/08/2025,Exibição de Dados,Temperatura:,,Umidade:,,Datas:,,Medições,Data / Hora,Temperatura,Umidade,28/07/2025 - 08:40,"22,00","46,00",Betha Eletrônica Ltda,1/1
Coleta de Dados - UMMI,Impressão: 08/08/2025  9:23.09,Grupo:,TH-04-R,Equipamento:  1 - UMMI,Coleta:,04/08/2025 - 08:56,Registros:   Total: 2.864        Exibidos: 2.864,Data da Coleta:,04/08/2025,Exibição de Dados,Temperatura:,,Umidade:,,Datas:,,Medições,Data / Hora,Temperatura,Umidade,28/07/2025 - 08:45,"23,00","44,00",Betha Eletrônica Ltda,1/1
Coleta de Dados - UMMI,Impressão: 08/08/2025  9:23.09,Grupo:,TH-04-R,Equipamento:  1 - UMMI,Coleta:,04/08/2025 - 08:56,Registros:   Total: 2.864        Exibidos: 2.864,Data da Coleta:,04/08/2025,Exibição de Dados,Temperatura:,,Umidade:,,Datas:,,Medições,Data / Hora,Temperatura,Umidade,28/07/2025 - 08:50,"23,00","51,00",Betha Eletrônica Ltda,1/1
Coleta de Dados - UMMI,Impressão: 08/08/2025  9:23.09,Grupo:,TH-04-R,Equipamento:  1 - UMMI,Coleta:,04/08/2025 - 08:56,Registros:   Total: 2.864        Exibidos: 2.864,Data da Coleta:,04/08/2025,Exibição de Dados,Temperatura:,,Umidade:,,Datas:,,Medições,Data / Hora,Temperatura,Umidade,28/07/2025 - 08:55,"23,00","46,00",Betha Eletrônica Ltda,1/1
Coleta de Dados - UMMI,Impressão: 08/08/2025  9:23.09,Grupo:,TH-04-R,Equipamento:  1 - UMMI,Coleta:,04/08/2025 - 08:56,Registros:   Total: 2.864        Exibidos: 2.864,Data da Coleta:,04/08/2025,Exibição de Dados,Temperatura:,,Umidade:,,Datas:,,Medições,Data / Hora,Temperatura,Umidade,28/07/2025 - 09:00,"22,00","53,00",Betha Eletrônica Ltda,1/1
Coleta de Dados - UMMI,Impressão: 08/08/2025  9:23.09,Grupo:,TH-04-R,Equipamento:  1 - UMMI,Coleta:,04/08/2025 - 08:56,Registros:   Total: 2.864        Exibidos: 2.864,Data da Coleta:,04/08/2025,Exibição de Dados,Temperatura:,,Umidade:,,Datas:,,Medições,Data / Hora,Temperatura,Umidade,28/07/2025 - 09:05,"22,00","44,00",Betha Eletrônica Ltda,1/1
Coleta de Dados - UMMI,Impressão: 08/08/2025  9:23.09,Grupo:,TH-04-R,Equipamento:  1 - UMMI,Coleta:,04/08/2025 - 08:56,Registros:   Total: 2.864        Exibidos: 2.864,Data da Coleta:,04/08/2025,Exibição de Dados,Temperatura:,,Umidade:,,Datas:,,Medições,Data / Hora,Temperatura,Umidade,28/07/2025 - 09:10,"23,00","48,00",Betha Eletrônica Ltda,1/1
Coleta de Dados - UMMI,Impressão: 08/08/2025  9:23.09,Grupo:,TH-04-R,Equipamento:  1 - UMMI,Coleta:,04/08/2025 - 08:56,Registros:   Total: 2.864        Exibidos: 2.864,Data da Coleta:,04/08/2025,Exibição de Dados,Temperatura:,,Umidade:,,Datas:,,Medições,Data / Hora,Temperatura,Umidade,28/07/2025 - 09:15,"23,00","43,00",Betha Eletrônica Ltda,1/1
Coleta de Dados - UMMI,Impressão: 08/08/2025  9:23.09,Grupo:,TH-04-R,Equipamento:  1 - UMMI,Coleta:,04/08/2025 - 08:56,Registros:   Total: 2.864        Exibidos: 2.864,Data da Coleta:,04/08/2025,Exibição de Dados,Temperatura:,,Umidade:,,Datas:,,Medições,Data / Hora,Temperatura,Umidade,28/07/2025 - 09:20,"23,00","49,00",Betha Eletrônica Ltda,1/1
Coleta de Dados - UMMI,Impressão: 08/08/2025  9:23.09,Grupo:,TH-04-R,Equipamento:  1 - UMMI,Coleta:,04/08/2025 - 08:56,Registros:   Total: 2.864        Exibidos: 2.864,Data da Coleta:,04/08/2025,Exibição de Dados,Temperatura:,,Umidade:,,Datas:,,Medições,Data / Hora,Temperatura,Umidade,28/07/2025 - 09:25,"23,00","47,00",Betha Eletrônica Ltda,1/1
Coleta de Dados - UMMI,Impressão: 08/08/2025  9:23.09,Grupo:,TH-04-R,Equipamento:  1 - UMMI,Coleta:,04/08/2025 - 08:56,Registros:   Total: 2.864        Exibidos: 2.864,Data da Coleta:,04/08/2025,Exibição de Dados,Temperatura:,,Umidade:,,Datas:,,Medições,Data / Hora,Temperatura,Umidade,28/07/2025 - 09:30,"22,00","43,00",Betha Eletrônica Ltda,1/1
Coleta de Dados - UMMI,Impressão: 08/08/2025  9:23.09,Grupo:,TH-04-R,Equipamento:  1 - UMMI,Coleta:,04/08/2025 - 08:56,Registros:   Total: 2.864        Exibidos: 2.864,Data da Coleta:,04/08/2025,Exibição de Dados,Temperatura:,,Umidade:,,Datas:,,Medições,Data / Hora,Temperatura,Umidade,28/07/2025 - 09:35,"23,00","50,00",Betha Eletrônica Ltda,1/1
Coleta de Dados - UMMI,Impressão: 08/08/2025  9:23.09,Grupo:,TH-04-R,Equipamento:  1 - UMMI,Coleta:,04/08/2025 - 08:56,Registros:   Total: 2.864        Exibidos: 2.864,Data da Coleta:,04/08/2025,Exibição de Dados,Temperatura:,,Umidade:,,Datas:,,Medições,Data / Hora,Temperatura,Umidade,28/07/2025 - 09:40,"23,00","43,00",Betha Eletrônica Ltda,1/1
Coleta de Dados - UMMI,Impressão: 08/08/2025  9:23.09,Grupo:,TH-04-R,Equipamento:  1 - UMMI,Coleta:,04/08/2025 - 08:56,Registros:   Total: 2.864        Exibidos: 2.864,Data da Coleta:,04/08/2025,Exibição de Dados,Temperatura:,,Umidade:,,Datas:,,Medições,Data / Hora,Temperatura,Umidade,28/07/2025 - 09:45,"23,00","47,00",Betha Eletrônica Ltda,1/1
Coleta de Dados - UMMI,Impressão: 08/08/2025  9:23.09,Grupo:,TH-04-R,Equipamento:  1 - UMMI,Coleta:,04/08/2025 - 08:56,Registros:   Total: 2.864        Exibidos: 2.864,Data da Coleta:,04/08/2025,Exibição de Dados,Temperatura:,,Umidade:,,Datas:,,Medições,Data / Hora,Temperatura,Umidade,28/07/2025 - 09:50,"23,00","43,00",Betha Eletrônica Ltda,1/1
Coleta de Dados - UMMI,Impressão: 08/08/2025  9:23.09,Grupo:,TH-04-R,Equipamento:  1 - UMMI,Coleta:,04/08/2025 - 08:56,Registros:   Total: 2.864        Exibidos: 2.864,Data da Coleta:,04/08/2025,Exibição de Dados,Temperatura:,,Umidade:,,Datas:,,Medições,Data / Hora,Temperatura,Umidade,28/07/2025 - 09:55,"22,00","47,00",Betha Eletrônica Ltda,1/1
Coleta de Dados - UMMI,Impressão: 08/08/2025  9:23.09,Grupo:,TH-04-R,Equipamento:  1 - UMMI,Coleta:,04/08/2025 - 08:56,Registros:   Total: 2.864        Exibidos: 2.864,Data da Coleta:,04/08/2025,Exibição de Dados,Temperatura:,,Umidade:,,Datas:,,Medições,Data / Hora,Temperatura,Umidade,28/07/2025 - 10:00,"22,00","47,00",Betha Eletrônica Ltda,1/1
Coleta de Dados - UMMI,Impressão: 08/08/2025  9:23.09,Grupo:,TH-04-R,Equipamento:  1 - UMMI,Coleta:,04/08/2025 - 08:56,Registros:   Total: 2.864        Exibidos: 2.864,Data da Coleta:,04/08/2025,Exibição de Dados,Temperatura:,,Umidade:,,Datas:,,Medições,Data / Hora,Temperatura,Umidade,28/07/2025 - 10:05,"22,00","45,00",Betha Eletrônica Ltda,1/1
Coleta de Dados - UMMI,Impressão: 08/08/2025  9:23.09,Grupo:,TH-04-R,Equipamento:  1 - UMMI,Coleta:,04/08/2025 - 08:56,Registros:   Total: 2.864        Exibidos: 2.864,Data da Coleta:,04/08/2025,Exibição de Dados,Temperatura:,,Umidade:,,Datas:,,Medições,Data / Hora,Temperatura,Umidade,28/07/2025 - 10:10,"23,00","52,00",Betha Eletrônica Ltda,1/1
Coleta de Dados - UMMI,Impressão: 08/08/2025  9:23.09,Grupo:,TH-04-R,Equipamento:  1 - UMMI,Coleta:,04/08/2025 - 08:56,Registros:   Total: 2.864        Exibidos: 2.864,Data da Coleta:,04/08/2025,Exibição de Dados,Temperatura:,,Umidade:,,Datas:,,Medições,Data / Hora,Temperatura,Umidade,28/07/2025 - 10:15,"23,00","46,00",Betha Eletrônica Ltda,1/1
Coleta de Dados - UMMI,Impressão: 08/08/2025  9:23.09,Grupo:,TH-04-R,Equipamento:  1 - UMMI,Coleta:,04/08/2025 - 08:56,Registros:   Total: 2.864        Exibidos: 2.864,Data da Coleta:,04/08/2025,Exibição de Dados,Temperatura:,,Umidade:,,Datas:,,Medições,Data / Hora,Temperatura,Umidade,28/07/2025 - 10:20,"23,00","48,00",Betha Eletrônica Ltda,1/1
Coleta de Dados - UMMI,Impressão: 08/08/2025  9:23.09,Grupo:,TH-04-R,Equipamento:  1 - UMMI,Coleta:,04/08/2025 - 08:56,Registros:   Total: 2.864        Exibidos: 2.864,Data da Coleta:,04/08/2025,Exibição de Dados,Temperatura:,,Umidade:,,Datas:,,Medições,Data / Hora,Temperatura,Umidade,28/07/2025 - 10:25,"22,00","44,00",Betha Eletrônica Ltda,1/1
Coleta de Dados - UMMI,Impressão: 08/08/2025  9:23.09,Grupo:,TH-04-R,Equipamento:  1 - UMMI,Coleta:,04/08/2025 - 08:56,Registros:   Total: 2.864        Exibidos: 2.864,Data da Coleta:,04/08/2025,Exibição de Dados,Temperatura:,,Umidade:,,Datas:,,Medições,Data / Hora,Temperatura,Umidade,28/07/2025 - 10:30,"22,00","48,00",Betha Eletrônica Ltda,1/1
Coleta de Dados - UMMI,Impressão: 08/08/2025  9:23.09,Grupo:,TH-04-R,Equipamento:  1 - UMMI,Coleta:,04/08/2025 - 08:56,Registros:   Total: 2.864        Exibidos: 2.864,Data da Coleta:,04/08/2025,Exibição de Dados,Temperatura:,,Umidade:,,Datas:,,Medições,Data / Hora,Temperatura,Umidade,28/07/2025 - 10:35,"23,00","43,00",Betha Eletrônica Ltda,1/1
Coleta de Dados - UMMI,Impressão: 08/08/2025  9:23.09,Grupo:,TH-04-R,Equipamento:  1 - UMMI,Coleta:,04/08/2025 - 08:56,Registros:   Total: 2.864        Exibidos: 2.864,Data da Coleta:,04/08/2025,Exibição de Dados,Temperatura:,,Umidade:,,Datas:,,Medições,Data / Hora,Temperatura,Umidade,28/07/2025 - 10:40,"23,00","47,00",Betha Eletrônica Ltda,1/1
Coleta de Dados - UMMI,Impressão: 08/08/2025  9:23.09,Grupo:,TH-04-R,Equipamento:  1 - UMMI,Coleta:,04/08/2025 - 08:56,Registros:   Total: 2.864        Exibidos: 2.864,Data da Coleta:,04/08/2025,Exibição de Dados,Temperatura:,,Umidade:,,Datas:,,Medições,Data / Hora,Temperatura,Umidade,28/07/2025 - 10:45,"23,00","45,00",Betha Eletrônica Ltda,1/1
Coleta de Dados - UMMI,Impressão: 08/08/2025  9:23.09,Grupo:,TH-04-R,Equipamento:  1 - UMMI,Coleta:,04/08/2025 - 08:56,Registros:   Total: 2.864        Exibidos: 2.864,Data da Coleta:,04/08/2025,Exibição de Dados,Temperatura:,,Umidade:,,Datas:,,Medições,Data / Hora,Temperatura,Umidade,28/07/2025 - 10:50,"22,00","47,00",Betha Eletrônica Ltda,1/1
Coleta de Dados - UMMI,Impressão: 08/08/2025  9:23.09,Grupo:,TH-04-R,Equipamento:  1 - UMMI,Coleta:,04/08/2025 - 08:56,Registros:   Total: 2.864        Exibidos: 2.864,Data da Coleta:,04/08/2025,Exibição de Dados,Temperatura:,,Umidade:,,Datas:,,Medições,Data / Hora,Temperatura,Umidade,28/07/2025 - 10:55,"22,00","50,00",Betha Eletrônica Ltda,1/1
Coleta de Dados - UMMI,Impressão: 08/08/2025  9:23.09,Grupo:,TH-04-R,Equipamento:  1 - UMMI,Coleta:,04/08/2025 - 08:56,Registros:   Total: 2.864        Exibidos: 2.864,Data da Coleta:,04/08/2025,Exibição de Dados,Temperatura:,,Umidade:,,Datas:,,Medições,Data / Hora,Temperatura,Umidade,28/07/2025 - 11:00,"22,00","43,00",Betha Eletrônica Ltda,1/1
Coleta de Dados - UMMI,Impressão: 08/08/2025  9:23.09,Grupo:,TH-04-R,Equipamento:  1 - UMMI,Coleta:,04/08/2025 - 08:56,Registros:   Total: 2.864        Exibidos: 2.864,Data da Coleta:,04/08/2025,Exibição de Dados,Temperatura:,,Umidade:,,Datas:,,Medições,Data / Hora,Temperatura,Umidade,28/07/2025 - 11:05,"23,00","55,00",Betha Eletrônica Ltda,1/1
Coleta de Dados - UMMI,Impressão: 08/08/2025  9:23.09,Grupo:,TH-04-R,Equipamento:  1 - UMMI,Coleta:,04/08/2025 - 08:56,Registros:   Total: 2.864        Exibidos: 2.864,Data da Coleta:,04/08/2025,Exibição de Dados,Temperatura:,,Umidade:,,Datas:,,Medições,Data / Hora,Temperatura,Umidade,28/07/2025 - 11:10,"23,00","45,00",Betha Eletrônica Ltda,1/1
Coleta de Dados - UMMI,Impressão: 08/08/2025  9:23.09,Grupo:,TH-04-R,Equipamento:  1 - UMMI,Coleta:,04/08/2025 - 08:56,Registros:   Total: 2.864        Exibidos: 2.864,Data da Coleta:,04/08/2025,Exibição de Dados,Temperatura:,,Umidade:,,Datas:,,Medições,Data / Hora,Temperatura,Umidade,28/07/2025 - 11:15,"22,00","52,00",Betha Eletrônica Ltda,1/1
Coleta de Dados - UMMI,Impressão: 08/08/2025  9:23.09,Grupo:,TH-04-R,Equipamento:  1 - UMMI,Coleta:,04/08/2025 - 08:56,Registros:   Total: 2.864        Exibidos: 2.864,Data da Coleta:,04/08/2025,Exibição de Dados,Temperatura:,,Umidade:,,Datas:,,Medições,Data / Hora,Temperatura,Umidade,28/07/2025 - 11:20,"22,00","44,00",Betha Eletrônica Ltda,1/1
Coleta de Dados - UMMI,Impressão: 08/08/2025  9:23.09,Grupo:,TH-04-R,Equipamento:  1 - UMMI,Coleta:,04/08/2025 - 08:56,Registros:   Total: 2.864        Exibidos: 2.864,Data da Coleta:,04/08/2025,Exibição de Dados,Temperatura:,,Umidade:,,Datas:,,Medições,Data / Hora,Temperatura,Umidade,28/07/2025 - 11:25,"22,00","55,00",Betha Eletrônica Ltda,1/1
Coleta de Dados - UMMI,Impressão: 08/08/2025  9:23.09,Grupo:,TH-04-R,Equipamento:  1 - UMMI,Coleta:,04/08/2025 - 08:56,Registros:   Total: 2.864        Exibidos: 2.864,Data da Coleta:,04/08/2025,Exibição de Dados,Temperatura:,,Umidade:,,Datas:,,Medições,Data / Hora,Temperatura,Umidade,28/07/2025 - 11:30,"22,00","41,00",Betha Eletrônica Ltda,1/1
Coleta de Dados - UMMI,Impressão: 08/08/2025  9:23.09,Grupo:,TH-04-R,Equipamento:  1 - UMMI,Coleta:,04/08/2025 - 08:56,Registros:   Total: 2.864        Exibidos: 2.864,Data da Coleta:,04/08/2025,Exibição de Dados,Temperatura:,,Umidade:,,Datas:,,Medições,Data / Hora,Temperatura,Umidade,28/07/2025 - 11:35,"23,00","57,00",Betha Eletrônica Ltda,1/1
Coleta de Dados - UMMI,Impressão: 08/08/2025  9:23.09,Grupo:,TH-04-R,Equipamento:  1 - UMMI,Coleta:,04/08/2025 - 08:56,Registros:   Total: 2.864        Exibidos: 2.864,Data da Coleta:,04/08/2025,Exibição de Dados,Temperatura:,,Umidade:,,Datas:,,Medições,Data / Hora,Temperatura,Umidade,28/07/2025 - 11:40,"23,00","43,00",Betha Eletrônica Ltda,1/1
Coleta de Dados - UMMI,Impressão: 08/08/2025  9:23.09,Grupo:,TH-04-R,Equipamento:  1 - UMMI,Coleta:,04/08/2025 - 08:56,Registros:   Total: 2.864        Exibidos: 2.864,Data da Coleta:,04/08/2025,Exibição de Dados,Temperatura:,,Umidade:,,Datas:,,Medições,Data / Hora,Temperatura,Umidade,28/07/2025 - 11:45,"22,00","55,00",Betha Eletrônica Ltda,1/1
Coleta de Dados - UMMI,Impressão: 08/08/2025  9:23.09,Grupo:,TH-04-R,Equipamento:  1 - UMMI,Coleta:,04/08/2025 - 08:56,Registros:   Total: 2.864        Exibidos: 2.864,Data da Coleta:,04/08/2025,Exibição de Dados,Temperatura:,,Umidade:,,Datas:,,Medições,Data / Hora,Temperatura,Umidade,28/07/2025 - 11:50,"22,00","45,00",Betha Eletrônica Ltda,1/1
Coleta de Dados - UMMI,Impressão: 08/08/2025  9:23.09,Grupo:,TH-04-R,Equipamento:  1 - UMMI,Coleta:,04/08/2025 - 08:56,Registros:   Total: 2.864        Exibidos: 2.864,Data da Coleta:,04/08/2025,Exibição de Dados,Temperatura:,,Umidade:,,Datas:,,Medições,Data / Hora,Temperatura,Umidade,28/07/2025 - 11:55,"22,00","47,00",Betha Eletrônica Ltda,1/1
Coleta de Dados - UMMI,Impressão: 08/08/2025  9:23.09,Grupo:,TH-04-R,Equipamento:  1 - UMMI,Coleta:,04/08/2025 - 08:56,Registros:   Total: 2.864        Exibidos: 2.864,Data da Coleta:,04/08/2025,Exibição de Dados,Temperatura:,,Umidade:,,Datas:,,Medições,Data / Hora,Temperatura,Umidade,28/07/2025 - 12:00,"22,00","48,00",Betha Eletrônica Ltda,1/1
Coleta de Dados - UMMI,Impressão: 08/08/2025  9:23.09,Grupo:,TH-04-R,Equipamento:  1 - UMMI,Coleta:,04/08/2025 - 08:56,Registros:   Total: 2.864        Exibidos: 2.864,Data da Coleta:,04/08/2025,Exibição de Dados,Temperatura:,,Umidade:,,Datas:,,Medições,Data / Hora,Temperatura,Umidade,28/07/2025 - 12:05,"23,00","48,00",Betha Eletrônica Ltda,1/1
Coleta de Dados - UMMI,Impressão: 08/08/2025  9:23.09,Grupo:,TH-04-R,Equipamento:  1 - UMMI,Coleta:,04/08/2025 - 08:56,Registros:   Total: 2.864        Exibidos: 2.864,Data da Coleta:,04/08/2025,Exibição de Dados,Temperatura:,,Umidade:,,Datas:,,Medições,Data / Hora,Temperatura,Umidade,28/07/2025 - 12:10,"23,00","46,00",Betha Eletrônica Ltda,1/1
Coleta de Dados - UMMI,Impressão: 08/08/2025  9:23.09,Grupo:,TH-04-R,Equipamento:  1 - UMMI,Coleta:,04/08/2025 - 08:56,Registros:   Total: 2.864        Exibidos: 2.864,Data da Coleta:,04/08/2025,Exibição de Dados,Temperatura:,,Umidade:,,Datas:,,Medições,Data / Hora,Temperatura,Umidade,28/07/2025 - 12:15,"23,00","46,00",Betha Eletrônica Ltda,1/1
Coleta de Dados - UMMI,Impressão: 08/08/2025  9:23.09,Grupo:,TH-04-R,Equipamento:  1 - UMMI,Coleta:,04/08/2025 - 08:56,Registros:   Total: 2.864        Exibidos: 2.864,Data da Coleta:,04/08/2025,Exibição de Dados,Temperatura:,,Umidade:,,Datas:,,Medições,Data / Hora,Temperatura,Umidade,28/07/2025 - 12:20,"22,00","46,00",Betha Eletrônica Ltda,1/1
Coleta de Dados - UMMI,Impressão: 08/08/2025  9:23.09,Grupo:,TH-04-R,Equipamento:  1 - UMMI,Coleta:,04/08/2025 - 08:56,Registros:   Total: 2.864        Exibidos: 2.864,Data da Coleta:,04/08/2025,Exibição de Dados,Temperatura:,,Umidade:,,Datas:,,Medições,Data / Hora,Temperatura,Umidade,28/07/2025 - 12:25,"23,00","51,00",Betha Eletrônica Ltda,1/1
Coleta de Dados - UMMI,Impressão: 08/08/2025  9:23.09,Grupo:,TH-04-R,Equipamento:  1 - UMMI,Coleta:,04/08/2025 - 08:56,Registros:   Total: 2.864        Exibidos: 2.864,Data da Coleta:,04/08/2025,Exibição de Dados,Temperatura:,,Umidade:,,Datas:,,Medições,Data / Hora,Temperatura,Umidade,28/07/2025 - 12:30,"23,00","44,00",Betha Eletrônica Ltda,1/1
Coleta de Dados - UMMI,Impressão: 08/08/2025  9:23.09,Grupo:,TH-04-R,Equipamento:  1 - UMMI,Coleta:,04/08/2025 - 08:56,Registros:   Total: 2.864        Exibidos: 2.864,Data da Coleta:,04/08/2025,Exibição de Dados,Temperatura:,,Umidade:,,Datas:,,Medições,Data / Hora,Temperatura,Umidade,28/07/2025 - 12:35,"23,00","53,00",Betha Eletrônica Ltda,1/1
Coleta de Dados - UMMI,Impressão: 08/08/2025  9:23.09,Grupo:,TH-04-R,Equipamento:  1 - UMMI,Coleta:,04/08/2025 - 08:56,Registros:   Total: 2.864        Exibidos: 2.864,Data da Coleta:,04/08/2025,Exibição de Dados,Temperatura:,,Umidade:,,Datas:,,Medições,Data / Hora,Temperatura,Umidade,28/07/2025 - 12:40,"22,00","45,00",Betha Eletrônica Ltda,1/1
Coleta de Dados - UMMI,Impressão: 08/08/2025  9:23.09,Grupo:,TH-04-R,Equipamento:  1 - UMMI,Coleta:,04/08/2025 - 08:56,Registros:   Total: 2.864        Exibidos: 2.864,Data da Coleta:,04/08/2025,Exibição de Dados,Temperatura:,,Umidade:,,Datas:,,Medições,Data / Hora,Temperatura,Umidade,28/07/2025 - 12:45,"22,00","45,00",Betha Eletrônica Ltda,1/1
Coleta de Dados - UMMI,Impressão: 08/08/2025  9:23.09,Grupo:,TH-04-R,Equipamento:  1 - UMMI,Coleta:,04/08/2025 - 08:56,Registros:   Total: 2.864        Exibidos: 2.864,Data da Coleta:,04/08/2025,Exibição de Dados,Temperatura:,,Umidade:,,Datas:,,Medições,Data / Hora,Temperatura,Umidade,28/07/2025 - 12:50,"23,00","51,00",Betha Eletrônica Ltda,1/1
Coleta de Dados - UMMI,Impressão: 08/08/2025  9:23.09,Grupo:,TH-04-R,Equipamento:  1 - UMMI,Coleta:,04/08/2025 - 08:56,Registros:   Total: 2.864        Exibidos: 2.864,Data da Coleta:,04/08/2025,Exibição de Dados,Temperatura:,,Umidade:,,Datas:,,Medições,Data / Hora,Temperatura,Umidade,28/07/2025 - 12:55,"23,00","41,00",Betha Eletrônica Ltda,1/1
Coleta de Dados - UMMI,Impressão: 08/08/2025  9:23.09,Grupo:,TH-04-R,Equipamento:  1 - UMMI,Coleta:,04/08/2025 - 08:56,Registros:   Total: 2.864        Exibidos: 2.864,Data da Coleta:,04/08/2025,Exibição de Dados,Temperatura:,,Umidade:,,Datas:,,Medições,Data / Hora,Temperatura,Umidade,28/07/2025 - 13:00,"23,00","55,00",Betha Eletrônica Ltda,1/1
Coleta de Dados - UMMI,Impressão: 08/08/2025  9:23.09,Grupo:,TH-04-R,Equipamento:  1 - UMMI,Coleta:,04/08/2025 - 08:56,Registros:   Total: 2.864        Exibidos: 2.864,Data da Coleta:,04/08/2025,Exibição de Dados,Temperatura:,,Umidade:,,Datas:,,Medições,Data / Hora,Temperatura,Umidade,28/07/2025 - 13:05,"23,00","43,00",Betha Eletrônica Ltda,1/1
Coleta de Dados - UMMI,Impressão: 08/08/2025  9:23.09,Grupo:,TH-04-R,Equipamento:  1 - UMMI,Coleta:,04/08/2025 - 08:56,Registros:   Total: 2.864        Exibidos: 2.864,Data da Coleta:,04/08/2025,Exibição de Dados,Temperatura:,,Umidade:,,Datas:,,Medições,Data / Hora,Temperatura,Umidade,28/07/2025 - 13:10,"23,00","46,00",Betha Eletrônica Ltda,1/1
Coleta de Dados - UMMI,Impressão: 08/08/2025  9:23.09,Grupo:,TH-04-R,Equipamento:  1 - UMMI,Coleta:,04/08/2025 - 08:56,Registros:   Total: 2.864        Exibidos: 2.864,Data da Coleta:,04/08/2025,Exibição de Dados,Temperatura:,,Umidade:,,Datas:,,Medições,Data / Hora,Temperatura,Umidade,28/07/2025 - 13:15,"23,00","53,00",Betha Eletrônica Ltda,1/1
Coleta de Dados - UMMI,Impressão: 08/08/2025  9:23.09,Grupo:,TH-04-R,Equipamento:  1 - UMMI,Coleta:,04/08/2025 - 08:56,Registros:   Total: 2.864        Exibidos: 2.864,Data da Coleta:,04/08/2025,Exibição de Dados,Temperatura:,,Umidade:,,Datas:,,Medições,Data / Hora,Temperatura,Umidade,28/07/2025 - 13:20,"23,00","43,00",Betha Eletrônica Ltda,1/1
Coleta de Dados - UMMI,Impressão: 08/08/2025  9:23.09,Grupo:,TH-04-R,Equipamento:  1 - UMMI,Coleta:,04/08/2025 - 08:56,Registros:   Total: 2.864        Exibidos: 2.864,Data da Coleta:,04/08/2025,Exibição de Dados,Temperatura:,,Umidade:,,Datas:,,Medições,Data / Hora,Temperatura,Umidade,28/07/2025 - 13:25,"23,00","54,00",Betha Eletrônica Ltda,1/1
Coleta de Dados - UMMI,Impressão: 08/08/2025  9:23.09,Grupo:,TH-04-R,Equipamento:  1 - UMMI,Coleta:,04/08/2025 - 08:56,Registros:   Total: 2.864        Exibidos: 2.864,Data da Coleta:,04/08/2025,Exibição de Dados,Temperatura:,,Umidade:,,Datas:,,Medições,Data / Hora,Temperatura,Umidade,28/07/2025 - 13:30,"23,00","43,00",Betha Eletrônica Ltda,1/1
Coleta de Dados - UMMI,Impressão: 08/08/2025  9:23.09,Grupo:,TH-04-R,Equipamento:  1 - UMMI,Coleta:,04/08/2025 - 08:56,Registros:   Total: 2.864        Exibidos: 2.864,Data da Coleta:,04/08/2025,Exibição de Dados,Temperatura:,,Umidade:,,Datas:,,Medições,Data / Hora,Temperatura,Umidade,28/07/2025 - 13:35,"22,00","47,00",Betha Eletrônica Ltda,1/1
Coleta de Dados - UMMI,Impressão: 08/08/2025  9:23.09,Grupo:,TH-04-R,Equipamento:  1 - UMMI,Coleta:,04/08/2025 - 08:56,Registros:   Total: 2.864        Exibidos: 2.864,Data da Coleta:,04/08/2025,Exibição de Dados,Temperatura:,,Umidade:,,Datas:,,Medições,Data / Hora,Temperatura,Umidade,28/07/2025 - 13:40,"23,00","53,00",Betha Eletrônica Ltda,1/1
Coleta de Dados - UMMI,Impressão: 08/08/2025  9:23.09,Grupo:,TH-04-R,Equipamento:  1 - UMMI,Coleta:,04/08/2025 - 08:56,Registros:   Total: 2.864        Exibidos: 2.864,Data da Coleta:,04/08/2025,Exibição de Dados,Temperatura:,,Umidade:,,Datas:,,Medições,Data / Hora,Temperatura,Umidade,28/07/2025 - 13:45,"23,00","40,00",Betha Eletrônica Ltda,1/1
Coleta de Dados - UMMI,Impressão: 08/08/2025  9:23.09,Grupo:,TH-04-R,Equipamento:  1 - UMMI,Coleta:,04/08/2025 - 08:56,Registros:   Total: 2.864        Exibidos: 2.864,Data da Coleta:,04/08/2025,Exibição de Dados,Temperatura:,,Umidade:,,Datas:,,Medições,Data / Hora,Temperatura,Umidade,28/07/2025 - 13:50,"23,00","56,00",Betha Eletrônica Ltda,1/1
Coleta de Dados - UMMI,Impressão: 08/08/2025  9:23.09,Grupo:,TH-04-R,Equipamento:  1 - UMMI,Coleta:,04/08/2025 - 08:56,Registros:   Total: 2.864        Exibidos: 2.864,Data da Coleta:,04/08/2025,Exibição de Dados,Temperatura:,,Umidade:,,Datas:,,Medições,Data / Hora,Temperatura,Umidade,28/07/2025 - 13:55,"23,00","44,00",Betha Eletrônica Ltda,1/1
Coleta de Dados - UMMI,Impressão: 08/08/2025  9:23.09,Grupo:,TH-04-R,Equipamento:  1 - UMMI,Coleta:,04/08/2025 - 08:56,Registros:   Total: 2.864        Exibidos: 2.864,Data da Coleta:,04/08/2025,Exibição de Dados,Temperatura:,,Umidade:,,Datas:,,Medições,Data / Hora,Temperatura,Umidade,28/07/2025 - 14:00,"22,00","46,00",Betha Eletrônica Ltda,1/1
Coleta de Dados - UMMI,Impressão: 08/08/2025  9:23.09,Grupo:,TH-04-R,Equipamento:  1 - UMMI,Coleta:,04/08/2025 - 08:56,Registros:   Total: 2.864        Exibidos: 2.864,Data da Coleta:,04/08/2025,Exibição de Dados,Temperatura:,,Umidade:,,Datas:,,Medições,Data / Hora,Temperatura,Umidade,28/07/2025 - 14:05,"22,00","54,00",Betha Eletrônica Ltda,1/1
Coleta de Dados - UMMI,Impressão: 08/08/2025  9:23.09,Grupo:,TH-04-R,Equipamento:  1 - UMMI,Coleta:,04/08/2025 - 08:56,Registros:   Total: 2.864        Exibidos: 2.864,Data da Coleta:,04/08/2025,Exibição de Dados,Temperatura:,,Umidade:,,Datas:,,Medições,Data / Hora,Temperatura,Umidade,28/07/2025 - 14:10,"22,00","41,00",Betha Eletrônica Ltda,1/1
Coleta de Dados - UMMI,Impressão: 08/08/2025  9:23.09,Grupo:,TH-04-R,Equipamento:  1 - UMMI,Coleta:,04/08/2025 - 08:56,Registros:   Total: 2.864        Exibidos: 2.864,Data da Coleta:,04/08/2025,Exibição de Dados,Temperatura:,,Umidade:,,Datas:,,Medições,Data / Hora,Temperatura,Umidade,28/07/2025 - 14:15,"23,00","57,00",Betha Eletrônica Ltda,1/1
Coleta de Dados - UMMI,Impressão: 08/08/2025  9:23.09,Grupo:,TH-04-R,Equipamento:  1 - UMMI,Coleta:,04/08/2025 - 08:56,Registros:   Total: 2.864        Exibidos: 2.864,Data da Coleta:,04/08/2025,Exibição de Dados,Temperatura:,,Umidade:,,Datas:,,Medições,Data / Hora,Temperatura,Umidade,28/07/2025 - 14:20,"23,00","44,00",Betha Eletrônica Ltda,1/1
Coleta de Dados - UMMI,Impressão: 08/08/2025  9:23.09,Grupo:,TH-04-R,Equipamento:  1 - UMMI,Coleta:,04/08/2025 - 08:56,Registros:   Total: 2.864        Exibidos: 2.864,Data da Coleta:,04/08/2025,Exibição de Dados,Temperatura:,,Umidade:,,Datas:,,Medições,Data / Hora,Temperatura,Umidade,28/07/2025 - 14:25,"22,00","51,00",Betha Eletrônica Ltda,1/1
Coleta de Dados - UMMI,Impressão: 08/08/2025  9:23.09,Grupo:,TH-04-R,Equipamento:  1 - UMMI,Coleta:,04/08/2025 - 08:56,Registros:   Total: 2.864        Exibidos: 2.864,Data da Coleta:,04/08/2025,Exibição de Dados,Temperatura:,,Umidade:,,Datas:,,Medições,Data / Hora,Temperatura,Umidade,28/07/2025 - 14:30,"22,00","49,00",Betha Eletrônica Ltda,1/1
Coleta de Dados - UMMI,Impressão: 08/08/2025  9:23.09,Grupo:,TH-04-R,Equipamento:  1 - UMMI,Coleta:,04/08/2025 - 08:56,Registros:   Total: 2.864        Exibidos: 2.864,Data da Coleta:,04/08/2025,Exibição de Dados,Temperatura:,,Umidade:,,Datas:,,Medições,Data / Hora,Temperatura,Umidade,28/07/2025 - 14:35,"22,00","44,00",Betha Eletrônica Ltda,1/1
Coleta de Dados - UMMI,Impressão: 08/08/2025  9:23.09,Grupo:,TH-04-R,Equipamento:  1 - UMMI,Coleta:,04/08/2025 - 08:56,Registros:   Total: 2.864        Exibidos: 2.864,Data da Coleta:,04/08/2025,Exibição de Dados,Temperatura:,,Umidade:,,Datas:,,Medições,Data / Hora,Temperatura,Umidade,28/07/2025 - 14:40,"22,00","54,00",Betha Eletrônica Ltda,1/1
Coleta de Dados - UMMI,Impressão: 08/08/2025  9:23.09,Grupo:,TH-04-R,Equipamento:  1 - UMMI,Coleta:,04/08/2025 - 08:56,Registros:   Total: 2.864        Exibidos: 2.864,Data da Coleta:,04/08/2025,Exibição de Dados,Temperatura:,,Umidade:,,Datas:,,Medições,Data / Hora,Temperatura,Umidade,28/07/2025 - 14:45,"23,00","45,00",Betha Eletrônica Ltda,1/1
Coleta de Dados - UMMI,Impressão: 08/08/2025  9:23.09,Grupo:,TH-04-R,Equipamento:  1 - UMMI,Coleta:,04/08/2025 - 08:56,Registros:   Total: 2.864        Exibidos: 2.864,Data da Coleta:,04/08/2025,Exibição de Dados,Temperatura:,,Umidade:,,Datas:,,Medições,Data / Hora,Temperatura,Umidade,28/07/2025 - 14:50,"23,00","53,00",Betha Eletrônica Ltda,1/1
Coleta de Dados - UMMI,Impressão: 08/08/2025  9:23.09,Grupo:,TH-04-R,Equipamento:  1 - UMMI,Coleta:,04/08/2025 - 08:56,Registros:   Total: 2.864        Exibidos: 2.864,Data da Coleta:,04/08/2025,Exibição de Dados,Temperatura:,,Umidade:,,Datas:,,Medições,Data / Hora,Temperatura,Umidade,28/07/2025 - 14:55,"22,00","44,00",Betha Eletrônica Ltda,1/1
Coleta de Dados - UMMI,Impressão: 08/08/2025  9:23.09,Grupo:,TH-04-R,Equipamento:  1 - UMMI,Coleta:,04/08/2025 - 08:56,Registros:   Total: 2.864        Exibidos: 2.864,Data da Coleta:,04/08/2025,Exibição de Dados,Temperatura:,,Umidade:,,Datas:,,Medições,Data / Hora,Temperatura,Umidade,28/07/2025 - 15:00,"22,00","46,00",Betha Eletrônica Ltda,1/1
Coleta de Dados - UMMI,Impressão: 08/08/2025  9:23.09,Grupo:,TH-04-R,Equipamento:  1 - UMMI,Coleta:,04/08/2025 - 08:56,Registros:   Total: 2.864        Exibidos: 2.864,Data da Coleta:,04/08/2025,Exibição de Dados,Temperatura:,,Umidade:,,Datas:,,Medições,Data / Hora,Temperatura,Umidade,28/07/2025 - 15:05,"23,00","53,00",Betha Eletrônica Ltda,1/1
Coleta de Dados - UMMI,Impressão: 08/08/2025  9:23.09,Grupo:,TH-04-R,Equipamento:  1 - UMMI,Coleta:,04/08/2025 - 08:56,Registros:   Total: 2.864        Exibidos: 2.864,Data da Coleta:,04/08/2025,Exibição de Dados,Temperatura:,,Umidade:,,Datas:,,Medições,Data / Hora,Temperatura,Umidade,28/07/2025 - 15:10,"23,00","44,00",Betha Eletrônica Ltda,1/1
Coleta de Dados - UMMI,Impressão: 08/08/2025  9:23.09,Grupo:,TH-04-R,Equipamento:  1 - UMMI,Coleta:,04/08/2025 - 08:56,Registros:   Total: 2.864        Exibidos: 2.864,Data da Coleta:,04/08/2025,Exibição de Dados,Temperatura:,,Umidade:,,Datas:,,Medições,Data / Hora,Temperatura,Umidade,28/07/2025 - 15:15,"23,00","52,00",Betha Eletrônica Ltda,1/1
Coleta de Dados - UMMI,Impressão: 08/08/2025  9:23.09,Grupo:,TH-04-R,Equipamento:  1 - UMMI,Coleta:,04/08/2025 - 08:56,Registros:   Total: 2.864        Exibidos: 2.864,Data da Coleta:,04/08/2025,Exibição de Dados,Temperatura:,,Umidade:,,Datas:,,Medições,Data / Hora,Temperatura,Umidade,28/07/2025 - 15:20,"22,00","43,00",Betha Eletrônica Ltda,1/1
Coleta de Dados - UMMI,Impressão: 08/08/2025  9:23.09,Grupo:,TH-04-R,Equipamento:  1 - UMMI,Coleta:,04/08/2025 - 08:56,Registros:   Total: 2.864        Exibidos: 2.864,Data da Coleta:,04/08/2025,Exibição de Dados,Temperatura:,,Umidade:,,Datas:,,Medições,Data / Hora,Temperatura,Umidade,28/07/2025 - 15:25,"22,00","45,00",Betha Eletrônica Ltda,1/1
Coleta de Dados - UMMI,Impressão: 08/08/2025  9:23.09,Grupo:,TH-04-R,Equipamento:  1 - UMMI,Coleta:,04/08/2025 - 08:56,Registros:   Total: 2.864        Exibidos: 2.864,Data da Coleta:,04/08/2025,Exibição de Dados,Temperatura:,,Umidade:,,Datas:,,Medições,Data / Hora,Temperatura,Umidade,28/07/2025 - 15:30,"23,00","54,00",Betha Eletrônica Ltda,1/1
Coleta de Dados - UMMI,Impressão: 08/08/2025  9:23.09,Grupo:,TH-04-R,Equipamento:  1 - UMMI,Coleta:,04/08/2025 - 08:56,Registros:   Total: 2.864        Exibidos: 2.864,Data da Coleta:,04/08/2025,Exibição de Dados,Temperatura:,,Umidade:,,Datas:,,Medições,Data / Hora,Temperatura,Umidade,28/07/2025 - 15:35,"23,00","42,00",Betha Eletrônica Ltda,1/1
Coleta de Dados - UMMI,Impressão: 08/08/2025  9:23.09,Grupo:,TH-04-R,Equipamento:  1 - UMMI,Coleta:,04/08/2025 - 08:56,Registros:   Total: 2.864        Exibidos: 2.864,Data da Coleta:,04/08/2025,Exibição de Dados,Temperatura:,,Umidade:,,Datas:,,Medições,Data / Hora,Temperatura,Umidade,28/07/2025 - 15:40,"23,00","53,00",Betha Eletrônica Ltda,1/1
Coleta de Dados - UMMI,Impressão: 08/08/2025  9:23.09,Grupo:,TH-04-R,Equipamento:  1 - UMMI,Coleta:,04/08/2025 - 08:56,Registros:   Total: 2.864        Exibidos: 2.864,Data da Coleta:,04/08/2025,Exibição de Dados,Temperatura:,,Umidade:,,Datas:,,Medições,Data / Hora,Temperatura,Umidade,28/07/2025 - 15:45,"23,00","41,00",Betha Eletrônica Ltda,1/1
Coleta de Dados - UMMI,Impressão: 08/08/2025  9:23.09,Grupo:,TH-04-R,Equipamento:  1 - UMMI,Coleta:,04/08/2025 - 08:56,Registros:   Total: 2.864        Exibidos: 2.864,Data da Coleta:,04/08/2025,Exibição de Dados,Temperatura:,,Umidade:,,Datas:,,Medições,Data / Hora,Temperatura,Umidade,28/07/2025 - 15:50,"23,00","45,00",Betha Eletrônica Ltda,1/1
Coleta de Dados - UMMI,Impressão: 08/08/2025  9:23.09,Grupo:,TH-04-R,Equipamento:  1 - UMMI,Coleta:,04/08/2025 - 08:56,Registros:   Total: 2.864        Exibidos: 2.864,Data da Coleta:,04/08/2025,Exibição de Dados,Temperatura:,,Umidade:,,Datas:,,Medições,Data / Hora,Temperatura,Umidade,28/07/2025 - 15:55,"23,00","54,00",Betha Eletrônica Ltda,1/1
Coleta de Dados - UMMI,Impressão: 08/08/2025  9:23.09,Grupo:,TH-04-R,Equipamento:  1 - UMMI,Coleta:,04/08/2025 - 08:56,Registros:   Total: 2.864        Exibidos: 2.864,Data da Coleta:,04/08/2025,Exibição de Dados,Temperatura:,,Umidade:,,Datas:,,Medições,Data / Hora,Temperatura,Umidade,28/07/2025 - 16:00,"23,00","42,00",Betha Eletrônica Ltda,1/1
Coleta de Dados - UMMI,Impressão: 08/08/2025  9:23.09,Grupo:,TH-04-R,Equipamento:  1 - UMMI,Coleta:,04/08/2025 - 08:56,Registros:   Total: 2.864        Exibidos: 2.864,Data da Coleta:,04/08/2025,Exibição de Dados,Temperatura:,,Umidade:,,Datas:,,Medições,Data / Hora,Temperatura,Umidade,28/07/2025 - 16:05,"23,00","54,00",Betha Eletrônica Ltda,1/1
Coleta de Dados - UMMI,Impressão: 08/08/2025  9:23.09,Grupo:,TH-04-R,Equipamento:  1 - UMMI,Coleta:,04/08/2025 - 08:56,Registros:   Total: 2.864        Exibidos: 2.864,Data da Coleta:,04/08/2025,Exibição de Dados,Temperatura:,,Umidade:,,Datas:,,Medições,Data / Hora,Temperatura,Umidade,28/07/2025 - 16:10,"23,00","44,00",Betha Eletrônica Ltda,1/1
Coleta de Dados - UMMI,Impressão: 08/08/2025  9:23.09,Grupo:,TH-04-R,Equipamento:  1 - UMMI,Coleta:,04/08/2025 - 08:56,Registros:   Total: 2.864        Exibidos: 2.864,Data da Coleta:,04/08/2025,Exibição de Dados,Temperatura:,,Umidade:,,Datas:,,Medições,Data / Hora,Temperatura,Umidade,28/07/2025 - 16:15,"23,00","44,00",Betha Eletrônica Ltda,1/1
Coleta de Dados - UMMI,Impressão: 08/08/2025  9:23.09,Grupo:,TH-04-R,Equipamento:  1 - UMMI,Coleta:,04/08/2025 - 08:56,Registros:   Total: 2.864        Exibidos: 2.864,Data da Coleta:,04/08/2025,Exibição de Dados,Temperatura:,,Umidade:,,Datas:,,Medições,Data / Hora,Temperatura,Umidade,28/07/2025 - 16:20,"23,00","55,00",Betha Eletrônica Ltda,1/1
Coleta de Dados - UMMI,Impressão: 08/08/2025  9:23.09,Grupo:,TH-04-R,Equipamento:  1 - UMMI,Coleta:,04/08/2025 - 08:56,Registros:   Total: 2.864        Exibidos: 2.864,Data da Coleta:,04/08/2025,Exibição de Dados,Temperatura:,,Umidade:,,Datas:,,Medições,Data / Hora,Temperatura,Umidade,28/07/2025 - 16:25,"23,00","41,00",Betha Eletrônica Ltda,1/1
Coleta de Dados - UMMI,Impressão: 08/08/2025  9:23.09,Grupo:,TH-04-R,Equipamento:  1 - UMMI,Coleta:,04/08/2025 - 08:56,Registros:   Total: 2.864        Exibidos: 2.864,Data da Coleta:,04/08/2025,Exibição de Dados,Temperatura:,,Umidade:,,Datas:,,Medições,Data / Hora,Temperatura,Umidade,28/07/2025 - 16:30,"23,00","50,00",Betha Eletrônica Ltda,1/1
Coleta de Dados - UMMI,Impressão: 08/08/2025  9:23.09,Grupo:,TH-04-R,Equipamento:  1 - UMMI,Coleta:,04/08/2025 - 08:56,Registros:   Total: 2.864        Exibidos: 2.864,Data da Coleta:,04/08/2025,Exibição de Dados,Temperatura:,,Umidade:,,Datas:,,Medições,Data / Hora,Temperatura,Umidade,28/07/2025 - 16:35,"22,00","47,00",Betha Eletrônica Ltda,1/1
Coleta de Dados - UMMI,Impressão: 08/08/2025  9:23.09,Grupo:,TH-04-R,Equipamento:  1 - UMMI,Coleta:,04/08/2025 - 08:56,Registros:   Total: 2.864        Exibidos: 2.864,Data da Coleta:,04/08/2025,Exibição de Dados,Temperatura:,,Umidade:,,Datas:,,Medições,Data / Hora,Temperatura,Umidade,28/07/2025 - 16:40,"22,00","43,00",Betha Eletrônica Ltda,1/1
Coleta de Dados - UMMI,Impressão: 08/08/2025  9:23.09,Grupo:,TH-04-R,Equipamento:  1 - UMMI,Coleta:,04/08/2025 - 08:56,Registros:   Total: 2.864        Exibidos: 2.864,Data da Coleta:,04/08/2025,Exibição de Dados,Temperatura:,,Umidade:,,Datas:,,Medições,Data / Hora,Temperatura,Umidade,28/07/2025 - 16:45,"22,00","55,00",Betha Eletrônica Ltda,1/1
Coleta de Dados - UMMI,Impressão: 08/08/2025  9:23.09,Grupo:,TH-04-R,Equipamento:  1 - UMMI,Coleta:,04/08/2025 - 08:56,Registros:   Total: 2.864        Exibidos: 2.864,Data da Coleta:,04/08/2025,Exibição de Dados,Temperatura:,,Umidade:,,Datas:,,Medições,Data / Hora,Temperatura,Umidade,28/07/2025 - 16:50,"23,00","41,00",Betha Eletrônica Ltda,1/1
Coleta de Dados - UMMI,Impressão: 08/08/2025  9:23.09,Grupo:,TH-04-R,Equipamento:  1 - UMMI,Coleta:,04/08/2025 - 08:56,Registros:   Total: 2.864        Exibidos: 2.864,Data da Coleta:,04/08/2025,Exibição de Dados,Temperatura:,,Umidade:,,Datas:,,Medições,Data / Hora,Temperatura,Umidade,28/07/2025 - 16:55,"23,00","55,00",Betha Eletrônica Ltda,1/1
Coleta de Dados - UMMI,Impressão: 08/08/2025  9:23.09,Grupo:,TH-04-R,Equipamento:  1 - UMMI,Coleta:,04/08/2025 - 08:56,Registros:   Total: 2.864        Exibidos: 2.864,Data da Coleta:,04/08/2025,Exibição de Dados,Temperatura:,,Umidade:,,Datas:,,Medições,Data / Hora,Temperatura,Umidade,28/07/2025 - 17:00,"22,00","43,00",Betha Eletrônica Ltda,1/1
Coleta de Dados - UMMI,Impressão: 08/08/2025  9:23.09,Grupo:,TH-04-R,Equipamento:  1 - UMMI,Coleta:,04/08/2025 - 08:56,Registros:   Total: 2.864        Exibidos: 2.864,Data da Coleta:,04/08/2025,Exibição de Dados,Temperatura:,,Umidade:,,Datas:,,Medições,Data / Hora,Temperatura,Umidade,28/07/2025 - 17:05,"22,00","46,00",Betha Eletrônica Ltda,1/1
Coleta de Dados - UMMI,Impressão: 08/08/2025  9:23.09,Grupo:,TH-04-R,Equipamento:  1 - UMMI,Coleta:,04/08/2025 - 08:56,Registros:   Total: 2.864        Exibidos: 2.864,Data da Coleta:,04/08/2025,Exibição de Dados,Temperatura:,,Umidade:,,Datas:,,Medições,Data / Hora,Temperatura,Umidade,28/07/2025 - 17:10,"22,00","55,00",Betha Eletrônica Ltda,1/1
Coleta de Dados - UMMI,Impressão: 08/08/2025  9:23.09,Grupo:,TH-04-R,Equipamento:  1 - UMMI,Coleta:,04/08/2025 - 08:56,Registros:   Total: 2.864        Exibidos: 2.864,Data da Coleta:,04/08/2025,Exibição de Dados,Temperatura:,,Umidade:,,Datas:,,Medições,Data / Hora,Temperatura,Umidade,28/07/2025 - 17:15,"22,00","42,00",Betha Eletrônica Ltda,1/1
Coleta de Dados - UMMI,Impressão: 08/08/2025  9:23.09,Grupo:,TH-04-R,Equipamento:  1 - UMMI,Coleta:,04/08/2025 - 08:56,Registros:   Total: 2.864        Exibidos: 2.864,Data da Coleta:,04/08/2025,Exibição de Dados,Temperatura:,,Umidade:,,Datas:,,Medições,Data / Hora,Temperatura,Umidade,28/07/2025 - 17:20,"23,00","56,00",Betha Eletrônica Ltda,1/1
Coleta de Dados - UMMI,Impressão: 08/08/2025  9:23.09,Grupo:,TH-04-R,Equipamento:  1 - UMMI,Coleta:,04/08/2025 - 08:56,Registros:   Total: 2.864        Exibidos: 2.864,Data da Coleta:,04/08/2025,Exibição de Dados,Temperatura:,,Umidade:,,Datas:,,Medições,Data / Hora,Temperatura,Umidade,28/07/2025 - 17:25,"23,00","43,00",Betha Eletrônica Ltda,1/1
Coleta de Dados - UMMI,Impressão: 08/08/2025  9:23.09,Grupo:,TH-04-R,Equipamento:  1 - UMMI,Coleta:,04/08/2025 - 08:56,Registros:   Total: 2.864        Exibidos: 2.864,Data da Coleta:,04/08/2025,Exibição de Dados,Temperatura:,,Umidade:,,Datas:,,Medições,Data / Hora,Temperatura,Umidade,28/07/2025 - 17:30,"22,00","45,00",Betha Eletrônica Ltda,1/1
Coleta de Dados - UMMI,Impressão: 08/08/2025  9:23.09,Grupo:,TH-04-R,Equipamento:  1 - UMMI,Coleta:,04/08/2025 - 08:56,Registros:   Total: 2.864        Exibidos: 2.864,Data da Coleta:,04/08/2025,Exibição de Dados,Temperatura:,,Umidade:,,Datas:,,Medições,Data / Hora,Temperatura,Umidade,28/07/2025 - 17:35,"22,00","52,00",Betha Eletrônica Ltda,1/1
Coleta de Dados - UMMI,Impressão: 08/08/2025  9:23.09,Grupo:,TH-04-R,Equipamento:  1 - UMMI,Coleta:,04/08/2025 - 08:56,Registros:   Total: 2.864        Exibidos: 2.864,Data da Coleta:,04/08/2025,Exibição de Dados,Temperatura:,,Umidade:,,Datas:,,Medições,Data / Hora,Temperatura,Umidade,28/07/2025 - 17:40,"22,00","42,00",Betha Eletrônica Ltda,1/1
Coleta de Dados - UMMI,Impressão: 08/08/2025  9:23.09,Grupo:,TH-04-R,Equipamento:  1 - UMMI,Coleta:,04/08/2025 - 08:56,Registros:   Total: 2.864        Exibidos: 2.864,Data da Coleta:,04/08/2025,Exibição de Dados,Temperatura:,,Umidade:,,Datas:,,Medições,Data / Hora,Temperatura,Umidade,28/07/2025 - 17:45,"23,00","51,00",Betha Eletrônica Ltda,1/1
Coleta de Dados - UMMI,Impressão: 08/08/2025  9:23.09,Grupo:,TH-04-R,Equipamento:  1 - UMMI,Coleta:,04/08/2025 - 08:56,Registros:   Total: 2.864        Exibidos: 2.864,Data da Coleta:,04/08/2025,Exibição de Dados,Temperatura:,,Umidade:,,Datas:,,Medições,Data / Hora,Temperatura,Umidade,28/07/2025 - 17:50,"23,00","43,00",Betha Eletrônica Ltda,1/1
Coleta de Dados - UMMI,Impressão: 08/08/2025  9:23.09,Grupo:,TH-04-R,Equipamento:  1 - UMMI,Coleta:,04/08/2025 - 08:56,Registros:   Total: 2.864        Exibidos: 2.864,Data da Coleta:,04/08/2025,Exibição de Dados,Temperatura:,,Umidade:,,Datas:,,Medições,Data / Hora,Temperatura,Umidade,28/07/2025 - 17:55,"22,00","48,00",Betha Eletrônica Ltda,1/1
Coleta de Dados - UMMI,Impressão: 08/08/2025  9:23.09,Grupo:,TH-04-R,Equipamento:  1 - UMMI,Coleta:,04/08/2025 - 08:56,Registros:   Total: 2.864        Exibidos: 2.864,Data da Coleta:,04/08/2025,Exibição de Dados,Temperatura:,,Umidade:,,Datas:,,Medições,Data / Hora,Temperatura,Umidade,28/07/2025 - 18:00,"22,00","52,00",Betha Eletrônica Ltda,1/1
Coleta de Dados - UMMI,Impressão: 08/08/2025  9:23.09,Grupo:,TH-04-R,Equipamento:  1 - UMMI,Coleta:,04/08/2025 - 08:56,Registros:   Total: 2.864        Exibidos: 2.864,Data da Coleta:,04/08/2025,Exibição de Dados,Temperatura:,,Umidade:,,Datas:,,Medições,Data / Hora,Temperatura,Umidade,28/07/2025 - 18:05,"22,00","41,00",Betha Eletrônica Ltda,1/1
Coleta de Dados - UMMI,Impressão: 08/08/2025  9:23.09,Grupo:,TH-04-R,Equipamento:  1 - UMMI,Coleta:,04/08/2025 - 08:56,Registros:   Total: 2.864        Exibidos: 2.864,Data da Coleta:,04/08/2025,Exibição de Dados,Temperatura:,,Umidade:,,Datas:,,Medições,Data / Hora,Temperatura,Umidade,28/07/2025 - 18:10,"23,00","56,00",Betha Eletrônica Ltda,1/1
Coleta de Dados - UMMI,Impressão: 08/08/2025  9:23.09,Grupo:,TH-04-R,Equipamento:  1 - UMMI,Coleta:,04/08/2025 - 08:56,Registros:   Total: 2.864        Exibidos: 2.864,Data da Coleta:,04/08/2025,Exibição de Dados,Temperatura:,,Umidade:,,Datas:,,Medições,Data / Hora,Temperatura,Umidade,28/07/2025 - 18:15,"23,00","42,00",Betha Eletrônica Ltda,1/1
Coleta de Dados - UMMI,Impressão: 08/08/2025  9:23.09,Grupo:,TH-04-R,Equipamento:  1 - UMMI,Coleta:,04/08/2025 - 08:56,Registros:   Total: 2.864        Exibidos: 2.864,Data da Coleta:,04/08/2025,Exibição de Dados,Temperatura:,,Umidade:,,Datas:,,Medições,Data / Hora,Temperatura,Umidade,28/07/2025 - 18:20,"23,00","56,00",Betha Eletrônica Ltda,1/1
Coleta de Dados - UMMI,Impressão: 08/08/2025  9:23.09,Grupo:,TH-04-R,Equipamento:  1 - UMMI,Coleta:,04/08/2025 - 08:56,Registros:   Total: 2.864        Exibidos: 2.864,Data da Coleta:,04/08/2025,Exibição de Dados,Temperatura:,,Umidade:,,Datas:,,Medições,Data / Hora,Temperatura,Umidade,28/07/2025 - 18:25,"22,00","43,00",Betha Eletrônica Ltda,1/1
Coleta de Dados - UMMI,Impressão: 08/08/2025  9:23.09,Grupo:,TH-04-R,Equipamento:  1 - UMMI,Coleta:,04/08/2025 - 08:56,Registros:   Total: 2.864        Exibidos: 2.864,Data da Coleta:,04/08/2025,Exibição de Dados,Temperatura:,,Umidade:,,Datas:,,Medições,Data / Hora,Temperatura,Umidade,28/07/2025 - 18:30,"22,00","48,00",Betha Eletrônica Ltda,1/1
Coleta de Dados - UMMI,Impressão: 08/08/2025  9:23.09,Grupo:,TH-04-R,Equipamento:  1 - UMMI,Coleta:,04/08/2025 - 08:56,Registros:   Total: 2.864        Exibidos: 2.864,Data da Coleta:,04/08/2025,Exibição de Dados,Temperatura:,,Umidade:,,Datas:,,Medições,Data / Hora,Temperatura,Umidade,28/07/2025 - 18:35,"22,00","50,00",Betha Eletrônica Ltda,1/1
Coleta de Dados - UMMI,Impressão: 08/08/2025  9:23.09,Grupo:,TH-04-R,Equipamento:  1 - UMMI,Coleta:,04/08/2025 - 08:56,Registros:   Total: 2.864        Exibidos: 2.864,Data da Coleta:,04/08/2025,Exibição de Dados,Temperatura:,,Umidade:,,Datas:,,Medições,Data / Hora,Temperatura,Umidade,28/07/2025 - 18:40,"23,00","47,00",Betha Eletrônica Ltda,1/1
Coleta de Dados - UMMI,Impressão: 08/08/2025  9:23.09,Grupo:,TH-04-R,Equipamento:  1 - UMMI,Coleta:,04/08/2025 - 08:56,Registros:   Total: 2.864        Exibidos: 2.864,Data da Coleta:,04/08/2025,Exibição de Dados,Temperatura:,,Umidade:,,Datas:,,Medições,Data / Hora,Temperatura,Umidade,28/07/2025 - 18:45,"22,00","49,00",Betha Eletrônica Ltda,1/1
Coleta de Dados - UMMI,Impressão: 08/08/2025  9:23.09,Grupo:,TH-04-R,Equipamento:  1 - UMMI,Coleta:,04/08/2025 - 08:56,Registros:   Total: 2.864        Exibidos: 2.864,Data da Coleta:,04/08/2025,Exibição de Dados,Temperatura:,,Umidade:,,Datas:,,Medições,Data / Hora,Temperatura,Umidade,28/07/2025 - 18:50,"22,00","48,00",Betha Eletrônica Ltda,1/1
Coleta de Dados - UMMI,Impressão: 08/08/2025  9:23.09,Grupo:,TH-04-R,Equipamento:  1 - UMMI,Coleta:,04/08/2025 - 08:56,Registros:   Total: 2.864        Exibidos: 2.864,Data da Coleta:,04/08/2025,Exibição de Dados,Temperatura:,,Umidade:,,Datas:,,Medições,Data / Hora,Temperatura,Umidade,28/07/2025 - 18:55,"22,00","53,00",Betha Eletrônica Ltda,1/1
Coleta de Dados - UMMI,Impressão: 08/08/2025  9:23.09,Grupo:,TH-04-R,Equipamento:  1 - UMMI,Coleta:,04/08/2025 - 08:56,Registros:   Total: 2.864        Exibidos: 2.864,Data da Coleta:,04/08/2025,Exibição de Dados,Temperatura:,,Umidade:,,Datas:,,Medições,Data / Hora,Temperatura,Umidade,28/07/2025 - 19:00,"22,00","40,00",Betha Eletrônica Ltda,1/1
Coleta de Dados - UMMI,Impressão: 08/08/2025  9:23.09,Grupo:,TH-04-R,Equipamento:  1 - UMMI,Coleta:,04/08/2025 - 08:56,Registros:   Total: 2.864        Exibidos: 2.864,Data da Coleta:,04/08/2025,Exibição de Dados,Temperatura:,,Umidade:,,Datas:,,Medições,Data / Hora,Temperatura,Umidade,28/07/2025 - 19:05,"23,00","56,00",Betha Eletrônica Ltda,1/1
Coleta de Dados - UMMI,Impressão: 08/08/2025  9:23.09,Grupo:,TH-04-R,Equipamento:  1 - UMMI,Coleta:,04/08/2025 - 08:56,Registros:   Total: 2.864        Exibidos: 2.864,Data da Coleta:,04/08/2025,Exibição de Dados,Temperatura:,,Umidade:,,Datas:,,Medições,Data / Hora,Temperatura,Umidade,28/07/2025 - 19:10,"23,00","41,00",Betha Eletrônica Ltda,1/1
Coleta de Dados - UMMI,Impressão: 08/08/2025  9:23.09,Grupo:,TH-04-R,Equipamento:  1 - UMMI,Coleta:,04/08/2025 - 08:56,Registros:   Total: 2.864        Exibidos: 2.864,Data da Coleta:,04/08/2025,Exibição de Dados,Temperatura:,,Umidade:,,Datas:,,Medições,Data / Hora,Temperatura,Umidade,28/07/2025 - 19:15,"23,00","56,00",Betha Eletrônica Ltda,1/1
Coleta de Dados - UMMI,Impressão: 08/08/2025  9:23.09,Grupo:,TH-04-R,Equipamento:  1 - UMMI,Coleta:,04/08/2025 - 08:56,Registros:   Total: 2.864        Exibidos: 2.864,Data da Coleta:,04/08/2025,Exibição de Dados,Temperatura:,,Umidade:,,Datas:,,Medições,Data / Hora,Temperatura,Umidade,28/07/2025 - 19:20,"22,00","43,00",Betha Eletrônica Ltda,1/1
Coleta de Dados - UMMI,Impressão: 08/08/2025  9:23.09,Grupo:,TH-04-R,Equipamento:  1 - UMMI,Coleta:,04/08/2025 - 08:56,Registros:   Total: 2.864        Exibidos: 2.864,Data da Coleta:,04/08/2025,Exibição de Dados,Temperatura:,,Umidade:,,Datas:,,Medições,Data / Hora,Temperatura,Umidade,28/07/2025 - 19:25,"22,00","47,00",Betha Eletrônica Ltda,1/1
Coleta de Dados - UMMI,Impressão: 08/08/2025  9:23.09,Grupo:,TH-04-R,Equipamento:  1 - UMMI,Coleta:,04/08/2025 - 08:56,Registros:   Total: 2.864        Exibidos: 2.864,Data da Coleta:,04/08/2025,Exibição de Dados,Temperatura:,,Umidade:,,Datas:,,Medições,Data / Hora,Temperatura,Umidade,28/07/2025 - 19:30,"22,00","51,00",Betha Eletrônica Ltda,1/1
Coleta de Dados - UMMI,Impressão: 08/08/2025  9:23.09,Grupo:,TH-04-R,Equipamento:  1 - UMMI,Coleta:,04/08/2025 - 08:56,Registros:   Total: 2.864        Exibidos: 2.864,Data da Coleta:,04/08/2025,Exibição de Dados,Temperatura:,,Umidade:,,Datas:,,Medições,Data / Hora,Temperatura,Umidade,28/07/2025 - 19:35,"23,00","46,00",Betha Eletrônica Ltda,1/1
Coleta de Dados - UMMI,Impressão: 08/08/2025  9:23.09,Grupo:,TH-04-R,Equipamento:  1 - UMMI,Coleta:,04/08/2025 - 08:56,Registros:   Total: 2.864        Exibidos: 2.864,Data da Coleta:,04/08/2025,Exibição de Dados,Temperatura:,,Umidade:,,Datas:,,Medições,Data / Hora,Temperatura,Umidade,28/07/2025 - 19:40,"23,00","49,00",Betha Eletrônica Ltda,1/1
Coleta de Dados - UMMI,Impressão: 08/08/2025  9:23.09,Grupo:,TH-04-R,Equipamento:  1 - UMMI,Coleta:,04/08/2025 - 08:56,Registros:   Total: 2.864        Exibidos: 2.864,Data da Coleta:,04/08/2025,Exibição de Dados,Temperatura:,,Umidade:,,Datas:,,Medições,Data / Hora,Temperatura,Umidade,28/07/2025 - 19:45,"22,00","47,00",Betha Eletrônica Ltda,1/1
Coleta de Dados - UMMI,Impressão: 08/08/2025  9:23.09,Grupo:,TH-04-R,Equipamento:  1 - UMMI,Coleta:,04/08/2025 - 08:56,Registros:   Total: 2.864        Exibidos: 2.864,Data da Coleta:,04/08/2025,Exibição de Dados,Temperatura:,,Umidade:,,Datas:,,Medições,Data / Hora,Temperatura,Umidade,28/07/2025 - 19:50,"22,00","51,00",Betha Eletrônica Ltda,1/1
Coleta de Dados - UMMI,Impressão: 08/08/2025  9:23.09,Grupo:,TH-04-R,Equipamento:  1 - UMMI,Coleta:,04/08/2025 - 08:56,Registros:   Total: 2.864        Exibidos: 2.864,Data da Coleta:,04/08/2025,Exibição de Dados,Temperatura:,,Umidade:,,Datas:,,Medições,Data / Hora,Temperatura,Umidade,28/07/2025 - 19:55,"22,00","42,00",Betha Eletrônica Ltda,1/1
Coleta de Dados - UMMI,Impressão: 08/08/2025  9:23.09,Grupo:,TH-04-R,Equipamento:  1 - UMMI,Coleta:,04/08/2025 - 08:56,Registros:   Total: 2.864        Exibidos: 2.864,Data da Coleta:,04/08/2025,Exibição de Dados,Temperatura:,,Umidade:,,Datas:,,Medições,Data / Hora,Temperatura,Umidade,28/07/2025 - 20:00,"23,00","51,00",Betha Eletrônica Ltda,1/1
Coleta de Dados - UMMI,Impressão: 08/08/2025  9:23.09,Grupo:,TH-04-R,Equipamento:  1 - UMMI,Coleta:,04/08/2025 - 08:56,Registros:   Total: 2.864        Exibidos: 2.864,Data da Coleta:,04/08/2025,Exibição de Dados,Temperatura:,,Umidade:,,Datas:,,Medições,Data / Hora,Temperatura,Umidade,28/07/2025 - 20:05,"23,00","40,00",Betha Eletrônica Ltda,1/1
Coleta de Dados - UMMI,Impressão: 08/08/2025  9:23.09,Grupo:,TH-04-R,Equipamento:  1 - UMMI,Coleta:,04/08/2025 - 08:56,Registros:   Total: 2.864        Exibidos: 2.864,Data da Coleta:,04/08/2025,Exibição de Dados,Temperatura:,,Umidade:,,Datas:,,Medições,Data / Hora,Temperatura,Umidade,28/07/2025 - 20:10,"22,00","54,00",Betha Eletrônica Ltda,1/1
Coleta de Dados - UMMI,Impressão: 08/08/2025  9:23.09,Grupo:,TH-04-R,Equipamento:  1 - UMMI,Coleta:,04/08/2025 - 08:56,Registros:   Total: 2.864        Exibidos: 2.864,Data da Coleta:,04/08/2025,Exibição de Dados,Temperatura:,,Umidade:,,Datas:,,Medições,Data / Hora,Temperatura,Umidade,28/07/2025 - 20:15,"22,00","45,00",Betha Eletrônica Ltda,1/1
Coleta de Dados - UMMI,Impressão: 08/08/2025  9:23.09,Grupo:,TH-04-R,Equipamento:  1 - UMMI,Coleta:,04/08/2025 - 08:56,Registros:   Total: 2.864        Exibidos: 2.864,Data da Coleta:,04/08/2025,Exibição de Dados,Temperatura:,,Umidade:,,Datas:,,Medições,Data / Hora,Temperatura,Umidade,28/07/2025 - 20:20,"22,00","44,00",Betha Eletrônica Ltda,1/1
Coleta de Dados - UMMI,Impressão: 08/08/2025  9:23.09,Grupo:,TH-04-R,Equipamento:  1 - UMMI,Coleta:,04/08/2025 - 08:56,Registros:   Total: 2.864        Exibidos: 2.864,Data da Coleta:,04/08/2025,Exibição de Dados,Temperatura:,,Umidade:,,Datas:,,Medições,Data / Hora,Temperatura,Umidade,28/07/2025 - 20:25,"23,00","55,00",Betha Eletrônica Ltda,1/1
Coleta de Dados - UMMI,Impressão: 08/08/2025  9:23.09,Grupo:,TH-04-R,Equipamento:  1 - UMMI,Coleta:,04/08/2025 - 08:56,Registros:   Total: 2.864        Exibidos: 2.864,Data da Coleta:,04/08/2025,Exibição de Dados,Temperatura:,,Umidade:,,Datas:,,Medições,Data / Hora,Temperatura,Umidade,28/07/2025 - 20:30,"23,00","42,00",Betha Eletrônica Ltda,1/1
Coleta de Dados - UMMI,Impressão: 08/08/2025  9:23.09,Grupo:,TH-04-R,Equipamento:  1 - UMMI,Coleta:,04/08/2025 - 08:56,Registros:   Total: 2.864        Exibidos: 2.864,Data da Coleta:,04/08/2025,Exibição de Dados,Temperatura:,,Umidade:,,Datas:,,Medições,Data / Hora,Temperatura,Umidade,28/07/2025 - 20:35,"23,00","55,00",Betha Eletrônica Ltda,1/1
Coleta de Dados - UMMI,Impressão: 08/08/2025  9:23.09,Grupo:,TH-04-R,Equipamento:  1 - UMMI,Coleta:,04/08/2025 - 08:56,Registros:   Total: 2.864        Exibidos: 2.864,Data da Coleta:,04/08/2025,Exibição de Dados,Temperatura:,,Umidade:,,Datas:,,Medições,Data / Hora,Temperatura,Umidade,28/07/2025 - 20:40,"22,00","45,00",Betha Eletrônica Ltda,1/1
Coleta de Dados - UMMI,Impressão: 08/08/2025  9:23.09,Grupo:,TH-04-R,Equipamento:  1 - UMMI,Coleta:,04/08/2025 - 08:56,Registros:   Total: 2.864        Exibidos: 2.864,Data da Coleta:,04/08/2025,Exibição de Dados,Temperatura:,,Umidade:,,Datas:,,Medições,Data / Hora,Temperatura,Umidade,28/07/2025 - 20:45,"22,00","50,00",Betha Eletrônica Ltda,1/1
Coleta de Dados - UMMI,Impressão: 08/08/2025  9:23.09,Grupo:,TH-04-R,Equipamento:  1 - UMMI,Coleta:,04/08/2025 - 08:56,Registros:   Total: 2.864        Exibidos: 2.864,Data da Coleta:,04/08/2025,Exibição de Dados,Temperatura:,,Umidade:,,Datas:,,Medições,Data / Hora,Temperatura,Umidade,28/07/2025 - 20:50,"22,00","50,00",Betha Eletrônica Ltda,1/1
Coleta de Dados - UMMI,Impressão: 08/08/2025  9:23.09,Grupo:,TH-04-R,Equipamento:  1 - UMMI,Coleta:,04/08/2025 - 08:56,Registros:   Total: 2.864        Exibidos: 2.864,Data da Coleta:,04/08/2025,Exibição de Dados,Temperatura:,,Umidade:,,Datas:,,Medições,Data / Hora,Temperatura,Umidade,28/07/2025 - 20:55,"23,00","46,00",Betha Eletrônica Ltda,1/1
Coleta de Dados - UMMI,Impressão: 08/08/2025  9:23.09,Grupo:,TH-04-R,Equipamento:  1 - UMMI,Coleta:,04/08/2025 - 08:56,Registros:   Total: 2.864        Exibidos: 2.864,Data da Coleta:,04/08/2025,Exibição de Dados,Temperatura:,,Umidade:,,Datas:,,Medições,Data / Hora,Temperatura,Umidade,28/07/2025 - 21:00,"22,00","50,00",Betha Eletrônica Ltda,1/1
Coleta de Dados - UMMI,Impressão: 08/08/2025  9:23.09,Grupo:,TH-04-R,Equipamento:  1 - UMMI,Coleta:,04/08/2025 - 08:56,Registros:   Total: 2.864        Exibidos: 2.864,Data da Coleta:,04/08/2025,Exibição de Dados,Temperatura:,,Umidade:,,Datas:,,Medições,Data / Hora,Temperatura,Umidade,28/07/2025 - 21:05,"23,00","48,00",Betha Eletrônica Ltda,1/1
Coleta de Dados - UMMI,Impressão: 08/08/2025  9:23.09,Grupo:,TH-04-R,Equipamento:  1 - UMMI,Coleta:,04/08/2025 - 08:56,Registros:   Total: 2.864        Exibidos: 2.864,Data da Coleta:,04/08/2025,Exibição de Dados,Temperatura:,,Umidade:,,Datas:,,Medições,Data / Hora,Temperatura,Umidade,28/07/2025 - 21:10,"22,00","52,00",Betha Eletrônica Ltda,1/1
Coleta de Dados - UMMI,Impressão: 08/08/2025  9:23.09,Grupo:,TH-04-R,Equipamento:  1 - UMMI,Coleta:,04/08/2025 - 08:56,Registros:   Total: 2.864        Exibidos: 2.864,Data da Coleta:,04/08/2025,Exibição de Dados,Temperatura:,,Umidade:,,Datas:,,Medições,Data / Hora,Temperatura,Umidade,28/07/2025 - 21:15,"22,00","44,00",Betha Eletrônica Ltda,1/1
Coleta de Dados - UMMI,Impressão: 08/08/2025  9:23.09,Grupo:,TH-04-R,Equipamento:  1 - UMMI,Coleta:,04/08/2025 - 08:56,Registros:   Total: 2.864        Exibidos: 2.864,Data da Coleta:,04/08/2025,Exibição de Dados,Temperatura:,,Umidade:,,Datas:,,Medições,Data / Hora,Temperatura,Umidade,28/07/2025 - 21:20,"23,00","48,00",Betha Eletrônica Ltda,1/1
Coleta de Dados - UMMI,Impressão: 08/08/2025  9:23.09,Grupo:,TH-04-R,Equipamento:  1 - UMMI,Coleta:,04/08/2025 - 08:56,Registros:   Total: 2.864        Exibidos: 2.864,Data da Coleta:,04/08/2025,Exibição de Dados,Temperatura:,,Umidade:,,Datas:,,Medições,Data / Hora,Temperatura,Umidade,28/07/2025 - 21:25,"22,00","43,00",Betha Eletrônica Ltda,1/1
Coleta de Dados - UMMI,Impressão: 08/08/2025  9:23.09,Grupo:,TH-04-R,Equipamento:  1 - UMMI,Coleta:,04/08/2025 - 08:56,Registros:   Total: 2.864        Exibidos: 2.864,Data da Coleta:,04/08/2025,Exibição de Dados,Temperatura:,,Umidade:,,Datas:,,Medições,Data / Hora,Temperatura,Umidade,28/07/2025 - 21:30,"23,00","52,00",Betha Eletrônica Ltda,1/1
Coleta de Dados - UMMI,Impressão: 08/08/2025  9:23.09,Grupo:,TH-04-R,Equipamento:  1 - UMMI,Coleta:,04/08/2025 - 08:56,Registros:   Total: 2.864        Exibidos: 2.864,Data da Coleta:,04/08/2025,Exibição de Dados,Temperatura:,,Umidade:,,Datas:,,Medições,Data / Hora,Temperatura,Umidade,28/07/2025 - 21:35,"22,00","48,00",Betha Eletrônica Ltda,1/1
Coleta de Dados - UMMI,Impressão: 08/08/2025  9:23.09,Grupo:,TH-04-R,Equipamento:  1 - UMMI,Coleta:,04/08/2025 - 08:56,Registros:   Total: 2.864        Exibidos: 2.864,Data da Coleta:,04/08/2025,Exibição de Dados,Temperatura:,,Umidade:,,Datas:,,Medições,Data / Hora,Temperatura,Umidade,28/07/2025 - 21:40,"22,00","44,00",Betha Eletrônica Ltda,1/1
Coleta de Dados - UMMI,Impressão: 08/08/2025  9:23.09,Grupo:,TH-04-R,Equipamento:  1 - UMMI,Coleta:,04/08/2025 - 08:56,Registros:   Total: 2.864        Exibidos: 2.864,Data da Coleta:,04/08/2025,Exibição de Dados,Temperatura:,,Umidade:,,Datas:,,Medições,Data / Hora,Temperatura,Umidade,28/07/2025 - 21:45,"22,00","56,00",Betha Eletrônica Ltda,1/1
Coleta de Dados - UMMI,Impressão: 08/08/2025  9:23.09,Grupo:,TH-04-R,Equipamento:  1 - UMMI,Coleta:,04/08/2025 - 08:56,Registros:   Total: 2.864        Exibidos: 2.864,Data da Coleta:,04/08/2025,Exibição de Dados,Temperatura:,,Umidade:,,Datas:,,Medições,Data / Hora,Temperatura,Umidade,28/07/2025 - 21:50,"22,00","41,00",Betha Eletrônica Ltda,1/1
Coleta de Dados - UMMI,Impressão: 08/08/2025  9:23.09,Grupo:,TH-04-R,Equipamento:  1 - UMMI,Coleta:,04/08/2025 - 08:56,Registros:   Total: 2.864        Exibidos: 2.864,Data da Coleta:,04/08/2025,Exibição de Dados,Temperatura:,,Umidade:,,Datas:,,Medições,Data / Hora,Temperatura,Umidade,28/07/2025 - 21:55,"23,00","55,00",Betha Eletrônica Ltda,1/1
Coleta de Dados - UMMI,Impressão: 08/08/2025  9:23.09,Grupo:,TH-04-R,Equipamento:  1 - UMMI,Coleta:,04/08/2025 - 08:56,Registros:   Total: 2.864        Exibidos: 2.864,Data da Coleta:,04/08/2025,Exibição de Dados,Temperatura:,,Umidade:,,Datas:,,Medições,Data / Hora,Temperatura,Umidade,28/07/2025 - 22:00,"23,00","44,00",Betha Eletrônica Ltda,1/1
Coleta de Dados - UMMI,Impressão: 08/08/2025  9:23.09,Grupo:,TH-04-R,Equipamento:  1 - UMMI,Coleta:,04/08/2025 - 08:56,Registros:   Total: 2.864        Exibidos: 2.864,Data da Coleta:,04/08/2025,Exibição de Dados,Temperatura:,,Umidade:,,Datas:,,Medições,Data / Hora,Temperatura,Umidade,28/07/2025 - 22:05,"22,00","48,00",Betha Eletrônica Ltda,1/1
Coleta de Dados - UMMI,Impressão: 08/08/2025  9:23.09,Grupo:,TH-04-R,Equipamento:  1 - UMMI,Coleta:,04/08/2025 - 08:56,Registros:   Total: 2.864        Exibidos: 2.864,Data da Coleta:,04/08/2025,Exibição de Dados,Temperatura:,,Umidade:,,Datas:,,Medições,Data / Hora,Temperatura,Umidade,28/07/2025 - 22:10,"22,00","52,00",Betha Eletrônica Ltda,1/1
Coleta de Dados - UMMI,Impressão: 08/08/2025  9:23.09,Grupo:,TH-04-R,Equipamento:  1 - UMMI,Coleta:,04/08/2025 - 08:56,Registros:   Total: 2.864        Exibidos: 2.864,Data da Coleta:,04/08/2025,Exibição de Dados,Temperatura:,,Umidade:,,Datas:,,Medições,Data / Hora,Temperatura,Umidade,28/07/2025 - 22:15,"22,00","43,00",Betha Eletrônica Ltda,1/1
Coleta de Dados - UMMI,Impressão: 08/08/2025  9:23.09,Grupo:,TH-04-R,Equipamento:  1 - UMMI,Coleta:,04/08/2025 - 08:56,Registros:   Total: 2.864        Exibidos: 2.864,Data da Coleta:,04/08/2025,Exibição de Dados,Temperatura:,,Umidade:,,Datas:,,Medições,Data / Hora,Temperatura,Umidade,28/07/2025 - 22:20,"23,00","54,00",Betha Eletrônica Ltda,1/1
Coleta de Dados - UMMI,Impressão: 08/08/2025  9:23.09,Grupo:,TH-04-R,Equipamento:  1 - UMMI,Coleta:,04/08/2025 - 08:56,Registros:   Total: 2.864        Exibidos: 2.864,Data da Coleta:,04/08/2025,Exibição de Dados,Temperatura:,,Umidade:,,Datas:,,Medições,Data / Hora,Temperatura,Umidade,28/07/2025 - 22:25,"23,00","45,00",Betha Eletrônica Ltda,1/1
Coleta de Dados - UMMI,Impressão: 08/08/2025  9:23.09,Grupo:,TH-04-R,Equipamento:  1 - UMMI,Coleta:,04/08/2025 - 08:56,Registros:   Total: 2.864        Exibidos: 2.864,Data da Coleta:,04/08/2025,Exibição de Dados,Temperatura:,,Umidade:,,Datas:,,Medições,Data / Hora,Temperatura,Umidade,28/07/2025 - 22:30,"22,00","50,00",Betha Eletrônica Ltda,1/1
Coleta de Dados - UMMI,Impressão: 08/08/2025  9:23.09,Grupo:,TH-04-R,Equipamento:  1 - UMMI,Coleta:,04/08/2025 - 08:56,Registros:   Total: 2.864        Exibidos: 2.864,Data da Coleta:,04/08/2025,Exibição de Dados,Temperatura:,,Umidade:,,Datas:,,Medições,Data / Hora,Temperatura,Umidade,28/07/2025 - 22:35,"22,00","45,00",Betha Eletrônica Ltda,1/1
Coleta de Dados - UMMI,Impressão: 08/08/2025  9:23.09,Grupo:,TH-04-R,Equipamento:  1 - UMMI,Coleta:,04/08/2025 - 08:56,Registros:   Total: 2.864        Exibidos: 2.864,Data da Coleta:,04/08/2025,Exibição de Dados,Temperatura:,,Umidade:,,Datas:,,Medições,Data / Hora,Temperatura,Umidade,28/07/2025 - 22:40,"22,00","46,00",Betha Eletrônica Ltda,1/1
Coleta de Dados - UMMI,Impressão: 08/08/2025  9:23.09,Grupo:,TH-04-R,Equipamento:  1 - UMMI,Coleta:,04/08/2025 - 08:56,Registros:   Total: 2.864        Exibidos: 2.864,Data da Coleta:,04/08/2025,Exibição de Dados,Temperatura:,,Umidade:,,Datas:,,Medições,Data / Hora,Temperatura,Umidade,28/07/2025 - 22:45,"22,00","49,00",Betha Eletrônica Ltda,1/1
Coleta de Dados - UMMI,Impressão: 08/08/2025  9:23.09,Grupo:,TH-04-R,Equipamento:  1 - UMMI,Coleta:,04/08/2025 - 08:56,Registros:   Total: 2.864        Exibidos: 2.864,Data da Coleta:,04/08/2025,Exibição de Dados,Temperatura:,,Umidade:,,Datas:,,Medições,Data / Hora,Temperatura,Umidade,28/07/2025 - 22:50,"23,00","46,00",Betha Eletrônica Ltda,1/1
Coleta de Dados - UMMI,Impressão: 08/08/2025  9:23.09,Grupo:,TH-04-R,Equipamento:  1 - UMMI,Coleta:,04/08/2025 - 08:56,Registros:   Total: 2.864        Exibidos: 2.864,Data da Coleta:,04/08/2025,Exibição de Dados,Temperatura:,,Umidade:,,Datas:,,Medições,Data / Hora,Temperatura,Umidade,28/07/2025 - 22:55,"22,00","46,00",Betha Eletrônica Ltda,1/1
Coleta de Dados - UMMI,Impressão: 08/08/2025  9:23.09,Grupo:,TH-04-R,Equipamento:  1 - UMMI,Coleta:,04/08/2025 - 08:56,Registros:   Total: 2.864        Exibidos: 2.864,Data da Coleta:,04/08/2025,Exibição de Dados,Temperatura:,,Umidade:,,Datas:,,Medições,Data / Hora,Temperatura,Umidade,28/07/2025 - 23:00,"22,00","48,00",Betha Eletrônica Ltda,1/1
Coleta de Dados - UMMI,Impressão: 08/08/2025  9:23.09,Grupo:,TH-04-R,Equipamento:  1 - UMMI,Coleta:,04/08/2025 - 08:56,Registros:   Total: 2.864        Exibidos: 2.864,Data da Coleta:,04/08/2025,Exibição de Dados,Temperatura:,,Umidade:,,Datas:,,Medições,Data / Hora,Temperatura,Umidade,28/07/2025 - 23:05,"22,00","50,00",Betha Eletrônica Ltda,1/1
Coleta de Dados - UMMI,Impressão: 08/08/2025  9:23.09,Grupo:,TH-04-R,Equipamento:  1 - UMMI,Coleta:,04/08/2025 - 08:56,Registros:   Total: 2.864        Exibidos: 2.864,Data da Coleta:,04/08/2025,Exibição de Dados,Temperatura:,,Umidade:,,Datas:,,Medições,Data / Hora,Temperatura,Umidade,28/07/2025 - 23:10,"22,00","44,00",Betha Eletrônica Ltda,1/1
Coleta de Dados - UMMI,Impressão: 08/08/2025  9:23.09,Grupo:,TH-04-R,Equipamento:  1 - UMMI,Coleta:,04/08/2025 - 08:56,Registros:   Total: 2.864        Exibidos: 2.864,Data da Coleta:,04/08/2025,Exibição de Dados,Temperatura:,,Umidade:,,Datas:,,Medições,Data / Hora,Temperatura,Umidade,28/07/2025 - 23:15,"22,00","53,00",Betha Eletrônica Ltda,1/1
Coleta de Dados - UMMI,Impressão: 08/08/2025  9:23.09,Grupo:,TH-04-R,Equipamento:  1 - UMMI,Coleta:,04/08/2025 - 08:56,Registros:   Total: 2.864        Exibidos: 2.864,Data da Coleta:,04/08/2025,Exibição de Dados,Temperatura:,,Umidade:,,Datas:,,Medições,Data / Hora,Temperatura,Umidade,28/07/2025 - 23:20,"23,00","46,00",Betha Eletrônica Ltda,1/1
Coleta de Dados - UMMI,Impressão: 08/08/2025  9:23.09,Grupo:,TH-04-R,Equipamento:  1 - UMMI,Coleta:,04/08/2025 - 08:56,Registros:   Total: 2.864        Exibidos: 2.864,Data da Coleta:,04/08/2025,Exibição de Dados,Temperatura:,,Umidade:,,Datas:,,Medições,Data / Hora,Temperatura,Umidade,28/07/2025 - 23:25,"22,00","50,00",Betha Eletrônica Ltda,1/1
Coleta de Dados - UMMI,Impressão: 08/08/2025  9:23.09,Grupo:,TH-04-R,Equipamento:  1 - UMMI,Coleta:,04/08/2025 - 08:56,Registros:   Total: 2.864        Exibidos: 2.864,Data da Coleta:,04/08/2025,Exibição de Dados,Temperatura:,,Umidade:,,Datas:,,Medições,Data / Hora,Temperatura,Umidade,28/07/2025 - 23:30,"22,00","47,00",Betha Eletrônica Ltda,1/1
Coleta de Dados - UMMI,Impressão: 08/08/2025  9:23.09,Grupo:,TH-04-R,Equipamento:  1 - UMMI,Coleta:,04/08/2025 - 08:56,Registros:   Total: 2.864        Exibidos: 2.864,Data da Coleta:,04/08/2025,Exibição de Dados,Temperatura:,,Umidade:,,Datas:,,Medições,Data / Hora,Temperatura,Umidade,28/07/2025 - 23:35,"22,00","55,00",Betha Eletrônica Ltda,1/1
Coleta de Dados - UMMI,Impressão: 08/08/2025  9:23.09,Grupo:,TH-04-R,Equipamento:  1 - UMMI,Coleta:,04/08/2025 - 08:56,Registros:   Total: 2.864        Exibidos: 2.864,Data da Coleta:,04/08/2025,Exibição de Dados,Temperatura:,,Umidade:,,Datas:,,Medições,Data / Hora,Temperatura,Umidade,28/07/2025 - 23:40,"22,00","42,00",Betha Eletrônica Ltda,1/1
Coleta de Dados - UMMI,Impressão: 08/08/2025  9:23.09,Grupo:,TH-04-R,Equipamento:  1 - UMMI,Coleta:,04/08/2025 - 08:56,Registros:   Total: 2.864        Exibidos: 2.864,Data da Coleta:,04/08/2025,Exibição de Dados,Temperatura:,,Umidade:,,Datas:,,Medições,Data / Hora,Temperatura,Umidade,28/07/2025 - 23:45,"23,00","55,00",Betha Eletrônica Ltda,1/1
Coleta de Dados - UMMI,Impressão: 08/08/2025  9:23.09,Grupo:,TH-04-R,Equipamento:  1 - UMMI,Coleta:,04/08/2025 - 08:56,Registros:   Total: 2.864        Exibidos: 2.864,Data da Coleta:,04/08/2025,Exibição de Dados,Temperatura:,,Umidade:,,Datas:,,Medições,Data / Hora,Temperatura,Umidade,28/07/2025 - 23:50,"23,00","43,00",Betha Eletrônica Ltda,1/1
Coleta de Dados - UMMI,Impressão: 08/08/2025  9:23.09,Grupo:,TH-04-R,Equipamento:  1 - UMMI,Coleta:,04/08/2025 - 08:56,Registros:   Total: 2.864        Exibidos: 2.864,Data da Coleta:,04/08/2025,Exibição de Dados,Temperatura:,,Umidade:,,Datas:,,Medições,Data / Hora,Temperatura,Umidade,28/07/2025 - 23:55,"22,00","53,00",Betha Eletrônica Ltda,1/1
Coleta de Dados - UMMI,Impressão: 08/08/2025  9:23.09,Grupo:,TH-04-R,Equipamento:  1 - UMMI,Coleta:,04/08/2025 - 08:56,Registros:   Total: 2.864        Exibidos: 2.864,Data da Coleta:,04/08/2025,Exibição de Dados,Temperatura:,,Umidade:,,Datas:,,Medições,Data / Hora,Temperatura,Umidade,29/07/2025 - 00:00,"22,00","44,00",Betha Eletrônica Ltda,1/1
Coleta de Dados - UMMI,Impressão: 08/08/2025  9:23.09,Grupo:,TH-04-R,Equipamento:  1 - UMMI,Coleta:,04/08/2025 - 08:56,Registros:   Total: 2.864        Exibidos: 2.864,Data da Coleta:,04/08/2025,Exibição de Dados,Temperatura:,,Umidade:,,Datas:,,Medições,Data / Hora,Temperatura,Umidade,29/07/2025 - 00:05,"22,00","52,00",Betha Eletrônica Ltda,1/1
Coleta de Dados - UMMI,Impressão: 08/08/2025  9:23.09,Grupo:,TH-04-R,Equipamento:  1 - UMMI,Coleta:,04/08/2025 - 08:56,Registros:   Total: 2.864        Exibidos: 2.864,Data da Coleta:,04/08/2025,Exibição de Dados,Temperatura:,,Umidade:,,Datas:,,Medições,Data / Hora,Temperatura,Umidade,29/07/2025 - 00:10,"22,00","40,00",Betha Eletrônica Ltda,1/1
Coleta de Dados - UMMI,Impressão: 08/08/2025  9:23.09,Grupo:,TH-04-R,Equipamento:  1 - UMMI,Coleta:,04/08/2025 - 08:56,Registros:   Total: 2.864        Exibidos: 2.864,Data da Coleta:,04/08/2025,Exibição de Dados,Temperatura:,,Umidade:,,Datas:,,Medições,Data / Hora,Temperatura,Umidade,29/07/2025 - 00:15,"23,00","56,00",Betha Eletrônica Ltda,1/1
Coleta de Dados - UMMI,Impressão: 08/08/2025  9:23.09,Grupo:,TH-04-R,Equipamento:  1 - UMMI,Coleta:,04/08/2025 - 08:56,Registros:   Total: 2.864        Exibidos: 2.864,Data da Coleta:,04/08/2025,Exibição de Dados,Temperatura:,,Umidade:,,Datas:,,Medições,Data / Hora,Temperatura,Umidade,29/07/2025 - 00:20,"23,00","41,00",Betha Eletrônica Ltda,1/1
Coleta de Dados - UMMI,Impressão: 08/08/2025  9:23.09,Grupo:,TH-04-R,Equipamento:  1 - UMMI,Coleta:,04/08/2025 - 08:56,Registros:   Total: 2.864        Exibidos: 2.864,Data da Coleta:,04/08/2025,Exibição de Dados,Temperatura:,,Umidade:,,Datas:,,Medições,Data / Hora,Temperatura,Umidade,29/07/2025 - 00:25,"22,00","56,00",Betha Eletrônica Ltda,1/1
Coleta de Dados - UMMI,Impressão: 08/08/2025  9:23.09,Grupo:,TH-04-R,Equipamento:  1 - UMMI,Coleta:,04/08/2025 - 08:56,Registros:   Total: 2.864        Exibidos: 2.864,Data da Coleta:,04/08/2025,Exibição de Dados,Temperatura:,,Umidade:,,Datas:,,Medições,Data / Hora,Temperatura,Umidade,29/07/2025 - 00:30,"22,00","45,00",Betha Eletrônica Ltda,1/1
Coleta de Dados - UMMI,Impressão: 08/08/2025  9:23.09,Grupo:,TH-04-R,Equipamento:  1 - UMMI,Coleta:,04/08/2025 - 08:56,Registros:   Total: 2.864        Exibidos: 2.864,Data da Coleta:,04/08/2025,Exibição de Dados,Temperatura:,,Umidade:,,Datas:,,Medições,Data / Hora,Temperatura,Umidade,29/07/2025 - 00:35,"22,00","51,00",Betha Eletrônica Ltda,1/1
Coleta de Dados - UMMI,Impressão: 08/08/2025  9:23.09,Grupo:,TH-04-R,Equipamento:  1 - UMMI,Coleta:,04/08/2025 - 08:56,Registros:   Total: 2.864        Exibidos: 2.864,Data da Coleta:,04/08/2025,Exibição de Dados,Temperatura:,,Umidade:,,Datas:,,Medições,Data / Hora,Temperatura,Umidade,29/07/2025 - 00:40,"22,00","41,00",Betha Eletrônica Ltda,1/1
Coleta de Dados - UMMI,Impressão: 08/08/2025  9:23.09,Grupo:,TH-04-R,Equipamento:  1 - UMMI,Coleta:,04/08/2025 - 08:56,Registros:   Total: 2.864        Exibidos: 2.864,Data da Coleta:,04/08/2025,Exibição de Dados,Temperatura:,,Umidade:,,Datas:,,Medições,Data / Hora,Temperatura,Umidade,29/07/2025 - 00:45,"23,00","55,00",Betha Eletrônica Ltda,1/1
Coleta de Dados - UMMI,Impressão: 08/08/2025  9:23.09,Grupo:,TH-04-R,Equipamento:  1 - UMMI,Coleta:,04/08/2025 - 08:56,Registros:   Total: 2.864        Exibidos: 2.864,Data da Coleta:,04/08/2025,Exibição de Dados,Temperatura:,,Umidade:,,Datas:,,Medições,Data / Hora,Temperatura,Umidade,29/07/2025 - 00:50,"23,00","41,00",Betha Eletrônica Ltda,1/1
Coleta de Dados - UMMI,Impressão: 08/08/2025  9:23.09,Grupo:,TH-04-R,Equipamento:  1 - UMMI,Coleta:,04/08/2025 - 08:56,Registros:   Total: 2.864        Exibidos: 2.864,Data da Coleta:,04/08/2025,Exibição de Dados,Temperatura:,,Umidade:,,Datas:,,Medições,Data / Hora,Temperatura,Umidade,29/07/2025 - 00:55,"22,00","53,00",Betha Eletrônica Ltda,1/1
Coleta de Dados - UMMI,Impressão: 08/08/2025  9:23.09,Grupo:,TH-04-R,Equipamento:  1 - UMMI,Coleta:,04/08/2025 - 08:56,Registros:   Total: 2.864        Exibidos: 2.864,Data da Coleta:,04/08/2025,Exibição de Dados,Temperatura:,,Umidade:,,Datas:,,Medições,Data / Hora,Temperatura,Umidade,29/07/2025 - 01:00,"22,00","45,00",Betha Eletrônica Ltda,1/1
Coleta de Dados - UMMI,Impressão: 08/08/2025  9:23.09,Grupo:,TH-04-R,Equipamento:  1 - UMMI,Coleta:,04/08/2025 - 08:56,Registros:   Total: 2.864        Exibidos: 2.864,Data da Coleta:,04/08/2025,Exibição de Dados,Temperatura:,,Umidade:,,Datas:,,Medições,Data / Hora,Temperatura,Umidade,29/07/2025 - 01:05,"22,00","48,00",Betha Eletrônica Ltda,1/1
Coleta de Dados - UMMI,Impressão: 08/08/2025  9:23.09,Grupo:,TH-04-R,Equipamento:  1 - UMMI,Coleta:,04/08/2025 - 08:56,Registros:   Total: 2.864        Exibidos: 2.864,Data da Coleta:,04/08/2025,Exibição de Dados,Temperatura:,,Umidade:,,Datas:,,Medições,Data / Hora,Temperatura,Umidade,29/07/2025 - 01:10,"22,00","44,00",Betha Eletrônica Ltda,1/1
Coleta de Dados - UMMI,Impressão: 08/08/2025  9:23.09,Grupo:,TH-04-R,Equipamento:  1 - UMMI,Coleta:,04/08/2025 - 08:56,Registros:   Total: 2.864        Exibidos: 2.864,Data da Coleta:,04/08/2025,Exibição de Dados,Temperatura:,,Umidade:,,Datas:,,Medições,Data / Hora,Temperatura,Umidade,29/07/2025 - 01:15,"23,00","50,00",Betha Eletrônica Ltda,1/1
Coleta de Dados - UMMI,Impressão: 08/08/2025  9:23.09,Grupo:,TH-04-R,Equipamento:  1 - UMMI,Coleta:,04/08/2025 - 08:56,Registros:   Total: 2.864        Exibidos: 2.864,Data da Coleta:,04/08/2025,Exibição de Dados,Temperatura:,,Umidade:,,Datas:,,Medições,Data / Hora,Temperatura,Umidade,29/07/2025 - 01:20,"22,00","42,00",Betha Eletrônica Ltda,1/1
Coleta de Dados - UMMI,Impressão: 08/08/2025  9:23.09,Grupo:,TH-04-R,Equipamento:  1 - UMMI,Coleta:,04/08/2025 - 08:56,Registros:   Total: 2.864        Exibidos: 2.864,Data da Coleta:,04/08/2025,Exibição de Dados,Temperatura:,,Umidade:,,Datas:,,Medições,Data / Hora,Temperatura,Umidade,29/07/2025 - 01:25,"22,00","52,00",Betha Eletrônica Ltda,1/1
Coleta de Dados - UMMI,Impressão: 08/08/2025  9:23.09,Grupo:,TH-04-R,Equipamento:  1 - UMMI,Coleta:,04/08/2025 - 08:56,Registros:   Total: 2.864        Exibidos: 2.864,Data da Coleta:,04/08/2025,Exibição de Dados,Temperatura:,,Umidade:,,Datas:,,Medições,Data / Hora,Temperatura,Umidade,29/07/2025 - 01:30,"21,00","45,00",Betha Eletrônica Ltda,1/1
Coleta de Dados - UMMI,Impressão: 08/08/2025  9:23.09,Grupo:,TH-04-R,Equipamento:  1 - UMMI,Coleta:,04/08/2025 - 08:56,Registros:   Total: 2.864        Exibidos: 2.864,Data da Coleta:,04/08/2025,Exibição de Dados,Temperatura:,,Umidade:,,Datas:,,Medições,Data / Hora,Temperatura,Umidade,29/07/2025 - 01:35,"22,00","46,00",Betha Eletrônica Ltda,1/1
Coleta de Dados - UMMI,Impressão: 08/08/2025  9:23.09,Grupo:,TH-04-R,Equipamento:  1 - UMMI,Coleta:,04/08/2025 - 08:56,Registros:   Total: 2.864        Exibidos: 2.864,Data da Coleta:,04/08/2025,Exibição de Dados,Temperatura:,,Umidade:,,Datas:,,Medições,Data / Hora,Temperatura,Umidade,29/07/2025 - 01:40,"22,00","49,00",Betha Eletrônica Ltda,1/1
Coleta de Dados - UMMI,Impressão: 08/08/2025  9:23.09,Grupo:,TH-04-R,Equipamento:  1 - UMMI,Coleta:,04/08/2025 - 08:56,Registros:   Total: 2.864        Exibidos: 2.864,Data da Coleta:,04/08/2025,Exibição de Dados,Temperatura:,,Umidade:,,Datas:,,Medições,Data / Hora,Temperatura,Umidade,29/07/2025 - 01:45,"23,00","48,00",Betha Eletrônica Ltda,1/1
Coleta de Dados - UMMI,Impressão: 08/08/2025  9:23.09,Grupo:,TH-04-R,Equipamento:  1 - UMMI,Coleta:,04/08/2025 - 08:56,Registros:   Total: 2.864        Exibidos: 2.864,Data da Coleta:,04/08/2025,Exibição de Dados,Temperatura:,,Umidade:,,Datas:,,Medições,Data / Hora,Temperatura,Umidade,29/07/2025 - 01:50,"22,00","44,00",Betha Eletrônica Ltda,1/1
Coleta de Dados - UMMI,Impressão: 08/08/2025  9:23.09,Grupo:,TH-04-R,Equipamento:  1 - UMMI,Coleta:,04/08/2025 - 08:56,Registros:   Total: 2.864        Exibidos: 2.864,Data da Coleta:,04/08/2025,Exibição de Dados,Temperatura:,,Umidade:,,Datas:,,Medições,Data / Hora,Temperatura,Umidade,29/07/2025 - 01:55,"22,00","48,00",Betha Eletrônica Ltda,1/1
Coleta de Dados - UMMI,Impressão: 08/08/2025  9:23.09,Grupo:,TH-04-R,Equipamento:  1 - UMMI,Coleta:,04/08/2025 - 08:56,Registros:   Total: 2.864        Exibidos: 2.864,Data da Coleta:,04/08/2025,Exibição de Dados,Temperatura:,,Umidade:,,Datas:,,Medições,Data / Hora,Temperatura,Umidade,29/07/2025 - 02:00,"22,00","50,00",Betha Eletrônica Ltda,1/1
Coleta de Dados - UMMI,Impressão: 08/08/2025  9:23.09,Grupo:,TH-04-R,Equipamento:  1 - UMMI,Coleta:,04/08/2025 - 08:56,Registros:   Total: 2.864        Exibidos: 2.864,Data da Coleta:,04/08/2025,Exibição de Dados,Temperatura:,,Umidade:,,Datas:,,Medições,Data / Hora,Temperatura,Umidade,29/07/2025 - 02:05,"22,00","43,00",Betha Eletrônica Ltda,1/1
Coleta de Dados - UMMI,Impressão: 08/08/2025  9:23.09,Grupo:,TH-04-R,Equipamento:  1 - UMMI,Coleta:,04/08/2025 - 08:56,Registros:   Total: 2.864        Exibidos: 2.864,Data da Coleta:,04/08/2025,Exibição de Dados,Temperatura:,,Umidade:,,Datas:,,Medições,Data / Hora,Temperatura,Umidade,29/07/2025 - 02:10,"22,00","53,00",Betha Eletrônica Ltda,1/1
Coleta de Dados - UMMI,Impressão: 08/08/2025  9:23.09,Grupo:,TH-04-R,Equipamento:  1 - UMMI,Coleta:,04/08/2025 - 08:56,Registros:   Total: 2.864        Exibidos: 2.864,Data da Coleta:,04/08/2025,Exibição de Dados,Temperatura:,,Umidade:,,Datas:,,Medições,Data / Hora,Temperatura,Umidade,29/07/2025 - 02:15,"23,00","45,00",Betha Eletrônica Ltda,1/1
Coleta de Dados - UMMI,Impressão: 08/08/2025  9:23.09,Grupo:,TH-04-R,Equipamento:  1 - UMMI,Coleta:,04/08/2025 - 08:56,Registros:   Total: 2.864        Exibidos: 2.864,Data da Coleta:,04/08/2025,Exibição de Dados,Temperatura:,,Umidade:,,Datas:,,Medições,Data / Hora,Temperatura,Umidade,29/07/2025 - 02:20,"22,00","50,00",Betha Eletrônica Ltda,1/1
Coleta de Dados - UMMI,Impressão: 08/08/2025  9:23.09,Grupo:,TH-04-R,Equipamento:  1 - UMMI,Coleta:,04/08/2025 - 08:56,Registros:   Total: 2.864        Exibidos: 2.864,Data da Coleta:,04/08/2025,Exibição de Dados,Temperatura:,,Umidade:,,Datas:,,Medições,Data / Hora,Temperatura,Umidade,29/07/2025 - 02:25,"22,00","46,00",Betha Eletrônica Ltda,1/1
Coleta de Dados - UMMI,Impressão: 08/08/2025  9:23.09,Grupo:,TH-04-R,Equipamento:  1 - UMMI,Coleta:,04/08/2025 - 08:56,Registros:   Total: 2.864        Exibidos: 2.864,Data da Coleta:,04/08/2025,Exibição de Dados,Temperatura:,,Umidade:,,Datas:,,Medições,Data / Hora,Temperatura,Umidade,29/07/2025 - 02:30,"22,00","54,00",Betha Eletrônica Ltda,1/1
Coleta de Dados - UMMI,Impressão: 08/08/2025  9:23.09,Grupo:,TH-04-R,Equipamento:  1 - UMMI,Coleta:,04/08/2025 - 08:56,Registros:   Total: 2.864        Exibidos: 2.864,Data da Coleta:,04/08/2025,Exibição de Dados,Temperatura:,,Umidade:,,Datas:,,Medições,Data / Hora,Temperatura,Umidade,29/07/2025 - 02:35,"22,00","41,00",Betha Eletrônica Ltda,1/1
Coleta de Dados - UMMI,Impressão: 08/08/2025  9:23.09,Grupo:,TH-04-R,Equipamento:  1 - UMMI,Coleta:,04/08/2025 - 08:56,Registros:   Total: 2.864        Exibidos: 2.864,Data da Coleta:,04/08/2025,Exibição de Dados,Temperatura:,,Umidade:,,Datas:,,Medições,Data / Hora,Temperatura,Umidade,29/07/2025 - 02:40,"23,00","55,00",Betha Eletrônica Ltda,1/1
Coleta de Dados - UMMI,Impressão: 08/08/2025  9:23.09,Grupo:,TH-04-R,Equipamento:  1 - UMMI,Coleta:,04/08/2025 - 08:56,Registros:   Total: 2.864        Exibidos: 2.864,Data da Coleta:,04/08/2025,Exibição de Dados,Temperatura:,,Umidade:,,Datas:,,Medições,Data / Hora,Temperatura,Umidade,29/07/2025 - 02:45,"23,00","43,00",Betha Eletrônica Ltda,1/1
Coleta de Dados - UMMI,Impressão: 08/08/2025  9:23.09,Grupo:,TH-04-R,Equipamento:  1 - UMMI,Coleta:,04/08/2025 - 08:56,Registros:   Total: 2.864        Exibidos: 2.864,Data da Coleta:,04/08/2025,Exibição de Dados,Temperatura:,,Umidade:,,Datas:,,Medições,Data / Hora,Temperatura,Umidade,29/07/2025 - 02:50,"22,00","52,00",Betha Eletrônica Ltda,1/1
Coleta de Dados - UMMI,Impressão: 08/08/2025  9:23.09,Grupo:,TH-04-R,Equipamento:  1 - UMMI,Coleta:,04/08/2025 - 08:56,Registros:   Total: 2.864        Exibidos: 2.864,Data da Coleta:,04/08/2025,Exibição de Dados,Temperatura:,,Umidade:,,Datas:,,Medições,Data / Hora,Temperatura,Umidade,29/07/2025 - 02:55,"22,00","46,00",Betha Eletrônica Ltda,1/1
Coleta de Dados - UMMI,Impressão: 08/08/2025  9:23.09,Grupo:,TH-04-R,Equipamento:  1 - UMMI,Coleta:,04/08/2025 - 08:56,Registros:   Total: 2.864        Exibidos: 2.864,Data da Coleta:,04/08/2025,Exibição de Dados,Temperatura:,,Umidade:,,Datas:,,Medições,Data / Hora,Temperatura,Umidade,29/07/2025 - 03:00,"22,00","55,00",Betha Eletrônica Ltda,1/1
Coleta de Dados - UMMI,Impressão: 08/08/2025  9:23.09,Grupo:,TH-04-R,Equipamento:  1 - UMMI,Coleta:,04/08/2025 - 08:56,Registros:   Total: 2.864        Exibidos: 2.864,Data da Coleta:,04/08/2025,Exibição de Dados,Temperatura:,,Umidade:,,Datas:,,Medições,Data / Hora,Temperatura,Umidade,29/07/2025 - 03:05,"22,00","40,00",Betha Eletrônica Ltda,1/1
Coleta de Dados - UMMI,Impressão: 08/08/2025  9:23.09,Grupo:,TH-04-R,Equipamento:  1 - UMMI,Coleta:,04/08/2025 - 08:56,Registros:   Total: 2.864        Exibidos: 2.864,Data da Coleta:,04/08/2025,Exibição de Dados,Temperatura:,,Umidade:,,Datas:,,Medições,Data / Hora,Temperatura,Umidade,29/07/2025 - 03:10,"23,00","55,00",Betha Eletrônica Ltda,1/1
Coleta de Dados - UMMI,Impressão: 08/08/2025  9:23.09,Grupo:,TH-04-R,Equipamento:  1 - UMMI,Coleta:,04/08/2025 - 08:56,Registros:   Total: 2.864        Exibidos: 2.864,Data da Coleta:,04/08/2025,Exibição de Dados,Temperatura:,,Umidade:,,Datas:,,Medições,Data / Hora,Temperatura,Umidade,29/07/2025 - 03:15,"23,00","42,00",Betha Eletrônica Ltda,1/1
Coleta de Dados - UMMI,Impressão: 08/08/2025  9:23.09,Grupo:,TH-04-R,Equipamento:  1 - UMMI,Coleta:,04/08/2025 - 08:56,Registros:   Total: 2.864        Exibidos: 2.864,Data da Coleta:,04/08/2025,Exibição de Dados,Temperatura:,,Umidade:,,Datas:,,Medições,Data / Hora,Temperatura,Umidade,29/07/2025 - 03:20,"22,00","53,00",Betha Eletrônica Ltda,1/1
Coleta de Dados - UMMI,Impressão: 08/08/2025  9:23.09,Grupo:,TH-04-R,Equipamento:  1 - UMMI,Coleta:,04/08/2025 - 08:56,Registros:   Total: 2.864        Exibidos: 2.864,Data da Coleta:,04/08/2025,Exibição de Dados,Temperatura:,,Umidade:,,Datas:,,Medições,Data / Hora,Temperatura,Umidade,29/07/2025 - 03:25,"22,00","44,00",Betha Eletrônica Ltda,1/1
Coleta de Dados - UMMI,Impressão: 08/08/2025  9:23.09,Grupo:,TH-04-R,Equipamento:  1 - UMMI,Coleta:,04/08/2025 - 08:56,Registros:   Total: 2.864        Exibidos: 2.864,Data da Coleta:,04/08/2025,Exibição de Dados,Temperatura:,,Umidade:,,Datas:,,Medições,Data / Hora,Temperatura,Umidade,29/07/2025 - 03:30,"22,00","52,00",Betha Eletrônica Ltda,1/1
Coleta de Dados - UMMI,Impressão: 08/08/2025  9:23.09,Grupo:,TH-04-R,Equipamento:  1 - UMMI,Coleta:,04/08/2025 - 08:56,Registros:   Total: 2.864        Exibidos: 2.864,Data da Coleta:,04/08/2025,Exibição de Dados,Temperatura:,,Umidade:,,Datas:,,Medições,Data / Hora,Temperatura,Umidade,29/07/2025 - 03:35,"22,00","40,00",Betha Eletrônica Ltda,1/1
Coleta de Dados - UMMI,Impressão: 08/08/2025  9:23.09,Grupo:,TH-04-R,Equipamento:  1 - UMMI,Coleta:,04/08/2025 - 08:56,Registros:   Total: 2.864        Exibidos: 2.864,Data da Coleta:,04/08/2025,Exibição de Dados,Temperatura:,,Umidade:,,Datas:,,Medições,Data / Hora,Temperatura,Umidade,29/07/2025 - 03:40,"23,00","55,00",Betha Eletrônica Ltda,1/1
Coleta de Dados - UMMI,Impressão: 08/08/2025  9:23.09,Grupo:,TH-04-R,Equipamento:  1 - UMMI,Coleta:,04/08/2025 - 08:56,Registros:   Total: 2.864        Exibidos: 2.864,Data da Coleta:,04/08/2025,Exibição de Dados,Temperatura:,,Umidade:,,Datas:,,Medições,Data / Hora,Temperatura,Umidade,29/07/2025 - 03:45,"23,00","40,00",Betha Eletrônica Ltda,1/1
Coleta de Dados - UMMI,Impressão: 08/08/2025  9:23.09,Grupo:,TH-04-R,Equipamento:  1 - UMMI,Coleta:,04/08/2025 - 08:56,Registros:   Total: 2.864        Exibidos: 2.864,Data da Coleta:,04/08/2025,Exibição de Dados,Temperatura:,,Umidade:,,Datas:,,Medições,Data / Hora,Temperatura,Umidade,29/07/2025 - 03:50,"22,00","54,00",Betha Eletrônica Ltda,1/1
Coleta de Dados - UMMI,Impressão: 08/08/2025  9:23.09,Grupo:,TH-04-R,Equipamento:  1 - UMMI,Coleta:,04/08/2025 - 08:56,Registros:   Total: 2.864        Exibidos: 2.864,Data da Coleta:,04/08/2025,Exibição de Dados,Temperatura:,,Umidade:,,Datas:,,Medições,Data / Hora,Temperatura,Umidade,29/07/2025 - 03:55,"21,00","44,00",Betha Eletrônica Ltda,1/1
Coleta de Dados - UMMI,Impressão: 08/08/2025  9:23.09,Grupo:,TH-04-R,Equipamento:  1 - UMMI,Coleta:,04/08/2025 - 08:56,Registros:   Total: 2.864        Exibidos: 2.864,Data da Coleta:,04/08/2025,Exibição de Dados,Temperatura:,,Umidade:,,Datas:,,Medições,Data / Hora,Temperatura,Umidade,29/07/2025 - 04:00,"22,00","49,00",Betha Eletrônica Ltda,1/1
Coleta de Dados - UMMI,Impressão: 08/08/2025  9:23.09,Grupo:,TH-04-R,Equipamento:  1 - UMMI,Coleta:,04/08/2025 - 08:56,Registros:   Total: 2.864        Exibidos: 2.864,Data da Coleta:,04/08/2025,Exibição de Dados,Temperatura:,,Umidade:,,Datas:,,Medições,Data / Hora,Temperatura,Umidade,29/07/2025 - 04:05,"22,00","44,00",Betha Eletrônica Ltda,1/1
Coleta de Dados - UMMI,Impressão: 08/08/2025  9:23.09,Grupo:,TH-04-R,Equipamento:  1 - UMMI,Coleta:,04/08/2025 - 08:56,Registros:   Total: 2.864        Exibidos: 2.864,Data da Coleta:,04/08/2025,Exibição de Dados,Temperatura:,,Umidade:,,Datas:,,Medições,Data / Hora,Temperatura,Umidade,29/07/2025 - 04:10,"23,00","53,00",Betha Eletrônica Ltda,1/1
Coleta de Dados - UMMI,Impressão: 08/08/2025  9:23.09,Grupo:,TH-04-R,Equipamento:  1 - UMMI,Coleta:,04/08/2025 - 08:56,Registros:   Total: 2.864        Exibidos: 2.864,Data da Coleta:,04/08/2025,Exibição de Dados,Temperatura:,,Umidade:,,Datas:,,Medições,Data / Hora,Temperatura,Umidade,29/07/2025 - 04:15,"23,00","41,00",Betha Eletrônica Ltda,1/1
Coleta de Dados - UMMI,Impressão: 08/08/2025  9:23.09,Grupo:,TH-04-R,Equipamento:  1 - UMMI,Coleta:,04/08/2025 - 08:56,Registros:   Total: 2.864        Exibidos: 2.864,Data da Coleta:,04/08/2025,Exibição de Dados,Temperatura:,,Umidade:,,Datas:,,Medições,Data / Hora,Temperatura,Umidade,29/07/2025 - 04:20,"22,00","53,00",Betha Eletrônica Ltda,1/1
Coleta de Dados - UMMI,Impressão: 08/08/2025  9:23.09,Grupo:,TH-04-R,Equipamento:  1 - UMMI,Coleta:,04/08/2025 - 08:56,Registros:   Total: 2.864        Exibidos: 2.864,Data da Coleta:,04/08/2025,Exibição de Dados,Temperatura:,,Umidade:,,Datas:,,Medições,Data / Hora,Temperatura,Umidade,29/07/2025 - 04:25,"21,00","47,00",Betha Eletrônica Ltda,1/1
Coleta de Dados - UMMI,Impressão: 08/08/2025  9:23.09,Grupo:,TH-04-R,Equipamento:  1 - UMMI,Coleta:,04/08/2025 - 08:56,Registros:   Total: 2.864        Exibidos: 2.864,Data da Coleta:,04/08/2025,Exibição de Dados,Temperatura:,,Umidade:,,Datas:,,Medições,Data / Hora,Temperatura,Umidade,29/07/2025 - 04:30,"22,00","46,00",Betha Eletrônica Ltda,1/1
Coleta de Dados - UMMI,Impressão: 08/08/2025  9:23.09,Grupo:,TH-04-R,Equipamento:  1 - UMMI,Coleta:,04/08/2025 - 08:56,Registros:   Total: 2.864        Exibidos: 2.864,Data da Coleta:,04/08/2025,Exibição de Dados,Temperatura:,,Umidade:,,Datas:,,Medições,Data / Hora,Temperatura,Umidade,29/07/2025 - 04:35,"22,00","50,00",Betha Eletrônica Ltda,1/1
Coleta de Dados - UMMI,Impressão: 08/08/2025  9:23.09,Grupo:,TH-04-R,Equipamento:  1 - UMMI,Coleta:,04/08/2025 - 08:56,Registros:   Total: 2.864        Exibidos: 2.864,Data da Coleta:,04/08/2025,Exibição de Dados,Temperatura:,,Umidade:,,Datas:,,Medições,Data / Hora,Temperatura,Umidade,29/07/2025 - 04:40,"23,00","47,00",Betha Eletrônica Ltda,1/1
Coleta de Dados - UMMI,Impressão: 08/08/2025  9:23.09,Grupo:,TH-04-R,Equipamento:  1 - UMMI,Coleta:,04/08/2025 - 08:56,Registros:   Total: 2.864        Exibidos: 2.864,Data da Coleta:,04/08/2025,Exibição de Dados,Temperatura:,,Umidade:,,Datas:,,Medições,Data / Hora,Temperatura,Umidade,29/07/2025 - 04:45,"22,00","43,00",Betha Eletrônica Ltda,1/1
Coleta de Dados - UMMI,Impressão: 08/08/2025  9:23.09,Grupo:,TH-04-R,Equipamento:  1 - UMMI,Coleta:,04/08/2025 - 08:56,Registros:   Total: 2.864        Exibidos: 2.864,Data da Coleta:,04/08/2025,Exibição de Dados,Temperatura:,,Umidade:,,Datas:,,Medições,Data / Hora,Temperatura,Umidade,29/07/2025 - 04:50,"22,00","51,00",Betha Eletrônica Ltda,1/1
Coleta de Dados - UMMI,Impressão: 08/08/2025  9:23.09,Grupo:,TH-04-R,Equipamento:  1 - UMMI,Coleta:,04/08/2025 - 08:56,Registros:   Total: 2.864        Exibidos: 2.864,Data da Coleta:,04/08/2025,Exibição de Dados,Temperatura:,,Umidade:,,Datas:,,Medições,Data / Hora,Temperatura,Umidade,29/07/2025 - 04:55,"21,00","49,00",Betha Eletrônica Ltda,1/1
Coleta de Dados - UMMI,Impressão: 08/08/2025  9:23.09,Grupo:,TH-04-R,Equipamento:  1 - UMMI,Coleta:,04/08/2025 - 08:56,Registros:   Total: 2.864        Exibidos: 2.864,Data da Coleta:,04/08/2025,Exibição de Dados,Temperatura:,,Umidade:,,Datas:,,Medições,Data / Hora,Temperatura,Umidade,29/07/2025 - 05:00,"22,00","44,00",Betha Eletrônica Ltda,1/1
Coleta de Dados - UMMI,Impressão: 08/08/2025  9:23.09,Grupo:,TH-04-R,Equipamento:  1 - UMMI,Coleta:,04/08/2025 - 08:56,Registros:   Total: 2.864        Exibidos: 2.864,Data da Coleta:,04/08/2025,Exibição de Dados,Temperatura:,,Umidade:,,Datas:,,Medições,Data / Hora,Temperatura,Umidade,29/07/2025 - 05:05,"22,00","52,00",Betha Eletrônica Ltda,1/1
Coleta de Dados - UMMI,Impressão: 08/08/2025  9:23.09,Grupo:,TH-04-R,Equipamento:  1 - UMMI,Coleta:,04/08/2025 - 08:56,Registros:   Total: 2.864        Exibidos: 2.864,Data da Coleta:,04/08/2025,Exibição de Dados,Temperatura:,,Umidade:,,Datas:,,Medições,Data / Hora,Temperatura,Umidade,29/07/2025 - 05:10,"23,00","46,00",Betha Eletrônica Ltda,1/1
Coleta de Dados - UMMI,Impressão: 08/08/2025  9:23.09,Grupo:,TH-04-R,Equipamento:  1 - UMMI,Coleta:,04/08/2025 - 08:56,Registros:   Total: 2.864        Exibidos: 2.864,Data da Coleta:,04/08/2025,Exibição de Dados,Temperatura:,,Umidade:,,Datas:,,Medições,Data / Hora,Temperatura,Umidade,29/07/2025 - 05:15,"22,00","46,00",Betha Eletrônica Ltda,1/1
Coleta de Dados - UMMI,Impressão: 08/08/2025  9:23.09,Grupo:,TH-04-R,Equipamento:  1 - UMMI,Coleta:,04/08/2025 - 08:56,Registros:   Total: 2.864        Exibidos: 2.864,Data da Coleta:,04/08/2025,Exibição de Dados,Temperatura:,,Umidade:,,Datas:,,Medições,Data / Hora,Temperatura,Umidade,29/07/2025 - 05:20,"22,00","49,00",Betha Eletrônica Ltda,1/1
Coleta de Dados - UMMI,Impressão: 08/08/2025  9:23.09,Grupo:,TH-04-R,Equipamento:  1 - UMMI,Coleta:,04/08/2025 - 08:56,Registros:   Total: 2.864        Exibidos: 2.864,Data da Coleta:,04/08/2025,Exibição de Dados,Temperatura:,,Umidade:,,Datas:,,Medições,Data / Hora,Temperatura,Umidade,29/07/2025 - 05:25,"21,00","52,00",Betha Eletrônica Ltda,1/1
Coleta de Dados - UMMI,Impressão: 08/08/2025  9:23.09,Grupo:,TH-04-R,Equipamento:  1 - UMMI,Coleta:,04/08/2025 - 08:56,Registros:   Total: 2.864        Exibidos: 2.864,Data da Coleta:,04/08/2025,Exibição de Dados,Temperatura:,,Umidade:,,Datas:,,Medições,Data / Hora,Temperatura,Umidade,29/07/2025 - 05:30,"22,00","42,00",Betha Eletrônica Ltda,1/1
Coleta de Dados - UMMI,Impressão: 08/08/2025  9:23.09,Grupo:,TH-04-R,Equipamento:  1 - UMMI,Coleta:,04/08/2025 - 08:56,Registros:   Total: 2.864        Exibidos: 2.864,Data da Coleta:,04/08/2025,Exibição de Dados,Temperatura:,,Umidade:,,Datas:,,Medições,Data / Hora,Temperatura,Umidade,29/07/2025 - 05:35,"22,00","53,00",Betha Eletrônica Ltda,1/1
Coleta de Dados - UMMI,Impressão: 08/08/2025  9:23.09,Grupo:,TH-04-R,Equipamento:  1 - UMMI,Coleta:,04/08/2025 - 08:56,Registros:   Total: 2.864        Exibidos: 2.864,Data da Coleta:,04/08/2025,Exibição de Dados,Temperatura:,,Umidade:,,Datas:,,Medições,Data / Hora,Temperatura,Umidade,29/07/2025 - 05:40,"23,00","45,00",Betha Eletrônica Ltda,1/1
Coleta de Dados - UMMI,Impressão: 08/08/2025  9:23.09,Grupo:,TH-04-R,Equipamento:  1 - UMMI,Coleta:,04/08/2025 - 08:56,Registros:   Total: 2.864        Exibidos: 2.864,Data da Coleta:,04/08/2025,Exibição de Dados,Temperatura:,,Umidade:,,Datas:,,Medições,Data / Hora,Temperatura,Umidade,29/07/2025 - 05:45,"22,00","49,00",Betha Eletrônica Ltda,1/1
Coleta de Dados - UMMI,Impressão: 08/08/2025  9:23.09,Grupo:,TH-04-R,Equipamento:  1 - UMMI,Coleta:,04/08/2025 - 08:56,Registros:   Total: 2.864        Exibidos: 2.864,Data da Coleta:,04/08/2025,Exibição de Dados,Temperatura:,,Umidade:,,Datas:,,Medições,Data / Hora,Temperatura,Umidade,29/07/2025 - 05:50,"22,00","47,00",Betha Eletrônica Ltda,1/1
Coleta de Dados - UMMI,Impressão: 08/08/2025  9:23.09,Grupo:,TH-04-R,Equipamento:  1 - UMMI,Coleta:,04/08/2025 - 08:56,Registros:   Total: 2.864        Exibidos: 2.864,Data da Coleta:,04/08/2025,Exibição de Dados,Temperatura:,,Umidade:,,Datas:,,Medições,Data / Hora,Temperatura,Umidade,29/07/2025 - 05:55,"21,00","50,00",Betha Eletrônica Ltda,1/1
Coleta de Dados - UMMI,Impressão: 08/08/2025  9:23.09,Grupo:,TH-04-R,Equipamento:  1 - UMMI,Coleta:,04/08/2025 - 08:56,Registros:   Total: 2.864        Exibidos: 2.864,Data da Coleta:,04/08/2025,Exibição de Dados,Temperatura:,,Umidade:,,Datas:,,Medições,Data / Hora,Temperatura,Umidade,29/07/2025 - 06:00,"22,00","46,00",Betha Eletrônica Ltda,1/1
Coleta de Dados - UMMI,Impressão: 08/08/2025  9:23.09,Grupo:,TH-04-R,Equipamento:  1 - UMMI,Coleta:,04/08/2025 - 08:56,Registros:   Total: 2.864        Exibidos: 2.864,Data da Coleta:,04/08/2025,Exibição de Dados,Temperatura:,,Umidade:,,Datas:,,Medições,Data / Hora,Temperatura,Umidade,29/07/2025 - 06:05,"22,00","48,00",Betha Eletrônica Ltda,1/1
Coleta de Dados - UMMI,Impressão: 08/08/2025  9:23.09,Grupo:,TH-04-R,Equipamento:  1 - UMMI,Coleta:,04/08/2025 - 08:56,Registros:   Total: 2.864        Exibidos: 2.864,Data da Coleta:,04/08/2025,Exibição de Dados,Temperatura:,,Umidade:,,Datas:,,Medições,Data / Hora,Temperatura,Umidade,29/07/2025 - 06:10,"23,00","49,00",Betha Eletrônica Ltda,1/1
Coleta de Dados - UMMI,Impressão: 08/08/2025  9:23.09,Grupo:,TH-04-R,Equipamento:  1 - UMMI,Coleta:,04/08/2025 - 08:56,Registros:   Total: 2.864        Exibidos: 2.864,Data da Coleta:,04/08/2025,Exibição de Dados,Temperatura:,,Umidade:,,Datas:,,Medições,Data / Hora,Temperatura,Umidade,29/07/2025 - 06:15,"22,00","43,00",Betha Eletrônica Ltda,1/1
Coleta de Dados - UMMI,Impressão: 08/08/2025  9:23.09,Grupo:,TH-04-R,Equipamento:  1 - UMMI,Coleta:,04/08/2025 - 08:56,Registros:   Total: 2.864        Exibidos: 2.864,Data da Coleta:,04/08/2025,Exibição de Dados,Temperatura:,,Umidade:,,Datas:,,Medições,Data / Hora,Temperatura,Umidade,29/07/2025 - 06:20,"22,00","53,00",Betha Eletrônica Ltda,1/1
Coleta de Dados - UMMI,Impressão: 08/08/2025  9:23.09,Grupo:,TH-04-R,Equipamento:  1 - UMMI,Coleta:,04/08/2025 - 08:56,Registros:   Total: 2.864        Exibidos: 2.864,Data da Coleta:,04/08/2025,Exibição de Dados,Temperatura:,,Umidade:,,Datas:,,Medições,Data / Hora,Temperatura,Umidade,29/07/2025 - 06:25,"21,00","46,00",Betha Eletrônica Ltda,1/1
Coleta de Dados - UMMI,Impressão: 08/08/2025  9:23.09,Grupo:,TH-04-R,Equipamento:  1 - UMMI,Coleta:,04/08/2025 - 08:56,Registros:   Total: 2.864        Exibidos: 2.864,Data da Coleta:,04/08/2025,Exibição de Dados,Temperatura:,,Umidade:,,Datas:,,Medições,Data / Hora,Temperatura,Umidade,29/07/2025 - 06:30,"22,00","47,00",Betha Eletrônica Ltda,1/1
Coleta de Dados - UMMI,Impressão: 08/08/2025  9:23.09,Grupo:,TH-04-R,Equipamento:  1 - UMMI,Coleta:,04/08/2025 - 08:56,Registros:   Total: 2.864        Exibidos: 2.864,Data da Coleta:,04/08/2025,Exibição de Dados,Temperatura:,,Umidade:,,Datas:,,Medições,Data / Hora,Temperatura,Umidade,29/07/2025 - 06:35,"22,00","47,00",Betha Eletrônica Ltda,1/1
Coleta de Dados - UMMI,Impressão: 08/08/2025  9:23.09,Grupo:,TH-04-R,Equipamento:  1 - UMMI,Coleta:,04/08/2025 - 08:56,Registros:   Total: 2.864        Exibidos: 2.864,Data da Coleta:,04/08/2025,Exibição de Dados,Temperatura:,,Umidade:,,Datas:,,Medições,Data / Hora,Temperatura,Umidade,29/07/2025 - 06:40,"23,00","50,00",Betha Eletrônica Ltda,1/1
Coleta de Dados - UMMI,Impressão: 08/08/2025  9:23.09,Grupo:,TH-04-R,Equipamento:  1 - UMMI,Coleta:,04/08/2025 - 08:56,Registros:   Total: 2.864        Exibidos: 2.864,Data da Coleta:,04/08/2025,Exibição de Dados,Temperatura:,,Umidade:,,Datas:,,Medições,Data / Hora,Temperatura,Umidade,29/07/2025 - 06:45,"22,00","41,00",Betha Eletrônica Ltda,1/1
Coleta de Dados - UMMI,Impressão: 08/08/2025  9:23.09,Grupo:,TH-04-R,Equipamento:  1 - UMMI,Coleta:,04/08/2025 - 08:56,Registros:   Total: 2.864        Exibidos: 2.864,Data da Coleta:,04/08/2025,Exibição de Dados,Temperatura:,,Umidade:,,Datas:,,Medições,Data / Hora,Temperatura,Umidade,29/07/2025 - 06:50,"22,00","54,00",Betha Eletrônica Ltda,1/1
Coleta de Dados - UMMI,Impressão: 08/08/2025  9:23.09,Grupo:,TH-04-R,Equipamento:  1 - UMMI,Coleta:,04/08/2025 - 08:56,Registros:   Total: 2.864        Exibidos: 2.864,Data da Coleta:,04/08/2025,Exibição de Dados,Temperatura:,,Umidade:,,Datas:,,Medições,Data / Hora,Temperatura,Umidade,29/07/2025 - 06:55,"22,00","43,00",Betha Eletrônica Ltda,1/1
Coleta de Dados - UMMI,Impressão: 08/08/2025  9:23.09,Grupo:,TH-04-R,Equipamento:  1 - UMMI,Coleta:,04/08/2025 - 08:56,Registros:   Total: 2.864        Exibidos: 2.864,Data da Coleta:,04/08/2025,Exibição de Dados,Temperatura:,,Umidade:,,Datas:,,Medições,Data / Hora,Temperatura,Umidade,29/07/2025 - 07:00,"22,00","55,00",Betha Eletrônica Ltda,1/1
Coleta de Dados - UMMI,Impressão: 08/08/2025  9:23.09,Grupo:,TH-04-R,Equipamento:  1 - UMMI,Coleta:,04/08/2025 - 08:56,Registros:   Total: 2.864        Exibidos: 2.864,Data da Coleta:,04/08/2025,Exibição de Dados,Temperatura:,,Umidade:,,Datas:,,Medições,Data / Hora,Temperatura,Umidade,29/07/2025 - 07:05,"22,00","40,00",Betha Eletrônica Ltda,1/1
Coleta de Dados - UMMI,Impressão: 08/08/2025  9:23.09,Grupo:,TH-04-R,Equipamento:  1 - UMMI,Coleta:,04/08/2025 - 08:56,Registros:   Total: 2.864        Exibidos: 2.864,Data da Coleta:,04/08/2025,Exibição de Dados,Temperatura:,,Umidade:,,Datas:,,Medições,Data / Hora,Temperatura,Umidade,29/07/2025 - 07:10,"23,00","54,00",Betha Eletrônica Ltda,1/1
Coleta de Dados - UMMI,Impressão: 08/08/2025  9:23.09,Grupo:,TH-04-R,Equipamento:  1 - UMMI,Coleta:,04/08/2025 - 08:56,Registros:   Total: 2.864        Exibidos: 2.864,Data da Coleta:,04/08/2025,Exibição de Dados,Temperatura:,,Umidade:,,Datas:,,Medições,Data / Hora,Temperatura,Umidade,29/07/2025 - 07:15,"23,00","42,00",Betha Eletrônica Ltda,1/1
Coleta de Dados - UMMI,Impressão: 08/08/2025  9:23.09,Grupo:,TH-04-R,Equipamento:  1 - UMMI,Coleta:,04/08/2025 - 08:56,Registros:   Total: 2.864        Exibidos: 2.864,Data da Coleta:,04/08/2025,Exibição de Dados,Temperatura:,,Umidade:,,Datas:,,Medições,Data / Hora,Temperatura,Umidade,29/07/2025 - 07:20,"22,00","53,00",Betha Eletrônica Ltda,1/1
Coleta de Dados - UMMI,Impressão: 08/08/2025  9:23.09,Grupo:,TH-04-R,Equipamento:  1 - UMMI,Coleta:,04/08/2025 - 08:56,Registros:   Total: 2.864        Exibidos: 2.864,Data da Coleta:,04/08/2025,Exibição de Dados,Temperatura:,,Umidade:,,Datas:,,Medições,Data / Hora,Temperatura,Umidade,29/07/2025 - 07:25,"22,00","45,00",Betha Eletrônica Ltda,1/1
Coleta de Dados - UMMI,Impressão: 08/08/2025  9:23.09,Grupo:,TH-04-R,Equipamento:  1 - UMMI,Coleta:,04/08/2025 - 08:56,Registros:   Total: 2.864        Exibidos: 2.864,Data da Coleta:,04/08/2025,Exibição de Dados,Temperatura:,,Umidade:,,Datas:,,Medições,Data / Hora,Temperatura,Umidade,29/07/2025 - 07:30,"22,00","53,00",Betha Eletrônica Ltda,1/1
Coleta de Dados - UMMI,Impressão: 08/08/2025  9:23.09,Grupo:,TH-04-R,Equipamento:  1 - UMMI,Coleta:,04/08/2025 - 08:56,Registros:   Total: 2.864        Exibidos: 2.864,Data da Coleta:,04/08/2025,Exibição de Dados,Temperatura:,,Umidade:,,Datas:,,Medições,Data / Hora,Temperatura,Umidade,29/07/2025 - 07:35,"22,00","41,00",Betha Eletrônica Ltda,1/1
Coleta de Dados - UMMI,Impressão: 08/08/2025  9:23.09,Grupo:,TH-04-R,Equipamento:  1 - UMMI,Coleta:,04/08/2025 - 08:56,Registros:   Total: 2.864        Exibidos: 2.864,Data da Coleta:,04/08/2025,Exibição de Dados,Temperatura:,,Umidade:,,Datas:,,Medições,Data / Hora,Temperatura,Umidade,29/07/2025 - 07:40,"23,00","54,00",Betha Eletrônica Ltda,1/1
Coleta de Dados - UMMI,Impressão: 08/08/2025  9:23.09,Grupo:,TH-04-R,Equipamento:  1 - UMMI,Coleta:,04/08/2025 - 08:56,Registros:   Total: 2.864        Exibidos: 2.864,Data da Coleta:,04/08/2025,Exibição de Dados,Temperatura:,,Umidade:,,Datas:,,Medições,Data / Hora,Temperatura,Umidade,29/07/2025 - 07:45,"23,00","40,00",Betha Eletrônica Ltda,1/1
Coleta de Dados - UMMI,Impressão: 08/08/2025  9:23.09,Grupo:,TH-04-R,Equipamento:  1 - UMMI,Coleta:,04/08/2025 - 08:56,Registros:   Total: 2.864        Exibidos: 2.864,Data da Coleta:,04/08/2025,Exibição de Dados,Temperatura:,,Umidade:,,Datas:,,Medições,Data / Hora,Temperatura,Umidade,29/07/2025 - 07:50,"22,00","53,00",Betha Eletrônica Ltda,1/1
Coleta de Dados - UMMI,Impressão: 08/08/2025  9:23.09,Grupo:,TH-04-R,Equipamento:  1 - UMMI,Coleta:,04/08/2025 - 08:56,Registros:   Total: 2.864        Exibidos: 2.864,Data da Coleta:,04/08/2025,Exibição de Dados,Temperatura:,,Umidade:,,Datas:,,Medições,Data / Hora,Temperatura,Umidade,29/07/2025 - 07:55,"22,00","44,00",Betha Eletrônica Ltda,1/1
Coleta de Dados - UMMI,Impressão: 08/08/2025  9:23.09,Grupo:,TH-04-R,Equipamento:  1 - UMMI,Coleta:,04/08/2025 - 08:56,Registros:   Total: 2.864        Exibidos: 2.864,Data da Coleta:,04/08/2025,Exibição de Dados,Temperatura:,,Umidade:,,Datas:,,Medições,Data / Hora,Temperatura,Umidade,29/07/2025 - 08:00,"22,00","54,00",Betha Eletrônica Ltda,1/1
Coleta de Dados - UMMI,Impressão: 08/08/2025  9:23.09,Grupo:,TH-04-R,Equipamento:  1 - UMMI,Coleta:,04/08/2025 - 08:56,Registros:   Total: 2.864        Exibidos: 2.864,Data da Coleta:,04/08/2025,Exibição de Dados,Temperatura:,,Umidade:,,Datas:,,Medições,Data / Hora,Temperatura,Umidade,29/07/2025 - 08:05,"22,00","39,00",Betha Eletrônica Ltda,1/1
Coleta de Dados - UMMI,Impressão: 08/08/2025  9:23.09,Grupo:,TH-04-R,Equipamento:  1 - UMMI,Coleta:,04/08/2025 - 08:56,Registros:   Total: 2.864        Exibidos: 2.864,Data da Coleta:,04/08/2025,Exibição de Dados,Temperatura:,,Umidade:,,Datas:,,Medições,Data / Hora,Temperatura,Umidade,29/07/2025 - 08:10,"23,00","54,00",Betha Eletrônica Ltda,1/1
Coleta de Dados - UMMI,Impressão: 08/08/2025  9:23.09,Grupo:,TH-04-R,Equipamento:  1 - UMMI,Coleta:,04/08/2025 - 08:56,Registros:   Total: 2.864        Exibidos: 2.864,Data da Coleta:,04/08/2025,Exibição de Dados,Temperatura:,,Umidade:,,Datas:,,Medições,Data / Hora,Temperatura,Umidade,29/07/2025 - 08:15,"23,00","41,00",Betha Eletrônica Ltda,1/1
Coleta de Dados - UMMI,Impressão: 08/08/2025  9:23.09,Grupo:,TH-04-R,Equipamento:  1 - UMMI,Coleta:,04/08/2025 - 08:56,Registros:   Total: 2.864        Exibidos: 2.864,Data da Coleta:,04/08/2025,Exibição de Dados,Temperatura:,,Umidade:,,Datas:,,Medições,Data / Hora,Temperatura,Umidade,29/07/2025 - 08:20,"23,00","50,00",Betha Eletrônica Ltda,1/1
Coleta de Dados - UMMI,Impressão: 08/08/2025  9:23.09,Grupo:,TH-04-R,Equipamento:  1 - UMMI,Coleta:,04/08/2025 - 08:56,Registros:   Total: 2.864        Exibidos: 2.864,Data da Coleta:,04/08/2025,Exibição de Dados,Temperatura:,,Umidade:,,Datas:,,Medições,Data / Hora,Temperatura,Umidade,29/07/2025 - 08:25,"22,00","47,00",Betha Eletrônica Ltda,1/1
Coleta de Dados - UMMI,Impressão: 08/08/2025  9:23.09,Grupo:,TH-04-R,Equipamento:  1 - UMMI,Coleta:,04/08/2025 - 08:56,Registros:   Total: 2.864        Exibidos: 2.864,Data da Coleta:,04/08/2025,Exibição de Dados,Temperatura:,,Umidade:,,Datas:,,Medições,Data / Hora,Temperatura,Umidade,29/07/2025 - 08:30,"22,00","44,00",Betha Eletrônica Ltda,1/1
Coleta de Dados - UMMI,Impressão: 08/08/2025  9:23.09,Grupo:,TH-04-R,Equipamento:  1 - UMMI,Coleta:,04/08/2025 - 08:56,Registros:   Total: 2.864        Exibidos: 2.864,Data da Coleta:,04/08/2025,Exibição de Dados,Temperatura:,,Umidade:,,Datas:,,Medições,Data / Hora,Temperatura,Umidade,29/07/2025 - 08:35,"22,00","53,00",Betha Eletrônica Ltda,1/1
Coleta de Dados - UMMI,Impressão: 08/08/2025  9:23.09,Grupo:,TH-04-R,Equipamento:  1 - UMMI,Coleta:,04/08/2025 - 08:56,Registros:   Total: 2.864        Exibidos: 2.864,Data da Coleta:,04/08/2025,Exibição de Dados,Temperatura:,,Umidade:,,Datas:,,Medições,Data / Hora,Temperatura,Umidade,29/07/2025 - 08:40,"23,00","41,00",Betha Eletrônica Ltda,1/1
Coleta de Dados - UMMI,Impressão: 08/08/2025  9:23.09,Grupo:,TH-04-R,Equipamento:  1 - UMMI,Coleta:,04/08/2025 - 08:56,Registros:   Total: 2.864        Exibidos: 2.864,Data da Coleta:,04/08/2025,Exibição de Dados,Temperatura:,,Umidade:,,Datas:,,Medições,Data / Hora,Temperatura,Umidade,29/07/2025 - 08:45,"23,00","52,00",Betha Eletrônica Ltda,1/1
Coleta de Dados - UMMI,Impressão: 08/08/2025  9:23.09,Grupo:,TH-04-R,Equipamento:  1 - UMMI,Coleta:,04/08/2025 - 08:56,Registros:   Total: 2.864        Exibidos: 2.864,Data da Coleta:,04/08/2025,Exibição de Dados,Temperatura:,,Umidade:,,Datas:,,Medições,Data / Hora,Temperatura,Umidade,29/07/2025 - 08:50,"23,00","43,00",Betha Eletrônica Ltda,1/1
Coleta de Dados - UMMI,Impressão: 08/08/2025  9:23.09,Grupo:,TH-04-R,Equipamento:  1 - UMMI,Coleta:,04/08/2025 - 08:56,Registros:   Total: 2.864        Exibidos: 2.864,Data da Coleta:,04/08/2025,Exibição de Dados,Temperatura:,,Umidade:,,Datas:,,Medições,Data / Hora,Temperatura,Umidade,29/07/2025 - 08:55,"22,00","45,00",Betha Eletrônica Ltda,1/1
Coleta de Dados - UMMI,Impressão: 08/08/2025  9:23.09,Grupo:,TH-04-R,Equipamento:  1 - UMMI,Coleta:,04/08/2025 - 08:56,Registros:   Total: 2.864        Exibidos: 2.864,Data da Coleta:,04/08/2025,Exibição de Dados,Temperatura:,,Umidade:,,Datas:,,Medições,Data / Hora,Temperatura,Umidade,29/07/2025 - 09:00,"22,00","50,00",Betha Eletrônica Ltda,1/1
Coleta de Dados - UMMI,Impressão: 08/08/2025  9:23.09,Grupo:,TH-04-R,Equipamento:  1 - UMMI,Coleta:,04/08/2025 - 08:56,Registros:   Total: 2.864        Exibidos: 2.864,Data da Coleta:,04/08/2025,Exibição de Dados,Temperatura:,,Umidade:,,Datas:,,Medições,Data / Hora,Temperatura,Umidade,29/07/2025 - 09:05,"22,00","41,00",Betha Eletrônica Ltda,1/1
Coleta de Dados - UMMI,Impressão: 08/08/2025  9:23.09,Grupo:,TH-04-R,Equipamento:  1 - UMMI,Coleta:,04/08/2025 - 08:56,Registros:   Total: 2.864        Exibidos: 2.864,Data da Coleta:,04/08/2025,Exibição de Dados,Temperatura:,,Umidade:,,Datas:,,Medições,Data / Hora,Temperatura,Umidade,29/07/2025 - 09:10,"23,00","53,00",Betha Eletrônica Ltda,1/1
Coleta de Dados - UMMI,Impressão: 08/08/2025  9:23.09,Grupo:,TH-04-R,Equipamento:  1 - UMMI,Coleta:,04/08/2025 - 08:56,Registros:   Total: 2.864        Exibidos: 2.864,Data da Coleta:,04/08/2025,Exibição de Dados,Temperatura:,,Umidade:,,Datas:,,Medições,Data / Hora,Temperatura,Umidade,29/07/2025 - 09:15,"23,00","41,00",Betha Eletrônica Ltda,1/1
Coleta de Dados - UMMI,Impressão: 08/08/2025  9:23.09,Grupo:,TH-04-R,Equipamento:  1 - UMMI,Coleta:,04/08/2025 - 08:56,Registros:   Total: 2.864        Exibidos: 2.864,Data da Coleta:,04/08/2025,Exibição de Dados,Temperatura:,,Umidade:,,Datas:,,Medições,Data / Hora,Temperatura,Umidade,29/07/2025 - 09:20,"23,00","47,00",Betha Eletrônica Ltda,1/1
Coleta de Dados - UMMI,Impressão: 08/08/2025  9:23.09,Grupo:,TH-04-R,Equipamento:  1 - UMMI,Coleta:,04/08/2025 - 08:56,Registros:   Total: 2.864        Exibidos: 2.864,Data da Coleta:,04/08/2025,Exibição de Dados,Temperatura:,,Umidade:,,Datas:,,Medições,Data / Hora,Temperatura,Umidade,29/07/2025 - 09:25,"22,00","48,00",Betha Eletrônica Ltda,1/1
Coleta de Dados - UMMI,Impressão: 08/08/2025  9:23.09,Grupo:,TH-04-R,Equipamento:  1 - UMMI,Coleta:,04/08/2025 - 08:56,Registros:   Total: 2.864        Exibidos: 2.864,Data da Coleta:,04/08/2025,Exibição de Dados,Temperatura:,,Umidade:,,Datas:,,Medições,Data / Hora,Temperatura,Umidade,29/07/2025 - 09:30,"22,00","41,00",Betha Eletrônica Ltda,1/1
Coleta de Dados - UMMI,Impressão: 08/08/2025  9:23.09,Grupo:,TH-04-R,Equipamento:  1 - UMMI,Coleta:,04/08/2025 - 08:56,Registros:   Total: 2.864        Exibidos: 2.864,Data da Coleta:,04/08/2025,Exibição de Dados,Temperatura:,,Umidade:,,Datas:,,Medições,Data / Hora,Temperatura,Umidade,29/07/2025 - 09:35,"23,00","53,00",Betha Eletrônica Ltda,1/1
Coleta de Dados - UMMI,Impressão: 08/08/2025  9:23.09,Grupo:,TH-04-R,Equipamento:  1 - UMMI,Coleta:,04/08/2025 - 08:56,Registros:   Total: 2.864        Exibidos: 2.864,Data da Coleta:,04/08/2025,Exibição de Dados,Temperatura:,,Umidade:,,Datas:,,Medições,Data / Hora,Temperatura,Umidade,29/07/2025 - 09:40,"23,00","40,00",Betha Eletrônica Ltda,1/1
Coleta de Dados - UMMI,Impressão: 08/08/2025  9:23.09,Grupo:,TH-04-R,Equipamento:  1 - UMMI,Coleta:,04/08/2025 - 08:56,Registros:   Total: 2.864        Exibidos: 2.864,Data da Coleta:,04/08/2025,Exibição de Dados,Temperatura:,,Umidade:,,Datas:,,Medições,Data / Hora,Temperatura,Umidade,29/07/2025 - 09:45,"23,00","52,00",Betha Eletrônica Ltda,1/1
Coleta de Dados - UMMI,Impressão: 08/08/2025  9:23.09,Grupo:,TH-04-R,Equipamento:  1 - UMMI,Coleta:,04/08/2025 - 08:56,Registros:   Total: 2.864        Exibidos: 2.864,Data da Coleta:,04/08/2025,Exibição de Dados,Temperatura:,,Umidade:,,Datas:,,Medições,Data / Hora,Temperatura,Umidade,29/07/2025 - 09:50,"22,00","45,00",Betha Eletrônica Ltda,1/1
Coleta de Dados - UMMI,Impressão: 08/08/2025  9:23.09,Grupo:,TH-04-R,Equipamento:  1 - UMMI,Coleta:,04/08/2025 - 08:56,Registros:   Total: 2.864        Exibidos: 2.864,Data da Coleta:,04/08/2025,Exibição de Dados,Temperatura:,,Umidade:,,Datas:,,Medições,Data / Hora,Temperatura,Umidade,29/07/2025 - 09:55,"22,00","43,00",Betha Eletrônica Ltda,1/1
Coleta de Dados - UMMI,Impressão: 08/08/2025  9:23.09,Grupo:,TH-04-R,Equipamento:  1 - UMMI,Coleta:,04/08/2025 - 08:56,Registros:   Total: 2.864        Exibidos: 2.864,Data da Coleta:,04/08/2025,Exibição de Dados,Temperatura:,,Umidade:,,Datas:,,Medições,Data / Hora,Temperatura,Umidade,29/07/2025 - 10:00,"23,00","48,00",Betha Eletrônica Ltda,1/1
Coleta de Dados - UMMI,Impressão: 08/08/2025  9:23.09,Grupo:,TH-04-R,Equipamento:  1 - UMMI,Coleta:,04/08/2025 - 08:56,Registros:   Total: 2.864        Exibidos: 2.864,Data da Coleta:,04/08/2025,Exibição de Dados,Temperatura:,,Umidade:,,Datas:,,Medições,Data / Hora,Temperatura,Umidade,29/07/2025 - 10:05,"23,00","44,00",Betha Eletrônica Ltda,1/1
Coleta de Dados - UMMI,Impressão: 08/08/2025  9:23.09,Grupo:,TH-04-R,Equipamento:  1 - UMMI,Coleta:,04/08/2025 - 08:56,Registros:   Total: 2.864        Exibidos: 2.864,Data da Coleta:,04/08/2025,Exibição de Dados,Temperatura:,,Umidade:,,Datas:,,Medições,Data / Hora,Temperatura,Umidade,29/07/2025 - 10:10,"23,00","47,00",Betha Eletrônica Ltda,1/1
Coleta de Dados - UMMI,Impressão: 08/08/2025  9:23.09,Grupo:,TH-04-R,Equipamento:  1 - UMMI,Coleta:,04/08/2025 - 08:56,Registros:   Total: 2.864        Exibidos: 2.864,Data da Coleta:,04/08/2025,Exibição de Dados,Temperatura:,,Umidade:,,Datas:,,Medições,Data / Hora,Temperatura,Umidade,29/07/2025 - 10:15,"23,00","48,00",Betha Eletrônica Ltda,1/1
Coleta de Dados - UMMI,Impressão: 08/08/2025  9:23.09,Grupo:,TH-04-R,Equipamento:  1 - UMMI,Coleta:,04/08/2025 - 08:56,Registros:   Total: 2.864        Exibidos: 2.864,Data da Coleta:,04/08/2025,Exibição de Dados,Temperatura:,,Umidade:,,Datas:,,Medições,Data / Hora,Temperatura,Umidade,29/07/2025 - 10:20,"22,00","44,00",Betha Eletrônica Ltda,1/1
Coleta de Dados - UMMI,Impressão: 08/08/2025  9:23.09,Grupo:,TH-04-R,Equipamento:  1 - UMMI,Coleta:,04/08/2025 - 08:56,Registros:   Total: 2.864        Exibidos: 2.864,Data da Coleta:,04/08/2025,Exibição de Dados,Temperatura:,,Umidade:,,Datas:,,Medições,Data / Hora,Temperatura,Umidade,29/07/2025 - 10:25,"22,00","47,00",Betha Eletrônica Ltda,1/1
Coleta de Dados - UMMI,Impressão: 08/08/2025  9:23.09,Grupo:,TH-04-R,Equipamento:  1 - UMMI,Coleta:,04/08/2025 - 08:56,Registros:   Total: 2.864        Exibidos: 2.864,Data da Coleta:,04/08/2025,Exibição de Dados,Temperatura:,,Umidade:,,Datas:,,Medições,Data / Hora,Temperatura,Umidade,29/07/2025 - 10:30,"22,00","48,00",Betha Eletrônica Ltda,1/1
Coleta de Dados - UMMI,Impressão: 08/08/2025  9:23.09,Grupo:,TH-04-R,Equipamento:  1 - UMMI,Coleta:,04/08/2025 - 08:56,Registros:   Total: 2.864        Exibidos: 2.864,Data da Coleta:,04/08/2025,Exibição de Dados,Temperatura:,,Umidade:,,Datas:,,Medições,Data / Hora,Temperatura,Umidade,29/07/2025 - 10:35,"23,00","44,00",Betha Eletrônica Ltda,1/1
Coleta de Dados - UMMI,Impressão: 08/08/2025  9:23.09,Grupo:,TH-04-R,Equipamento:  1 - UMMI,Coleta:,04/08/2025 - 08:56,Registros:   Total: 2.864        Exibidos: 2.864,Data da Coleta:,04/08/2025,Exibição de Dados,Temperatura:,,Umidade:,,Datas:,,Medições,Data / Hora,Temperatura,Umidade,29/07/2025 - 10:40,"23,00","49,00",Betha Eletrônica Ltda,1/1
Coleta de Dados - UMMI,Impressão: 08/08/2025  9:23.09,Grupo:,TH-04-R,Equipamento:  1 - UMMI,Coleta:,04/08/2025 - 08:56,Registros:   Total: 2.864        Exibidos: 2.864,Data da Coleta:,04/08/2025,Exibição de Dados,Temperatura:,,Umidade:,,Datas:,,Medições,Data / Hora,Temperatura,Umidade,29/07/2025 - 10:45,"23,00","43,00",Betha Eletrônica Ltda,1/1
Coleta de Dados - UMMI,Impressão: 08/08/2025  9:23.09,Grupo:,TH-04-R,Equipamento:  1 - UMMI,Coleta:,04/08/2025 - 08:56,Registros:   Total: 2.864        Exibidos: 2.864,Data da Coleta:,04/08/2025,Exibição de Dados,Temperatura:,,Umidade:,,Datas:,,Medições,Data / Hora,Temperatura,Umidade,29/07/2025 - 10:50,"22,00","47,00",Betha Eletrônica Ltda,1/1
Coleta de Dados - UMMI,Impressão: 08/08/2025  9:23.09,Grupo:,TH-04-R,Equipamento:  1 - UMMI,Coleta:,04/08/2025 - 08:56,Registros:   Total: 2.864        Exibidos: 2.864,Data da Coleta:,04/08/2025,Exibição de Dados,Temperatura:,,Umidade:,,Datas:,,Medições,Data / Hora,Temperatura,Umidade,29/07/2025 - 10:55,"22,00","49,00",Betha Eletrônica Ltda,1/1
Coleta de Dados - UMMI,Impressão: 08/08/2025  9:23.09,Grupo:,TH-04-R,Equipamento:  1 - UMMI,Coleta:,04/08/2025 - 08:56,Registros:   Total: 2.864        Exibidos: 2.864,Data da Coleta:,04/08/2025,Exibição de Dados,Temperatura:,,Umidade:,,Datas:,,Medições,Data / Hora,Temperatura,Umidade,29/07/2025 - 11:00,"23,00","42,00",Betha Eletrônica Ltda,1/1
Coleta de Dados - UMMI,Impressão: 08/08/2025  9:23.09,Grupo:,TH-04-R,Equipamento:  1 - UMMI,Coleta:,04/08/2025 - 08:56,Registros:   Total: 2.864        Exibidos: 2.864,Data da Coleta:,04/08/2025,Exibição de Dados,Temperatura:,,Umidade:,,Datas:,,Medições,Data / Hora,Temperatura,Umidade,29/07/2025 - 11:05,"23,00","49,00",Betha Eletrônica Ltda,1/1
Coleta de Dados - UMMI,Impressão: 08/08/2025  9:23.09,Grupo:,TH-04-R,Equipamento:  1 - UMMI,Coleta:,04/08/2025 - 08:56,Registros:   Total: 2.864        Exibidos: 2.864,Data da Coleta:,04/08/2025,Exibição de Dados,Temperatura:,,Umidade:,,Datas:,,Medições,Data / Hora,Temperatura,Umidade,29/07/2025 - 11:10,"23,00","44,00",Betha Eletrônica Ltda,1/1
Coleta de Dados - UMMI,Impressão: 08/08/2025  9:23.09,Grupo:,TH-04-R,Equipamento:  1 - UMMI,Coleta:,04/08/2025 - 08:56,Registros:   Total: 2.864        Exibidos: 2.864,Data da Coleta:,04/08/2025,Exibição de Dados,Temperatura:,,Umidade:,,Datas:,,Medições,Data / Hora,Temperatura,Umidade,29/07/2025 - 11:15,"22,00","49,00",Betha Eletrônica Ltda,1/1
Coleta de Dados - UMMI,Impressão: 08/08/2025  9:23.09,Grupo:,TH-04-R,Equipamento:  1 - UMMI,Coleta:,04/08/2025 - 08:56,Registros:   Total: 2.864        Exibidos: 2.864,Data da Coleta:,04/08/2025,Exibição de Dados,Temperatura:,,Umidade:,,Datas:,,Medições,Data / Hora,Temperatura,Umidade,29/07/2025 - 11:20,"22,00","44,00",Betha Eletrônica Ltda,1/1
Coleta de Dados - UMMI,Impressão: 08/08/2025  9:23.09,Grupo:,TH-04-R,Equipamento:  1 - UMMI,Coleta:,04/08/2025 - 08:56,Registros:   Total: 2.864        Exibidos: 2.864,Data da Coleta:,04/08/2025,Exibição de Dados,Temperatura:,,Umidade:,,Datas:,,Medições,Data / Hora,Temperatura,Umidade,29/07/2025 - 11:25,"22,00","44,00",Betha Eletrônica Ltda,1/1
Coleta de Dados - UMMI,Impressão: 08/08/2025  9:23.09,Grupo:,TH-04-R,Equipamento:  1 - UMMI,Coleta:,04/08/2025 - 08:56,Registros:   Total: 2.864        Exibidos: 2.864,Data da Coleta:,04/08/2025,Exibição de Dados,Temperatura:,,Umidade:,,Datas:,,Medições,Data / Hora,Temperatura,Umidade,29/07/2025 - 11:30,"22,00","49,00",Betha Eletrônica Ltda,1/1
Coleta de Dados - UMMI,Impressão: 08/08/2025  9:23.09,Grupo:,TH-04-R,Equipamento:  1 - UMMI,Coleta:,04/08/2025 - 08:56,Registros:   Total: 2.864        Exibidos: 2.864,Data da Coleta:,04/08/2025,Exibição de Dados,Temperatura:,,Umidade:,,Datas:,,Medições,Data / Hora,Temperatura,Umidade,29/07/2025 - 11:35,"23,00","45,00",Betha Eletrônica Ltda,1/1
Coleta de Dados - UMMI,Impressão: 08/08/2025  9:23.09,Grupo:,TH-04-R,Equipamento:  1 - UMMI,Coleta:,04/08/2025 - 08:56,Registros:   Total: 2.864        Exibidos: 2.864,Data da Coleta:,04/08/2025,Exibição de Dados,Temperatura:,,Umidade:,,Datas:,,Medições,Data / Hora,Temperatura,Umidade,29/07/2025 - 11:40,"23,00","48,00",Betha Eletrônica Ltda,1/1
Coleta de Dados - UMMI,Impressão: 08/08/2025  9:23.09,Grupo:,TH-04-R,Equipamento:  1 - UMMI,Coleta:,04/08/2025 - 08:56,Registros:   Total: 2.864        Exibidos: 2.864,Data da Coleta:,04/08/2025,Exibição de Dados,Temperatura:,,Umidade:,,Datas:,,Medições,Data / Hora,Temperatura,Umidade,29/07/2025 - 11:45,"22,00","45,00",Betha Eletrônica Ltda,1/1
Coleta de Dados - UMMI,Impressão: 08/08/2025  9:23.09,Grupo:,TH-04-R,Equipamento:  1 - UMMI,Coleta:,04/08/2025 - 08:56,Registros:   Total: 2.864        Exibidos: 2.864,Data da Coleta:,04/08/2025,Exibição de Dados,Temperatura:,,Umidade:,,Datas:,,Medições,Data / Hora,Temperatura,Umidade,29/07/2025 - 11:50,"22,00","49,00",Betha Eletrônica Ltda,1/1
Coleta de Dados - UMMI,Impressão: 08/08/2025  9:23.09,Grupo:,TH-04-R,Equipamento:  1 - UMMI,Coleta:,04/08/2025 - 08:56,Registros:   Total: 2.864        Exibidos: 2.864,Data da Coleta:,04/08/2025,Exibição de Dados,Temperatura:,,Umidade:,,Datas:,,Medições,Data / Hora,Temperatura,Umidade,29/07/2025 - 11:55,"22,00","44,00",Betha Eletrônica Ltda,1/1
Coleta de Dados - UMMI,Impressão: 08/08/2025  9:23.09,Grupo:,TH-04-R,Equipamento:  1 - UMMI,Coleta:,04/08/2025 - 08:56,Registros:   Total: 2.864        Exibidos: 2.864,Data da Coleta:,04/08/2025,Exibição de Dados,Temperatura:,,Umidade:,,Datas:,,Medições,Data / Hora,Temperatura,Umidade,29/07/2025 - 12:00,"23,00","46,00",Betha Eletrônica Ltda,1/1
Coleta de Dados - UMMI,Impressão: 08/08/2025  9:23.09,Grupo:,TH-04-R,Equipamento:  1 - UMMI,Coleta:,04/08/2025 - 08:56,Registros:   Total: 2.864        Exibidos: 2.864,Data da Coleta:,04/08/2025,Exibição de Dados,Temperatura:,,Umidade:,,Datas:,,Medições,Data / Hora,Temperatura,Umidade,29/07/2025 - 12:05,"23,00","46,00",Betha Eletrônica Ltda,1/1
Coleta de Dados - UMMI,Impressão: 08/08/2025  9:23.09,Grupo:,TH-04-R,Equipamento:  1 - UMMI,Coleta:,04/08/2025 - 08:56,Registros:   Total: 2.864        Exibidos: 2.864,Data da Coleta:,04/08/2025,Exibição de Dados,Temperatura:,,Umidade:,,Datas:,,Medições,Data / Hora,Temperatura,Umidade,29/07/2025 - 12:10,"23,00","45,00",Betha Eletrônica Ltda,1/1
Coleta de Dados - UMMI,Impressão: 08/08/2025  9:23.09,Grupo:,TH-04-R,Equipamento:  1 - UMMI,Coleta:,04/08/2025 - 08:56,Registros:   Total: 2.864        Exibidos: 2.864,Data da Coleta:,04/08/2025,Exibição de Dados,Temperatura:,,Umidade:,,Datas:,,Medições,Data / Hora,Temperatura,Umidade,29/07/2025 - 12:15,"23,00","49,00",Betha Eletrônica Ltda,1/1
Coleta de Dados - UMMI,Impressão: 08/08/2025  9:23.09,Grupo:,TH-04-R,Equipamento:  1 - UMMI,Coleta:,04/08/2025 - 08:56,Registros:   Total: 2.864        Exibidos: 2.864,Data da Coleta:,04/08/2025,Exibição de Dados,Temperatura:,,Umidade:,,Datas:,,Medições,Data / Hora,Temperatura,Umidade,29/07/2025 - 12:20,"22,00","44,00",Betha Eletrônica Ltda,1/1
Coleta de Dados - UMMI,Impressão: 08/08/2025  9:23.09,Grupo:,TH-04-R,Equipamento:  1 - UMMI,Coleta:,04/08/2025 - 08:56,Registros:   Total: 2.864        Exibidos: 2.864,Data da Coleta:,04/08/2025,Exibição de Dados,Temperatura:,,Umidade:,,Datas:,,Medições,Data / Hora,Temperatura,Umidade,29/07/2025 - 12:25,"23,00","43,00",Betha Eletrônica Ltda,1/1
Coleta de Dados - UMMI,Impressão: 08/08/2025  9:23.09,Grupo:,TH-04-R,Equipamento:  1 - UMMI,Coleta:,04/08/2025 - 08:56,Registros:   Total: 2.864        Exibidos: 2.864,Data da Coleta:,04/08/2025,Exibição de Dados,Temperatura:,,Umidade:,,Datas:,,Medições,Data / Hora,Temperatura,Umidade,29/07/2025 - 12:30,"23,00","49,00",Betha Eletrônica Ltda,1/1
Coleta de Dados - UMMI,Impressão: 08/08/2025  9:23.09,Grupo:,TH-04-R,Equipamento:  1 - UMMI,Coleta:,04/08/2025 - 08:56,Registros:   Total: 2.864        Exibidos: 2.864,Data da Coleta:,04/08/2025,Exibição de Dados,Temperatura:,,Umidade:,,Datas:,,Medições,Data / Hora,Temperatura,Umidade,29/07/2025 - 12:35,"24,00","43,00",Betha Eletrônica Ltda,1/1
Coleta de Dados - UMMI,Impressão: 08/08/2025  9:23.09,Grupo:,TH-04-R,Equipamento:  1 - UMMI,Coleta:,04/08/2025 - 08:56,Registros:   Total: 2.864        Exibidos: 2.864,Data da Coleta:,04/08/2025,Exibição de Dados,Temperatura:,,Umidade:,,Datas:,,Medições,Data / Hora,Temperatura,Umidade,29/07/2025 - 12:40,"23,00","47,00",Betha Eletrônica Ltda,1/1
Coleta de Dados - UMMI,Impressão: 08/08/2025  9:23.09,Grupo:,TH-04-R,Equipamento:  1 - UMMI,Coleta:,04/08/2025 - 08:56,Registros:   Total: 2.864        Exibidos: 2.864,Data da Coleta:,04/08/2025,Exibição de Dados,Temperatura:,,Umidade:,,Datas:,,Medições,Data / Hora,Temperatura,Umidade,29/07/2025 - 12:45,"23,00","40,00",Betha Eletrônica Ltda,1/1
Coleta de Dados - UMMI,Impressão: 08/08/2025  9:23.09,Grupo:,TH-04-R,Equipamento:  1 - UMMI,Coleta:,04/08/2025 - 08:56,Registros:   Total: 2.864        Exibidos: 2.864,Data da Coleta:,04/08/2025,Exibição de Dados,Temperatura:,,Umidade:,,Datas:,,Medições,Data / Hora,Temperatura,Umidade,29/07/2025 - 12:50,"22,00","45,00",Betha Eletrônica Ltda,1/1
Coleta de Dados - UMMI,Impressão: 08/08/2025  9:23.09,Grupo:,TH-04-R,Equipamento:  1 - UMMI,Coleta:,04/08/2025 - 08:56,Registros:   Total: 2.864        Exibidos: 2.864,Data da Coleta:,04/08/2025,Exibição de Dados,Temperatura:,,Umidade:,,Datas:,,Medições,Data / Hora,Temperatura,Umidade,29/07/2025 - 12:55,"22,00","46,00",Betha Eletrônica Ltda,1/1
Coleta de Dados - UMMI,Impressão: 08/08/2025  9:23.09,Grupo:,TH-04-R,Equipamento:  1 - UMMI,Coleta:,04/08/2025 - 08:56,Registros:   Total: 2.864        Exibidos: 2.864,Data da Coleta:,04/08/2025,Exibição de Dados,Temperatura:,,Umidade:,,Datas:,,Medições,Data / Hora,Temperatura,Umidade,29/07/2025 - 13:00,"23,00","40,00",Betha Eletrônica Ltda,1/1
Coleta de Dados - UMMI,Impressão: 08/08/2025  9:23.09,Grupo:,TH-04-R,Equipamento:  1 - UMMI,Coleta:,04/08/2025 - 08:56,Registros:   Total: 2.864        Exibidos: 2.864,Data da Coleta:,04/08/2025,Exibição de Dados,Temperatura:,,Umidade:,,Datas:,,Medições,Data / Hora,Temperatura,Umidade,29/07/2025 - 13:05,"23,00","48,00",Betha Eletrônica Ltda,1/1
Coleta de Dados - UMMI,Impressão: 08/08/2025  9:23.09,Grupo:,TH-04-R,Equipamento:  1 - UMMI,Coleta:,04/08/2025 - 08:56,Registros:   Total: 2.864        Exibidos: 2.864,Data da Coleta:,04/08/2025,Exibição de Dados,Temperatura:,,Umidade:,,Datas:,,Medições,Data / Hora,Temperatura,Umidade,29/07/2025 - 13:10,"23,00","41,00",Betha Eletrônica Ltda,1/1
Coleta de Dados - UMMI,Impressão: 08/08/2025  9:23.09,Grupo:,TH-04-R,Equipamento:  1 - UMMI,Coleta:,04/08/2025 - 08:56,Registros:   Total: 2.864        Exibidos: 2.864,Data da Coleta:,04/08/2025,Exibição de Dados,Temperatura:,,Umidade:,,Datas:,,Medições,Data / Hora,Temperatura,Umidade,29/07/2025 - 13:15,"23,00","45,00",Betha Eletrônica Ltda,1/1
Coleta de Dados - UMMI,Impressão: 08/08/2025  9:23.09,Grupo:,TH-04-R,Equipamento:  1 - UMMI,Coleta:,04/08/2025 - 08:56,Registros:   Total: 2.864        Exibidos: 2.864,Data da Coleta:,04/08/2025,Exibição de Dados,Temperatura:,,Umidade:,,Datas:,,Medições,Data / Hora,Temperatura,Umidade,29/07/2025 - 13:20,"22,00","47,00",Betha Eletrônica Ltda,1/1
Coleta de Dados - UMMI,Impressão: 08/08/2025  9:23.09,Grupo:,TH-04-R,Equipamento:  1 - UMMI,Coleta:,04/08/2025 - 08:56,Registros:   Total: 2.864        Exibidos: 2.864,Data da Coleta:,04/08/2025,Exibição de Dados,Temperatura:,,Umidade:,,Datas:,,Medições,Data / Hora,Temperatura,Umidade,29/07/2025 - 13:25,"23,00","39,00",Betha Eletrônica Ltda,1/1
Coleta de Dados - UMMI,Impressão: 08/08/2025  9:23.09,Grupo:,TH-04-R,Equipamento:  1 - UMMI,Coleta:,04/08/2025 - 08:56,Registros:   Total: 2.864        Exibidos: 2.864,Data da Coleta:,04/08/2025,Exibição de Dados,Temperatura:,,Umidade:,,Datas:,,Medições,Data / Hora,Temperatura,Umidade,29/07/2025 - 13:30,"24,00","47,00",Betha Eletrônica Ltda,1/1
Coleta de Dados - UMMI,Impressão: 08/08/2025  9:23.09,Grupo:,TH-04-R,Equipamento:  1 - UMMI,Coleta:,04/08/2025 - 08:56,Registros:   Total: 2.864        Exibidos: 2.864,Data da Coleta:,04/08/2025,Exibição de Dados,Temperatura:,,Umidade:,,Datas:,,Medições,Data / Hora,Temperatura,Umidade,29/07/2025 - 13:35,"23,00","44,00",Betha Eletrônica Ltda,1/1
Coleta de Dados - UMMI,Impressão: 08/08/2025  9:23.09,Grupo:,TH-04-R,Equipamento:  1 - UMMI,Coleta:,04/08/2025 - 08:56,Registros:   Total: 2.864        Exibidos: 2.864,Data da Coleta:,04/08/2025,Exibição de Dados,Temperatura:,,Umidade:,,Datas:,,Medições,Data / Hora,Temperatura,Umidade,29/07/2025 - 13:40,"23,00","44,00",Betha Eletrônica Ltda,1/1
Coleta de Dados - UMMI,Impressão: 08/08/2025  9:23.09,Grupo:,TH-04-R,Equipamento:  1 - UMMI,Coleta:,04/08/2025 - 08:56,Registros:   Total: 2.864        Exibidos: 2.864,Data da Coleta:,04/08/2025,Exibição de Dados,Temperatura:,,Umidade:,,Datas:,,Medições,Data / Hora,Temperatura,Umidade,29/07/2025 - 13:45,"22,00","45,00",Betha Eletrônica Ltda,1/1
Coleta de Dados - UMMI,Impressão: 08/08/2025  9:23.09,Grupo:,TH-04-R,Equipamento:  1 - UMMI,Coleta:,04/08/2025 - 08:56,Registros:   Total: 2.864        Exibidos: 2.864,Data da Coleta:,04/08/2025,Exibição de Dados,Temperatura:,,Umidade:,,Datas:,,Medições,Data / Hora,Temperatura,Umidade,29/07/2025 - 13:50,"22,00","48,00",Betha Eletrônica Ltda,1/1
Coleta de Dados - UMMI,Impressão: 08/08/2025  9:23.09,Grupo:,TH-04-R,Equipamento:  1 - UMMI,Coleta:,04/08/2025 - 08:56,Registros:   Total: 2.864        Exibidos: 2.864,Data da Coleta:,04/08/2025,Exibição de Dados,Temperatura:,,Umidade:,,Datas:,,Medições,Data / Hora,Temperatura,Umidade,29/07/2025 - 13:55,"23,00","39,00",Betha Eletrônica Ltda,1/1
Coleta de Dados - UMMI,Impressão: 08/08/2025  9:23.09,Grupo:,TH-04-R,Equipamento:  1 - UMMI,Coleta:,04/08/2025 - 08:56,Registros:   Total: 2.864        Exibidos: 2.864,Data da Coleta:,04/08/2025,Exibição de Dados,Temperatura:,,Umidade:,,Datas:,,Medições,Data / Hora,Temperatura,Umidade,29/07/2025 - 14:00,"23,00","51,00",Betha Eletrônica Ltda,1/1
Coleta de Dados - UMMI,Impressão: 08/08/2025  9:23.09,Grupo:,TH-04-R,Equipamento:  1 - UMMI,Coleta:,04/08/2025 - 08:56,Registros:   Total: 2.864        Exibidos: 2.864,Data da Coleta:,04/08/2025,Exibição de Dados,Temperatura:,,Umidade:,,Datas:,,Medições,Data / Hora,Temperatura,Umidade,29/07/2025 - 14:05,"23,00","39,00",Betha Eletrônica Ltda,1/1
Coleta de Dados - UMMI,Impressão: 08/08/2025  9:23.09,Grupo:,TH-04-R,Equipamento:  1 - UMMI,Coleta:,04/08/2025 - 08:56,Registros:   Total: 2.864        Exibidos: 2.864,Data da Coleta:,04/08/2025,Exibição de Dados,Temperatura:,,Umidade:,,Datas:,,Medições,Data / Hora,Temperatura,Umidade,29/07/2025 - 14:10,"23,00","45,00",Betha Eletrônica Ltda,1/1
Coleta de Dados - UMMI,Impressão: 08/08/2025  9:23.09,Grupo:,TH-04-R,Equipamento:  1 - UMMI,Coleta:,04/08/2025 - 08:56,Registros:   Total: 2.864        Exibidos: 2.864,Data da Coleta:,04/08/2025,Exibição de Dados,Temperatura:,,Umidade:,,Datas:,,Medições,Data / Hora,Temperatura,Umidade,29/07/2025 - 14:15,"22,00","46,00",Betha Eletrônica Ltda,1/1
Coleta de Dados - UMMI,Impressão: 08/08/2025  9:23.09,Grupo:,TH-04-R,Equipamento:  1 - UMMI,Coleta:,04/08/2025 - 08:56,Registros:   Total: 2.864        Exibidos: 2.864,Data da Coleta:,04/08/2025,Exibição de Dados,Temperatura:,,Umidade:,,Datas:,,Medições,Data / Hora,Temperatura,Umidade,29/07/2025 - 14:20,"22,00","43,00",Betha Eletrônica Ltda,1/1
Coleta de Dados - UMMI,Impressão: 08/08/2025  9:23.09,Grupo:,TH-04-R,Equipamento:  1 - UMMI,Coleta:,04/08/2025 - 08:56,Registros:   Total: 2.864        Exibidos: 2.864,Data da Coleta:,04/08/2025,Exibição de Dados,Temperatura:,,Umidade:,,Datas:,,Medições,Data / Hora,Temperatura,Umidade,29/07/2025 - 14:25,"23,00","42,00",Betha Eletrônica Ltda,1/1
Coleta de Dados - UMMI,Impressão: 08/08/2025  9:23.09,Grupo:,TH-04-R,Equipamento:  1 - UMMI,Coleta:,04/08/2025 - 08:56,Registros:   Total: 2.864        Exibidos: 2.864,Data da Coleta:,04/08/2025,Exibição de Dados,Temperatura:,,Umidade:,,Datas:,,Medições,Data / Hora,Temperatura,Umidade,29/07/2025 - 14:30,"23,00","48,00",Betha Eletrônica Ltda,1/1
Coleta de Dados - UMMI,Impressão: 08/08/2025  9:23.09,Grupo:,TH-04-R,Equipamento:  1 - UMMI,Coleta:,04/08/2025 - 08:56,Registros:   Total: 2.864        Exibidos: 2.864,Data da Coleta:,04/08/2025,Exibição de Dados,Temperatura:,,Umidade:,,Datas:,,Medições,Data / Hora,Temperatura,Umidade,29/07/2025 - 14:35,"24,00","42,00",Betha Eletrônica Ltda,1/1
Coleta de Dados - UMMI,Impressão: 08/08/2025  9:23.09,Grupo:,TH-04-R,Equipamento:  1 - UMMI,Coleta:,04/08/2025 - 08:56,Registros:   Total: 2.864        Exibidos: 2.864,Data da Coleta:,04/08/2025,Exibição de Dados,Temperatura:,,Umidade:,,Datas:,,Medições,Data / Hora,Temperatura,Umidade,29/07/2025 - 14:40,"23,00","45,00",Betha Eletrônica Ltda,1/1
Coleta de Dados - UMMI,Impressão: 08/08/2025  9:23.09,Grupo:,TH-04-R,Equipamento:  1 - UMMI,Coleta:,04/08/2025 - 08:56,Registros:   Total: 2.864        Exibidos: 2.864,Data da Coleta:,04/08/2025,Exibição de Dados,Temperatura:,,Umidade:,,Datas:,,Medições,Data / Hora,Temperatura,Umidade,29/07/2025 - 14:45,"22,00","47,00",Betha Eletrônica Ltda,1/1
Coleta de Dados - UMMI,Impressão: 08/08/2025  9:23.09,Grupo:,TH-04-R,Equipamento:  1 - UMMI,Coleta:,04/08/2025 - 08:56,Registros:   Total: 2.864        Exibidos: 2.864,Data da Coleta:,04/08/2025,Exibição de Dados,Temperatura:,,Umidade:,,Datas:,,Medições,Data / Hora,Temperatura,Umidade,29/07/2025 - 14:50,"23,00","45,00",Betha Eletrônica Ltda,1/1
Coleta de Dados - UMMI,Impressão: 08/08/2025  9:23.09,Grupo:,TH-04-R,Equipamento:  1 - UMMI,Coleta:,04/08/2025 - 08:56,Registros:   Total: 2.864        Exibidos: 2.864,Data da Coleta:,04/08/2025,Exibição de Dados,Temperatura:,,Umidade:,,Datas:,,Medições,Data / Hora,Temperatura,Umidade,29/07/2025 - 14:55,"23,00","41,00",Betha Eletrônica Ltda,1/1
Coleta de Dados - UMMI,Impressão: 08/08/2025  9:23.09,Grupo:,TH-04-R,Equipamento:  1 - UMMI,Coleta:,04/08/2025 - 08:56,Registros:   Total: 2.864        Exibidos: 2.864,Data da Coleta:,04/08/2025,Exibição de Dados,Temperatura:,,Umidade:,,Datas:,,Medições,Data / Hora,Temperatura,Umidade,29/07/2025 - 15:00,"24,00","47,00",Betha Eletrônica Ltda,1/1
Coleta de Dados - UMMI,Impressão: 08/08/2025  9:23.09,Grupo:,TH-04-R,Equipamento:  1 - UMMI,Coleta:,04/08/2025 - 08:56,Registros:   Total: 2.864        Exibidos: 2.864,Data da Coleta:,04/08/2025,Exibição de Dados,Temperatura:,,Umidade:,,Datas:,,Medições,Data / Hora,Temperatura,Umidade,29/07/2025 - 15:05,"23,00","43,00",Betha Eletrônica Ltda,1/1
Coleta de Dados - UMMI,Impressão: 08/08/2025  9:23.09,Grupo:,TH-04-R,Equipamento:  1 - UMMI,Coleta:,04/08/2025 - 08:56,Registros:   Total: 2.864        Exibidos: 2.864,Data da Coleta:,04/08/2025,Exibição de Dados,Temperatura:,,Umidade:,,Datas:,,Medições,Data / Hora,Temperatura,Umidade,29/07/2025 - 15:10,"23,00","43,00",Betha Eletrônica Ltda,1/1
Coleta de Dados - UMMI,Impressão: 08/08/2025  9:23.09,Grupo:,TH-04-R,Equipamento:  1 - UMMI,Coleta:,04/08/2025 - 08:56,Registros:   Total: 2.864        Exibidos: 2.864,Data da Coleta:,04/08/2025,Exibição de Dados,Temperatura:,,Umidade:,,Datas:,,Medições,Data / Hora,Temperatura,Umidade,29/07/2025 - 15:15,"22,00","43,00",Betha Eletrônica Ltda,1/1
Coleta de Dados - UMMI,Impressão: 08/08/2025  9:23.09,Grupo:,TH-04-R,Equipamento:  1 - UMMI,Coleta:,04/08/2025 - 08:56,Registros:   Total: 2.864        Exibidos: 2.864,Data da Coleta:,04/08/2025,Exibição de Dados,Temperatura:,,Umidade:,,Datas:,,Medições,Data / Hora,Temperatura,Umidade,29/07/2025 - 15:20,"23,00","48,00",Betha Eletrônica Ltda,1/1
Coleta de Dados - UMMI,Impressão: 08/08/2025  9:23.09,Grupo:,TH-04-R,Equipamento:  1 - UMMI,Coleta:,04/08/2025 - 08:56,Registros:   Total: 2.864        Exibidos: 2.864,Data da Coleta:,04/08/2025,Exibição de Dados,Temperatura:,,Umidade:,,Datas:,,Medições,Data / Hora,Temperatura,Umidade,29/07/2025 - 15:25,"24,00","39,00",Betha Eletrônica Ltda,1/1
Coleta de Dados - UMMI,Impressão: 08/08/2025  9:23.09,Grupo:,TH-04-R,Equipamento:  1 - UMMI,Coleta:,04/08/2025 - 08:56,Registros:   Total: 2.864        Exibidos: 2.864,Data da Coleta:,04/08/2025,Exibição de Dados,Temperatura:,,Umidade:,,Datas:,,Medições,Data / Hora,Temperatura,Umidade,29/07/2025 - 15:30,"24,00","47,00",Betha Eletrônica Ltda,1/1
Coleta de Dados - UMMI,Impressão: 08/08/2025  9:23.09,Grupo:,TH-04-R,Equipamento:  1 - UMMI,Coleta:,04/08/2025 - 08:56,Registros:   Total: 2.864        Exibidos: 2.864,Data da Coleta:,04/08/2025,Exibição de Dados,Temperatura:,,Umidade:,,Datas:,,Medições,Data / Hora,Temperatura,Umidade,29/07/2025 - 15:35,"23,00","42,00",Betha Eletrônica Ltda,1/1
Coleta de Dados - UMMI,Impressão: 08/08/2025  9:23.09,Grupo:,TH-04-R,Equipamento:  1 - UMMI,Coleta:,04/08/2025 - 08:56,Registros:   Total: 2.864        Exibidos: 2.864,Data da Coleta:,04/08/2025,Exibição de Dados,Temperatura:,,Umidade:,,Datas:,,Medições,Data / Hora,Temperatura,Umidade,29/07/2025 - 15:40,"23,00","43,00",Betha Eletrônica Ltda,1/1
Coleta de Dados - UMMI,Impressão: 08/08/2025  9:23.09,Grupo:,TH-04-R,Equipamento:  1 - UMMI,Coleta:,04/08/2025 - 08:56,Registros:   Total: 2.864        Exibidos: 2.864,Data da Coleta:,04/08/2025,Exibição de Dados,Temperatura:,,Umidade:,,Datas:,,Medições,Data / Hora,Temperatura,Umidade,29/07/2025 - 15:45,"22,00","45,00",Betha Eletrônica Ltda,1/1
Coleta de Dados - UMMI,Impressão: 08/08/2025  9:23.09,Grupo:,TH-04-R,Equipamento:  1 - UMMI,Coleta:,04/08/2025 - 08:56,Registros:   Total: 2.864        Exibidos: 2.864,Data da Coleta:,04/08/2025,Exibição de Dados,Temperatura:,,Umidade:,,Datas:,,Medições,Data / Hora,Temperatura,Umidade,29/07/2025 - 15:50,"23,00","45,00",Betha Eletrônica Ltda,1/1
Coleta de Dados - UMMI,Impressão: 08/08/2025  9:23.09,Grupo:,TH-04-R,Equipamento:  1 - UMMI,Coleta:,04/08/2025 - 08:56,Registros:   Total: 2.864        Exibidos: 2.864,Data da Coleta:,04/08/2025,Exibição de Dados,Temperatura:,,Umidade:,,Datas:,,Medições,Data / Hora,Temperatura,Umidade,29/07/2025 - 15:55,"23,00","40,00",Betha Eletrônica Ltda,1/1
Coleta de Dados - UMMI,Impressão: 08/08/2025  9:23.09,Grupo:,TH-04-R,Equipamento:  1 - UMMI,Coleta:,04/08/2025 - 08:56,Registros:   Total: 2.864        Exibidos: 2.864,Data da Coleta:,04/08/2025,Exibição de Dados,Temperatura:,,Umidade:,,Datas:,,Medições,Data / Hora,Temperatura,Umidade,29/07/2025 - 16:00,"23,00","47,00",Betha Eletrônica Ltda,1/1
Coleta de Dados - UMMI,Impressão: 08/08/2025  9:23.09,Grupo:,TH-04-R,Equipamento:  1 - UMMI,Coleta:,04/08/2025 - 08:56,Registros:   Total: 2.864        Exibidos: 2.864,Data da Coleta:,04/08/2025,Exibição de Dados,Temperatura:,,Umidade:,,Datas:,,Medições,Data / Hora,Temperatura,Umidade,29/07/2025 - 16:05,"24,00","46,00",Betha Eletrônica Ltda,1/1
Coleta de Dados - UMMI,Impressão: 08/08/2025  9:23.09,Grupo:,TH-04-R,Equipamento:  1 - UMMI,Coleta:,04/08/2025 - 08:56,Registros:   Total: 2.864        Exibidos: 2.864,Data da Coleta:,04/08/2025,Exibição de Dados,Temperatura:,,Umidade:,,Datas:,,Medições,Data / Hora,Temperatura,Umidade,29/07/2025 - 16:10,"23,00","45,00",Betha Eletrônica Ltda,1/1
Coleta de Dados - UMMI,Impressão: 08/08/2025  9:23.09,Grupo:,TH-04-R,Equipamento:  1 - UMMI,Coleta:,04/08/2025 - 08:56,Registros:   Total: 2.864        Exibidos: 2.864,Data da Coleta:,04/08/2025,Exibição de Dados,Temperatura:,,Umidade:,,Datas:,,Medições,Data / Hora,Temperatura,Umidade,29/07/2025 - 16:15,"22,00","47,00",Betha Eletrônica Ltda,1/1
Coleta de Dados - UMMI,Impressão: 08/08/2025  9:23.09,Grupo:,TH-04-R,Equipamento:  1 - UMMI,Coleta:,04/08/2025 - 08:56,Registros:   Total: 2.864        Exibidos: 2.864,Data da Coleta:,04/08/2025,Exibição de Dados,Temperatura:,,Umidade:,,Datas:,,Medições,Data / Hora,Temperatura,Umidade,29/07/2025 - 16:20,"23,00","43,00",Betha Eletrônica Ltda,1/1
Coleta de Dados - UMMI,Impressão: 08/08/2025  9:23.09,Grupo:,TH-04-R,Equipamento:  1 - UMMI,Coleta:,04/08/2025 - 08:56,Registros:   Total: 2.864        Exibidos: 2.864,Data da Coleta:,04/08/2025,Exibição de Dados,Temperatura:,,Umidade:,,Datas:,,Medições,Data / Hora,Temperatura,Umidade,29/07/2025 - 16:25,"23,00","42,00",Betha Eletrônica Ltda,1/1
Coleta de Dados - UMMI,Impressão: 08/08/2025  9:23.09,Grupo:,TH-04-R,Equipamento:  1 - UMMI,Coleta:,04/08/2025 - 08:56,Registros:   Total: 2.864        Exibidos: 2.864,Data da Coleta:,04/08/2025,Exibição de Dados,Temperatura:,,Umidade:,,Datas:,,Medições,Data / Hora,Temperatura,Umidade,29/07/2025 - 16:30,"23,00","48,00",Betha Eletrônica Ltda,1/1
Coleta de Dados - UMMI,Impressão: 08/08/2025  9:23.09,Grupo:,TH-04-R,Equipamento:  1 - UMMI,Coleta:,04/08/2025 - 08:56,Registros:   Total: 2.864        Exibidos: 2.864,Data da Coleta:,04/08/2025,Exibição de Dados,Temperatura:,,Umidade:,,Datas:,,Medições,Data / Hora,Temperatura,Umidade,29/07/2025 - 16:35,"23,00","47,00",Betha Eletrônica Ltda,1/1
Coleta de Dados - UMMI,Impressão: 08/08/2025  9:23.09,Grupo:,TH-04-R,Equipamento:  1 - UMMI,Coleta:,04/08/2025 - 08:56,Registros:   Total: 2.864        Exibidos: 2.864,Data da Coleta:,04/08/2025,Exibição de Dados,Temperatura:,,Umidade:,,Datas:,,Medições,Data / Hora,Temperatura,Umidade,29/07/2025 - 16:40,"23,00","48,00",Betha Eletrônica Ltda,1/1
Coleta de Dados - UMMI,Impressão: 08/08/2025  9:23.09,Grupo:,TH-04-R,Equipamento:  1 - UMMI,Coleta:,04/08/2025 - 08:56,Registros:   Total: 2.864        Exibidos: 2.864,Data da Coleta:,04/08/2025,Exibição de Dados,Temperatura:,,Umidade:,,Datas:,,Medições,Data / Hora,Temperatura,Umidade,29/07/2025 - 16:45,"23,00","48,00",Betha Eletrônica Ltda,1/1
Coleta de Dados - UMMI,Impressão: 08/08/2025  9:23.09,Grupo:,TH-04-R,Equipamento:  1 - UMMI,Coleta:,04/08/2025 - 08:56,Registros:   Total: 2.864        Exibidos: 2.864,Data da Coleta:,04/08/2025,Exibição de Dados,Temperatura:,,Umidade:,,Datas:,,Medições,Data / Hora,Temperatura,Umidade,29/07/2025 - 16:50,"23,00","44,00",Betha Eletrônica Ltda,1/1
Coleta de Dados - UMMI,Impressão: 08/08/2025  9:23.09,Grupo:,TH-04-R,Equipamento:  1 - UMMI,Coleta:,04/08/2025 - 08:56,Registros:   Total: 2.864        Exibidos: 2.864,Data da Coleta:,04/08/2025,Exibição de Dados,Temperatura:,,Umidade:,,Datas:,,Medições,Data / Hora,Temperatura,Umidade,29/07/2025 - 16:55,"22,00","45,00",Betha Eletrônica Ltda,1/1
Coleta de Dados - UMMI,Impressão: 08/08/2025  9:23.09,Grupo:,TH-04-R,Equipamento:  1 - UMMI,Coleta:,04/08/2025 - 08:56,Registros:   Total: 2.864        Exibidos: 2.864,Data da Coleta:,04/08/2025,Exibição de Dados,Temperatura:,,Umidade:,,Datas:,,Medições,Data / Hora,Temperatura,Umidade,29/07/2025 - 17:00,"22,00","48,00",Betha Eletrônica Ltda,1/1
Coleta de Dados - UMMI,Impressão: 08/08/2025  9:23.09,Grupo:,TH-04-R,Equipamento:  1 - UMMI,Coleta:,04/08/2025 - 08:56,Registros:   Total: 2.864        Exibidos: 2.864,Data da Coleta:,04/08/2025,Exibição de Dados,Temperatura:,,Umidade:,,Datas:,,Medições,Data / Hora,Temperatura,Umidade,29/07/2025 - 17:05,"22,00","38,00",Betha Eletrônica Ltda,1/1
Coleta de Dados - UMMI,Impressão: 08/08/2025  9:23.09,Grupo:,TH-04-R,Equipamento:  1 - UMMI,Coleta:,04/08/2025 - 08:56,Registros:   Total: 2.864        Exibidos: 2.864,Data da Coleta:,04/08/2025,Exibição de Dados,Temperatura:,,Umidade:,,Datas:,,Medições,Data / Hora,Temperatura,Umidade,29/07/2025 - 17:10,"23,00","48,00",Betha Eletrônica Ltda,1/1
Coleta de Dados - UMMI,Impressão: 08/08/2025  9:23.09,Grupo:,TH-04-R,Equipamento:  1 - UMMI,Coleta:,04/08/2025 - 08:56,Registros:   Total: 2.864        Exibidos: 2.864,Data da Coleta:,04/08/2025,Exibição de Dados,Temperatura:,,Umidade:,,Datas:,,Medições,Data / Hora,Temperatura,Umidade,29/07/2025 - 17:15,"25,00","45,00",Betha Eletrônica Ltda,1/1
Coleta de Dados - UMMI,Impressão: 08/08/2025  9:23.09,Grupo:,TH-04-R,Equipamento:  1 - UMMI,Coleta:,04/08/2025 - 08:56,Registros:   Total: 2.864        Exibidos: 2.864,Data da Coleta:,04/08/2025,Exibição de Dados,Temperatura:,,Umidade:,,Datas:,,Medições,Data / Hora,Temperatura,Umidade,29/07/2025 - 17:20,"24,00","43,00",Betha Eletrônica Ltda,1/1
Coleta de Dados - UMMI,Impressão: 08/08/2025  9:23.09,Grupo:,TH-04-R,Equipamento:  1 - UMMI,Coleta:,04/08/2025 - 08:56,Registros:   Total: 2.864        Exibidos: 2.864,Data da Coleta:,04/08/2025,Exibição de Dados,Temperatura:,,Umidade:,,Datas:,,Medições,Data / Hora,Temperatura,Umidade,29/07/2025 - 17:25,"23,00","36,00",Betha Eletrônica Ltda,1/1
Coleta de Dados - UMMI,Impressão: 08/08/2025  9:23.09,Grupo:,TH-04-R,Equipamento:  1 - UMMI,Coleta:,04/08/2025 - 08:56,Registros:   Total: 2.864        Exibidos: 2.864,Data da Coleta:,04/08/2025,Exibição de Dados,Temperatura:,,Umidade:,,Datas:,,Medições,Data / Hora,Temperatura,Umidade,29/07/2025 - 17:30,"22,00","45,00",Betha Eletrônica Ltda,1/1
Coleta de Dados - UMMI,Impressão: 08/08/2025  9:23.09,Grupo:,TH-04-R,Equipamento:  1 - UMMI,Coleta:,04/08/2025 - 08:56,Registros:   Total: 2.864        Exibidos: 2.864,Data da Coleta:,04/08/2025,Exibição de Dados,Temperatura:,,Umidade:,,Datas:,,Medições,Data / Hora,Temperatura,Umidade,29/07/2025 - 17:35,"22,00","40,00",Betha Eletrônica Ltda,1/1
Coleta de Dados - UMMI,Impressão: 08/08/2025  9:23.09,Grupo:,TH-04-R,Equipamento:  1 - UMMI,Coleta:,04/08/2025 - 08:56,Registros:   Total: 2.864        Exibidos: 2.864,Data da Coleta:,04/08/2025,Exibição de Dados,Temperatura:,,Umidade:,,Datas:,,Medições,Data / Hora,Temperatura,Umidade,29/07/2025 - 17:40,"22,00","50,00",Betha Eletrônica Ltda,1/1
Coleta de Dados - UMMI,Impressão: 08/08/2025  9:23.09,Grupo:,TH-04-R,Equipamento:  1 - UMMI,Coleta:,04/08/2025 - 08:56,Registros:   Total: 2.864        Exibidos: 2.864,Data da Coleta:,04/08/2025,Exibição de Dados,Temperatura:,,Umidade:,,Datas:,,Medições,Data / Hora,Temperatura,Umidade,29/07/2025 - 17:45,"24,00","47,00",Betha Eletrônica Ltda,1/1
Coleta de Dados - UMMI,Impressão: 08/08/2025  9:23.09,Grupo:,TH-04-R,Equipamento:  1 - UMMI,Coleta:,04/08/2025 - 08:56,Registros:   Total: 2.864        Exibidos: 2.864,Data da Coleta:,04/08/2025,Exibição de Dados,Temperatura:,,Umidade:,,Datas:,,Medições,Data / Hora,Temperatura,Umidade,29/07/2025 - 17:50,"25,00","44,00",Betha Eletrônica Ltda,1/1
Coleta de Dados - UMMI,Impressão: 08/08/2025  9:23.09,Grupo:,TH-04-R,Equipamento:  1 - UMMI,Coleta:,04/08/2025 - 08:56,Registros:   Total: 2.864        Exibidos: 2.864,Data da Coleta:,04/08/2025,Exibição de Dados,Temperatura:,,Umidade:,,Datas:,,Medições,Data / Hora,Temperatura,Umidade,29/07/2025 - 17:55,"24,00","41,00",Betha Eletrônica Ltda,1/1
Coleta de Dados - UMMI,Impressão: 08/08/2025  9:23.09,Grupo:,TH-04-R,Equipamento:  1 - UMMI,Coleta:,04/08/2025 - 08:56,Registros:   Total: 2.864        Exibidos: 2.864,Data da Coleta:,04/08/2025,Exibição de Dados,Temperatura:,,Umidade:,,Datas:,,Medições,Data / Hora,Temperatura,Umidade,29/07/2025 - 18:00,"22,00","36,00",Betha Eletrônica Ltda,1/1
Coleta de Dados - UMMI,Impressão: 08/08/2025  9:23.09,Grupo:,TH-04-R,Equipamento:  1 - UMMI,Coleta:,04/08/2025 - 08:56,Registros:   Total: 2.864        Exibidos: 2.864,Data da Coleta:,04/08/2025,Exibição de Dados,Temperatura:,,Umidade:,,Datas:,,Medições,Data / Hora,Temperatura,Umidade,29/07/2025 - 18:05,"21,00","47,00",Betha Eletrônica Ltda,1/1
Coleta de Dados - UMMI,Impressão: 08/08/2025  9:23.09,Grupo:,TH-04-R,Equipamento:  1 - UMMI,Coleta:,04/08/2025 - 08:56,Registros:   Total: 2.864        Exibidos: 2.864,Data da Coleta:,04/08/2025,Exibição de Dados,Temperatura:,,Umidade:,,Datas:,,Medições,Data / Hora,Temperatura,Umidade,29/07/2025 - 18:10,"22,00","39,00",Betha Eletrônica Ltda,1/1
Coleta de Dados - UMMI,Impressão: 08/08/2025  9:23.09,Grupo:,TH-04-R,Equipamento:  1 - UMMI,Coleta:,04/08/2025 - 08:56,Registros:   Total: 2.864        Exibidos: 2.864,Data da Coleta:,04/08/2025,Exibição de Dados,Temperatura:,,Umidade:,,Datas:,,Medições,Data / Hora,Temperatura,Umidade,29/07/2025 - 18:15,"23,00","49,00",Betha Eletrônica Ltda,1/1
Coleta de Dados - UMMI,Impressão: 08/08/2025  9:23.09,Grupo:,TH-04-R,Equipamento:  1 - UMMI,Coleta:,04/08/2025 - 08:56,Registros:   Total: 2.864        Exibidos: 2.864,Data da Coleta:,04/08/2025,Exibição de Dados,Temperatura:,,Umidade:,,Datas:,,Medições,Data / Hora,Temperatura,Umidade,29/07/2025 - 18:20,"24,00","46,00",Betha Eletrônica Ltda,1/1
Coleta de Dados - UMMI,Impressão: 08/08/2025  9:23.09,Grupo:,TH-04-R,Equipamento:  1 - UMMI,Coleta:,04/08/2025 - 08:56,Registros:   Total: 2.864        Exibidos: 2.864,Data da Coleta:,04/08/2025,Exibição de Dados,Temperatura:,,Umidade:,,Datas:,,Medições,Data / Hora,Temperatura,Umidade,29/07/2025 - 18:25,"24,00","44,00",Betha Eletrônica Ltda,1/1
Coleta de Dados - UMMI,Impressão: 08/08/2025  9:23.09,Grupo:,TH-04-R,Equipamento:  1 - UMMI,Coleta:,04/08/2025 - 08:56,Registros:   Total: 2.864        Exibidos: 2.864,Data da Coleta:,04/08/2025,Exibição de Dados,Temperatura:,,Umidade:,,Datas:,,Medições,Data / Hora,Temperatura,Umidade,29/07/2025 - 18:30,"23,00","39,00",Betha Eletrônica Ltda,1/1
Coleta de Dados - UMMI,Impressão: 08/08/2025  9:23.09,Grupo:,TH-04-R,Equipamento:  1 - UMMI,Coleta:,04/08/2025 - 08:56,Registros:   Total: 2.864        Exibidos: 2.864,Data da Coleta:,04/08/2025,Exibição de Dados,Temperatura:,,Umidade:,,Datas:,,Medições,Data / Hora,Temperatura,Umidade,29/07/2025 - 18:35,"21,00","37,00",Betha Eletrônica Ltda,1/1
Coleta de Dados - UMMI,Impressão: 08/08/2025  9:23.09,Grupo:,TH-04-R,Equipamento:  1 - UMMI,Coleta:,04/08/2025 - 08:56,Registros:   Total: 2.864        Exibidos: 2.864,Data da Coleta:,04/08/2025,Exibição de Dados,Temperatura:,,Umidade:,,Datas:,,Medições,Data / Hora,Temperatura,Umidade,29/07/2025 - 18:40,"21,00","49,00",Betha Eletrônica Ltda,1/1
Coleta de Dados - UMMI,Impressão: 08/08/2025  9:23.09,Grupo:,TH-04-R,Equipamento:  1 - UMMI,Coleta:,04/08/2025 - 08:56,Registros:   Total: 2.864        Exibidos: 2.864,Data da Coleta:,04/08/2025,Exibição de Dados,Temperatura:,,Umidade:,,Datas:,,Medições,Data / Hora,Temperatura,Umidade,29/07/2025 - 18:45,"22,00","43,00",Betha Eletrônica Ltda,1/1
Coleta de Dados - UMMI,Impressão: 08/08/2025  9:23.09,Grupo:,TH-04-R,Equipamento:  1 - UMMI,Coleta:,04/08/2025 - 08:56,Registros:   Total: 2.864        Exibidos: 2.864,Data da Coleta:,04/08/2025,Exibição de Dados,Temperatura:,,Umidade:,,Datas:,,Medições,Data / Hora,Temperatura,Umidade,29/07/2025 - 18:50,"23,00","49,00",Betha Eletrônica Ltda,1/1
Coleta de Dados - UMMI,Impressão: 08/08/2025  9:23.09,Grupo:,TH-04-R,Equipamento:  1 - UMMI,Coleta:,04/08/2025 - 08:56,Registros:   Total: 2.864        Exibidos: 2.864,Data da Coleta:,04/08/2025,Exibição de Dados,Temperatura:,,Umidade:,,Datas:,,Medições,Data / Hora,Temperatura,Umidade,29/07/2025 - 18:55,"23,00","45,00",Betha Eletrônica Ltda,1/1
Coleta de Dados - UMMI,Impressão: 08/08/2025  9:23.09,Grupo:,TH-04-R,Equipamento:  1 - UMMI,Coleta:,04/08/2025 - 08:56,Registros:   Total: 2.864        Exibidos: 2.864,Data da Coleta:,04/08/2025,Exibição de Dados,Temperatura:,,Umidade:,,Datas:,,Medições,Data / Hora,Temperatura,Umidade,29/07/2025 - 19:00,"23,00","47,00",Betha Eletrônica Ltda,1/1
Coleta de Dados - UMMI,Impressão: 08/08/2025  9:23.09,Grupo:,TH-04-R,Equipamento:  1 - UMMI,Coleta:,04/08/2025 - 08:56,Registros:   Total: 2.864        Exibidos: 2.864,Data da Coleta:,04/08/2025,Exibição de Dados,Temperatura:,,Umidade:,,Datas:,,Medições,Data / Hora,Temperatura,Umidade,29/07/2025 - 19:05,"23,00","48,00",Betha Eletrônica Ltda,1/1
Coleta de Dados - UMMI,Impressão: 08/08/2025  9:23.09,Grupo:,TH-04-R,Equipamento:  1 - UMMI,Coleta:,04/08/2025 - 08:56,Registros:   Total: 2.864        Exibidos: 2.864,Data da Coleta:,04/08/2025,Exibição de Dados,Temperatura:,,Umidade:,,Datas:,,Medições,Data / Hora,Temperatura,Umidade,29/07/2025 - 19:10,"22,00","48,00",Betha Eletrônica Ltda,1/1
Coleta de Dados - UMMI,Impressão: 08/08/2025  9:23.09,Grupo:,TH-04-R,Equipamento:  1 - UMMI,Coleta:,04/08/2025 - 08:56,Registros:   Total: 2.864        Exibidos: 2.864,Data da Coleta:,04/08/2025,Exibição de Dados,Temperatura:,,Umidade:,,Datas:,,Medições,Data / Hora,Temperatura,Umidade,29/07/2025 - 19:15,"22,00","48,00",Betha Eletrônica Ltda,1/1
Coleta de Dados - UMMI,Impressão: 08/08/2025  9:23.09,Grupo:,TH-04-R,Equipamento:  1 - UMMI,Coleta:,04/08/2025 - 08:56,Registros:   Total: 2.864        Exibidos: 2.864,Data da Coleta:,04/08/2025,Exibição de Dados,Temperatura:,,Umidade:,,Datas:,,Medições,Data / Hora,Temperatura,Umidade,29/07/2025 - 19:20,"22,00","48,00",Betha Eletrônica Ltda,1/1
Coleta de Dados - UMMI,Impressão: 08/08/2025  9:23.09,Grupo:,TH-04-R,Equipamento:  1 - UMMI,Coleta:,04/08/2025 - 08:56,Registros:   Total: 2.864        Exibidos: 2.864,Data da Coleta:,04/08/2025,Exibição de Dados,Temperatura:,,Umidade:,,Datas:,,Medições,Data / Hora,Temperatura,Umidade,29/07/2025 - 19:25,"21,00","43,00",Betha Eletrônica Ltda,1/1
Coleta de Dados - UMMI,Impressão: 08/08/2025  9:23.09,Grupo:,TH-04-R,Equipamento:  1 - UMMI,Coleta:,04/08/2025 - 08:56,Registros:   Total: 2.864        Exibidos: 2.864,Data da Coleta:,04/08/2025,Exibição de Dados,Temperatura:,,Umidade:,,Datas:,,Medições,Data / Hora,Temperatura,Umidade,29/07/2025 - 19:30,"22,00","47,00",Betha Eletrônica Ltda,1/1
Coleta de Dados - UMMI,Impressão: 08/08/2025  9:23.09,Grupo:,TH-04-R,Equipamento:  1 - UMMI,Coleta:,04/08/2025 - 08:56,Registros:   Total: 2.864        Exibidos: 2.864,Data da Coleta:,04/08/2025,Exibição de Dados,Temperatura:,,Umidade:,,Datas:,,Medições,Data / Hora,Temperatura,Umidade,29/07/2025 - 19:35,"22,00","45,00",Betha Eletrônica Ltda,1/1
Coleta de Dados - UMMI,Impressão: 08/08/2025  9:23.09,Grupo:,TH-04-R,Equipamento:  1 - UMMI,Coleta:,04/08/2025 - 08:56,Registros:   Total: 2.864        Exibidos: 2.864,Data da Coleta:,04/08/2025,Exibição de Dados,Temperatura:,,Umidade:,,Datas:,,Medições,Data / Hora,Temperatura,Umidade,29/07/2025 - 19:40,"24,00","48,00",Betha Eletrônica Ltda,1/1
Coleta de Dados - UMMI,Impressão: 08/08/2025  9:23.09,Grupo:,TH-04-R,Equipamento:  1 - UMMI,Coleta:,04/08/2025 - 08:56,Registros:   Total: 2.864        Exibidos: 2.864,Data da Coleta:,04/08/2025,Exibição de Dados,Temperatura:,,Umidade:,,Datas:,,Medições,Data / Hora,Temperatura,Umidade,29/07/2025 - 19:45,"24,00","46,00",Betha Eletrônica Ltda,1/1
Coleta de Dados - UMMI,Impressão: 08/08/2025  9:23.09,Grupo:,TH-04-R,Equipamento:  1 - UMMI,Coleta:,04/08/2025 - 08:56,Registros:   Total: 2.864        Exibidos: 2.864,Data da Coleta:,04/08/2025,Exibição de Dados,Temperatura:,,Umidade:,,Datas:,,Medições,Data / Hora,Temperatura,Umidade,29/07/2025 - 19:50,"24,00","46,00",Betha Eletrônica Ltda,1/1
Coleta de Dados - UMMI,Impressão: 08/08/2025  9:23.09,Grupo:,TH-04-R,Equipamento:  1 - UMMI,Coleta:,04/08/2025 - 08:56,Registros:   Total: 2.864        Exibidos: 2.864,Data da Coleta:,04/08/2025,Exibição de Dados,Temperatura:,,Umidade:,,Datas:,,Medições,Data / Hora,Temperatura,Umidade,29/07/2025 - 19:55,"23,00","47,00",Betha Eletrônica Ltda,1/1
Coleta de Dados - UMMI,Impressão: 08/08/2025  9:23.09,Grupo:,TH-04-R,Equipamento:  1 - UMMI,Coleta:,04/08/2025 - 08:56,Registros:   Total: 2.864        Exibidos: 2.864,Data da Coleta:,04/08/2025,Exibição de Dados,Temperatura:,,Umidade:,,Datas:,,Medições,Data / Hora,Temperatura,Umidade,29/07/2025 - 20:00,"23,00","48,00",Betha Eletrônica Ltda,1/1
Coleta de Dados - UMMI,Impressão: 08/08/2025  9:23.09,Grupo:,TH-04-R,Equipamento:  1 - UMMI,Coleta:,04/08/2025 - 08:56,Registros:   Total: 2.864        Exibidos: 2.864,Data da Coleta:,04/08/2025,Exibição de Dados,Temperatura:,,Umidade:,,Datas:,,Medições,Data / Hora,Temperatura,Umidade,29/07/2025 - 20:05,"23,00","49,00",Betha Eletrônica Ltda,1/1
Coleta de Dados - UMMI,Impressão: 08/08/2025  9:23.09,Grupo:,TH-04-R,Equipamento:  1 - UMMI,Coleta:,04/08/2025 - 08:56,Registros:   Total: 2.864        Exibidos: 2.864,Data da Coleta:,04/08/2025,Exibição de Dados,Temperatura:,,Umidade:,,Datas:,,Medições,Data / Hora,Temperatura,Umidade,29/07/2025 - 20:10,"22,00","44,00",Betha Eletrônica Ltda,1/1
Coleta de Dados - UMMI,Impressão: 08/08/2025  9:23.09,Grupo:,TH-04-R,Equipamento:  1 - UMMI,Coleta:,04/08/2025 - 08:56,Registros:   Total: 2.864        Exibidos: 2.864,Data da Coleta:,04/08/2025,Exibição de Dados,Temperatura:,,Umidade:,,Datas:,,Medições,Data / Hora,Temperatura,Umidade,29/07/2025 - 20:15,"21,00","43,00",Betha Eletrônica Ltda,1/1
Coleta de Dados - UMMI,Impressão: 08/08/2025  9:23.09,Grupo:,TH-04-R,Equipamento:  1 - UMMI,Coleta:,04/08/2025 - 08:56,Registros:   Total: 2.864        Exibidos: 2.864,Data da Coleta:,04/08/2025,Exibição de Dados,Temperatura:,,Umidade:,,Datas:,,Medições,Data / Hora,Temperatura,Umidade,29/07/2025 - 20:20,"21,00","51,00",Betha Eletrônica Ltda,1/1
Coleta de Dados - UMMI,Impressão: 08/08/2025  9:23.09,Grupo:,TH-04-R,Equipamento:  1 - UMMI,Coleta:,04/08/2025 - 08:56,Registros:   Total: 2.864        Exibidos: 2.864,Data da Coleta:,04/08/2025,Exibição de Dados,Temperatura:,,Umidade:,,Datas:,,Medições,Data / Hora,Temperatura,Umidade,29/07/2025 - 20:25,"22,00","40,00",Betha Eletrônica Ltda,1/1
Coleta de Dados - UMMI,Impressão: 08/08/2025  9:23.09,Grupo:,TH-04-R,Equipamento:  1 - UMMI,Coleta:,04/08/2025 - 08:56,Registros:   Total: 2.864        Exibidos: 2.864,Data da Coleta:,04/08/2025,Exibição de Dados,Temperatura:,,Umidade:,,Datas:,,Medições,Data / Hora,Temperatura,Umidade,29/07/2025 - 20:30,"23,00","51,00",Betha Eletrônica Ltda,1/1
Coleta de Dados - UMMI,Impressão: 08/08/2025  9:23.09,Grupo:,TH-04-R,Equipamento:  1 - UMMI,Coleta:,04/08/2025 - 08:56,Registros:   Total: 2.864        Exibidos: 2.864,Data da Coleta:,04/08/2025,Exibição de Dados,Temperatura:,,Umidade:,,Datas:,,Medições,Data / Hora,Temperatura,Umidade,29/07/2025 - 20:35,"23,00","40,00",Betha Eletrônica Ltda,1/1
Coleta de Dados - UMMI,Impressão: 08/08/2025  9:23.09,Grupo:,TH-04-R,Equipamento:  1 - UMMI,Coleta:,04/08/2025 - 08:56,Registros:   Total: 2.864        Exibidos: 2.864,Data da Coleta:,04/08/2025,Exibição de Dados,Temperatura:,,Umidade:,,Datas:,,Medições,Data / Hora,Temperatura,Umidade,29/07/2025 - 20:40,"23,00","50,00",Betha Eletrônica Ltda,1/1
Coleta de Dados - UMMI,Impressão: 08/08/2025  9:23.09,Grupo:,TH-04-R,Equipamento:  1 - UMMI,Coleta:,04/08/2025 - 08:56,Registros:   Total: 2.864        Exibidos: 2.864,Data da Coleta:,04/08/2025,Exibição de Dados,Temperatura:,,Umidade:,,Datas:,,Medições,Data / Hora,Temperatura,Umidade,29/07/2025 - 20:45,"22,00","47,00",Betha Eletrônica Ltda,1/1
Coleta de Dados - UMMI,Impressão: 08/08/2025  9:23.09,Grupo:,TH-04-R,Equipamento:  1 - UMMI,Coleta:,04/08/2025 - 08:56,Registros:   Total: 2.864        Exibidos: 2.864,Data da Coleta:,04/08/2025,Exibição de Dados,Temperatura:,,Umidade:,,Datas:,,Medições,Data / Hora,Temperatura,Umidade,29/07/2025 - 20:50,"21,00","42,00",Betha Eletrônica Ltda,1/1
Coleta de Dados - UMMI,Impressão: 08/08/2025  9:23.09,Grupo:,TH-04-R,Equipamento:  1 - UMMI,Coleta:,04/08/2025 - 08:56,Registros:   Total: 2.864        Exibidos: 2.864,Data da Coleta:,04/08/2025,Exibição de Dados,Temperatura:,,Umidade:,,Datas:,,Medições,Data / Hora,Temperatura,Umidade,29/07/2025 - 20:55,"22,00","53,00",Betha Eletrônica Ltda,1/1
Coleta de Dados - UMMI,Impressão: 08/08/2025  9:23.09,Grupo:,TH-04-R,Equipamento:  1 - UMMI,Coleta:,04/08/2025 - 08:56,Registros:   Total: 2.864        Exibidos: 2.864,Data da Coleta:,04/08/2025,Exibição de Dados,Temperatura:,,Umidade:,,Datas:,,Medições,Data / Hora,Temperatura,Umidade,29/07/2025 - 21:00,"23,00","40,00",Betha Eletrônica Ltda,1/1
Coleta de Dados - UMMI,Impressão: 08/08/2025  9:23.09,Grupo:,TH-04-R,Equipamento:  1 - UMMI,Coleta:,04/08/2025 - 08:56,Registros:   Total: 2.864        Exibidos: 2.864,Data da Coleta:,04/08/2025,Exibição de Dados,Temperatura:,,Umidade:,,Datas:,,Medições,Data / Hora,Temperatura,Umidade,29/07/2025 - 21:05,"23,00","51,00",Betha Eletrônica Ltda,1/1
Coleta de Dados - UMMI,Impressão: 08/08/2025  9:23.09,Grupo:,TH-04-R,Equipamento:  1 - UMMI,Coleta:,04/08/2025 - 08:56,Registros:   Total: 2.864        Exibidos: 2.864,Data da Coleta:,04/08/2025,Exibição de Dados,Temperatura:,,Umidade:,,Datas:,,Medições,Data / Hora,Temperatura,Umidade,29/07/2025 - 21:10,"23,00","43,00",Betha Eletrônica Ltda,1/1
Coleta de Dados - UMMI,Impressão: 08/08/2025  9:23.09,Grupo:,TH-04-R,Equipamento:  1 - UMMI,Coleta:,04/08/2025 - 08:56,Registros:   Total: 2.864        Exibidos: 2.864,Data da Coleta:,04/08/2025,Exibição de Dados,Temperatura:,,Umidade:,,Datas:,,Medições,Data / Hora,Temperatura,Umidade,29/07/2025 - 21:15,"22,00","50,00",Betha Eletrônica Ltda,1/1
Coleta de Dados - UMMI,Impressão: 08/08/2025  9:23.09,Grupo:,TH-04-R,Equipamento:  1 - UMMI,Coleta:,04/08/2025 - 08:56,Registros:   Total: 2.864        Exibidos: 2.864,Data da Coleta:,04/08/2025,Exibição de Dados,Temperatura:,,Umidade:,,Datas:,,Medições,Data / Hora,Temperatura,Umidade,29/07/2025 - 21:20,"21,00","44,00",Betha Eletrônica Ltda,1/1
Coleta de Dados - UMMI,Impressão: 08/08/2025  9:23.09,Grupo:,TH-04-R,Equipamento:  1 - UMMI,Coleta:,04/08/2025 - 08:56,Registros:   Total: 2.864        Exibidos: 2.864,Data da Coleta:,04/08/2025,Exibição de Dados,Temperatura:,,Umidade:,,Datas:,,Medições,Data / Hora,Temperatura,Umidade,29/07/2025 - 21:25,"22,00","49,00",Betha Eletrônica Ltda,1/1
Coleta de Dados - UMMI,Impressão: 08/08/2025  9:23.09,Grupo:,TH-04-R,Equipamento:  1 - UMMI,Coleta:,04/08/2025 - 08:56,Registros:   Total: 2.864        Exibidos: 2.864,Data da Coleta:,04/08/2025,Exibição de Dados,Temperatura:,,Umidade:,,Datas:,,Medições,Data / Hora,Temperatura,Umidade,29/07/2025 - 21:30,"22,00","45,00",Betha Eletrônica Ltda,1/1
Coleta de Dados - UMMI,Impressão: 08/08/2025  9:23.09,Grupo:,TH-04-R,Equipamento:  1 - UMMI,Coleta:,04/08/2025 - 08:56,Registros:   Total: 2.864        Exibidos: 2.864,Data da Coleta:,04/08/2025,Exibição de Dados,Temperatura:,,Umidade:,,Datas:,,Medições,Data / Hora,Temperatura,Umidade,29/07/2025 - 21:35,"23,00","49,00",Betha Eletrônica Ltda,1/1
Coleta de Dados - UMMI,Impressão: 08/08/2025  9:23.09,Grupo:,TH-04-R,Equipamento:  1 - UMMI,Coleta:,04/08/2025 - 08:56,Registros:   Total: 2.864        Exibidos: 2.864,Data da Coleta:,04/08/2025,Exibição de Dados,Temperatura:,,Umidade:,,Datas:,,Medições,Data / Hora,Temperatura,Umidade,29/07/2025 - 21:40,"23,00","41,00",Betha Eletrônica Ltda,1/1
Coleta de Dados - UMMI,Impressão: 08/08/2025  9:23.09,Grupo:,TH-04-R,Equipamento:  1 - UMMI,Coleta:,04/08/2025 - 08:56,Registros:   Total: 2.864        Exibidos: 2.864,Data da Coleta:,04/08/2025,Exibição de Dados,Temperatura:,,Umidade:,,Datas:,,Medições,Data / Hora,Temperatura,Umidade,29/07/2025 - 21:45,"22,00","50,00",Betha Eletrônica Ltda,1/1
Coleta de Dados - UMMI,Impressão: 08/08/2025  9:23.09,Grupo:,TH-04-R,Equipamento:  1 - UMMI,Coleta:,04/08/2025 - 08:56,Registros:   Total: 2.864        Exibidos: 2.864,Data da Coleta:,04/08/2025,Exibição de Dados,Temperatura:,,Umidade:,,Datas:,,Medições,Data / Hora,Temperatura,Umidade,29/07/2025 - 21:50,"21,00","49,00",Betha Eletrônica Ltda,1/1
Coleta de Dados - UMMI,Impressão: 08/08/2025  9:23.09,Grupo:,TH-04-R,Equipamento:  1 - UMMI,Coleta:,04/08/2025 - 08:56,Registros:   Total: 2.864        Exibidos: 2.864,Data da Coleta:,04/08/2025,Exibição de Dados,Temperatura:,,Umidade:,,Datas:,,Medições,Data / Hora,Temperatura,Umidade,29/07/2025 - 21:55,"21,00","42,00",Betha Eletrônica Ltda,1/1
Coleta de Dados - UMMI,Impressão: 08/08/2025  9:23.09,Grupo:,TH-04-R,Equipamento:  1 - UMMI,Coleta:,04/08/2025 - 08:56,Registros:   Total: 2.864        Exibidos: 2.864,Data da Coleta:,04/08/2025,Exibição de Dados,Temperatura:,,Umidade:,,Datas:,,Medições,Data / Hora,Temperatura,Umidade,29/07/2025 - 22:00,"22,00","53,00",Betha Eletrônica Ltda,1/1
Coleta de Dados - UMMI,Impressão: 08/08/2025  9:23.09,Grupo:,TH-04-R,Equipamento:  1 - UMMI,Coleta:,04/08/2025 - 08:56,Registros:   Total: 2.864        Exibidos: 2.864,Data da Coleta:,04/08/2025,Exibição de Dados,Temperatura:,,Umidade:,,Datas:,,Medições,Data / Hora,Temperatura,Umidade,29/07/2025 - 22:05,"23,00","39,00",Betha Eletrônica Ltda,1/1
Coleta de Dados - UMMI,Impressão: 08/08/2025  9:23.09,Grupo:,TH-04-R,Equipamento:  1 - UMMI,Coleta:,04/08/2025 - 08:56,Registros:   Total: 2.864        Exibidos: 2.864,Data da Coleta:,04/08/2025,Exibição de Dados,Temperatura:,,Umidade:,,Datas:,,Medições,Data / Hora,Temperatura,Umidade,29/07/2025 - 22:10,"23,00","51,00",Betha Eletrônica Ltda,1/1
Coleta de Dados - UMMI,Impressão: 08/08/2025  9:23.09,Grupo:,TH-04-R,Equipamento:  1 - UMMI,Coleta:,04/08/2025 - 08:56,Registros:   Total: 2.864        Exibidos: 2.864,Data da Coleta:,04/08/2025,Exibição de Dados,Temperatura:,,Umidade:,,Datas:,,Medições,Data / Hora,Temperatura,Umidade,29/07/2025 - 22:15,"23,00","43,00",Betha Eletrônica Ltda,1/1
Coleta de Dados - UMMI,Impressão: 08/08/2025  9:23.09,Grupo:,TH-04-R,Equipamento:  1 - UMMI,Coleta:,04/08/2025 - 08:56,Registros:   Total: 2.864        Exibidos: 2.864,Data da Coleta:,04/08/2025,Exibição de Dados,Temperatura:,,Umidade:,,Datas:,,Medições,Data / Hora,Temperatura,Umidade,29/07/2025 - 22:20,"22,00","50,00",Betha Eletrônica Ltda,1/1
Coleta de Dados - UMMI,Impressão: 08/08/2025  9:23.09,Grupo:,TH-04-R,Equipamento:  1 - UMMI,Coleta:,04/08/2025 - 08:56,Registros:   Total: 2.864        Exibidos: 2.864,Data da Coleta:,04/08/2025,Exibição de Dados,Temperatura:,,Umidade:,,Datas:,,Medições,Data / Hora,Temperatura,Umidade,29/07/2025 - 22:25,"21,00","44,00",Betha Eletrônica Ltda,1/1
Coleta de Dados - UMMI,Impressão: 08/08/2025  9:23.09,Grupo:,TH-04-R,Equipamento:  1 - UMMI,Coleta:,04/08/2025 - 08:56,Registros:   Total: 2.864        Exibidos: 2.864,Data da Coleta:,04/08/2025,Exibição de Dados,Temperatura:,,Umidade:,,Datas:,,Medições,Data / Hora,Temperatura,Umidade,29/07/2025 - 22:30,"22,00","51,00",Betha Eletrônica Ltda,1/1
Coleta de Dados - UMMI,Impressão: 08/08/2025  9:23.09,Grupo:,TH-04-R,Equipamento:  1 - UMMI,Coleta:,04/08/2025 - 08:56,Registros:   Total: 2.864        Exibidos: 2.864,Data da Coleta:,04/08/2025,Exibição de Dados,Temperatura:,,Umidade:,,Datas:,,Medições,Data / Hora,Temperatura,Umidade,29/07/2025 - 22:35,"22,00","41,00",Betha Eletrônica Ltda,1/1
Coleta de Dados - UMMI,Impressão: 08/08/2025  9:23.09,Grupo:,TH-04-R,Equipamento:  1 - UMMI,Coleta:,04/08/2025 - 08:56,Registros:   Total: 2.864        Exibidos: 2.864,Data da Coleta:,04/08/2025,Exibição de Dados,Temperatura:,,Umidade:,,Datas:,,Medições,Data / Hora,Temperatura,Umidade,29/07/2025 - 22:40,"23,00","50,00",Betha Eletrônica Ltda,1/1
Coleta de Dados - UMMI,Impressão: 08/08/2025  9:23.09,Grupo:,TH-04-R,Equipamento:  1 - UMMI,Coleta:,04/08/2025 - 08:56,Registros:   Total: 2.864        Exibidos: 2.864,Data da Coleta:,04/08/2025,Exibição de Dados,Temperatura:,,Umidade:,,Datas:,,Medições,Data / Hora,Temperatura,Umidade,29/07/2025 - 22:45,"23,00","41,00",Betha Eletrônica Ltda,1/1
Coleta de Dados - UMMI,Impressão: 08/08/2025  9:23.09,Grupo:,TH-04-R,Equipamento:  1 - UMMI,Coleta:,04/08/2025 - 08:56,Registros:   Total: 2.864        Exibidos: 2.864,Data da Coleta:,04/08/2025,Exibição de Dados,Temperatura:,,Umidade:,,Datas:,,Medições,Data / Hora,Temperatura,Umidade,29/07/2025 - 22:50,"22,00","50,00",Betha Eletrônica Ltda,1/1
Coleta de Dados - UMMI,Impressão: 08/08/2025  9:23.09,Grupo:,TH-04-R,Equipamento:  1 - UMMI,Coleta:,04/08/2025 - 08:56,Registros:   Total: 2.864        Exibidos: 2.864,Data da Coleta:,04/08/2025,Exibição de Dados,Temperatura:,,Umidade:,,Datas:,,Medições,Data / Hora,Temperatura,Umidade,29/07/2025 - 22:55,"21,00","46,00",Betha Eletrônica Ltda,1/1
Coleta de Dados - UMMI,Impressão: 08/08/2025  9:23.09,Grupo:,TH-04-R,Equipamento:  1 - UMMI,Coleta:,04/08/2025 - 08:56,Registros:   Total: 2.864        Exibidos: 2.864,Data da Coleta:,04/08/2025,Exibição de Dados,Temperatura:,,Umidade:,,Datas:,,Medições,Data / Hora,Temperatura,Umidade,29/07/2025 - 23:00,"21,00","45,00",Betha Eletrônica Ltda,1/1
Coleta de Dados - UMMI,Impressão: 08/08/2025  9:23.09,Grupo:,TH-04-R,Equipamento:  1 - UMMI,Coleta:,04/08/2025 - 08:56,Registros:   Total: 2.864        Exibidos: 2.864,Data da Coleta:,04/08/2025,Exibição de Dados,Temperatura:,,Umidade:,,Datas:,,Medições,Data / Hora,Temperatura,Umidade,29/07/2025 - 23:05,"22,00","53,00",Betha Eletrônica Ltda,1/1
Coleta de Dados - UMMI,Impressão: 08/08/2025  9:23.09,Grupo:,TH-04-R,Equipamento:  1 - UMMI,Coleta:,04/08/2025 - 08:56,Registros:   Total: 2.864        Exibidos: 2.864,Data da Coleta:,04/08/2025,Exibição de Dados,Temperatura:,,Umidade:,,Datas:,,Medições,Data / Hora,Temperatura,Umidade,29/07/2025 - 23:10,"23,00","43,00",Betha Eletrônica Ltda,1/1
Coleta de Dados - UMMI,Impressão: 08/08/2025  9:23.09,Grupo:,TH-04-R,Equipamento:  1 - UMMI,Coleta:,04/08/2025 - 08:56,Registros:   Total: 2.864        Exibidos: 2.864,Data da Coleta:,04/08/2025,Exibição de Dados,Temperatura:,,Umidade:,,Datas:,,Medições,Data / Hora,Temperatura,Umidade,29/07/2025 - 23:15,"23,00","49,00",Betha Eletrônica Ltda,1/1
Coleta de Dados - UMMI,Impressão: 08/08/2025  9:23.09,Grupo:,TH-04-R,Equipamento:  1 - UMMI,Coleta:,04/08/2025 - 08:56,Registros:   Total: 2.864        Exibidos: 2.864,Data da Coleta:,04/08/2025,Exibição de Dados,Temperatura:,,Umidade:,,Datas:,,Medições,Data / Hora,Temperatura,Umidade,29/07/2025 - 23:20,"23,00","48,00",Betha Eletrônica Ltda,1/1
Coleta de Dados - UMMI,Impressão: 08/08/2025  9:23.09,Grupo:,TH-04-R,Equipamento:  1 - UMMI,Coleta:,04/08/2025 - 08:56,Registros:   Total: 2.864        Exibidos: 2.864,Data da Coleta:,04/08/2025,Exibição de Dados,Temperatura:,,Umidade:,,Datas:,,Medições,Data / Hora,Temperatura,Umidade,29/07/2025 - 23:25,"22,00","47,00",Betha Eletrônica Ltda,1/1
Coleta de Dados - UMMI,Impressão: 08/08/2025  9:23.09,Grupo:,TH-04-R,Equipamento:  1 - UMMI,Coleta:,04/08/2025 - 08:56,Registros:   Total: 2.864        Exibidos: 2.864,Data da Coleta:,04/08/2025,Exibição de Dados,Temperatura:,,Umidade:,,Datas:,,Medições,Data / Hora,Temperatura,Umidade,29/07/2025 - 23:30,"22,00","46,00",Betha Eletrônica Ltda,1/1
Coleta de Dados - UMMI,Impressão: 08/08/2025  9:23.09,Grupo:,TH-04-R,Equipamento:  1 - UMMI,Coleta:,04/08/2025 - 08:56,Registros:   Total: 2.864        Exibidos: 2.864,Data da Coleta:,04/08/2025,Exibição de Dados,Temperatura:,,Umidade:,,Datas:,,Medições,Data / Hora,Temperatura,Umidade,29/07/2025 - 23:35,"22,00","52,00",Betha Eletrônica Ltda,1/1
Coleta de Dados - UMMI,Impressão: 08/08/2025  9:23.09,Grupo:,TH-04-R,Equipamento:  1 - UMMI,Coleta:,04/08/2025 - 08:56,Registros:   Total: 2.864        Exibidos: 2.864,Data da Coleta:,04/08/2025,Exibição de Dados,Temperatura:,,Umidade:,,Datas:,,Medições,Data / Hora,Temperatura,Umidade,29/07/2025 - 23:40,"23,00","43,00",Betha Eletrônica Ltda,1/1
Coleta de Dados - UMMI,Impressão: 08/08/2025  9:23.09,Grupo:,TH-04-R,Equipamento:  1 - UMMI,Coleta:,04/08/2025 - 08:56,Registros:   Total: 2.864        Exibidos: 2.864,Data da Coleta:,04/08/2025,Exibição de Dados,Temperatura:,,Umidade:,,Datas:,,Medições,Data / Hora,Temperatura,Umidade,29/07/2025 - 23:45,"23,00","49,00",Betha Eletrônica Ltda,1/1
Coleta de Dados - UMMI,Impressão: 08/08/2025  9:23.09,Grupo:,TH-04-R,Equipamento:  1 - UMMI,Coleta:,04/08/2025 - 08:56,Registros:   Total: 2.864        Exibidos: 2.864,Data da Coleta:,04/08/2025,Exibição de Dados,Temperatura:,,Umidade:,,Datas:,,Medições,Data / Hora,Temperatura,Umidade,29/07/2025 - 23:50,"23,00","49,00",Betha Eletrônica Ltda,1/1
Coleta de Dados - UMMI,Impressão: 08/08/2025  9:23.09,Grupo:,TH-04-R,Equipamento:  1 - UMMI,Coleta:,04/08/2025 - 08:56,Registros:   Total: 2.864        Exibidos: 2.864,Data da Coleta:,04/08/2025,Exibição de Dados,Temperatura:,,Umidade:,,Datas:,,Medições,Data / Hora,Temperatura,Umidade,29/07/2025 - 23:55,"22,00","45,00",Betha Eletrônica Ltda,1/1
Coleta de Dados - UMMI,Impressão: 08/08/2025  9:23.09,Grupo:,TH-04-R,Equipamento:  1 - UMMI,Coleta:,04/08/2025 - 08:56,Registros:   Total: 2.864        Exibidos: 2.864,Data da Coleta:,04/08/2025,Exibição de Dados,Temperatura:,,Umidade:,,Datas:,,Medições,Data / Hora,Temperatura,Umidade,30/07/2025 - 00:00,"22,00","47,00",Betha Eletrônica Ltda,1/1
Coleta de Dados - UMMI,Impressão: 08/08/2025  9:23.09,Grupo:,TH-04-R,Equipamento:  1 - UMMI,Coleta:,04/08/2025 - 08:56,Registros:   Total: 2.864        Exibidos: 2.864,Data da Coleta:,04/08/2025,Exibição de Dados,Temperatura:,,Umidade:,,Datas:,,Medições,Data / Hora,Temperatura,Umidade,30/07/2025 - 00:05,"22,00","53,00",Betha Eletrônica Ltda,1/1
Coleta de Dados - UMMI,Impressão: 08/08/2025  9:23.09,Grupo:,TH-04-R,Equipamento:  1 - UMMI,Coleta:,04/08/2025 - 08:56,Registros:   Total: 2.864        Exibidos: 2.864,Data da Coleta:,04/08/2025,Exibição de Dados,Temperatura:,,Umidade:,,Datas:,,Medições,Data / Hora,Temperatura,Umidade,30/07/2025 - 00:10,"23,00","42,00",Betha Eletrônica Ltda,1/1
Coleta de Dados - UMMI,Impressão: 08/08/2025  9:23.09,Grupo:,TH-04-R,Equipamento:  1 - UMMI,Coleta:,04/08/2025 - 08:56,Registros:   Total: 2.864        Exibidos: 2.864,Data da Coleta:,04/08/2025,Exibição de Dados,Temperatura:,,Umidade:,,Datas:,,Medições,Data / Hora,Temperatura,Umidade,30/07/2025 - 00:15,"23,00","51,00",Betha Eletrônica Ltda,1/1
Coleta de Dados - UMMI,Impressão: 08/08/2025  9:23.09,Grupo:,TH-04-R,Equipamento:  1 - UMMI,Coleta:,04/08/2025 - 08:56,Registros:   Total: 2.864        Exibidos: 2.864,Data da Coleta:,04/08/2025,Exibição de Dados,Temperatura:,,Umidade:,,Datas:,,Medições,Data / Hora,Temperatura,Umidade,30/07/2025 - 00:20,"24,00","48,00",Betha Eletrônica Ltda,1/1
Coleta de Dados - UMMI,Impressão: 08/08/2025  9:23.09,Grupo:,TH-04-R,Equipamento:  1 - UMMI,Coleta:,04/08/2025 - 08:56,Registros:   Total: 2.864        Exibidos: 2.864,Data da Coleta:,04/08/2025,Exibição de Dados,Temperatura:,,Umidade:,,Datas:,,Medições,Data / Hora,Temperatura,Umidade,30/07/2025 - 00:25,"23,00","45,00",Betha Eletrônica Ltda,1/1
Coleta de Dados - UMMI,Impressão: 08/08/2025  9:23.09,Grupo:,TH-04-R,Equipamento:  1 - UMMI,Coleta:,04/08/2025 - 08:56,Registros:   Total: 2.864        Exibidos: 2.864,Data da Coleta:,04/08/2025,Exibição de Dados,Temperatura:,,Umidade:,,Datas:,,Medições,Data / Hora,Temperatura,Umidade,30/07/2025 - 00:30,"22,00","48,00",Betha Eletrônica Ltda,1/1
Coleta de Dados - UMMI,Impressão: 08/08/2025  9:23.09,Grupo:,TH-04-R,Equipamento:  1 - UMMI,Coleta:,04/08/2025 - 08:56,Registros:   Total: 2.864        Exibidos: 2.864,Data da Coleta:,04/08/2025,Exibição de Dados,Temperatura:,,Umidade:,,Datas:,,Medições,Data / Hora,Temperatura,Umidade,30/07/2025 - 00:35,"21,00","52,00",Betha Eletrônica Ltda,1/1
Coleta de Dados - UMMI,Impressão: 08/08/2025  9:23.09,Grupo:,TH-04-R,Equipamento:  1 - UMMI,Coleta:,04/08/2025 - 08:56,Registros:   Total: 2.864        Exibidos: 2.864,Data da Coleta:,04/08/2025,Exibição de Dados,Temperatura:,,Umidade:,,Datas:,,Medições,Data / Hora,Temperatura,Umidade,30/07/2025 - 00:40,"22,00","40,00",Betha Eletrônica Ltda,1/1
Coleta de Dados - UMMI,Impressão: 08/08/2025  9:23.09,Grupo:,TH-04-R,Equipamento:  1 - UMMI,Coleta:,04/08/2025 - 08:56,Registros:   Total: 2.864        Exibidos: 2.864,Data da Coleta:,04/08/2025,Exibição de Dados,Temperatura:,,Umidade:,,Datas:,,Medições,Data / Hora,Temperatura,Umidade,30/07/2025 - 00:45,"23,00","52,00",Betha Eletrônica Ltda,1/1
Coleta de Dados - UMMI,Impressão: 08/08/2025  9:23.09,Grupo:,TH-04-R,Equipamento:  1 - UMMI,Coleta:,04/08/2025 - 08:56,Registros:   Total: 2.864        Exibidos: 2.864,Data da Coleta:,04/08/2025,Exibição de Dados,Temperatura:,,Umidade:,,Datas:,,Medições,Data / Hora,Temperatura,Umidade,30/07/2025 - 00:50,"23,00","41,00",Betha Eletrônica Ltda,1/1
Coleta de Dados - UMMI,Impressão: 08/08/2025  9:23.09,Grupo:,TH-04-R,Equipamento:  1 - UMMI,Coleta:,04/08/2025 - 08:56,Registros:   Total: 2.864        Exibidos: 2.864,Data da Coleta:,04/08/2025,Exibição de Dados,Temperatura:,,Umidade:,,Datas:,,Medições,Data / Hora,Temperatura,Umidade,30/07/2025 - 00:55,"22,00","50,00",Betha Eletrônica Ltda,1/1
Coleta de Dados - UMMI,Impressão: 08/08/2025  9:23.09,Grupo:,TH-04-R,Equipamento:  1 - UMMI,Coleta:,04/08/2025 - 08:56,Registros:   Total: 2.864        Exibidos: 2.864,Data da Coleta:,04/08/2025,Exibição de Dados,Temperatura:,,Umidade:,,Datas:,,Medições,Data / Hora,Temperatura,Umidade,30/07/2025 - 01:00,"22,00","46,00",Betha Eletrônica Ltda,1/1
Coleta de Dados - UMMI,Impressão: 08/08/2025  9:23.09,Grupo:,TH-04-R,Equipamento:  1 - UMMI,Coleta:,04/08/2025 - 08:56,Registros:   Total: 2.864        Exibidos: 2.864,Data da Coleta:,04/08/2025,Exibição de Dados,Temperatura:,,Umidade:,,Datas:,,Medições,Data / Hora,Temperatura,Umidade,30/07/2025 - 01:05,"21,00","50,00",Betha Eletrônica Ltda,1/1
Coleta de Dados - UMMI,Impressão: 08/08/2025  9:23.09,Grupo:,TH-04-R,Equipamento:  1 - UMMI,Coleta:,04/08/2025 - 08:56,Registros:   Total: 2.864        Exibidos: 2.864,Data da Coleta:,04/08/2025,Exibição de Dados,Temperatura:,,Umidade:,,Datas:,,Medições,Data / Hora,Temperatura,Umidade,30/07/2025 - 01:10,"22,00","42,00",Betha Eletrônica Ltda,1/1
Coleta de Dados - UMMI,Impressão: 08/08/2025  9:23.09,Grupo:,TH-04-R,Equipamento:  1 - UMMI,Coleta:,04/08/2025 - 08:56,Registros:   Total: 2.864        Exibidos: 2.864,Data da Coleta:,04/08/2025,Exibição de Dados,Temperatura:,,Umidade:,,Datas:,,Medições,Data / Hora,Temperatura,Umidade,30/07/2025 - 01:15,"22,00","53,00",Betha Eletrônica Ltda,1/1
Coleta de Dados - UMMI,Impressão: 08/08/2025  9:23.09,Grupo:,TH-04-R,Equipamento:  1 - UMMI,Coleta:,04/08/2025 - 08:56,Registros:   Total: 2.864        Exibidos: 2.864,Data da Coleta:,04/08/2025,Exibição de Dados,Temperatura:,,Umidade:,,Datas:,,Medições,Data / Hora,Temperatura,Umidade,30/07/2025 - 01:20,"23,00","41,00",Betha Eletrônica Ltda,1/1
Coleta de Dados - UMMI,Impressão: 08/08/2025  9:23.09,Grupo:,TH-04-R,Equipamento:  1 - UMMI,Coleta:,04/08/2025 - 08:56,Registros:   Total: 2.864        Exibidos: 2.864,Data da Coleta:,04/08/2025,Exibição de Dados,Temperatura:,,Umidade:,,Datas:,,Medições,Data / Hora,Temperatura,Umidade,30/07/2025 - 01:25,"23,00","50,00",Betha Eletrônica Ltda,1/1
Coleta de Dados - UMMI,Impressão: 08/08/2025  9:23.09,Grupo:,TH-04-R,Equipamento:  1 - UMMI,Coleta:,04/08/2025 - 08:56,Registros:   Total: 2.864        Exibidos: 2.864,Data da Coleta:,04/08/2025,Exibição de Dados,Temperatura:,,Umidade:,,Datas:,,Medições,Data / Hora,Temperatura,Umidade,30/07/2025 - 01:30,"23,00","49,00",Betha Eletrônica Ltda,1/1
Coleta de Dados - UMMI,Impressão: 08/08/2025  9:23.09,Grupo:,TH-04-R,Equipamento:  1 - UMMI,Coleta:,04/08/2025 - 08:56,Registros:   Total: 2.864        Exibidos: 2.864,Data da Coleta:,04/08/2025,Exibição de Dados,Temperatura:,,Umidade:,,Datas:,,Medições,Data / Hora,Temperatura,Umidade,30/07/2025 - 01:35,"22,00","46,00",Betha Eletrônica Ltda,1/1
Coleta de Dados - UMMI,Impressão: 08/08/2025  9:23.09,Grupo:,TH-04-R,Equipamento:  1 - UMMI,Coleta:,04/08/2025 - 08:56,Registros:   Total: 2.864        Exibidos: 2.864,Data da Coleta:,04/08/2025,Exibição de Dados,Temperatura:,,Umidade:,,Datas:,,Medições,Data / Hora,Temperatura,Umidade,30/07/2025 - 01:40,"22,00","45,00",Betha Eletrônica Ltda,1/1
Coleta de Dados - UMMI,Impressão: 08/08/2025  9:23.09,Grupo:,TH-04-R,Equipamento:  1 - UMMI,Coleta:,04/08/2025 - 08:56,Registros:   Total: 2.864        Exibidos: 2.864,Data da Coleta:,04/08/2025,Exibição de Dados,Temperatura:,,Umidade:,,Datas:,,Medições,Data / Hora,Temperatura,Umidade,30/07/2025 - 01:45,"22,00","52,00",Betha Eletrônica Ltda,1/1
Coleta de Dados - UMMI,Impressão: 08/08/2025  9:23.09,Grupo:,TH-04-R,Equipamento:  1 - UMMI,Coleta:,04/08/2025 - 08:56,Registros:   Total: 2.864        Exibidos: 2.864,Data da Coleta:,04/08/2025,Exibição de Dados,Temperatura:,,Umidade:,,Datas:,,Medições,Data / Hora,Temperatura,Umidade,30/07/2025 - 01:50,"23,00","43,00",Betha Eletrônica Ltda,1/1
Coleta de Dados - UMMI,Impressão: 08/08/2025  9:23.09,Grupo:,TH-04-R,Equipamento:  1 - UMMI,Coleta:,04/08/2025 - 08:56,Registros:   Total: 2.864        Exibidos: 2.864,Data da Coleta:,04/08/2025,Exibição de Dados,Temperatura:,,Umidade:,,Datas:,,Medições,Data / Hora,Temperatura,Umidade,30/07/2025 - 01:55,"23,00","49,00",Betha Eletrônica Ltda,1/1
Coleta de Dados - UMMI,Impressão: 08/08/2025  9:23.09,Grupo:,TH-04-R,Equipamento:  1 - UMMI,Coleta:,04/08/2025 - 08:56,Registros:   Total: 2.864        Exibidos: 2.864,Data da Coleta:,04/08/2025,Exibição de Dados,Temperatura:,,Umidade:,,Datas:,,Medições,Data / Hora,Temperatura,Umidade,30/07/2025 - 02:00,"23,00","49,00",Betha Eletrônica Ltda,1/1
Coleta de Dados - UMMI,Impressão: 08/08/2025  9:23.09,Grupo:,TH-04-R,Equipamento:  1 - UMMI,Coleta:,04/08/2025 - 08:56,Registros:   Total: 2.864        Exibidos: 2.864,Data da Coleta:,04/08/2025,Exibição de Dados,Temperatura:,,Umidade:,,Datas:,,Medições,Data / Hora,Temperatura,Umidade,30/07/2025 - 02:05,"22,00","41,00",Betha Eletrônica Ltda,1/1
Coleta de Dados - UMMI,Impressão: 08/08/2025  9:23.09,Grupo:,TH-04-R,Equipamento:  1 - UMMI,Coleta:,04/08/2025 - 08:56,Registros:   Total: 2.864        Exibidos: 2.864,Data da Coleta:,04/08/2025,Exibição de Dados,Temperatura:,,Umidade:,,Datas:,,Medições,Data / Hora,Temperatura,Umidade,30/07/2025 - 02:10,"22,00","50,00",Betha Eletrônica Ltda,1/1
Coleta de Dados - UMMI,Impressão: 08/08/2025  9:23.09,Grupo:,TH-04-R,Equipamento:  1 - UMMI,Coleta:,04/08/2025 - 08:56,Registros:   Total: 2.864        Exibidos: 2.864,Data da Coleta:,04/08/2025,Exibição de Dados,Temperatura:,,Umidade:,,Datas:,,Medições,Data / Hora,Temperatura,Umidade,30/07/2025 - 02:15,"21,00","44,00",Betha Eletrônica Ltda,1/1
Coleta de Dados - UMMI,Impressão: 08/08/2025  9:23.09,Grupo:,TH-04-R,Equipamento:  1 - UMMI,Coleta:,04/08/2025 - 08:56,Registros:   Total: 2.864        Exibidos: 2.864,Data da Coleta:,04/08/2025,Exibição de Dados,Temperatura:,,Umidade:,,Datas:,,Medições,Data / Hora,Temperatura,Umidade,30/07/2025 - 02:20,"23,00","50,00",Betha Eletrônica Ltda,1/1
Coleta de Dados - UMMI,Impressão: 08/08/2025  9:23.09,Grupo:,TH-04-R,Equipamento:  1 - UMMI,Coleta:,04/08/2025 - 08:56,Registros:   Total: 2.864        Exibidos: 2.864,Data da Coleta:,04/08/2025,Exibição de Dados,Temperatura:,,Umidade:,,Datas:,,Medições,Data / Hora,Temperatura,Umidade,30/07/2025 - 02:25,"23,00","41,00",Betha Eletrônica Ltda,1/1
Coleta de Dados - UMMI,Impressão: 08/08/2025  9:23.09,Grupo:,TH-04-R,Equipamento:  1 - UMMI,Coleta:,04/08/2025 - 08:56,Registros:   Total: 2.864        Exibidos: 2.864,Data da Coleta:,04/08/2025,Exibição de Dados,Temperatura:,,Umidade:,,Datas:,,Medições,Data / Hora,Temperatura,Umidade,30/07/2025 - 02:30,"23,00","50,00",Betha Eletrônica Ltda,1/1
Coleta de Dados - UMMI,Impressão: 08/08/2025  9:23.09,Grupo:,TH-04-R,Equipamento:  1 - UMMI,Coleta:,04/08/2025 - 08:56,Registros:   Total: 2.864        Exibidos: 2.864,Data da Coleta:,04/08/2025,Exibição de Dados,Temperatura:,,Umidade:,,Datas:,,Medições,Data / Hora,Temperatura,Umidade,30/07/2025 - 02:35,"24,00","47,00",Betha Eletrônica Ltda,1/1
Coleta de Dados - UMMI,Impressão: 08/08/2025  9:23.09,Grupo:,TH-04-R,Equipamento:  1 - UMMI,Coleta:,04/08/2025 - 08:56,Registros:   Total: 2.864        Exibidos: 2.864,Data da Coleta:,04/08/2025,Exibição de Dados,Temperatura:,,Umidade:,,Datas:,,Medições,Data / Hora,Temperatura,Umidade,30/07/2025 - 02:40,"24,00","46,00",Betha Eletrônica Ltda,1/1
Coleta de Dados - UMMI,Impressão: 08/08/2025  9:23.09,Grupo:,TH-04-R,Equipamento:  1 - UMMI,Coleta:,04/08/2025 - 08:56,Registros:   Total: 2.864        Exibidos: 2.864,Data da Coleta:,04/08/2025,Exibição de Dados,Temperatura:,,Umidade:,,Datas:,,Medições,Data / Hora,Temperatura,Umidade,30/07/2025 - 02:45,"23,00","47,00",Betha Eletrônica Ltda,1/1
Coleta de Dados - UMMI,Impressão: 08/08/2025  9:23.09,Grupo:,TH-04-R,Equipamento:  1 - UMMI,Coleta:,04/08/2025 - 08:56,Registros:   Total: 2.864        Exibidos: 2.864,Data da Coleta:,04/08/2025,Exibição de Dados,Temperatura:,,Umidade:,,Datas:,,Medições,Data / Hora,Temperatura,Umidade,30/07/2025 - 02:50,"23,00","48,00",Betha Eletrônica Ltda,1/1
Coleta de Dados - UMMI,Impressão: 08/08/2025  9:23.09,Grupo:,TH-04-R,Equipamento:  1 - UMMI,Coleta:,04/08/2025 - 08:56,Registros:   Total: 2.864        Exibidos: 2.864,Data da Coleta:,04/08/2025,Exibição de Dados,Temperatura:,,Umidade:,,Datas:,,Medições,Data / Hora,Temperatura,Umidade,30/07/2025 - 02:55,"22,00","47,00",Betha Eletrônica Ltda,1/1
Coleta de Dados - UMMI,Impressão: 08/08/2025  9:23.09,Grupo:,TH-04-R,Equipamento:  1 - UMMI,Coleta:,04/08/2025 - 08:56,Registros:   Total: 2.864        Exibidos: 2.864,Data da Coleta:,04/08/2025,Exibição de Dados,Temperatura:,,Umidade:,,Datas:,,Medições,Data / Hora,Temperatura,Umidade,30/07/2025 - 03:00,"21,00","50,00",Betha Eletrônica Ltda,1/1
Coleta de Dados - UMMI,Impressão: 08/08/2025  9:23.09,Grupo:,TH-04-R,Equipamento:  1 - UMMI,Coleta:,04/08/2025 - 08:56,Registros:   Total: 2.864        Exibidos: 2.864,Data da Coleta:,04/08/2025,Exibição de Dados,Temperatura:,,Umidade:,,Datas:,,Medições,Data / Hora,Temperatura,Umidade,30/07/2025 - 03:05,"21,00","46,00",Betha Eletrônica Ltda,1/1
Coleta de Dados - UMMI,Impressão: 08/08/2025  9:23.09,Grupo:,TH-04-R,Equipamento:  1 - UMMI,Coleta:,04/08/2025 - 08:56,Registros:   Total: 2.864        Exibidos: 2.864,Data da Coleta:,04/08/2025,Exibição de Dados,Temperatura:,,Umidade:,,Datas:,,Medições,Data / Hora,Temperatura,Umidade,30/07/2025 - 03:10,"22,00","48,00",Betha Eletrônica Ltda,1/1
Coleta de Dados - UMMI,Impressão: 08/08/2025  9:23.09,Grupo:,TH-04-R,Equipamento:  1 - UMMI,Coleta:,04/08/2025 - 08:56,Registros:   Total: 2.864        Exibidos: 2.864,Data da Coleta:,04/08/2025,Exibição de Dados,Temperatura:,,Umidade:,,Datas:,,Medições,Data / Hora,Temperatura,Umidade,30/07/2025 - 03:15,"22,00","43,00",Betha Eletrônica Ltda,1/1
Coleta de Dados - UMMI,Impressão: 08/08/2025  9:23.09,Grupo:,TH-04-R,Equipamento:  1 - UMMI,Coleta:,04/08/2025 - 08:56,Registros:   Total: 2.864        Exibidos: 2.864,Data da Coleta:,04/08/2025,Exibição de Dados,Temperatura:,,Umidade:,,Datas:,,Medições,Data / Hora,Temperatura,Umidade,30/07/2025 - 03:20,"23,00","50,00",Betha Eletrônica Ltda,1/1
Coleta de Dados - UMMI,Impressão: 08/08/2025  9:23.09,Grupo:,TH-04-R,Equipamento:  1 - UMMI,Coleta:,04/08/2025 - 08:56,Registros:   Total: 2.864        Exibidos: 2.864,Data da Coleta:,04/08/2025,Exibição de Dados,Temperatura:,,Umidade:,,Datas:,,Medições,Data / Hora,Temperatura,Umidade,30/07/2025 - 03:25,"23,00","39,00",Betha Eletrônica Ltda,1/1
Coleta de Dados - UMMI,Impressão: 08/08/2025  9:23.09,Grupo:,TH-04-R,Equipamento:  1 - UMMI,Coleta:,04/08/2025 - 08:56,Registros:   Total: 2.864        Exibidos: 2.864,Data da Coleta:,04/08/2025,Exibição de Dados,Temperatura:,,Umidade:,,Datas:,,Medições,Data / Hora,Temperatura,Umidade,30/07/2025 - 03:30,"22,00","49,00",Betha Eletrônica Ltda,1/1
Coleta de Dados - UMMI,Impressão: 08/08/2025  9:23.09,Grupo:,TH-04-R,Equipamento:  1 - UMMI,Coleta:,04/08/2025 - 08:56,Registros:   Total: 2.864        Exibidos: 2.864,Data da Coleta:,04/08/2025,Exibição de Dados,Temperatura:,,Umidade:,,Datas:,,Medições,Data / Hora,Temperatura,Umidade,30/07/2025 - 03:35,"22,00","45,00",Betha Eletrônica Ltda,1/1
Coleta de Dados - UMMI,Impressão: 08/08/2025  9:23.09,Grupo:,TH-04-R,Equipamento:  1 - UMMI,Coleta:,04/08/2025 - 08:56,Registros:   Total: 2.864        Exibidos: 2.864,Data da Coleta:,04/08/2025,Exibição de Dados,Temperatura:,,Umidade:,,Datas:,,Medições,Data / Hora,Temperatura,Umidade,30/07/2025 - 03:40,"21,00","51,00",Betha Eletrônica Ltda,1/1
Coleta de Dados - UMMI,Impressão: 08/08/2025  9:23.09,Grupo:,TH-04-R,Equipamento:  1 - UMMI,Coleta:,04/08/2025 - 08:56,Registros:   Total: 2.864        Exibidos: 2.864,Data da Coleta:,04/08/2025,Exibição de Dados,Temperatura:,,Umidade:,,Datas:,,Medições,Data / Hora,Temperatura,Umidade,30/07/2025 - 03:45,"22,00","40,00",Betha Eletrônica Ltda,1/1
Coleta de Dados - UMMI,Impressão: 08/08/2025  9:23.09,Grupo:,TH-04-R,Equipamento:  1 - UMMI,Coleta:,04/08/2025 - 08:56,Registros:   Total: 2.864        Exibidos: 2.864,Data da Coleta:,04/08/2025,Exibição de Dados,Temperatura:,,Umidade:,,Datas:,,Medições,Data / Hora,Temperatura,Umidade,30/07/2025 - 03:50,"23,00","52,00",Betha Eletrônica Ltda,1/1
Coleta de Dados - UMMI,Impressão: 08/08/2025  9:23.09,Grupo:,TH-04-R,Equipamento:  1 - UMMI,Coleta:,04/08/2025 - 08:56,Registros:   Total: 2.864        Exibidos: 2.864,Data da Coleta:,04/08/2025,Exibição de Dados,Temperatura:,,Umidade:,,Datas:,,Medições,Data / Hora,Temperatura,Umidade,30/07/2025 - 03:55,"23,00","41,00",Betha Eletrônica Ltda,1/1
Coleta de Dados - UMMI,Impressão: 08/08/2025  9:23.09,Grupo:,TH-04-R,Equipamento:  1 - UMMI,Coleta:,04/08/2025 - 08:56,Registros:   Total: 2.864        Exibidos: 2.864,Data da Coleta:,04/08/2025,Exibição de Dados,Temperatura:,,Umidade:,,Datas:,,Medições,Data / Hora,Temperatura,Umidade,30/07/2025 - 04:00,"23,00","50,00",Betha Eletrônica Ltda,1/1
Coleta de Dados - UMMI,Impressão: 08/08/2025  9:23.09,Grupo:,TH-04-R,Equipamento:  1 - UMMI,Coleta:,04/08/2025 - 08:56,Registros:   Total: 2.864        Exibidos: 2.864,Data da Coleta:,04/08/2025,Exibição de Dados,Temperatura:,,Umidade:,,Datas:,,Medições,Data / Hora,Temperatura,Umidade,30/07/2025 - 04:05,"23,00","48,00",Betha Eletrônica Ltda,1/1
Coleta de Dados - UMMI,Impressão: 08/08/2025  9:23.09,Grupo:,TH-04-R,Equipamento:  1 - UMMI,Coleta:,04/08/2025 - 08:56,Registros:   Total: 2.864        Exibidos: 2.864,Data da Coleta:,04/08/2025,Exibição de Dados,Temperatura:,,Umidade:,,Datas:,,Medições,Data / Hora,Temperatura,Umidade,30/07/2025 - 04:10,"23,00","48,00",Betha Eletrônica Ltda,1/1
Coleta de Dados - UMMI,Impressão: 08/08/2025  9:23.09,Grupo:,TH-04-R,Equipamento:  1 - UMMI,Coleta:,04/08/2025 - 08:56,Registros:   Total: 2.864        Exibidos: 2.864,Data da Coleta:,04/08/2025,Exibição de Dados,Temperatura:,,Umidade:,,Datas:,,Medições,Data / Hora,Temperatura,Umidade,30/07/2025 - 04:15,"23,00","48,00",Betha Eletrônica Ltda,1/1
Coleta de Dados - UMMI,Impressão: 08/08/2025  9:23.09,Grupo:,TH-04-R,Equipamento:  1 - UMMI,Coleta:,04/08/2025 - 08:56,Registros:   Total: 2.864        Exibidos: 2.864,Data da Coleta:,04/08/2025,Exibição de Dados,Temperatura:,,Umidade:,,Datas:,,Medições,Data / Hora,Temperatura,Umidade,30/07/2025 - 04:20,"22,00","48,00",Betha Eletrônica Ltda,1/1
Coleta de Dados - UMMI,Impressão: 08/08/2025  9:23.09,Grupo:,TH-04-R,Equipamento:  1 - UMMI,Coleta:,04/08/2025 - 08:56,Registros:   Total: 2.864        Exibidos: 2.864,Data da Coleta:,04/08/2025,Exibição de Dados,Temperatura:,,Umidade:,,Datas:,,Medições,Data / Hora,Temperatura,Umidade,30/07/2025 - 04:25,"22,00","45,00",Betha Eletrônica Ltda,1/1
Coleta de Dados - UMMI,Impressão: 08/08/2025  9:23.09,Grupo:,TH-04-R,Equipamento:  1 - UMMI,Coleta:,04/08/2025 - 08:56,Registros:   Total: 2.864        Exibidos: 2.864,Data da Coleta:,04/08/2025,Exibição de Dados,Temperatura:,,Umidade:,,Datas:,,Medições,Data / Hora,Temperatura,Umidade,30/07/2025 - 04:30,"21,00","49,00",Betha Eletrônica Ltda,1/1
Coleta de Dados - UMMI,Impressão: 08/08/2025  9:23.09,Grupo:,TH-04-R,Equipamento:  1 - UMMI,Coleta:,04/08/2025 - 08:56,Registros:   Total: 2.864        Exibidos: 2.864,Data da Coleta:,04/08/2025,Exibição de Dados,Temperatura:,,Umidade:,,Datas:,,Medições,Data / Hora,Temperatura,Umidade,30/07/2025 - 04:35,"21,00","49,00",Betha Eletrônica Ltda,1/1
Coleta de Dados - UMMI,Impressão: 08/08/2025  9:23.09,Grupo:,TH-04-R,Equipamento:  1 - UMMI,Coleta:,04/08/2025 - 08:56,Registros:   Total: 2.864        Exibidos: 2.864,Data da Coleta:,04/08/2025,Exibição de Dados,Temperatura:,,Umidade:,,Datas:,,Medições,Data / Hora,Temperatura,Umidade,30/07/2025 - 04:40,"23,00","46,00",Betha Eletrônica Ltda,1/1
Coleta de Dados - UMMI,Impressão: 08/08/2025  9:23.09,Grupo:,TH-04-R,Equipamento:  1 - UMMI,Coleta:,04/08/2025 - 08:56,Registros:   Total: 2.864        Exibidos: 2.864,Data da Coleta:,04/08/2025,Exibição de Dados,Temperatura:,,Umidade:,,Datas:,,Medições,Data / Hora,Temperatura,Umidade,30/07/2025 - 04:45,"22,00","46,00",Betha Eletrônica Ltda,1/1
Coleta de Dados - UMMI,Impressão: 08/08/2025  9:23.09,Grupo:,TH-04-R,Equipamento:  1 - UMMI,Coleta:,04/08/2025 - 08:56,Registros:   Total: 2.864        Exibidos: 2.864,Data da Coleta:,04/08/2025,Exibição de Dados,Temperatura:,,Umidade:,,Datas:,,Medições,Data / Hora,Temperatura,Umidade,30/07/2025 - 04:50,"23,00","49,00",Betha Eletrônica Ltda,1/1
Coleta de Dados - UMMI,Impressão: 08/08/2025  9:23.09,Grupo:,TH-04-R,Equipamento:  1 - UMMI,Coleta:,04/08/2025 - 08:56,Registros:   Total: 2.864        Exibidos: 2.864,Data da Coleta:,04/08/2025,Exibição de Dados,Temperatura:,,Umidade:,,Datas:,,Medições,Data / Hora,Temperatura,Umidade,30/07/2025 - 04:55,"25,00","46,00",Betha Eletrônica Ltda,1/1
Coleta de Dados - UMMI,Impressão: 08/08/2025  9:23.09,Grupo:,TH-04-R,Equipamento:  1 - UMMI,Coleta:,04/08/2025 - 08:56,Registros:   Total: 2.864        Exibidos: 2.864,Data da Coleta:,04/08/2025,Exibição de Dados,Temperatura:,,Umidade:,,Datas:,,Medições,Data / Hora,Temperatura,Umidade,30/07/2025 - 05:00,"24,00","45,00",Betha Eletrônica Ltda,1/1
Coleta de Dados - UMMI,Impressão: 08/08/2025  9:23.09,Grupo:,TH-04-R,Equipamento:  1 - UMMI,Coleta:,04/08/2025 - 08:56,Registros:   Total: 2.864        Exibidos: 2.864,Data da Coleta:,04/08/2025,Exibição de Dados,Temperatura:,,Umidade:,,Datas:,,Medições,Data / Hora,Temperatura,Umidade,30/07/2025 - 05:05,"23,00","46,00",Betha Eletrônica Ltda,1/1
Coleta de Dados - UMMI,Impressão: 08/08/2025  9:23.09,Grupo:,TH-04-R,Equipamento:  1 - UMMI,Coleta:,04/08/2025 - 08:56,Registros:   Total: 2.864        Exibidos: 2.864,Data da Coleta:,04/08/2025,Exibição de Dados,Temperatura:,,Umidade:,,Datas:,,Medições,Data / Hora,Temperatura,Umidade,30/07/2025 - 05:10,"23,00","47,00",Betha Eletrônica Ltda,1/1
Coleta de Dados - UMMI,Impressão: 08/08/2025  9:23.09,Grupo:,TH-04-R,Equipamento:  1 - UMMI,Coleta:,04/08/2025 - 08:56,Registros:   Total: 2.864        Exibidos: 2.864,Data da Coleta:,04/08/2025,Exibição de Dados,Temperatura:,,Umidade:,,Datas:,,Medições,Data / Hora,Temperatura,Umidade,30/07/2025 - 05:15,"22,00","48,00",Betha Eletrônica Ltda,1/1
Coleta de Dados - UMMI,Impressão: 08/08/2025  9:23.09,Grupo:,TH-04-R,Equipamento:  1 - UMMI,Coleta:,04/08/2025 - 08:56,Registros:   Total: 2.864        Exibidos: 2.864,Data da Coleta:,04/08/2025,Exibição de Dados,Temperatura:,,Umidade:,,Datas:,,Medições,Data / Hora,Temperatura,Umidade,30/07/2025 - 05:20,"22,00","49,00",Betha Eletrônica Ltda,1/1
Coleta de Dados - UMMI,Impressão: 08/08/2025  9:23.09,Grupo:,TH-04-R,Equipamento:  1 - UMMI,Coleta:,04/08/2025 - 08:56,Registros:   Total: 2.864        Exibidos: 2.864,Data da Coleta:,04/08/2025,Exibição de Dados,Temperatura:,,Umidade:,,Datas:,,Medições,Data / Hora,Temperatura,Umidade,30/07/2025 - 05:25,"21,00","47,00",Betha Eletrônica Ltda,1/1
Coleta de Dados - UMMI,Impressão: 08/08/2025  9:23.09,Grupo:,TH-04-R,Equipamento:  1 - UMMI,Coleta:,04/08/2025 - 08:56,Registros:   Total: 2.864        Exibidos: 2.864,Data da Coleta:,04/08/2025,Exibição de Dados,Temperatura:,,Umidade:,,Datas:,,Medições,Data / Hora,Temperatura,Umidade,30/07/2025 - 05:30,"22,00","45,00",Betha Eletrônica Ltda,1/1
Coleta de Dados - UMMI,Impressão: 08/08/2025  9:23.09,Grupo:,TH-04-R,Equipamento:  1 - UMMI,Coleta:,04/08/2025 - 08:56,Registros:   Total: 2.864        Exibidos: 2.864,Data da Coleta:,04/08/2025,Exibição de Dados,Temperatura:,,Umidade:,,Datas:,,Medições,Data / Hora,Temperatura,Umidade,30/07/2025 - 05:35,"22,00","48,00",Betha Eletrônica Ltda,1/1
Coleta de Dados - UMMI,Impressão: 08/08/2025  9:23.09,Grupo:,TH-04-R,Equipamento:  1 - UMMI,Coleta:,04/08/2025 - 08:56,Registros:   Total: 2.864        Exibidos: 2.864,Data da Coleta:,04/08/2025,Exibição de Dados,Temperatura:,,Umidade:,,Datas:,,Medições,Data / Hora,Temperatura,Umidade,30/07/2025 - 05:40,"24,00","48,00",Betha Eletrônica Ltda,1/1
Coleta de Dados - UMMI,Impressão: 08/08/2025  9:23.09,Grupo:,TH-04-R,Equipamento:  1 - UMMI,Coleta:,04/08/2025 - 08:56,Registros:   Total: 2.864        Exibidos: 2.864,Data da Coleta:,04/08/2025,Exibição de Dados,Temperatura:,,Umidade:,,Datas:,,Medições,Data / Hora,Temperatura,Umidade,30/07/2025 - 05:45,"25,00","45,00",Betha Eletrônica Ltda,1/1
Coleta de Dados - UMMI,Impressão: 08/08/2025  9:23.09,Grupo:,TH-04-R,Equipamento:  1 - UMMI,Coleta:,04/08/2025 - 08:56,Registros:   Total: 2.864        Exibidos: 2.864,Data da Coleta:,04/08/2025,Exibição de Dados,Temperatura:,,Umidade:,,Datas:,,Medições,Data / Hora,Temperatura,Umidade,30/07/2025 - 05:50,"24,00","44,00",Betha Eletrônica Ltda,1/1
Coleta de Dados - UMMI,Impressão: 08/08/2025  9:23.09,Grupo:,TH-04-R,Equipamento:  1 - UMMI,Coleta:,04/08/2025 - 08:56,Registros:   Total: 2.864        Exibidos: 2.864,Data da Coleta:,04/08/2025,Exibição de Dados,Temperatura:,,Umidade:,,Datas:,,Medições,Data / Hora,Temperatura,Umidade,30/07/2025 - 05:55,"23,00","45,00",Betha Eletrônica Ltda,1/1
Coleta de Dados - UMMI,Impressão: 08/08/2025  9:23.09,Grupo:,TH-04-R,Equipamento:  1 - UMMI,Coleta:,04/08/2025 - 08:56,Registros:   Total: 2.864        Exibidos: 2.864,Data da Coleta:,04/08/2025,Exibição de Dados,Temperatura:,,Umidade:,,Datas:,,Medições,Data / Hora,Temperatura,Umidade,30/07/2025 - 06:00,"23,00","46,00",Betha Eletrônica Ltda,1/1
Coleta de Dados - UMMI,Impressão: 08/08/2025  9:23.09,Grupo:,TH-04-R,Equipamento:  1 - UMMI,Coleta:,04/08/2025 - 08:56,Registros:   Total: 2.864        Exibidos: 2.864,Data da Coleta:,04/08/2025,Exibição de Dados,Temperatura:,,Umidade:,,Datas:,,Medições,Data / Hora,Temperatura,Umidade,30/07/2025 - 06:05,"22,00","47,00",Betha Eletrônica Ltda,1/1
Coleta de Dados - UMMI,Impressão: 08/08/2025  9:23.09,Grupo:,TH-04-R,Equipamento:  1 - UMMI,Coleta:,04/08/2025 - 08:56,Registros:   Total: 2.864        Exibidos: 2.864,Data da Coleta:,04/08/2025,Exibição de Dados,Temperatura:,,Umidade:,,Datas:,,Medições,Data / Hora,Temperatura,Umidade,30/07/2025 - 06:10,"22,00","48,00",Betha Eletrônica Ltda,1/1
Coleta de Dados - UMMI,Impressão: 08/08/2025  9:23.09,Grupo:,TH-04-R,Equipamento:  1 - UMMI,Coleta:,04/08/2025 - 08:56,Registros:   Total: 2.864        Exibidos: 2.864,Data da Coleta:,04/08/2025,Exibição de Dados,Temperatura:,,Umidade:,,Datas:,,Medições,Data / Hora,Temperatura,Umidade,30/07/2025 - 06:15,"22,00","48,00",Betha Eletrônica Ltda,1/1
Coleta de Dados - UMMI,Impressão: 08/08/2025  9:23.09,Grupo:,TH-04-R,Equipamento:  1 - UMMI,Coleta:,04/08/2025 - 08:56,Registros:   Total: 2.864        Exibidos: 2.864,Data da Coleta:,04/08/2025,Exibição de Dados,Temperatura:,,Umidade:,,Datas:,,Medições,Data / Hora,Temperatura,Umidade,30/07/2025 - 06:20,"23,00","47,00",Betha Eletrônica Ltda,1/1
Coleta de Dados - UMMI,Impressão: 08/08/2025  9:23.09,Grupo:,TH-04-R,Equipamento:  1 - UMMI,Coleta:,04/08/2025 - 08:56,Registros:   Total: 2.864        Exibidos: 2.864,Data da Coleta:,04/08/2025,Exibição de Dados,Temperatura:,,Umidade:,,Datas:,,Medições,Data / Hora,Temperatura,Umidade,30/07/2025 - 06:25,"24,00","46,00",Betha Eletrônica Ltda,1/1
Coleta de Dados - UMMI,Impressão: 08/08/2025  9:23.09,Grupo:,TH-04-R,Equipamento:  1 - UMMI,Coleta:,04/08/2025 - 08:56,Registros:   Total: 2.864        Exibidos: 2.864,Data da Coleta:,04/08/2025,Exibição de Dados,Temperatura:,,Umidade:,,Datas:,,Medições,Data / Hora,Temperatura,Umidade,30/07/2025 - 06:30,"23,00","45,00",Betha Eletrônica Ltda,1/1
Coleta de Dados - UMMI,Impressão: 08/08/2025  9:23.09,Grupo:,TH-04-R,Equipamento:  1 - UMMI,Coleta:,04/08/2025 - 08:56,Registros:   Total: 2.864        Exibidos: 2.864,Data da Coleta:,04/08/2025,Exibição de Dados,Temperatura:,,Umidade:,,Datas:,,Medições,Data / Hora,Temperatura,Umidade,30/07/2025 - 06:35,"23,00","46,00",Betha Eletrônica Ltda,1/1
Coleta de Dados - UMMI,Impressão: 08/08/2025  9:23.09,Grupo:,TH-04-R,Equipamento:  1 - UMMI,Coleta:,04/08/2025 - 08:56,Registros:   Total: 2.864        Exibidos: 2.864,Data da Coleta:,04/08/2025,Exibição de Dados,Temperatura:,,Umidade:,,Datas:,,Medições,Data / Hora,Temperatura,Umidade,30/07/2025 - 06:40,"22,00","47,00",Betha Eletrônica Ltda,1/1
Coleta de Dados - UMMI,Impressão: 08/08/2025  9:23.09,Grupo:,TH-04-R,Equipamento:  1 - UMMI,Coleta:,04/08/2025 - 08:56,Registros:   Total: 2.864        Exibidos: 2.864,Data da Coleta:,04/08/2025,Exibição de Dados,Temperatura:,,Umidade:,,Datas:,,Medições,Data / Hora,Temperatura,Umidade,30/07/2025 - 06:45,"22,00","48,00",Betha Eletrônica Ltda,1/1
Coleta de Dados - UMMI,Impressão: 08/08/2025  9:23.09,Grupo:,TH-04-R,Equipamento:  1 - UMMI,Coleta:,04/08/2025 - 08:56,Registros:   Total: 2.864        Exibidos: 2.864,Data da Coleta:,04/08/2025,Exibição de Dados,Temperatura:,,Umidade:,,Datas:,,Medições,Data / Hora,Temperatura,Umidade,30/07/2025 - 06:50,"23,00","48,00",Betha Eletrônica Ltda,1/1
Coleta de Dados - UMMI,Impressão: 08/08/2025  9:23.09,Grupo:,TH-04-R,Equipamento:  1 - UMMI,Coleta:,04/08/2025 - 08:56,Registros:   Total: 2.864        Exibidos: 2.864,Data da Coleta:,04/08/2025,Exibição de Dados,Temperatura:,,Umidade:,,Datas:,,Medições,Data / Hora,Temperatura,Umidade,30/07/2025 - 06:55,"23,00","47,00",Betha Eletrônica Ltda,1/1
Coleta de Dados - UMMI,Impressão: 08/08/2025  9:23.09,Grupo:,TH-04-R,Equipamento:  1 - UMMI,Coleta:,04/08/2025 - 08:56,Registros:   Total: 2.864        Exibidos: 2.864,Data da Coleta:,04/08/2025,Exibição de Dados,Temperatura:,,Umidade:,,Datas:,,Medições,Data / Hora,Temperatura,Umidade,30/07/2025 - 07:00,"24,00","46,00",Betha Eletrônica Ltda,1/1
Coleta de Dados - UMMI,Impressão: 08/08/2025  9:23.09,Grupo:,TH-04-R,Equipamento:  1 - UMMI,Coleta:,04/08/2025 - 08:56,Registros:   Total: 2.864        Exibidos: 2.864,Data da Coleta:,04/08/2025,Exibição de Dados,Temperatura:,,Umidade:,,Datas:,,Medições,Data / Hora,Temperatura,Umidade,30/07/2025 - 07:05,"23,00","46,00",Betha Eletrônica Ltda,1/1
Coleta de Dados - UMMI,Impressão: 08/08/2025  9:23.09,Grupo:,TH-04-R,Equipamento:  1 - UMMI,Coleta:,04/08/2025 - 08:56,Registros:   Total: 2.864        Exibidos: 2.864,Data da Coleta:,04/08/2025,Exibição de Dados,Temperatura:,,Umidade:,,Datas:,,Medições,Data / Hora,Temperatura,Umidade,30/07/2025 - 07:10,"23,00","47,00",Betha Eletrônica Ltda,1/1
Coleta de Dados - UMMI,Impressão: 08/08/2025  9:23.09,Grupo:,TH-04-R,Equipamento:  1 - UMMI,Coleta:,04/08/2025 - 08:56,Registros:   Total: 2.864        Exibidos: 2.864,Data da Coleta:,04/08/2025,Exibição de Dados,Temperatura:,,Umidade:,,Datas:,,Medições,Data / Hora,Temperatura,Umidade,30/07/2025 - 07:15,"22,00","48,00",Betha Eletrônica Ltda,1/1
Coleta de Dados - UMMI,Impressão: 08/08/2025  9:23.09,Grupo:,TH-04-R,Equipamento:  1 - UMMI,Coleta:,04/08/2025 - 08:56,Registros:   Total: 2.864        Exibidos: 2.864,Data da Coleta:,04/08/2025,Exibição de Dados,Temperatura:,,Umidade:,,Datas:,,Medições,Data / Hora,Temperatura,Umidade,30/07/2025 - 07:20,"22,00","48,00",Betha Eletrônica Ltda,1/1
Coleta de Dados - UMMI,Impressão: 08/08/2025  9:23.09,Grupo:,TH-04-R,Equipamento:  1 - UMMI,Coleta:,04/08/2025 - 08:56,Registros:   Total: 2.864        Exibidos: 2.864,Data da Coleta:,04/08/2025,Exibição de Dados,Temperatura:,,Umidade:,,Datas:,,Medições,Data / Hora,Temperatura,Umidade,30/07/2025 - 07:25,"21,00","48,00",Betha Eletrônica Ltda,1/1
Coleta de Dados - UMMI,Impressão: 08/08/2025  9:23.09,Grupo:,TH-04-R,Equipamento:  1 - UMMI,Coleta:,04/08/2025 - 08:56,Registros:   Total: 2.864        Exibidos: 2.864,Data da Coleta:,04/08/2025,Exibição de Dados,Temperatura:,,Umidade:,,Datas:,,Medições,Data / Hora,Temperatura,Umidade,30/07/2025 - 07:30,"22,00","43,00",Betha Eletrônica Ltda,1/1
Coleta de Dados - UMMI,Impressão: 08/08/2025  9:23.09,Grupo:,TH-04-R,Equipamento:  1 - UMMI,Coleta:,04/08/2025 - 08:56,Registros:   Total: 2.864        Exibidos: 2.864,Data da Coleta:,04/08/2025,Exibição de Dados,Temperatura:,,Umidade:,,Datas:,,Medições,Data / Hora,Temperatura,Umidade,30/07/2025 - 07:35,"22,00","51,00",Betha Eletrônica Ltda,1/1
Coleta de Dados - UMMI,Impressão: 08/08/2025  9:23.09,Grupo:,TH-04-R,Equipamento:  1 - UMMI,Coleta:,04/08/2025 - 08:56,Registros:   Total: 2.864        Exibidos: 2.864,Data da Coleta:,04/08/2025,Exibição de Dados,Temperatura:,,Umidade:,,Datas:,,Medições,Data / Hora,Temperatura,Umidade,30/07/2025 - 07:40,"23,00","44,00",Betha Eletrônica Ltda,1/1
Coleta de Dados - UMMI,Impressão: 08/08/2025  9:23.09,Grupo:,TH-04-R,Equipamento:  1 - UMMI,Coleta:,04/08/2025 - 08:56,Registros:   Total: 2.864        Exibidos: 2.864,Data da Coleta:,04/08/2025,Exibição de Dados,Temperatura:,,Umidade:,,Datas:,,Medições,Data / Hora,Temperatura,Umidade,30/07/2025 - 07:45,"23,00","48,00",Betha Eletrônica Ltda,1/1
Coleta de Dados - UMMI,Impressão: 08/08/2025  9:23.09,Grupo:,TH-04-R,Equipamento:  1 - UMMI,Coleta:,04/08/2025 - 08:56,Registros:   Total: 2.864        Exibidos: 2.864,Data da Coleta:,04/08/2025,Exibição de Dados,Temperatura:,,Umidade:,,Datas:,,Medições,Data / Hora,Temperatura,Umidade,30/07/2025 - 07:50,"23,00","48,00",Betha Eletrônica Ltda,1/1
Coleta de Dados - UMMI,Impressão: 08/08/2025  9:23.09,Grupo:,TH-04-R,Equipamento:  1 - UMMI,Coleta:,04/08/2025 - 08:56,Registros:   Total: 2.864        Exibidos: 2.864,Data da Coleta:,04/08/2025,Exibição de Dados,Temperatura:,,Umidade:,,Datas:,,Medições,Data / Hora,Temperatura,Umidade,30/07/2025 - 07:55,"24,00","47,00",Betha Eletrônica Ltda,1/1
Coleta de Dados - UMMI,Impressão: 08/08/2025  9:23.09,Grupo:,TH-04-R,Equipamento:  1 - UMMI,Coleta:,04/08/2025 - 08:56,Registros:   Total: 2.864        Exibidos: 2.864,Data da Coleta:,04/08/2025,Exibição de Dados,Temperatura:,,Umidade:,,Datas:,,Medições,Data / Hora,Temperatura,Umidade,30/07/2025 - 08:00,"24,00","46,00",Betha Eletrônica Ltda,1/1
Coleta de Dados - UMMI,Impressão: 08/08/2025  9:23.09,Grupo:,TH-04-R,Equipamento:  1 - UMMI,Coleta:,04/08/2025 - 08:56,Registros:   Total: 2.864        Exibidos: 2.864,Data da Coleta:,04/08/2025,Exibição de Dados,Temperatura:,,Umidade:,,Datas:,,Medições,Data / Hora,Temperatura,Umidade,30/07/2025 - 08:05,"23,00","46,00",Betha Eletrônica Ltda,1/1
Coleta de Dados - UMMI,Impressão: 08/08/2025  9:23.09,Grupo:,TH-04-R,Equipamento:  1 - UMMI,Coleta:,04/08/2025 - 08:56,Registros:   Total: 2.864        Exibidos: 2.864,Data da Coleta:,04/08/2025,Exibição de Dados,Temperatura:,,Umidade:,,Datas:,,Medições,Data / Hora,Temperatura,Umidade,30/07/2025 - 08:10,"22,00","47,00",Betha Eletrônica Ltda,1/1
Coleta de Dados - UMMI,Impressão: 08/08/2025  9:23.09,Grupo:,TH-04-R,Equipamento:  1 - UMMI,Coleta:,04/08/2025 - 08:56,Registros:   Total: 2.864        Exibidos: 2.864,Data da Coleta:,04/08/2025,Exibição de Dados,Temperatura:,,Umidade:,,Datas:,,Medições,Data / Hora,Temperatura,Umidade,30/07/2025 - 08:15,"22,00","48,00",Betha Eletrônica Ltda,1/1
Coleta de Dados - UMMI,Impressão: 08/08/2025  9:23.09,Grupo:,TH-04-R,Equipamento:  1 - UMMI,Coleta:,04/08/2025 - 08:56,Registros:   Total: 2.864        Exibidos: 2.864,Data da Coleta:,04/08/2025,Exibição de Dados,Temperatura:,,Umidade:,,Datas:,,Medições,Data / Hora,Temperatura,Umidade,30/07/2025 - 08:20,"22,00","48,00",Betha Eletrônica Ltda,1/1
Coleta de Dados - UMMI,Impressão: 08/08/2025  9:23.09,Grupo:,TH-04-R,Equipamento:  1 - UMMI,Coleta:,04/08/2025 - 08:56,Registros:   Total: 2.864        Exibidos: 2.864,Data da Coleta:,04/08/2025,Exibição de Dados,Temperatura:,,Umidade:,,Datas:,,Medições,Data / Hora,Temperatura,Umidade,30/07/2025 - 08:25,"23,00","47,00",Betha Eletrônica Ltda,1/1
Coleta de Dados - UMMI,Impressão: 08/08/2025  9:23.09,Grupo:,TH-04-R,Equipamento:  1 - UMMI,Coleta:,04/08/2025 - 08:56,Registros:   Total: 2.864        Exibidos: 2.864,Data da Coleta:,04/08/2025,Exibição de Dados,Temperatura:,,Umidade:,,Datas:,,Medições,Data / Hora,Temperatura,Umidade,30/07/2025 - 08:30,"24,00","45,00",Betha Eletrônica Ltda,1/1
Coleta de Dados - UMMI,Impressão: 08/08/2025  9:23.09,Grupo:,TH-04-R,Equipamento:  1 - UMMI,Coleta:,04/08/2025 - 08:56,Registros:   Total: 2.864        Exibidos: 2.864,Data da Coleta:,04/08/2025,Exibição de Dados,Temperatura:,,Umidade:,,Datas:,,Medições,Data / Hora,Temperatura,Umidade,30/07/2025 - 08:35,"24,00","45,00",Betha Eletrônica Ltda,1/1
Coleta de Dados - UMMI,Impressão: 08/08/2025  9:23.09,Grupo:,TH-04-R,Equipamento:  1 - UMMI,Coleta:,04/08/2025 - 08:56,Registros:   Total: 2.864        Exibidos: 2.864,Data da Coleta:,04/08/2025,Exibição de Dados,Temperatura:,,Umidade:,,Datas:,,Medições,Data / Hora,Temperatura,Umidade,30/07/2025 - 08:40,"23,00","46,00",Betha Eletrônica Ltda,1/1
Coleta de Dados - UMMI,Impressão: 08/08/2025  9:23.09,Grupo:,TH-04-R,Equipamento:  1 - UMMI,Coleta:,04/08/2025 - 08:56,Registros:   Total: 2.864        Exibidos: 2.864,Data da Coleta:,04/08/2025,Exibição de Dados,Temperatura:,,Umidade:,,Datas:,,Medições,Data / Hora,Temperatura,Umidade,30/07/2025 - 08:45,"23,00","47,00",Betha Eletrônica Ltda,1/1
Coleta de Dados - UMMI,Impressão: 08/08/2025  9:23.09,Grupo:,TH-04-R,Equipamento:  1 - UMMI,Coleta:,04/08/2025 - 08:56,Registros:   Total: 2.864        Exibidos: 2.864,Data da Coleta:,04/08/2025,Exibição de Dados,Temperatura:,,Umidade:,,Datas:,,Medições,Data / Hora,Temperatura,Umidade,30/07/2025 - 08:50,"23,00","47,00",Betha Eletrônica Ltda,1/1
Coleta de Dados - UMMI,Impressão: 08/08/2025  9:23.09,Grupo:,TH-04-R,Equipamento:  1 - UMMI,Coleta:,04/08/2025 - 08:56,Registros:   Total: 2.864        Exibidos: 2.864,Data da Coleta:,04/08/2025,Exibição de Dados,Temperatura:,,Umidade:,,Datas:,,Medições,Data / Hora,Temperatura,Umidade,30/07/2025 - 08:55,"22,00","46,00",Betha Eletrônica Ltda,1/1
Coleta de Dados - UMMI,Impressão: 08/08/2025  9:23.09,Grupo:,TH-04-R,Equipamento:  1 - UMMI,Coleta:,04/08/2025 - 08:56,Registros:   Total: 2.864        Exibidos: 2.864,Data da Coleta:,04/08/2025,Exibição de Dados,Temperatura:,,Umidade:,,Datas:,,Medições,Data / Hora,Temperatura,Umidade,30/07/2025 - 09:00,"22,00","44,00",Betha Eletrônica Ltda,1/1
Coleta de Dados - UMMI,Impressão: 08/08/2025  9:23.09,Grupo:,TH-04-R,Equipamento:  1 - UMMI,Coleta:,04/08/2025 - 08:56,Registros:   Total: 2.864        Exibidos: 2.864,Data da Coleta:,04/08/2025,Exibição de Dados,Temperatura:,,Umidade:,,Datas:,,Medições,Data / Hora,Temperatura,Umidade,30/07/2025 - 09:05,"22,00","45,00",Betha Eletrônica Ltda,1/1
Coleta de Dados - UMMI,Impressão: 08/08/2025  9:23.09,Grupo:,TH-04-R,Equipamento:  1 - UMMI,Coleta:,04/08/2025 - 08:56,Registros:   Total: 2.864        Exibidos: 2.864,Data da Coleta:,04/08/2025,Exibição de Dados,Temperatura:,,Umidade:,,Datas:,,Medições,Data / Hora,Temperatura,Umidade,30/07/2025 - 09:10,"22,00","47,00",Betha Eletrônica Ltda,1/1
Coleta de Dados - UMMI,Impressão: 08/08/2025  9:23.09,Grupo:,TH-04-R,Equipamento:  1 - UMMI,Coleta:,04/08/2025 - 08:56,Registros:   Total: 2.864        Exibidos: 2.864,Data da Coleta:,04/08/2025,Exibição de Dados,Temperatura:,,Umidade:,,Datas:,,Medições,Data / Hora,Temperatura,Umidade,30/07/2025 - 09:15,"23,00","44,00",Betha Eletrônica Ltda,1/1
Coleta de Dados - UMMI,Impressão: 08/08/2025  9:23.09,Grupo:,TH-04-R,Equipamento:  1 - UMMI,Coleta:,04/08/2025 - 08:56,Registros:   Total: 2.864        Exibidos: 2.864,Data da Coleta:,04/08/2025,Exibição de Dados,Temperatura:,,Umidade:,,Datas:,,Medições,Data / Hora,Temperatura,Umidade,30/07/2025 - 09:20,"23,00","48,00",Betha Eletrônica Ltda,1/1
Coleta de Dados - UMMI,Impressão: 08/08/2025  9:23.09,Grupo:,TH-04-R,Equipamento:  1 - UMMI,Coleta:,04/08/2025 - 08:56,Registros:   Total: 2.864        Exibidos: 2.864,Data da Coleta:,04/08/2025,Exibição de Dados,Temperatura:,,Umidade:,,Datas:,,Medições,Data / Hora,Temperatura,Umidade,30/07/2025 - 09:25,"23,00","44,00",Betha Eletrônica Ltda,1/1
Coleta de Dados - UMMI,Impressão: 08/08/2025  9:23.09,Grupo:,TH-04-R,Equipamento:  1 - UMMI,Coleta:,04/08/2025 - 08:56,Registros:   Total: 2.864        Exibidos: 2.864,Data da Coleta:,04/08/2025,Exibição de Dados,Temperatura:,,Umidade:,,Datas:,,Medições,Data / Hora,Temperatura,Umidade,30/07/2025 - 09:30,"22,00","50,00",Betha Eletrônica Ltda,1/1
Coleta de Dados - UMMI,Impressão: 08/08/2025  9:23.09,Grupo:,TH-04-R,Equipamento:  1 - UMMI,Coleta:,04/08/2025 - 08:56,Registros:   Total: 2.864        Exibidos: 2.864,Data da Coleta:,04/08/2025,Exibição de Dados,Temperatura:,,Umidade:,,Datas:,,Medições,Data / Hora,Temperatura,Umidade,30/07/2025 - 09:35,"22,00","46,00",Betha Eletrônica Ltda,1/1
Coleta de Dados - UMMI,Impressão: 08/08/2025  9:23.09,Grupo:,TH-04-R,Equipamento:  1 - UMMI,Coleta:,04/08/2025 - 08:56,Registros:   Total: 2.864        Exibidos: 2.864,Data da Coleta:,04/08/2025,Exibição de Dados,Temperatura:,,Umidade:,,Datas:,,Medições,Data / Hora,Temperatura,Umidade,30/07/2025 - 09:40,"23,00","45,00",Betha Eletrônica Ltda,1/1
Coleta de Dados - UMMI,Impressão: 08/08/2025  9:23.09,Grupo:,TH-04-R,Equipamento:  1 - UMMI,Coleta:,04/08/2025 - 08:56,Registros:   Total: 2.864        Exibidos: 2.864,Data da Coleta:,04/08/2025,Exibição de Dados,Temperatura:,,Umidade:,,Datas:,,Medições,Data / Hora,Temperatura,Umidade,30/07/2025 - 09:45,"23,00","46,00",Betha Eletrônica Ltda,1/1
Coleta de Dados - UMMI,Impressão: 08/08/2025  9:23.09,Grupo:,TH-04-R,Equipamento:  1 - UMMI,Coleta:,04/08/2025 - 08:56,Registros:   Total: 2.864        Exibidos: 2.864,Data da Coleta:,04/08/2025,Exibição de Dados,Temperatura:,,Umidade:,,Datas:,,Medições,Data / Hora,Temperatura,Umidade,30/07/2025 - 09:50,"24,00","46,00",Betha Eletrônica Ltda,1/1
Coleta de Dados - UMMI,Impressão: 08/08/2025  9:23.09,Grupo:,TH-04-R,Equipamento:  1 - UMMI,Coleta:,04/08/2025 - 08:56,Registros:   Total: 2.864        Exibidos: 2.864,Data da Coleta:,04/08/2025,Exibição de Dados,Temperatura:,,Umidade:,,Datas:,,Medições,Data / Hora,Temperatura,Umidade,30/07/2025 - 09:55,"23,00","47,00",Betha Eletrônica Ltda,1/1
Coleta de Dados - UMMI,Impressão: 08/08/2025  9:23.09,Grupo:,TH-04-R,Equipamento:  1 - UMMI,Coleta:,04/08/2025 - 08:56,Registros:   Total: 2.864        Exibidos: 2.864,Data da Coleta:,04/08/2025,Exibição de Dados,Temperatura:,,Umidade:,,Datas:,,Medições,Data / Hora,Temperatura,Umidade,30/07/2025 - 10:00,"22,00","44,00",Betha Eletrônica Ltda,1/1
Coleta de Dados - UMMI,Impressão: 08/08/2025  9:23.09,Grupo:,TH-04-R,Equipamento:  1 - UMMI,Coleta:,04/08/2025 - 08:56,Registros:   Total: 2.864        Exibidos: 2.864,Data da Coleta:,04/08/2025,Exibição de Dados,Temperatura:,,Umidade:,,Datas:,,Medições,Data / Hora,Temperatura,Umidade,30/07/2025 - 10:05,"22,00","51,00",Betha Eletrônica Ltda,1/1
Coleta de Dados - UMMI,Impressão: 08/08/2025  9:23.09,Grupo:,TH-04-R,Equipamento:  1 - UMMI,Coleta:,04/08/2025 - 08:56,Registros:   Total: 2.864        Exibidos: 2.864,Data da Coleta:,04/08/2025,Exibição de Dados,Temperatura:,,Umidade:,,Datas:,,Medições,Data / Hora,Temperatura,Umidade,30/07/2025 - 10:10,"22,00","41,00",Betha Eletrônica Ltda,1/1
Coleta de Dados - UMMI,Impressão: 08/08/2025  9:23.09,Grupo:,TH-04-R,Equipamento:  1 - UMMI,Coleta:,04/08/2025 - 08:56,Registros:   Total: 2.864        Exibidos: 2.864,Data da Coleta:,04/08/2025,Exibição de Dados,Temperatura:,,Umidade:,,Datas:,,Medições,Data / Hora,Temperatura,Umidade,30/07/2025 - 10:15,"24,00","51,00",Betha Eletrônica Ltda,1/1
Coleta de Dados - UMMI,Impressão: 08/08/2025  9:23.09,Grupo:,TH-04-R,Equipamento:  1 - UMMI,Coleta:,04/08/2025 - 08:56,Registros:   Total: 2.864        Exibidos: 2.864,Data da Coleta:,04/08/2025,Exibição de Dados,Temperatura:,,Umidade:,,Datas:,,Medições,Data / Hora,Temperatura,Umidade,30/07/2025 - 10:20,"23,00","40,00",Betha Eletrônica Ltda,1/1
Coleta de Dados - UMMI,Impressão: 08/08/2025  9:23.09,Grupo:,TH-04-R,Equipamento:  1 - UMMI,Coleta:,04/08/2025 - 08:56,Registros:   Total: 2.864        Exibidos: 2.864,Data da Coleta:,04/08/2025,Exibição de Dados,Temperatura:,,Umidade:,,Datas:,,Medições,Data / Hora,Temperatura,Umidade,30/07/2025 - 10:25,"23,00","48,00",Betha Eletrônica Ltda,1/1
Coleta de Dados - UMMI,Impressão: 08/08/2025  9:23.09,Grupo:,TH-04-R,Equipamento:  1 - UMMI,Coleta:,04/08/2025 - 08:56,Registros:   Total: 2.864        Exibidos: 2.864,Data da Coleta:,04/08/2025,Exibição de Dados,Temperatura:,,Umidade:,,Datas:,,Medições,Data / Hora,Temperatura,Umidade,30/07/2025 - 10:30,"22,00","48,00",Betha Eletrônica Ltda,1/1
Coleta de Dados - UMMI,Impressão: 08/08/2025  9:23.09,Grupo:,TH-04-R,Equipamento:  1 - UMMI,Coleta:,04/08/2025 - 08:56,Registros:   Total: 2.864        Exibidos: 2.864,Data da Coleta:,04/08/2025,Exibição de Dados,Temperatura:,,Umidade:,,Datas:,,Medições,Data / Hora,Temperatura,Umidade,30/07/2025 - 10:35,"22,00","40,00",Betha Eletrônica Ltda,1/1
Coleta de Dados - UMMI,Impressão: 08/08/2025  9:23.09,Grupo:,TH-04-R,Equipamento:  1 - UMMI,Coleta:,04/08/2025 - 08:56,Registros:   Total: 2.864        Exibidos: 2.864,Data da Coleta:,04/08/2025,Exibição de Dados,Temperatura:,,Umidade:,,Datas:,,Medições,Data / Hora,Temperatura,Umidade,30/07/2025 - 10:40,"23,00","52,00",Betha Eletrônica Ltda,1/1
Coleta de Dados - UMMI,Impressão: 08/08/2025  9:23.09,Grupo:,TH-04-R,Equipamento:  1 - UMMI,Coleta:,04/08/2025 - 08:56,Registros:   Total: 2.864        Exibidos: 2.864,Data da Coleta:,04/08/2025,Exibição de Dados,Temperatura:,,Umidade:,,Datas:,,Medições,Data / Hora,Temperatura,Umidade,30/07/2025 - 10:45,"23,00","38,00",Betha Eletrônica Ltda,1/1
Coleta de Dados - UMMI,Impressão: 08/08/2025  9:23.09,Grupo:,TH-04-R,Equipamento:  1 - UMMI,Coleta:,04/08/2025 - 08:56,Registros:   Total: 2.864        Exibidos: 2.864,Data da Coleta:,04/08/2025,Exibição de Dados,Temperatura:,,Umidade:,,Datas:,,Medições,Data / Hora,Temperatura,Umidade,30/07/2025 - 10:50,"23,00","51,00",Betha Eletrônica Ltda,1/1
Coleta de Dados - UMMI,Impressão: 08/08/2025  9:23.09,Grupo:,TH-04-R,Equipamento:  1 - UMMI,Coleta:,04/08/2025 - 08:56,Registros:   Total: 2.864        Exibidos: 2.864,Data da Coleta:,04/08/2025,Exibição de Dados,Temperatura:,,Umidade:,,Datas:,,Medições,Data / Hora,Temperatura,Umidade,30/07/2025 - 10:55,"23,00","41,00",Betha Eletrônica Ltda,1/1
Coleta de Dados - UMMI,Impressão: 08/08/2025  9:23.09,Grupo:,TH-04-R,Equipamento:  1 - UMMI,Coleta:,04/08/2025 - 08:56,Registros:   Total: 2.864        Exibidos: 2.864,Data da Coleta:,04/08/2025,Exibição de Dados,Temperatura:,,Umidade:,,Datas:,,Medições,Data / Hora,Temperatura,Umidade,30/07/2025 - 11:00,"23,00","48,00",Betha Eletrônica Ltda,1/1
Coleta de Dados - UMMI,Impressão: 08/08/2025  9:23.09,Grupo:,TH-04-R,Equipamento:  1 - UMMI,Coleta:,04/08/2025 - 08:56,Registros:   Total: 2.864        Exibidos: 2.864,Data da Coleta:,04/08/2025,Exibição de Dados,Temperatura:,,Umidade:,,Datas:,,Medições,Data / Hora,Temperatura,Umidade,30/07/2025 - 11:05,"22,00","47,00",Betha Eletrônica Ltda,1/1
Coleta de Dados - UMMI,Impressão: 08/08/2025  9:23.09,Grupo:,TH-04-R,Equipamento:  1 - UMMI,Coleta:,04/08/2025 - 08:56,Registros:   Total: 2.864        Exibidos: 2.864,Data da Coleta:,04/08/2025,Exibição de Dados,Temperatura:,,Umidade:,,Datas:,,Medições,Data / Hora,Temperatura,Umidade,30/07/2025 - 11:10,"23,00","43,00",Betha Eletrônica Ltda,1/1
Coleta de Dados - UMMI,Impressão: 08/08/2025  9:23.09,Grupo:,TH-04-R,Equipamento:  1 - UMMI,Coleta:,04/08/2025 - 08:56,Registros:   Total: 2.864        Exibidos: 2.864,Data da Coleta:,04/08/2025,Exibição de Dados,Temperatura:,,Umidade:,,Datas:,,Medições,Data / Hora,Temperatura,Umidade,30/07/2025 - 11:15,"23,00","52,00",Betha Eletrônica Ltda,1/1
Coleta de Dados - UMMI,Impressão: 08/08/2025  9:23.09,Grupo:,TH-04-R,Equipamento:  1 - UMMI,Coleta:,04/08/2025 - 08:56,Registros:   Total: 2.864        Exibidos: 2.864,Data da Coleta:,04/08/2025,Exibição de Dados,Temperatura:,,Umidade:,,Datas:,,Medições,Data / Hora,Temperatura,Umidade,30/07/2025 - 11:20,"23,00","40,00",Betha Eletrônica Ltda,1/1
Coleta de Dados - UMMI,Impressão: 08/08/2025  9:23.09,Grupo:,TH-04-R,Equipamento:  1 - UMMI,Coleta:,04/08/2025 - 08:56,Registros:   Total: 2.864        Exibidos: 2.864,Data da Coleta:,04/08/2025,Exibição de Dados,Temperatura:,,Umidade:,,Datas:,,Medições,Data / Hora,Temperatura,Umidade,30/07/2025 - 11:25,"23,00","50,00",Betha Eletrônica Ltda,1/1
Coleta de Dados - UMMI,Impressão: 08/08/2025  9:23.09,Grupo:,TH-04-R,Equipamento:  1 - UMMI,Coleta:,04/08/2025 - 08:56,Registros:   Total: 2.864        Exibidos: 2.864,Data da Coleta:,04/08/2025,Exibição de Dados,Temperatura:,,Umidade:,,Datas:,,Medições,Data / Hora,Temperatura,Umidade,30/07/2025 - 11:30,"22,00","42,00",Betha Eletrônica Ltda,1/1
Coleta de Dados - UMMI,Impressão: 08/08/2025  9:23.09,Grupo:,TH-04-R,Equipamento:  1 - UMMI,Coleta:,04/08/2025 - 08:56,Registros:   Total: 2.864        Exibidos: 2.864,Data da Coleta:,04/08/2025,Exibição de Dados,Temperatura:,,Umidade:,,Datas:,,Medições,Data / Hora,Temperatura,Umidade,30/07/2025 - 11:35,"22,00","49,00",Betha Eletrônica Ltda,1/1
Coleta de Dados - UMMI,Impressão: 08/08/2025  9:23.09,Grupo:,TH-04-R,Equipamento:  1 - UMMI,Coleta:,04/08/2025 - 08:56,Registros:   Total: 2.864        Exibidos: 2.864,Data da Coleta:,04/08/2025,Exibição de Dados,Temperatura:,,Umidade:,,Datas:,,Medições,Data / Hora,Temperatura,Umidade,30/07/2025 - 11:40,"22,00","48,00",Betha Eletrônica Ltda,1/1
Coleta de Dados - UMMI,Impressão: 08/08/2025  9:23.09,Grupo:,TH-04-R,Equipamento:  1 - UMMI,Coleta:,04/08/2025 - 08:56,Registros:   Total: 2.864        Exibidos: 2.864,Data da Coleta:,04/08/2025,Exibição de Dados,Temperatura:,,Umidade:,,Datas:,,Medições,Data / Hora,Temperatura,Umidade,30/07/2025 - 11:45,"23,00","45,00",Betha Eletrônica Ltda,1/1
Coleta de Dados - UMMI,Impressão: 08/08/2025  9:23.09,Grupo:,TH-04-R,Equipamento:  1 - UMMI,Coleta:,04/08/2025 - 08:56,Registros:   Total: 2.864        Exibidos: 2.864,Data da Coleta:,04/08/2025,Exibição de Dados,Temperatura:,,Umidade:,,Datas:,,Medições,Data / Hora,Temperatura,Umidade,30/07/2025 - 11:50,"23,00","49,00",Betha Eletrônica Ltda,1/1
Coleta de Dados - UMMI,Impressão: 08/08/2025  9:23.09,Grupo:,TH-04-R,Equipamento:  1 - UMMI,Coleta:,04/08/2025 - 08:56,Registros:   Total: 2.864        Exibidos: 2.864,Data da Coleta:,04/08/2025,Exibição de Dados,Temperatura:,,Umidade:,,Datas:,,Medições,Data / Hora,Temperatura,Umidade,30/07/2025 - 11:55,"23,00","45,00",Betha Eletrônica Ltda,1/1
Coleta de Dados - UMMI,Impressão: 08/08/2025  9:23.09,Grupo:,TH-04-R,Equipamento:  1 - UMMI,Coleta:,04/08/2025 - 08:56,Registros:   Total: 2.864        Exibidos: 2.864,Data da Coleta:,04/08/2025,Exibição de Dados,Temperatura:,,Umidade:,,Datas:,,Medições,Data / Hora,Temperatura,Umidade,30/07/2025 - 12:00,"22,00","49,00",Betha Eletrônica Ltda,1/1
Coleta de Dados - UMMI,Impressão: 08/08/2025  9:23.09,Grupo:,TH-04-R,Equipamento:  1 - UMMI,Coleta:,04/08/2025 - 08:56,Registros:   Total: 2.864        Exibidos: 2.864,Data da Coleta:,04/08/2025,Exibição de Dados,Temperatura:,,Umidade:,,Datas:,,Medições,Data / Hora,Temperatura,Umidade,30/07/2025 - 12:05,"23,00","43,00",Betha Eletrônica Ltda,1/1
Coleta de Dados - UMMI,Impressão: 08/08/2025  9:23.09,Grupo:,TH-04-R,Equipamento:  1 - UMMI,Coleta:,04/08/2025 - 08:56,Registros:   Total: 2.864        Exibidos: 2.864,Data da Coleta:,04/08/2025,Exibição de Dados,Temperatura:,,Umidade:,,Datas:,,Medições,Data / Hora,Temperatura,Umidade,30/07/2025 - 12:10,"22,00","51,00",Betha Eletrônica Ltda,1/1
Coleta de Dados - UMMI,Impressão: 08/08/2025  9:23.09,Grupo:,TH-04-R,Equipamento:  1 - UMMI,Coleta:,04/08/2025 - 08:56,Registros:   Total: 2.864        Exibidos: 2.864,Data da Coleta:,04/08/2025,Exibição de Dados,Temperatura:,,Umidade:,,Datas:,,Medições,Data / Hora,Temperatura,Umidade,30/07/2025 - 12:15,"23,00","39,00",Betha Eletrônica Ltda,1/1
Coleta de Dados - UMMI,Impressão: 08/08/2025  9:23.09,Grupo:,TH-04-R,Equipamento:  1 - UMMI,Coleta:,04/08/2025 - 08:56,Registros:   Total: 2.864        Exibidos: 2.864,Data da Coleta:,04/08/2025,Exibição de Dados,Temperatura:,,Umidade:,,Datas:,,Medições,Data / Hora,Temperatura,Umidade,30/07/2025 - 12:20,"23,00","50,00",Betha Eletrônica Ltda,1/1
Coleta de Dados - UMMI,Impressão: 08/08/2025  9:23.09,Grupo:,TH-04-R,Equipamento:  1 - UMMI,Coleta:,04/08/2025 - 08:56,Registros:   Total: 2.864        Exibidos: 2.864,Data da Coleta:,04/08/2025,Exibição de Dados,Temperatura:,,Umidade:,,Datas:,,Medições,Data / Hora,Temperatura,Umidade,30/07/2025 - 12:25,"24,00","40,00",Betha Eletrônica Ltda,1/1
Coleta de Dados - UMMI,Impressão: 08/08/2025  9:23.09,Grupo:,TH-04-R,Equipamento:  1 - UMMI,Coleta:,04/08/2025 - 08:56,Registros:   Total: 2.864        Exibidos: 2.864,Data da Coleta:,04/08/2025,Exibição de Dados,Temperatura:,,Umidade:,,Datas:,,Medições,Data / Hora,Temperatura,Umidade,30/07/2025 - 12:30,"23,00","49,00",Betha Eletrônica Ltda,1/1
Coleta de Dados - UMMI,Impressão: 08/08/2025  9:23.09,Grupo:,TH-04-R,Equipamento:  1 - UMMI,Coleta:,04/08/2025 - 08:56,Registros:   Total: 2.864        Exibidos: 2.864,Data da Coleta:,04/08/2025,Exibição de Dados,Temperatura:,,Umidade:,,Datas:,,Medições,Data / Hora,Temperatura,Umidade,30/07/2025 - 12:35,"22,00","46,00",Betha Eletrônica Ltda,1/1
Coleta de Dados - UMMI,Impressão: 08/08/2025  9:23.09,Grupo:,TH-04-R,Equipamento:  1 - UMMI,Coleta:,04/08/2025 - 08:56,Registros:   Total: 2.864        Exibidos: 2.864,Data da Coleta:,04/08/2025,Exibição de Dados,Temperatura:,,Umidade:,,Datas:,,Medições,Data / Hora,Temperatura,Umidade,30/07/2025 - 12:40,"22,00","44,00",Betha Eletrônica Ltda,1/1
Coleta de Dados - UMMI,Impressão: 08/08/2025  9:23.09,Grupo:,TH-04-R,Equipamento:  1 - UMMI,Coleta:,04/08/2025 - 08:56,Registros:   Total: 2.864        Exibidos: 2.864,Data da Coleta:,04/08/2025,Exibição de Dados,Temperatura:,,Umidade:,,Datas:,,Medições,Data / Hora,Temperatura,Umidade,30/07/2025 - 12:45,"23,00","44,00",Betha Eletrônica Ltda,1/1
Coleta de Dados - UMMI,Impressão: 08/08/2025  9:23.09,Grupo:,TH-04-R,Equipamento:  1 - UMMI,Coleta:,04/08/2025 - 08:56,Registros:   Total: 2.864        Exibidos: 2.864,Data da Coleta:,04/08/2025,Exibição de Dados,Temperatura:,,Umidade:,,Datas:,,Medições,Data / Hora,Temperatura,Umidade,30/07/2025 - 12:50,"23,00","47,00",Betha Eletrônica Ltda,1/1
Coleta de Dados - UMMI,Impressão: 08/08/2025  9:23.09,Grupo:,TH-04-R,Equipamento:  1 - UMMI,Coleta:,04/08/2025 - 08:56,Registros:   Total: 2.864        Exibidos: 2.864,Data da Coleta:,04/08/2025,Exibição de Dados,Temperatura:,,Umidade:,,Datas:,,Medições,Data / Hora,Temperatura,Umidade,30/07/2025 - 12:55,"24,00","43,00",Betha Eletrônica Ltda,1/1
Coleta de Dados - UMMI,Impressão: 08/08/2025  9:23.09,Grupo:,TH-04-R,Equipamento:  1 - UMMI,Coleta:,04/08/2025 - 08:56,Registros:   Total: 2.864        Exibidos: 2.864,Data da Coleta:,04/08/2025,Exibição de Dados,Temperatura:,,Umidade:,,Datas:,,Medições,Data / Hora,Temperatura,Umidade,30/07/2025 - 13:00,"24,00","47,00",Betha Eletrônica Ltda,1/1
Coleta de Dados - UMMI,Impressão: 08/08/2025  9:23.09,Grupo:,TH-04-R,Equipamento:  1 - UMMI,Coleta:,04/08/2025 - 08:56,Registros:   Total: 2.864        Exibidos: 2.864,Data da Coleta:,04/08/2025,Exibição de Dados,Temperatura:,,Umidade:,,Datas:,,Medições,Data / Hora,Temperatura,Umidade,30/07/2025 - 13:05,"23,00","42,00",Betha Eletrônica Ltda,1/1
Coleta de Dados - UMMI,Impressão: 08/08/2025  9:23.09,Grupo:,TH-04-R,Equipamento:  1 - UMMI,Coleta:,04/08/2025 - 08:56,Registros:   Total: 2.864        Exibidos: 2.864,Data da Coleta:,04/08/2025,Exibição de Dados,Temperatura:,,Umidade:,,Datas:,,Medições,Data / Hora,Temperatura,Umidade,30/07/2025 - 13:10,"22,00","45,00",Betha Eletrônica Ltda,1/1
Coleta de Dados - UMMI,Impressão: 08/08/2025  9:23.09,Grupo:,TH-04-R,Equipamento:  1 - UMMI,Coleta:,04/08/2025 - 08:56,Registros:   Total: 2.864        Exibidos: 2.864,Data da Coleta:,04/08/2025,Exibição de Dados,Temperatura:,,Umidade:,,Datas:,,Medições,Data / Hora,Temperatura,Umidade,30/07/2025 - 13:15,"22,00","51,00",Betha Eletrônica Ltda,1/1
Coleta de Dados - UMMI,Impressão: 08/08/2025  9:23.09,Grupo:,TH-04-R,Equipamento:  1 - UMMI,Coleta:,04/08/2025 - 08:56,Registros:   Total: 2.864        Exibidos: 2.864,Data da Coleta:,04/08/2025,Exibição de Dados,Temperatura:,,Umidade:,,Datas:,,Medições,Data / Hora,Temperatura,Umidade,30/07/2025 - 13:20,"23,00","41,00",Betha Eletrônica Ltda,1/1
Coleta de Dados - UMMI,Impressão: 08/08/2025  9:23.09,Grupo:,TH-04-R,Equipamento:  1 - UMMI,Coleta:,04/08/2025 - 08:56,Registros:   Total: 2.864        Exibidos: 2.864,Data da Coleta:,04/08/2025,Exibição de Dados,Temperatura:,,Umidade:,,Datas:,,Medições,Data / Hora,Temperatura,Umidade,30/07/2025 - 13:25,"24,00","46,00",Betha Eletrônica Ltda,1/1
Coleta de Dados - UMMI,Impressão: 08/08/2025  9:23.09,Grupo:,TH-04-R,Equipamento:  1 - UMMI,Coleta:,04/08/2025 - 08:56,Registros:   Total: 2.864        Exibidos: 2.864,Data da Coleta:,04/08/2025,Exibição de Dados,Temperatura:,,Umidade:,,Datas:,,Medições,Data / Hora,Temperatura,Umidade,30/07/2025 - 13:30,"23,00","45,00",Betha Eletrônica Ltda,1/1
Coleta de Dados - UMMI,Impressão: 08/08/2025  9:23.09,Grupo:,TH-04-R,Equipamento:  1 - UMMI,Coleta:,04/08/2025 - 08:56,Registros:   Total: 2.864        Exibidos: 2.864,Data da Coleta:,04/08/2025,Exibição de Dados,Temperatura:,,Umidade:,,Datas:,,Medições,Data / Hora,Temperatura,Umidade,30/07/2025 - 13:35,"23,00","44,00",Betha Eletrônica Ltda,1/1
Coleta de Dados - UMMI,Impressão: 08/08/2025  9:23.09,Grupo:,TH-04-R,Equipamento:  1 - UMMI,Coleta:,04/08/2025 - 08:56,Registros:   Total: 2.864        Exibidos: 2.864,Data da Coleta:,04/08/2025,Exibição de Dados,Temperatura:,,Umidade:,,Datas:,,Medições,Data / Hora,Temperatura,Umidade,30/07/2025 - 13:40,"23,00","47,00",Betha Eletrônica Ltda,1/1
Coleta de Dados - UMMI,Impressão: 08/08/2025  9:23.09,Grupo:,TH-04-R,Equipamento:  1 - UMMI,Coleta:,04/08/2025 - 08:56,Registros:   Total: 2.864        Exibidos: 2.864,Data da Coleta:,04/08/2025,Exibição de Dados,Temperatura:,,Umidade:,,Datas:,,Medições,Data / Hora,Temperatura,Umidade,30/07/2025 - 13:45,"22,00","47,00",Betha Eletrônica Ltda,1/1
Coleta de Dados - UMMI,Impressão: 08/08/2025  9:23.09,Grupo:,TH-04-R,Equipamento:  1 - UMMI,Coleta:,04/08/2025 - 08:56,Registros:   Total: 2.864        Exibidos: 2.864,Data da Coleta:,04/08/2025,Exibição de Dados,Temperatura:,,Umidade:,,Datas:,,Medições,Data / Hora,Temperatura,Umidade,30/07/2025 - 13:50,"23,00","41,00",Betha Eletrônica Ltda,1/1
Coleta de Dados - UMMI,Impressão: 08/08/2025  9:23.09,Grupo:,TH-04-R,Equipamento:  1 - UMMI,Coleta:,04/08/2025 - 08:56,Registros:   Total: 2.864        Exibidos: 2.864,Data da Coleta:,04/08/2025,Exibição de Dados,Temperatura:,,Umidade:,,Datas:,,Medições,Data / Hora,Temperatura,Umidade,30/07/2025 - 13:55,"23,00","50,00",Betha Eletrônica Ltda,1/1
Coleta de Dados - UMMI,Impressão: 08/08/2025  9:23.09,Grupo:,TH-04-R,Equipamento:  1 - UMMI,Coleta:,04/08/2025 - 08:56,Registros:   Total: 2.864        Exibidos: 2.864,Data da Coleta:,04/08/2025,Exibição de Dados,Temperatura:,,Umidade:,,Datas:,,Medições,Data / Hora,Temperatura,Umidade,30/07/2025 - 14:00,"23,00","41,00",Betha Eletrônica Ltda,1/1
Coleta de Dados - UMMI,Impressão: 08/08/2025  9:23.09,Grupo:,TH-04-R,Equipamento:  1 - UMMI,Coleta:,04/08/2025 - 08:56,Registros:   Total: 2.864        Exibidos: 2.864,Data da Coleta:,04/08/2025,Exibição de Dados,Temperatura:,,Umidade:,,Datas:,,Medições,Data / Hora,Temperatura,Umidade,30/07/2025 - 14:05,"23,00","46,00",Betha Eletrônica Ltda,1/1
Coleta de Dados - UMMI,Impressão: 08/08/2025  9:23.09,Grupo:,TH-04-R,Equipamento:  1 - UMMI,Coleta:,04/08/2025 - 08:56,Registros:   Total: 2.864        Exibidos: 2.864,Data da Coleta:,04/08/2025,Exibição de Dados,Temperatura:,,Umidade:,,Datas:,,Medições,Data / Hora,Temperatura,Umidade,30/07/2025 - 14:10,"23,00","47,00",Betha Eletrônica Ltda,1/1
Coleta de Dados - UMMI,Impressão: 08/08/2025  9:23.09,Grupo:,TH-04-R,Equipamento:  1 - UMMI,Coleta:,04/08/2025 - 08:56,Registros:   Total: 2.864        Exibidos: 2.864,Data da Coleta:,04/08/2025,Exibição de Dados,Temperatura:,,Umidade:,,Datas:,,Medições,Data / Hora,Temperatura,Umidade,30/07/2025 - 14:15,"22,00","46,00",Betha Eletrônica Ltda,1/1
Coleta de Dados - UMMI,Impressão: 08/08/2025  9:23.09,Grupo:,TH-04-R,Equipamento:  1 - UMMI,Coleta:,04/08/2025 - 08:56,Registros:   Total: 2.864        Exibidos: 2.864,Data da Coleta:,04/08/2025,Exibição de Dados,Temperatura:,,Umidade:,,Datas:,,Medições,Data / Hora,Temperatura,Umidade,30/07/2025 - 14:20,"23,00","40,00",Betha Eletrônica Ltda,1/1
Coleta de Dados - UMMI,Impressão: 08/08/2025  9:23.09,Grupo:,TH-04-R,Equipamento:  1 - UMMI,Coleta:,04/08/2025 - 08:56,Registros:   Total: 2.864        Exibidos: 2.864,Data da Coleta:,04/08/2025,Exibição de Dados,Temperatura:,,Umidade:,,Datas:,,Medições,Data / Hora,Temperatura,Umidade,30/07/2025 - 14:25,"23,00","51,00",Betha Eletrônica Ltda,1/1
Coleta de Dados - UMMI,Impressão: 08/08/2025  9:23.09,Grupo:,TH-04-R,Equipamento:  1 - UMMI,Coleta:,04/08/2025 - 08:56,Registros:   Total: 2.864        Exibidos: 2.864,Data da Coleta:,04/08/2025,Exibição de Dados,Temperatura:,,Umidade:,,Datas:,,Medições,Data / Hora,Temperatura,Umidade,30/07/2025 - 14:30,"23,00","42,00",Betha Eletrônica Ltda,1/1
Coleta de Dados - UMMI,Impressão: 08/08/2025  9:23.09,Grupo:,TH-04-R,Equipamento:  1 - UMMI,Coleta:,04/08/2025 - 08:56,Registros:   Total: 2.864        Exibidos: 2.864,Data da Coleta:,04/08/2025,Exibição de Dados,Temperatura:,,Umidade:,,Datas:,,Medições,Data / Hora,Temperatura,Umidade,30/07/2025 - 14:35,"23,00","46,00",Betha Eletrônica Ltda,1/1
Coleta de Dados - UMMI,Impressão: 08/08/2025  9:23.09,Grupo:,TH-04-R,Equipamento:  1 - UMMI,Coleta:,04/08/2025 - 08:56,Registros:   Total: 2.864        Exibidos: 2.864,Data da Coleta:,04/08/2025,Exibição de Dados,Temperatura:,,Umidade:,,Datas:,,Medições,Data / Hora,Temperatura,Umidade,30/07/2025 - 14:40,"23,00","47,00",Betha Eletrônica Ltda,1/1
Coleta de Dados - UMMI,Impressão: 08/08/2025  9:23.09,Grupo:,TH-04-R,Equipamento:  1 - UMMI,Coleta:,04/08/2025 - 08:56,Registros:   Total: 2.864        Exibidos: 2.864,Data da Coleta:,04/08/2025,Exibição de Dados,Temperatura:,,Umidade:,,Datas:,,Medições,Data / Hora,Temperatura,Umidade,30/07/2025 - 14:45,"22,00","46,00",Betha Eletrônica Ltda,1/1
Coleta de Dados - UMMI,Impressão: 08/08/2025  9:23.09,Grupo:,TH-04-R,Equipamento:  1 - UMMI,Coleta:,04/08/2025 - 08:56,Registros:   Total: 2.864        Exibidos: 2.864,Data da Coleta:,04/08/2025,Exibição de Dados,Temperatura:,,Umidade:,,Datas:,,Medições,Data / Hora,Temperatura,Umidade,30/07/2025 - 14:50,"23,00","42,00",Betha Eletrônica Ltda,1/1
Coleta de Dados - UMMI,Impressão: 08/08/2025  9:23.09,Grupo:,TH-04-R,Equipamento:  1 - UMMI,Coleta:,04/08/2025 - 08:56,Registros:   Total: 2.864        Exibidos: 2.864,Data da Coleta:,04/08/2025,Exibição de Dados,Temperatura:,,Umidade:,,Datas:,,Medições,Data / Hora,Temperatura,Umidade,30/07/2025 - 14:55,"23,00","52,00",Betha Eletrônica Ltda,1/1
Coleta de Dados - UMMI,Impressão: 08/08/2025  9:23.09,Grupo:,TH-04-R,Equipamento:  1 - UMMI,Coleta:,04/08/2025 - 08:56,Registros:   Total: 2.864        Exibidos: 2.864,Data da Coleta:,04/08/2025,Exibição de Dados,Temperatura:,,Umidade:,,Datas:,,Medições,Data / Hora,Temperatura,Umidade,30/07/2025 - 15:00,"23,00","42,00",Betha Eletrônica Ltda,1/1
Coleta de Dados - UMMI,Impressão: 08/08/2025  9:23.09,Grupo:,TH-04-R,Equipamento:  1 - UMMI,Coleta:,04/08/2025 - 08:56,Registros:   Total: 2.864        Exibidos: 2.864,Data da Coleta:,04/08/2025,Exibição de Dados,Temperatura:,,Umidade:,,Datas:,,Medições,Data / Hora,Temperatura,Umidade,30/07/2025 - 15:05,"23,00","50,00",Betha Eletrônica Ltda,1/1
Coleta de Dados - UMMI,Impressão: 08/08/2025  9:23.09,Grupo:,TH-04-R,Equipamento:  1 - UMMI,Coleta:,04/08/2025 - 08:56,Registros:   Total: 2.864        Exibidos: 2.864,Data da Coleta:,04/08/2025,Exibição de Dados,Temperatura:,,Umidade:,,Datas:,,Medições,Data / Hora,Temperatura,Umidade,30/07/2025 - 15:10,"22,00","45,00",Betha Eletrônica Ltda,1/1
Coleta de Dados - UMMI,Impressão: 08/08/2025  9:23.09,Grupo:,TH-04-R,Equipamento:  1 - UMMI,Coleta:,04/08/2025 - 08:56,Registros:   Total: 2.864        Exibidos: 2.864,Data da Coleta:,04/08/2025,Exibição de Dados,Temperatura:,,Umidade:,,Datas:,,Medições,Data / Hora,Temperatura,Umidade,30/07/2025 - 15:15,"22,00","42,00",Betha Eletrônica Ltda,1/1
Coleta de Dados - UMMI,Impressão: 08/08/2025  9:23.09,Grupo:,TH-04-R,Equipamento:  1 - UMMI,Coleta:,04/08/2025 - 08:56,Registros:   Total: 2.864        Exibidos: 2.864,Data da Coleta:,04/08/2025,Exibição de Dados,Temperatura:,,Umidade:,,Datas:,,Medições,Data / Hora,Temperatura,Umidade,30/07/2025 - 15:20,"23,00","52,00",Betha Eletrônica Ltda,1/1
Coleta de Dados - UMMI,Impressão: 08/08/2025  9:23.09,Grupo:,TH-04-R,Equipamento:  1 - UMMI,Coleta:,04/08/2025 - 08:56,Registros:   Total: 2.864        Exibidos: 2.864,Data da Coleta:,04/08/2025,Exibição de Dados,Temperatura:,,Umidade:,,Datas:,,Medições,Data / Hora,Temperatura,Umidade,30/07/2025 - 15:25,"23,00","38,00",Betha Eletrônica Ltda,1/1
Coleta de Dados - UMMI,Impressão: 08/08/2025  9:23.09,Grupo:,TH-04-R,Equipamento:  1 - UMMI,Coleta:,04/08/2025 - 08:56,Registros:   Total: 2.864        Exibidos: 2.864,Data da Coleta:,04/08/2025,Exibição de Dados,Temperatura:,,Umidade:,,Datas:,,Medições,Data / Hora,Temperatura,Umidade,30/07/2025 - 15:30,"23,00","51,00",Betha Eletrônica Ltda,1/1
Coleta de Dados - UMMI,Impressão: 08/08/2025  9:23.09,Grupo:,TH-04-R,Equipamento:  1 - UMMI,Coleta:,04/08/2025 - 08:56,Registros:   Total: 2.864        Exibidos: 2.864,Data da Coleta:,04/08/2025,Exibição de Dados,Temperatura:,,Umidade:,,Datas:,,Medições,Data / Hora,Temperatura,Umidade,30/07/2025 - 15:35,"23,00","40,00",Betha Eletrônica Ltda,1/1
Coleta de Dados - UMMI,Impressão: 08/08/2025  9:23.09,Grupo:,TH-04-R,Equipamento:  1 - UMMI,Coleta:,04/08/2025 - 08:56,Registros:   Total: 2.864        Exibidos: 2.864,Data da Coleta:,04/08/2025,Exibição de Dados,Temperatura:,,Umidade:,,Datas:,,Medições,Data / Hora,Temperatura,Umidade,30/07/2025 - 15:40,"23,00","48,00",Betha Eletrônica Ltda,1/1
Coleta de Dados - UMMI,Impressão: 08/08/2025  9:23.09,Grupo:,TH-04-R,Equipamento:  1 - UMMI,Coleta:,04/08/2025 - 08:56,Registros:   Total: 2.864        Exibidos: 2.864,Data da Coleta:,04/08/2025,Exibição de Dados,Temperatura:,,Umidade:,,Datas:,,Medições,Data / Hora,Temperatura,Umidade,30/07/2025 - 15:45,"22,00","45,00",Betha Eletrônica Ltda,1/1
Coleta de Dados - UMMI,Impressão: 08/08/2025  9:23.09,Grupo:,TH-04-R,Equipamento:  1 - UMMI,Coleta:,04/08/2025 - 08:56,Registros:   Total: 2.864        Exibidos: 2.864,Data da Coleta:,04/08/2025,Exibição de Dados,Temperatura:,,Umidade:,,Datas:,,Medições,Data / Hora,Temperatura,Umidade,30/07/2025 - 15:50,"22,00","43,00",Betha Eletrônica Ltda,1/1
Coleta de Dados - UMMI,Impressão: 08/08/2025  9:23.09,Grupo:,TH-04-R,Equipamento:  1 - UMMI,Coleta:,04/08/2025 - 08:56,Registros:   Total: 2.864        Exibidos: 2.864,Data da Coleta:,04/08/2025,Exibição de Dados,Temperatura:,,Umidade:,,Datas:,,Medições,Data / Hora,Temperatura,Umidade,30/07/2025 - 15:55,"23,00","49,00",Betha Eletrônica Ltda,1/1
Coleta de Dados - UMMI,Impressão: 08/08/2025  9:23.09,Grupo:,TH-04-R,Equipamento:  1 - UMMI,Coleta:,04/08/2025 - 08:56,Registros:   Total: 2.864        Exibidos: 2.864,Data da Coleta:,04/08/2025,Exibição de Dados,Temperatura:,,Umidade:,,Datas:,,Medições,Data / Hora,Temperatura,Umidade,30/07/2025 - 16:00,"24,00","44,00",Betha Eletrônica Ltda,1/1
Coleta de Dados - UMMI,Impressão: 08/08/2025  9:23.09,Grupo:,TH-04-R,Equipamento:  1 - UMMI,Coleta:,04/08/2025 - 08:56,Registros:   Total: 2.864        Exibidos: 2.864,Data da Coleta:,04/08/2025,Exibição de Dados,Temperatura:,,Umidade:,,Datas:,,Medições,Data / Hora,Temperatura,Umidade,30/07/2025 - 16:05,"23,00","48,00",Betha Eletrônica Ltda,1/1
Coleta de Dados - UMMI,Impressão: 08/08/2025  9:23.09,Grupo:,TH-04-R,Equipamento:  1 - UMMI,Coleta:,04/08/2025 - 08:56,Registros:   Total: 2.864        Exibidos: 2.864,Data da Coleta:,04/08/2025,Exibição de Dados,Temperatura:,,Umidade:,,Datas:,,Medições,Data / Hora,Temperatura,Umidade,30/07/2025 - 16:10,"23,00","44,00",Betha Eletrônica Ltda,1/1
Coleta de Dados - UMMI,Impressão: 08/08/2025  9:23.09,Grupo:,TH-04-R,Equipamento:  1 - UMMI,Coleta:,04/08/2025 - 08:56,Registros:   Total: 2.864        Exibidos: 2.864,Data da Coleta:,04/08/2025,Exibição de Dados,Temperatura:,,Umidade:,,Datas:,,Medições,Data / Hora,Temperatura,Umidade,30/07/2025 - 16:15,"22,00","48,00",Betha Eletrônica Ltda,1/1
Coleta de Dados - UMMI,Impressão: 08/08/2025  9:23.09,Grupo:,TH-04-R,Equipamento:  1 - UMMI,Coleta:,04/08/2025 - 08:56,Registros:   Total: 2.864        Exibidos: 2.864,Data da Coleta:,04/08/2025,Exibição de Dados,Temperatura:,,Umidade:,,Datas:,,Medições,Data / Hora,Temperatura,Umidade,30/07/2025 - 16:20,"22,00","47,00",Betha Eletrônica Ltda,1/1
Coleta de Dados - UMMI,Impressão: 08/08/2025  9:23.09,Grupo:,TH-04-R,Equipamento:  1 - UMMI,Coleta:,04/08/2025 - 08:56,Registros:   Total: 2.864        Exibidos: 2.864,Data da Coleta:,04/08/2025,Exibição de Dados,Temperatura:,,Umidade:,,Datas:,,Medições,Data / Hora,Temperatura,Umidade,30/07/2025 - 16:25,"23,00","43,00",Betha Eletrônica Ltda,1/1
Coleta de Dados - UMMI,Impressão: 08/08/2025  9:23.09,Grupo:,TH-04-R,Equipamento:  1 - UMMI,Coleta:,04/08/2025 - 08:56,Registros:   Total: 2.864        Exibidos: 2.864,Data da Coleta:,04/08/2025,Exibição de Dados,Temperatura:,,Umidade:,,Datas:,,Medições,Data / Hora,Temperatura,Umidade,30/07/2025 - 16:30,"23,00","50,00",Betha Eletrônica Ltda,1/1
Coleta de Dados - UMMI,Impressão: 08/08/2025  9:23.09,Grupo:,TH-04-R,Equipamento:  1 - UMMI,Coleta:,04/08/2025 - 08:56,Registros:   Total: 2.864        Exibidos: 2.864,Data da Coleta:,04/08/2025,Exibição de Dados,Temperatura:,,Umidade:,,Datas:,,Medições,Data / Hora,Temperatura,Umidade,30/07/2025 - 16:35,"23,00","45,00",Betha Eletrônica Ltda,1/1
Coleta de Dados - UMMI,Impressão: 08/08/2025  9:23.09,Grupo:,TH-04-R,Equipamento:  1 - UMMI,Coleta:,04/08/2025 - 08:56,Registros:   Total: 2.864        Exibidos: 2.864,Data da Coleta:,04/08/2025,Exibição de Dados,Temperatura:,,Umidade:,,Datas:,,Medições,Data / Hora,Temperatura,Umidade,30/07/2025 - 16:40,"22,00","49,00",Betha Eletrônica Ltda,1/1
Coleta de Dados - UMMI,Impressão: 08/08/2025  9:23.09,Grupo:,TH-04-R,Equipamento:  1 - UMMI,Coleta:,04/08/2025 - 08:56,Registros:   Total: 2.864        Exibidos: 2.864,Data da Coleta:,04/08/2025,Exibição de Dados,Temperatura:,,Umidade:,,Datas:,,Medições,Data / Hora,Temperatura,Umidade,30/07/2025 - 16:45,"22,00","44,00",Betha Eletrônica Ltda,1/1
Coleta de Dados - UMMI,Impressão: 08/08/2025  9:23.09,Grupo:,TH-04-R,Equipamento:  1 - UMMI,Coleta:,04/08/2025 - 08:56,Registros:   Total: 2.864        Exibidos: 2.864,Data da Coleta:,04/08/2025,Exibição de Dados,Temperatura:,,Umidade:,,Datas:,,Medições,Data / Hora,Temperatura,Umidade,30/07/2025 - 16:50,"22,00","47,00",Betha Eletrônica Ltda,1/1
Coleta de Dados - UMMI,Impressão: 08/08/2025  9:23.09,Grupo:,TH-04-R,Equipamento:  1 - UMMI,Coleta:,04/08/2025 - 08:56,Registros:   Total: 2.864        Exibidos: 2.864,Data da Coleta:,04/08/2025,Exibição de Dados,Temperatura:,,Umidade:,,Datas:,,Medições,Data / Hora,Temperatura,Umidade,30/07/2025 - 16:55,"22,00","48,00",Betha Eletrônica Ltda,1/1
Coleta de Dados - UMMI,Impressão: 08/08/2025  9:23.09,Grupo:,TH-04-R,Equipamento:  1 - UMMI,Coleta:,04/08/2025 - 08:56,Registros:   Total: 2.864        Exibidos: 2.864,Data da Coleta:,04/08/2025,Exibição de Dados,Temperatura:,,Umidade:,,Datas:,,Medições,Data / Hora,Temperatura,Umidade,30/07/2025 - 17:00,"23,00","46,00",Betha Eletrônica Ltda,1/1
Coleta de Dados - UMMI,Impressão: 08/08/2025  9:23.09,Grupo:,TH-04-R,Equipamento:  1 - UMMI,Coleta:,04/08/2025 - 08:56,Registros:   Total: 2.864        Exibidos: 2.864,Data da Coleta:,04/08/2025,Exibição de Dados,Temperatura:,,Umidade:,,Datas:,,Medições,Data / Hora,Temperatura,Umidade,30/07/2025 - 17:05,"23,00","47,00",Betha Eletrônica Ltda,1/1
Coleta de Dados - UMMI,Impressão: 08/08/2025  9:23.09,Grupo:,TH-04-R,Equipamento:  1 - UMMI,Coleta:,04/08/2025 - 08:56,Registros:   Total: 2.864        Exibidos: 2.864,Data da Coleta:,04/08/2025,Exibição de Dados,Temperatura:,,Umidade:,,Datas:,,Medições,Data / Hora,Temperatura,Umidade,30/07/2025 - 17:10,"23,00","48,00",Betha Eletrônica Ltda,1/1
Coleta de Dados - UMMI,Impressão: 08/08/2025  9:23.09,Grupo:,TH-04-R,Equipamento:  1 - UMMI,Coleta:,04/08/2025 - 08:56,Registros:   Total: 2.864        Exibidos: 2.864,Data da Coleta:,04/08/2025,Exibição de Dados,Temperatura:,,Umidade:,,Datas:,,Medições,Data / Hora,Temperatura,Umidade,30/07/2025 - 17:15,"22,00","49,00",Betha Eletrônica Ltda,1/1
Coleta de Dados - UMMI,Impressão: 08/08/2025  9:23.09,Grupo:,TH-04-R,Equipamento:  1 - UMMI,Coleta:,04/08/2025 - 08:56,Registros:   Total: 2.864        Exibidos: 2.864,Data da Coleta:,04/08/2025,Exibição de Dados,Temperatura:,,Umidade:,,Datas:,,Medições,Data / Hora,Temperatura,Umidade,30/07/2025 - 17:20,"22,00","44,00",Betha Eletrônica Ltda,1/1
Coleta de Dados - UMMI,Impressão: 08/08/2025  9:23.09,Grupo:,TH-04-R,Equipamento:  1 - UMMI,Coleta:,04/08/2025 - 08:56,Registros:   Total: 2.864        Exibidos: 2.864,Data da Coleta:,04/08/2025,Exibição de Dados,Temperatura:,,Umidade:,,Datas:,,Medições,Data / Hora,Temperatura,Umidade,30/07/2025 - 17:25,"22,00","53,00",Betha Eletrônica Ltda,1/1
Coleta de Dados - UMMI,Impressão: 08/08/2025  9:23.09,Grupo:,TH-04-R,Equipamento:  1 - UMMI,Coleta:,04/08/2025 - 08:56,Registros:   Total: 2.864        Exibidos: 2.864,Data da Coleta:,04/08/2025,Exibição de Dados,Temperatura:,,Umidade:,,Datas:,,Medições,Data / Hora,Temperatura,Umidade,30/07/2025 - 17:30,"23,00","43,00",Betha Eletrônica Ltda,1/1
Coleta de Dados - UMMI,Impressão: 08/08/2025  9:23.09,Grupo:,TH-04-R,Equipamento:  1 - UMMI,Coleta:,04/08/2025 - 08:56,Registros:   Total: 2.864        Exibidos: 2.864,Data da Coleta:,04/08/2025,Exibição de Dados,Temperatura:,,Umidade:,,Datas:,,Medições,Data / Hora,Temperatura,Umidade,30/07/2025 - 17:35,"23,00","51,00",Betha Eletrônica Ltda,1/1
Coleta de Dados - UMMI,Impressão: 08/08/2025  9:23.09,Grupo:,TH-04-R,Equipamento:  1 - UMMI,Coleta:,04/08/2025 - 08:56,Registros:   Total: 2.864        Exibidos: 2.864,Data da Coleta:,04/08/2025,Exibição de Dados,Temperatura:,,Umidade:,,Datas:,,Medições,Data / Hora,Temperatura,Umidade,30/07/2025 - 17:40,"23,00","44,00",Betha Eletrônica Ltda,1/1
Coleta de Dados - UMMI,Impressão: 08/08/2025  9:23.09,Grupo:,TH-04-R,Equipamento:  1 - UMMI,Coleta:,04/08/2025 - 08:56,Registros:   Total: 2.864        Exibidos: 2.864,Data da Coleta:,04/08/2025,Exibição de Dados,Temperatura:,,Umidade:,,Datas:,,Medições,Data / Hora,Temperatura,Umidade,30/07/2025 - 17:45,"22,00","52,00",Betha Eletrônica Ltda,1/1
Coleta de Dados - UMMI,Impressão: 08/08/2025  9:23.09,Grupo:,TH-04-R,Equipamento:  1 - UMMI,Coleta:,04/08/2025 - 08:56,Registros:   Total: 2.864        Exibidos: 2.864,Data da Coleta:,04/08/2025,Exibição de Dados,Temperatura:,,Umidade:,,Datas:,,Medições,Data / Hora,Temperatura,Umidade,30/07/2025 - 17:50,"22,00","42,00",Betha Eletrônica Ltda,1/1
Coleta de Dados - UMMI,Impressão: 08/08/2025  9:23.09,Grupo:,TH-04-R,Equipamento:  1 - UMMI,Coleta:,04/08/2025 - 08:56,Registros:   Total: 2.864        Exibidos: 2.864,Data da Coleta:,04/08/2025,Exibição de Dados,Temperatura:,,Umidade:,,Datas:,,Medições,Data / Hora,Temperatura,Umidade,30/07/2025 - 17:55,"22,00","53,00",Betha Eletrônica Ltda,1/1
Coleta de Dados - UMMI,Impressão: 08/08/2025  9:23.09,Grupo:,TH-04-R,Equipamento:  1 - UMMI,Coleta:,04/08/2025 - 08:56,Registros:   Total: 2.864        Exibidos: 2.864,Data da Coleta:,04/08/2025,Exibição de Dados,Temperatura:,,Umidade:,,Datas:,,Medições,Data / Hora,Temperatura,Umidade,30/07/2025 - 18:00,"22,00","40,00",Betha Eletrônica Ltda,1/1
Coleta de Dados - UMMI,Impressão: 08/08/2025  9:23.09,Grupo:,TH-04-R,Equipamento:  1 - UMMI,Coleta:,04/08/2025 - 08:56,Registros:   Total: 2.864        Exibidos: 2.864,Data da Coleta:,04/08/2025,Exibição de Dados,Temperatura:,,Umidade:,,Datas:,,Medições,Data / Hora,Temperatura,Umidade,30/07/2025 - 18:05,"23,00","51,00",Betha Eletrônica Ltda,1/1
Coleta de Dados - UMMI,Impressão: 08/08/2025  9:23.09,Grupo:,TH-04-R,Equipamento:  1 - UMMI,Coleta:,04/08/2025 - 08:56,Registros:   Total: 2.864        Exibidos: 2.864,Data da Coleta:,04/08/2025,Exibição de Dados,Temperatura:,,Umidade:,,Datas:,,Medições,Data / Hora,Temperatura,Umidade,30/07/2025 - 18:10,"23,00","41,00",Betha Eletrônica Ltda,1/1
Coleta de Dados - UMMI,Impressão: 08/08/2025  9:23.09,Grupo:,TH-04-R,Equipamento:  1 - UMMI,Coleta:,04/08/2025 - 08:56,Registros:   Total: 2.864        Exibidos: 2.864,Data da Coleta:,04/08/2025,Exibição de Dados,Temperatura:,,Umidade:,,Datas:,,Medições,Data / Hora,Temperatura,Umidade,30/07/2025 - 18:15,"22,00","51,00",Betha Eletrônica Ltda,1/1
Coleta de Dados - UMMI,Impressão: 08/08/2025  9:23.09,Grupo:,TH-04-R,Equipamento:  1 - UMMI,Coleta:,04/08/2025 - 08:56,Registros:   Total: 2.864        Exibidos: 2.864,Data da Coleta:,04/08/2025,Exibição de Dados,Temperatura:,,Umidade:,,Datas:,,Medições,Data / Hora,Temperatura,Umidade,30/07/2025 - 18:20,"22,00","45,00",Betha Eletrônica Ltda,1/1
Coleta de Dados - UMMI,Impressão: 08/08/2025  9:23.09,Grupo:,TH-04-R,Equipamento:  1 - UMMI,Coleta:,04/08/2025 - 08:56,Registros:   Total: 2.864        Exibidos: 2.864,Data da Coleta:,04/08/2025,Exibição de Dados,Temperatura:,,Umidade:,,Datas:,,Medições,Data / Hora,Temperatura,Umidade,30/07/2025 - 18:25,"22,00","46,00",Betha Eletrônica Ltda,1/1
Coleta de Dados - UMMI,Impressão: 08/08/2025  9:23.09,Grupo:,TH-04-R,Equipamento:  1 - UMMI,Coleta:,04/08/2025 - 08:56,Registros:   Total: 2.864        Exibidos: 2.864,Data da Coleta:,04/08/2025,Exibição de Dados,Temperatura:,,Umidade:,,Datas:,,Medições,Data / Hora,Temperatura,Umidade,30/07/2025 - 18:30,"22,00","49,00",Betha Eletrônica Ltda,1/1
Coleta de Dados - UMMI,Impressão: 08/08/2025  9:23.09,Grupo:,TH-04-R,Equipamento:  1 - UMMI,Coleta:,04/08/2025 - 08:56,Registros:   Total: 2.864        Exibidos: 2.864,Data da Coleta:,04/08/2025,Exibição de Dados,Temperatura:,,Umidade:,,Datas:,,Medições,Data / Hora,Temperatura,Umidade,30/07/2025 - 18:35,"23,00","46,00",Betha Eletrônica Ltda,1/1
Coleta de Dados - UMMI,Impressão: 08/08/2025  9:23.09,Grupo:,TH-04-R,Equipamento:  1 - UMMI,Coleta:,04/08/2025 - 08:56,Registros:   Total: 2.864        Exibidos: 2.864,Data da Coleta:,04/08/2025,Exibição de Dados,Temperatura:,,Umidade:,,Datas:,,Medições,Data / Hora,Temperatura,Umidade,30/07/2025 - 18:40,"23,00","47,00",Betha Eletrônica Ltda,1/1
Coleta de Dados - UMMI,Impressão: 08/08/2025  9:23.09,Grupo:,TH-04-R,Equipamento:  1 - UMMI,Coleta:,04/08/2025 - 08:56,Registros:   Total: 2.864        Exibidos: 2.864,Data da Coleta:,04/08/2025,Exibição de Dados,Temperatura:,,Umidade:,,Datas:,,Medições,Data / Hora,Temperatura,Umidade,30/07/2025 - 18:45,"23,00","48,00",Betha Eletrônica Ltda,1/1
Coleta de Dados - UMMI,Impressão: 08/08/2025  9:23.09,Grupo:,TH-04-R,Equipamento:  1 - UMMI,Coleta:,04/08/2025 - 08:56,Registros:   Total: 2.864        Exibidos: 2.864,Data da Coleta:,04/08/2025,Exibição de Dados,Temperatura:,,Umidade:,,Datas:,,Medições,Data / Hora,Temperatura,Umidade,30/07/2025 - 18:50,"22,00","49,00",Betha Eletrônica Ltda,1/1
Coleta de Dados - UMMI,Impressão: 08/08/2025  9:23.09,Grupo:,TH-04-R,Equipamento:  1 - UMMI,Coleta:,04/08/2025 - 08:56,Registros:   Total: 2.864        Exibidos: 2.864,Data da Coleta:,04/08/2025,Exibição de Dados,Temperatura:,,Umidade:,,Datas:,,Medições,Data / Hora,Temperatura,Umidade,30/07/2025 - 18:55,"22,00","43,00",Betha Eletrônica Ltda,1/1
Coleta de Dados - UMMI,Impressão: 08/08/2025  9:23.09,Grupo:,TH-04-R,Equipamento:  1 - UMMI,Coleta:,04/08/2025 - 08:56,Registros:   Total: 2.864        Exibidos: 2.864,Data da Coleta:,04/08/2025,Exibição de Dados,Temperatura:,,Umidade:,,Datas:,,Medições,Data / Hora,Temperatura,Umidade,30/07/2025 - 19:00,"22,00","53,00",Betha Eletrônica Ltda,1/1
Coleta de Dados - UMMI,Impressão: 08/08/2025  9:23.09,Grupo:,TH-04-R,Equipamento:  1 - UMMI,Coleta:,04/08/2025 - 08:56,Registros:   Total: 2.864        Exibidos: 2.864,Data da Coleta:,04/08/2025,Exibição de Dados,Temperatura:,,Umidade:,,Datas:,,Medições,Data / Hora,Temperatura,Umidade,30/07/2025 - 19:05,"23,00","41,00",Betha Eletrônica Ltda,1/1
Coleta de Dados - UMMI,Impressão: 08/08/2025  9:23.09,Grupo:,TH-04-R,Equipamento:  1 - UMMI,Coleta:,04/08/2025 - 08:56,Registros:   Total: 2.864        Exibidos: 2.864,Data da Coleta:,04/08/2025,Exibição de Dados,Temperatura:,,Umidade:,,Datas:,,Medições,Data / Hora,Temperatura,Umidade,30/07/2025 - 19:10,"23,00","51,00",Betha Eletrônica Ltda,1/1
Coleta de Dados - UMMI,Impressão: 08/08/2025  9:23.09,Grupo:,TH-04-R,Equipamento:  1 - UMMI,Coleta:,04/08/2025 - 08:56,Registros:   Total: 2.864        Exibidos: 2.864,Data da Coleta:,04/08/2025,Exibição de Dados,Temperatura:,,Umidade:,,Datas:,,Medições,Data / Hora,Temperatura,Umidade,30/07/2025 - 19:15,"23,00","43,00",Betha Eletrônica Ltda,1/1
Coleta de Dados - UMMI,Impressão: 08/08/2025  9:23.09,Grupo:,TH-04-R,Equipamento:  1 - UMMI,Coleta:,04/08/2025 - 08:56,Registros:   Total: 2.864        Exibidos: 2.864,Data da Coleta:,04/08/2025,Exibição de Dados,Temperatura:,,Umidade:,,Datas:,,Medições,Data / Hora,Temperatura,Umidade,30/07/2025 - 19:20,"22,00","51,00",Betha Eletrônica Ltda,1/1
Coleta de Dados - UMMI,Impressão: 08/08/2025  9:23.09,Grupo:,TH-04-R,Equipamento:  1 - UMMI,Coleta:,04/08/2025 - 08:56,Registros:   Total: 2.864        Exibidos: 2.864,Data da Coleta:,04/08/2025,Exibição de Dados,Temperatura:,,Umidade:,,Datas:,,Medições,Data / Hora,Temperatura,Umidade,30/07/2025 - 19:25,"22,00","43,00",Betha Eletrônica Ltda,1/1
Coleta de Dados - UMMI,Impressão: 08/08/2025  9:23.09,Grupo:,TH-04-R,Equipamento:  1 - UMMI,Coleta:,04/08/2025 - 08:56,Registros:   Total: 2.864        Exibidos: 2.864,Data da Coleta:,04/08/2025,Exibição de Dados,Temperatura:,,Umidade:,,Datas:,,Medições,Data / Hora,Temperatura,Umidade,30/07/2025 - 19:30,"22,00","53,00",Betha Eletrônica Ltda,1/1
Coleta de Dados - UMMI,Impressão: 08/08/2025  9:23.09,Grupo:,TH-04-R,Equipamento:  1 - UMMI,Coleta:,04/08/2025 - 08:56,Registros:   Total: 2.864        Exibidos: 2.864,Data da Coleta:,04/08/2025,Exibição de Dados,Temperatura:,,Umidade:,,Datas:,,Medições,Data / Hora,Temperatura,Umidade,30/07/2025 - 19:35,"23,00","40,00",Betha Eletrônica Ltda,1/1
Coleta de Dados - UMMI,Impressão: 08/08/2025  9:23.09,Grupo:,TH-04-R,Equipamento:  1 - UMMI,Coleta:,04/08/2025 - 08:56,Registros:   Total: 2.864        Exibidos: 2.864,Data da Coleta:,04/08/2025,Exibição de Dados,Temperatura:,,Umidade:,,Datas:,,Medições,Data / Hora,Temperatura,Umidade,30/07/2025 - 19:40,"23,00","51,00",Betha Eletrônica Ltda,1/1
Coleta de Dados - UMMI,Impressão: 08/08/2025  9:23.09,Grupo:,TH-04-R,Equipamento:  1 - UMMI,Coleta:,04/08/2025 - 08:56,Registros:   Total: 2.864        Exibidos: 2.864,Data da Coleta:,04/08/2025,Exibição de Dados,Temperatura:,,Umidade:,,Datas:,,Medições,Data / Hora,Temperatura,Umidade,30/07/2025 - 19:45,"23,00","42,00",Betha Eletrônica Ltda,1/1
Coleta de Dados - UMMI,Impressão: 08/08/2025  9:23.09,Grupo:,TH-04-R,Equipamento:  1 - UMMI,Coleta:,04/08/2025 - 08:56,Registros:   Total: 2.864        Exibidos: 2.864,Data da Coleta:,04/08/2025,Exibição de Dados,Temperatura:,,Umidade:,,Datas:,,Medições,Data / Hora,Temperatura,Umidade,30/07/2025 - 19:50,"22,00","50,00",Betha Eletrônica Ltda,1/1
Coleta de Dados - UMMI,Impressão: 08/08/2025  9:23.09,Grupo:,TH-04-R,Equipamento:  1 - UMMI,Coleta:,04/08/2025 - 08:56,Registros:   Total: 2.864        Exibidos: 2.864,Data da Coleta:,04/08/2025,Exibição de Dados,Temperatura:,,Umidade:,,Datas:,,Medições,Data / Hora,Temperatura,Umidade,30/07/2025 - 19:55,"22,00","43,00",Betha Eletrônica Ltda,1/1
Coleta de Dados - UMMI,Impressão: 08/08/2025  9:23.09,Grupo:,TH-04-R,Equipamento:  1 - UMMI,Coleta:,04/08/2025 - 08:56,Registros:   Total: 2.864        Exibidos: 2.864,Data da Coleta:,04/08/2025,Exibição de Dados,Temperatura:,,Umidade:,,Datas:,,Medições,Data / Hora,Temperatura,Umidade,30/07/2025 - 20:00,"22,00","51,00",Betha Eletrônica Ltda,1/1
Coleta de Dados - UMMI,Impressão: 08/08/2025  9:23.09,Grupo:,TH-04-R,Equipamento:  1 - UMMI,Coleta:,04/08/2025 - 08:56,Registros:   Total: 2.864        Exibidos: 2.864,Data da Coleta:,04/08/2025,Exibição de Dados,Temperatura:,,Umidade:,,Datas:,,Medições,Data / Hora,Temperatura,Umidade,30/07/2025 - 20:05,"22,00","41,00",Betha Eletrônica Ltda,1/1
Coleta de Dados - UMMI,Impressão: 08/08/2025  9:23.09,Grupo:,TH-04-R,Equipamento:  1 - UMMI,Coleta:,04/08/2025 - 08:56,Registros:   Total: 2.864        Exibidos: 2.864,Data da Coleta:,04/08/2025,Exibição de Dados,Temperatura:,,Umidade:,,Datas:,,Medições,Data / Hora,Temperatura,Umidade,30/07/2025 - 20:10,"23,00","51,00",Betha Eletrônica Ltda,1/1
Coleta de Dados - UMMI,Impressão: 08/08/2025  9:23.09,Grupo:,TH-04-R,Equipamento:  1 - UMMI,Coleta:,04/08/2025 - 08:56,Registros:   Total: 2.864        Exibidos: 2.864,Data da Coleta:,04/08/2025,Exibição de Dados,Temperatura:,,Umidade:,,Datas:,,Medições,Data / Hora,Temperatura,Umidade,30/07/2025 - 20:15,"23,00","40,00",Betha Eletrônica Ltda,1/1
Coleta de Dados - UMMI,Impressão: 08/08/2025  9:23.09,Grupo:,TH-04-R,Equipamento:  1 - UMMI,Coleta:,04/08/2025 - 08:56,Registros:   Total: 2.864        Exibidos: 2.864,Data da Coleta:,04/08/2025,Exibição de Dados,Temperatura:,,Umidade:,,Datas:,,Medições,Data / Hora,Temperatura,Umidade,30/07/2025 - 20:20,"23,00","50,00",Betha Eletrônica Ltda,1/1
Coleta de Dados - UMMI,Impressão: 08/08/2025  9:23.09,Grupo:,TH-04-R,Equipamento:  1 - UMMI,Coleta:,04/08/2025 - 08:56,Registros:   Total: 2.864        Exibidos: 2.864,Data da Coleta:,04/08/2025,Exibição de Dados,Temperatura:,,Umidade:,,Datas:,,Medições,Data / Hora,Temperatura,Umidade,30/07/2025 - 20:25,"22,00","43,00",Betha Eletrônica Ltda,1/1
Coleta de Dados - UMMI,Impressão: 08/08/2025  9:23.09,Grupo:,TH-04-R,Equipamento:  1 - UMMI,Coleta:,04/08/2025 - 08:56,Registros:   Total: 2.864        Exibidos: 2.864,Data da Coleta:,04/08/2025,Exibição de Dados,Temperatura:,,Umidade:,,Datas:,,Medições,Data / Hora,Temperatura,Umidade,30/07/2025 - 20:30,"21,00","47,00",Betha Eletrônica Ltda,1/1
Coleta de Dados - UMMI,Impressão: 08/08/2025  9:23.09,Grupo:,TH-04-R,Equipamento:  1 - UMMI,Coleta:,04/08/2025 - 08:56,Registros:   Total: 2.864        Exibidos: 2.864,Data da Coleta:,04/08/2025,Exibição de Dados,Temperatura:,,Umidade:,,Datas:,,Medições,Data / Hora,Temperatura,Umidade,30/07/2025 - 20:35,"22,00","48,00",Betha Eletrônica Ltda,1/1
Coleta de Dados - UMMI,Impressão: 08/08/2025  9:23.09,Grupo:,TH-04-R,Equipamento:  1 - UMMI,Coleta:,04/08/2025 - 08:56,Registros:   Total: 2.864        Exibidos: 2.864,Data da Coleta:,04/08/2025,Exibição de Dados,Temperatura:,,Umidade:,,Datas:,,Medições,Data / Hora,Temperatura,Umidade,30/07/2025 - 20:40,"23,00","48,00",Betha Eletrônica Ltda,1/1
Coleta de Dados - UMMI,Impressão: 08/08/2025  9:23.09,Grupo:,TH-04-R,Equipamento:  1 - UMMI,Coleta:,04/08/2025 - 08:56,Registros:   Total: 2.864        Exibidos: 2.864,Data da Coleta:,04/08/2025,Exibição de Dados,Temperatura:,,Umidade:,,Datas:,,Medições,Data / Hora,Temperatura,Umidade,30/07/2025 - 20:45,"23,00","44,00",Betha Eletrônica Ltda,1/1
Coleta de Dados - UMMI,Impressão: 08/08/2025  9:23.09,Grupo:,TH-04-R,Equipamento:  1 - UMMI,Coleta:,04/08/2025 - 08:56,Registros:   Total: 2.864        Exibidos: 2.864,Data da Coleta:,04/08/2025,Exibição de Dados,Temperatura:,,Umidade:,,Datas:,,Medições,Data / Hora,Temperatura,Umidade,30/07/2025 - 20:50,"23,00","50,00",Betha Eletrônica Ltda,1/1
Coleta de Dados - UMMI,Impressão: 08/08/2025  9:23.09,Grupo:,TH-04-R,Equipamento:  1 - UMMI,Coleta:,04/08/2025 - 08:56,Registros:   Total: 2.864        Exibidos: 2.864,Data da Coleta:,04/08/2025,Exibição de Dados,Temperatura:,,Umidade:,,Datas:,,Medições,Data / Hora,Temperatura,Umidade,30/07/2025 - 20:55,"22,00","41,00",Betha Eletrônica Ltda,1/1
Coleta de Dados - UMMI,Impressão: 08/08/2025  9:23.09,Grupo:,TH-04-R,Equipamento:  1 - UMMI,Coleta:,04/08/2025 - 08:56,Registros:   Total: 2.864        Exibidos: 2.864,Data da Coleta:,04/08/2025,Exibição de Dados,Temperatura:,,Umidade:,,Datas:,,Medições,Data / Hora,Temperatura,Umidade,30/07/2025 - 21:00,"22,00","50,00",Betha Eletrônica Ltda,1/1
Coleta de Dados - UMMI,Impressão: 08/08/2025  9:23.09,Grupo:,TH-04-R,Equipamento:  1 - UMMI,Coleta:,04/08/2025 - 08:56,Registros:   Total: 2.864        Exibidos: 2.864,Data da Coleta:,04/08/2025,Exibição de Dados,Temperatura:,,Umidade:,,Datas:,,Medições,Data / Hora,Temperatura,Umidade,30/07/2025 - 21:05,"22,00","44,00",Betha Eletrônica Ltda,1/1
Coleta de Dados - UMMI,Impressão: 08/08/2025  9:23.09,Grupo:,TH-04-R,Equipamento:  1 - UMMI,Coleta:,04/08/2025 - 08:56,Registros:   Total: 2.864        Exibidos: 2.864,Data da Coleta:,04/08/2025,Exibição de Dados,Temperatura:,,Umidade:,,Datas:,,Medições,Data / Hora,Temperatura,Umidade,30/07/2025 - 21:10,"23,00","50,00",Betha Eletrônica Ltda,1/1
Coleta de Dados - UMMI,Impressão: 08/08/2025  9:23.09,Grupo:,TH-04-R,Equipamento:  1 - UMMI,Coleta:,04/08/2025 - 08:56,Registros:   Total: 2.864        Exibidos: 2.864,Data da Coleta:,04/08/2025,Exibição de Dados,Temperatura:,,Umidade:,,Datas:,,Medições,Data / Hora,Temperatura,Umidade,30/07/2025 - 21:15,"23,00","42,00",Betha Eletrônica Ltda,1/1
Coleta de Dados - UMMI,Impressão: 08/08/2025  9:23.09,Grupo:,TH-04-R,Equipamento:  1 - UMMI,Coleta:,04/08/2025 - 08:56,Registros:   Total: 2.864        Exibidos: 2.864,Data da Coleta:,04/08/2025,Exibição de Dados,Temperatura:,,Umidade:,,Datas:,,Medições,Data / Hora,Temperatura,Umidade,30/07/2025 - 21:20,"23,00","49,00",Betha Eletrônica Ltda,1/1
Coleta de Dados - UMMI,Impressão: 08/08/2025  9:23.09,Grupo:,TH-04-R,Equipamento:  1 - UMMI,Coleta:,04/08/2025 - 08:56,Registros:   Total: 2.864        Exibidos: 2.864,Data da Coleta:,04/08/2025,Exibição de Dados,Temperatura:,,Umidade:,,Datas:,,Medições,Data / Hora,Temperatura,Umidade,30/07/2025 - 21:25,"24,00","48,00",Betha Eletrônica Ltda,1/1
Coleta de Dados - UMMI,Impressão: 08/08/2025  9:23.09,Grupo:,TH-04-R,Equipamento:  1 - UMMI,Coleta:,04/08/2025 - 08:56,Registros:   Total: 2.864        Exibidos: 2.864,Data da Coleta:,04/08/2025,Exibição de Dados,Temperatura:,,Umidade:,,Datas:,,Medições,Data / Hora,Temperatura,Umidade,30/07/2025 - 21:30,"24,00","47,00",Betha Eletrônica Ltda,1/1
Coleta de Dados - UMMI,Impressão: 08/08/2025  9:23.09,Grupo:,TH-04-R,Equipamento:  1 - UMMI,Coleta:,04/08/2025 - 08:56,Registros:   Total: 2.864        Exibidos: 2.864,Data da Coleta:,04/08/2025,Exibição de Dados,Temperatura:,,Umidade:,,Datas:,,Medições,Data / Hora,Temperatura,Umidade,30/07/2025 - 21:35,"23,00","48,00",Betha Eletrônica Ltda,1/1
Coleta de Dados - UMMI,Impressão: 08/08/2025  9:23.09,Grupo:,TH-04-R,Equipamento:  1 - UMMI,Coleta:,04/08/2025 - 08:56,Registros:   Total: 2.864        Exibidos: 2.864,Data da Coleta:,04/08/2025,Exibição de Dados,Temperatura:,,Umidade:,,Datas:,,Medições,Data / Hora,Temperatura,Umidade,30/07/2025 - 21:40,"21,00","49,00",Betha Eletrônica Ltda,1/1
Coleta de Dados - UMMI,Impressão: 08/08/2025  9:23.09,Grupo:,TH-04-R,Equipamento:  1 - UMMI,Coleta:,04/08/2025 - 08:56,Registros:   Total: 2.864        Exibidos: 2.864,Data da Coleta:,04/08/2025,Exibição de Dados,Temperatura:,,Umidade:,,Datas:,,Medições,Data / Hora,Temperatura,Umidade,30/07/2025 - 21:45,"21,00","43,00",Betha Eletrônica Ltda,1/1
Coleta de Dados - UMMI,Impressão: 08/08/2025  9:23.09,Grupo:,TH-04-R,Equipamento:  1 - UMMI,Coleta:,04/08/2025 - 08:56,Registros:   Total: 2.864        Exibidos: 2.864,Data da Coleta:,04/08/2025,Exibição de Dados,Temperatura:,,Umidade:,,Datas:,,Medições,Data / Hora,Temperatura,Umidade,30/07/2025 - 21:50,"21,00","46,00",Betha Eletrônica Ltda,1/1
Coleta de Dados - UMMI,Impressão: 08/08/2025  9:23.09,Grupo:,TH-04-R,Equipamento:  1 - UMMI,Coleta:,04/08/2025 - 08:56,Registros:   Total: 2.864        Exibidos: 2.864,Data da Coleta:,04/08/2025,Exibição de Dados,Temperatura:,,Umidade:,,Datas:,,Medições,Data / Hora,Temperatura,Umidade,30/07/2025 - 21:55,"21,00","46,00",Betha Eletrônica Ltda,1/1
Coleta de Dados - UMMI,Impressão: 08/08/2025  9:23.09,Grupo:,TH-04-R,Equipamento:  1 - UMMI,Coleta:,04/08/2025 - 08:56,Registros:   Total: 2.864        Exibidos: 2.864,Data da Coleta:,04/08/2025,Exibição de Dados,Temperatura:,,Umidade:,,Datas:,,Medições,Data / Hora,Temperatura,Umidade,30/07/2025 - 22:00,"23,00","50,00",Betha Eletrônica Ltda,1/1
Coleta de Dados - UMMI,Impressão: 08/08/2025  9:23.09,Grupo:,TH-04-R,Equipamento:  1 - UMMI,Coleta:,04/08/2025 - 08:56,Registros:   Total: 2.864        Exibidos: 2.864,Data da Coleta:,04/08/2025,Exibição de Dados,Temperatura:,,Umidade:,,Datas:,,Medições,Data / Hora,Temperatura,Umidade,30/07/2025 - 22:05,"23,00","42,00",Betha Eletrônica Ltda,1/1
Coleta de Dados - UMMI,Impressão: 08/08/2025  9:23.09,Grupo:,TH-04-R,Equipamento:  1 - UMMI,Coleta:,04/08/2025 - 08:56,Registros:   Total: 2.864        Exibidos: 2.864,Data da Coleta:,04/08/2025,Exibição de Dados,Temperatura:,,Umidade:,,Datas:,,Medições,Data / Hora,Temperatura,Umidade,30/07/2025 - 22:10,"23,00","50,00",Betha Eletrônica Ltda,1/1
Coleta de Dados - UMMI,Impressão: 08/08/2025  9:23.09,Grupo:,TH-04-R,Equipamento:  1 - UMMI,Coleta:,04/08/2025 - 08:56,Registros:   Total: 2.864        Exibidos: 2.864,Data da Coleta:,04/08/2025,Exibição de Dados,Temperatura:,,Umidade:,,Datas:,,Medições,Data / Hora,Temperatura,Umidade,30/07/2025 - 22:15,"22,00","41,00",Betha Eletrônica Ltda,1/1
Coleta de Dados - UMMI,Impressão: 08/08/2025  9:23.09,Grupo:,TH-04-R,Equipamento:  1 - UMMI,Coleta:,04/08/2025 - 08:56,Registros:   Total: 2.864        Exibidos: 2.864,Data da Coleta:,04/08/2025,Exibição de Dados,Temperatura:,,Umidade:,,Datas:,,Medições,Data / Hora,Temperatura,Umidade,30/07/2025 - 22:20,"22,00","51,00",Betha Eletrônica Ltda,1/1
Coleta de Dados - UMMI,Impressão: 08/08/2025  9:23.09,Grupo:,TH-04-R,Equipamento:  1 - UMMI,Coleta:,04/08/2025 - 08:56,Registros:   Total: 2.864        Exibidos: 2.864,Data da Coleta:,04/08/2025,Exibição de Dados,Temperatura:,,Umidade:,,Datas:,,Medições,Data / Hora,Temperatura,Umidade,30/07/2025 - 22:25,"22,00","41,00",Betha Eletrônica Ltda,1/1
Coleta de Dados - UMMI,Impressão: 08/08/2025  9:23.09,Grupo:,TH-04-R,Equipamento:  1 - UMMI,Coleta:,04/08/2025 - 08:56,Registros:   Total: 2.864        Exibidos: 2.864,Data da Coleta:,04/08/2025,Exibição de Dados,Temperatura:,,Umidade:,,Datas:,,Medições,Data / Hora,Temperatura,Umidade,30/07/2025 - 22:30,"23,00","52,00",Betha Eletrônica Ltda,1/1
Coleta de Dados - UMMI,Impressão: 08/08/2025  9:23.09,Grupo:,TH-04-R,Equipamento:  1 - UMMI,Coleta:,04/08/2025 - 08:56,Registros:   Total: 2.864        Exibidos: 2.864,Data da Coleta:,04/08/2025,Exibição de Dados,Temperatura:,,Umidade:,,Datas:,,Medições,Data / Hora,Temperatura,Umidade,30/07/2025 - 22:35,"23,00","40,00",Betha Eletrônica Ltda,1/1
Coleta de Dados - UMMI,Impressão: 08/08/2025  9:23.09,Grupo:,TH-04-R,Equipamento:  1 - UMMI,Coleta:,04/08/2025 - 08:56,Registros:   Total: 2.864        Exibidos: 2.864,Data da Coleta:,04/08/2025,Exibição de Dados,Temperatura:,,Umidade:,,Datas:,,Medições,Data / Hora,Temperatura,Umidade,30/07/2025 - 22:40,"23,00","50,00",Betha Eletrônica Ltda,1/1
Coleta de Dados - UMMI,Impressão: 08/08/2025  9:23.09,Grupo:,TH-04-R,Equipamento:  1 - UMMI,Coleta:,04/08/2025 - 08:56,Registros:   Total: 2.864        Exibidos: 2.864,Data da Coleta:,04/08/2025,Exibição de Dados,Temperatura:,,Umidade:,,Datas:,,Medições,Data / Hora,Temperatura,Umidade,30/07/2025 - 22:45,"23,00","47,00",Betha Eletrônica Ltda,1/1
Coleta de Dados - UMMI,Impressão: 08/08/2025  9:23.09,Grupo:,TH-04-R,Equipamento:  1 - UMMI,Coleta:,04/08/2025 - 08:56,Registros:   Total: 2.864        Exibidos: 2.864,Data da Coleta:,04/08/2025,Exibição de Dados,Temperatura:,,Umidade:,,Datas:,,Medições,Data / Hora,Temperatura,Umidade,30/07/2025 - 22:50,"22,00","47,00",Betha Eletrônica Ltda,1/1
Coleta de Dados - UMMI,Impressão: 08/08/2025  9:23.09,Grupo:,TH-04-R,Equipamento:  1 - UMMI,Coleta:,04/08/2025 - 08:56,Registros:   Total: 2.864        Exibidos: 2.864,Data da Coleta:,04/08/2025,Exibição de Dados,Temperatura:,,Umidade:,,Datas:,,Medições,Data / Hora,Temperatura,Umidade,30/07/2025 - 22:55,"22,00","46,00",Betha Eletrônica Ltda,1/1
Coleta de Dados - UMMI,Impressão: 08/08/2025  9:23.09,Grupo:,TH-04-R,Equipamento:  1 - UMMI,Coleta:,04/08/2025 - 08:56,Registros:   Total: 2.864        Exibidos: 2.864,Data da Coleta:,04/08/2025,Exibição de Dados,Temperatura:,,Umidade:,,Datas:,,Medições,Data / Hora,Temperatura,Umidade,30/07/2025 - 23:00,"22,00","52,00",Betha Eletrônica Ltda,1/1
Coleta de Dados - UMMI,Impressão: 08/08/2025  9:23.09,Grupo:,TH-04-R,Equipamento:  1 - UMMI,Coleta:,04/08/2025 - 08:56,Registros:   Total: 2.864        Exibidos: 2.864,Data da Coleta:,04/08/2025,Exibição de Dados,Temperatura:,,Umidade:,,Datas:,,Medições,Data / Hora,Temperatura,Umidade,30/07/2025 - 23:05,"23,00","42,00",Betha Eletrônica Ltda,1/1
Coleta de Dados - UMMI,Impressão: 08/08/2025  9:23.09,Grupo:,TH-04-R,Equipamento:  1 - UMMI,Coleta:,04/08/2025 - 08:56,Registros:   Total: 2.864        Exibidos: 2.864,Data da Coleta:,04/08/2025,Exibição de Dados,Temperatura:,,Umidade:,,Datas:,,Medições,Data / Hora,Temperatura,Umidade,30/07/2025 - 23:10,"23,00","50,00",Betha Eletrônica Ltda,1/1
Coleta de Dados - UMMI,Impressão: 08/08/2025  9:23.09,Grupo:,TH-04-R,Equipamento:  1 - UMMI,Coleta:,04/08/2025 - 08:56,Registros:   Total: 2.864        Exibidos: 2.864,Data da Coleta:,04/08/2025,Exibição de Dados,Temperatura:,,Umidade:,,Datas:,,Medições,Data / Hora,Temperatura,Umidade,30/07/2025 - 23:15,"24,00","48,00",Betha Eletrônica Ltda,1/1
Coleta de Dados - UMMI,Impressão: 08/08/2025  9:23.09,Grupo:,TH-04-R,Equipamento:  1 - UMMI,Coleta:,04/08/2025 - 08:56,Registros:   Total: 2.864        Exibidos: 2.864,Data da Coleta:,04/08/2025,Exibição de Dados,Temperatura:,,Umidade:,,Datas:,,Medições,Data / Hora,Temperatura,Umidade,30/07/2025 - 23:20,"24,00","47,00",Betha Eletrônica Ltda,1/1
Coleta de Dados - UMMI,Impressão: 08/08/2025  9:23.09,Grupo:,TH-04-R,Equipamento:  1 - UMMI,Coleta:,04/08/2025 - 08:56,Registros:   Total: 2.864        Exibidos: 2.864,Data da Coleta:,04/08/2025,Exibição de Dados,Temperatura:,,Umidade:,,Datas:,,Medições,Data / Hora,Temperatura,Umidade,30/07/2025 - 23:25,"23,00","47,00",Betha Eletrônica Ltda,1/1
Coleta de Dados - UMMI,Impressão: 08/08/2025  9:23.09,Grupo:,TH-04-R,Equipamento:  1 - UMMI,Coleta:,04/08/2025 - 08:56,Registros:   Total: 2.864        Exibidos: 2.864,Data da Coleta:,04/08/2025,Exibição de Dados,Temperatura:,,Umidade:,,Datas:,,Medições,Data / Hora,Temperatura,Umidade,30/07/2025 - 23:30,"23,00","48,00",Betha Eletrônica Ltda,1/1
Coleta de Dados - UMMI,Impressão: 08/08/2025  9:23.09,Grupo:,TH-04-R,Equipamento:  1 - UMMI,Coleta:,04/08/2025 - 08:56,Registros:   Total: 2.864        Exibidos: 2.864,Data da Coleta:,04/08/2025,Exibição de Dados,Temperatura:,,Umidade:,,Datas:,,Medições,Data / Hora,Temperatura,Umidade,30/07/2025 - 23:35,"22,00","45,00",Betha Eletrônica Ltda,1/1
Coleta de Dados - UMMI,Impressão: 08/08/2025  9:23.09,Grupo:,TH-04-R,Equipamento:  1 - UMMI,Coleta:,04/08/2025 - 08:56,Registros:   Total: 2.864        Exibidos: 2.864,Data da Coleta:,04/08/2025,Exibição de Dados,Temperatura:,,Umidade:,,Datas:,,Medições,Data / Hora,Temperatura,Umidade,30/07/2025 - 23:40,"21,00","48,00",Betha Eletrônica Ltda,1/1
Coleta de Dados - UMMI,Impressão: 08/08/2025  9:23.09,Grupo:,TH-04-R,Equipamento:  1 - UMMI,Coleta:,04/08/2025 - 08:56,Registros:   Total: 2.864        Exibidos: 2.864,Data da Coleta:,04/08/2025,Exibição de Dados,Temperatura:,,Umidade:,,Datas:,,Medições,Data / Hora,Temperatura,Umidade,30/07/2025 - 23:45,"21,00","49,00",Betha Eletrônica Ltda,1/1
Coleta de Dados - UMMI,Impressão: 08/08/2025  9:23.09,Grupo:,TH-04-R,Equipamento:  1 - UMMI,Coleta:,04/08/2025 - 08:56,Registros:   Total: 2.864        Exibidos: 2.864,Data da Coleta:,04/08/2025,Exibição de Dados,Temperatura:,,Umidade:,,Datas:,,Medições,Data / Hora,Temperatura,Umidade,30/07/2025 - 23:50,"22,00","44,00",Betha Eletrônica Ltda,1/1
Coleta de Dados - UMMI,Impressão: 08/08/2025  9:23.09,Grupo:,TH-04-R,Equipamento:  1 - UMMI,Coleta:,04/08/2025 - 08:56,Registros:   Total: 2.864        Exibidos: 2.864,Data da Coleta:,04/08/2025,Exibição de Dados,Temperatura:,,Umidade:,,Datas:,,Medições,Data / Hora,Temperatura,Umidade,30/07/2025 - 23:55,"22,00","48,00",Betha Eletrônica Ltda,1/1
Coleta de Dados - UMMI,Impressão: 08/08/2025  9:23.09,Grupo:,TH-04-R,Equipamento:  1 - UMMI,Coleta:,04/08/2025 - 08:56,Registros:   Total: 2.864        Exibidos: 2.864,Data da Coleta:,04/08/2025,Exibição de Dados,Temperatura:,,Umidade:,,Datas:,,Medições,Data / Hora,Temperatura,Umidade,31/07/2025 - 00:00,"23,00","49,00",Betha Eletrônica Ltda,1/1
Coleta de Dados - UMMI,Impressão: 08/08/2025  9:23.09,Grupo:,TH-04-R,Equipamento:  1 - UMMI,Coleta:,04/08/2025 - 08:56,Registros:   Total: 2.864        Exibidos: 2.864,Data da Coleta:,04/08/2025,Exibição de Dados,Temperatura:,,Umidade:,,Datas:,,Medições,Data / Hora,Temperatura,Umidade,31/07/2025 - 00:05,"23,00","42,00",Betha Eletrônica Ltda,1/1
Coleta de Dados - UMMI,Impressão: 08/08/2025  9:23.09,Grupo:,TH-04-R,Equipamento:  1 - UMMI,Coleta:,04/08/2025 - 08:56,Registros:   Total: 2.864        Exibidos: 2.864,Data da Coleta:,04/08/2025,Exibição de Dados,Temperatura:,,Umidade:,,Datas:,,Medições,Data / Hora,Temperatura,Umidade,31/07/2025 - 00:10,"23,00","49,00",Betha Eletrônica Ltda,1/1
Coleta de Dados - UMMI,Impressão: 08/08/2025  9:23.09,Grupo:,TH-04-R,Equipamento:  1 - UMMI,Coleta:,04/08/2025 - 08:56,Registros:   Total: 2.864        Exibidos: 2.864,Data da Coleta:,04/08/2025,Exibição de Dados,Temperatura:,,Umidade:,,Datas:,,Medições,Data / Hora,Temperatura,Umidade,31/07/2025 - 00:15,"22,00","41,00",Betha Eletrônica Ltda,1/1
Coleta de Dados - UMMI,Impressão: 08/08/2025  9:23.09,Grupo:,TH-04-R,Equipamento:  1 - UMMI,Coleta:,04/08/2025 - 08:56,Registros:   Total: 2.864        Exibidos: 2.864,Data da Coleta:,04/08/2025,Exibição de Dados,Temperatura:,,Umidade:,,Datas:,,Medições,Data / Hora,Temperatura,Umidade,31/07/2025 - 00:20,"22,00","51,00",Betha Eletrônica Ltda,1/1
Coleta de Dados - UMMI,Impressão: 08/08/2025  9:23.09,Grupo:,TH-04-R,Equipamento:  1 - UMMI,Coleta:,04/08/2025 - 08:56,Registros:   Total: 2.864        Exibidos: 2.864,Data da Coleta:,04/08/2025,Exibição de Dados,Temperatura:,,Umidade:,,Datas:,,Medições,Data / Hora,Temperatura,Umidade,31/07/2025 - 00:25,"23,00","39,00",Betha Eletrônica Ltda,1/1
Coleta de Dados - UMMI,Impressão: 08/08/2025  9:23.09,Grupo:,TH-04-R,Equipamento:  1 - UMMI,Coleta:,04/08/2025 - 08:56,Registros:   Total: 2.864        Exibidos: 2.864,Data da Coleta:,04/08/2025,Exibição de Dados,Temperatura:,,Umidade:,,Datas:,,Medições,Data / Hora,Temperatura,Umidade,31/07/2025 - 00:30,"23,00","50,00",Betha Eletrônica Ltda,1/1
Coleta de Dados - UMMI,Impressão: 08/08/2025  9:23.09,Grupo:,TH-04-R,Equipamento:  1 - UMMI,Coleta:,04/08/2025 - 08:56,Registros:   Total: 2.864        Exibidos: 2.864,Data da Coleta:,04/08/2025,Exibição de Dados,Temperatura:,,Umidade:,,Datas:,,Medições,Data / Hora,Temperatura,Umidade,31/07/2025 - 00:35,"25,00","47,00",Betha Eletrônica Ltda,1/1
Coleta de Dados - UMMI,Impressão: 08/08/2025  9:23.09,Grupo:,TH-04-R,Equipamento:  1 - UMMI,Coleta:,04/08/2025 - 08:56,Registros:   Total: 2.864        Exibidos: 2.864,Data da Coleta:,04/08/2025,Exibição de Dados,Temperatura:,,Umidade:,,Datas:,,Medições,Data / Hora,Temperatura,Umidade,31/07/2025 - 00:40,"24,00","45,00",Betha Eletrônica Ltda,1/1
Coleta de Dados - UMMI,Impressão: 08/08/2025  9:23.09,Grupo:,TH-04-R,Equipamento:  1 - UMMI,Coleta:,04/08/2025 - 08:56,Registros:   Total: 2.864        Exibidos: 2.864,Data da Coleta:,04/08/2025,Exibição de Dados,Temperatura:,,Umidade:,,Datas:,,Medições,Data / Hora,Temperatura,Umidade,31/07/2025 - 00:45,"24,00","46,00",Betha Eletrônica Ltda,1/1
Coleta de Dados - UMMI,Impressão: 08/08/2025  9:23.09,Grupo:,TH-04-R,Equipamento:  1 - UMMI,Coleta:,04/08/2025 - 08:56,Registros:   Total: 2.864        Exibidos: 2.864,Data da Coleta:,04/08/2025,Exibição de Dados,Temperatura:,,Umidade:,,Datas:,,Medições,Data / Hora,Temperatura,Umidade,31/07/2025 - 00:50,"23,00","47,00",Betha Eletrônica Ltda,1/1
Coleta de Dados - UMMI,Impressão: 08/08/2025  9:23.09,Grupo:,TH-04-R,Equipamento:  1 - UMMI,Coleta:,04/08/2025 - 08:56,Registros:   Total: 2.864        Exibidos: 2.864,Data da Coleta:,04/08/2025,Exibição de Dados,Temperatura:,,Umidade:,,Datas:,,Medições,Data / Hora,Temperatura,Umidade,31/07/2025 - 00:55,"22,00","48,00",Betha Eletrônica Ltda,1/1
Coleta de Dados - UMMI,Impressão: 08/08/2025  9:23.09,Grupo:,TH-04-R,Equipamento:  1 - UMMI,Coleta:,04/08/2025 - 08:56,Registros:   Total: 2.864        Exibidos: 2.864,Data da Coleta:,04/08/2025,Exibição de Dados,Temperatura:,,Umidade:,,Datas:,,Medições,Data / Hora,Temperatura,Umidade,31/07/2025 - 01:00,"22,00","47,00",Betha Eletrônica Ltda,1/1
Coleta de Dados - UMMI,Impressão: 08/08/2025  9:23.09,Grupo:,TH-04-R,Equipamento:  1 - UMMI,Coleta:,04/08/2025 - 08:56,Registros:   Total: 2.864        Exibidos: 2.864,Data da Coleta:,04/08/2025,Exibição de Dados,Temperatura:,,Umidade:,,Datas:,,Medições,Data / Hora,Temperatura,Umidade,31/07/2025 - 01:05,"21,00","50,00",Betha Eletrônica Ltda,1/1
Coleta de Dados - UMMI,Impressão: 08/08/2025  9:23.09,Grupo:,TH-04-R,Equipamento:  1 - UMMI,Coleta:,04/08/2025 - 08:56,Registros:   Total: 2.864        Exibidos: 2.864,Data da Coleta:,04/08/2025,Exibição de Dados,Temperatura:,,Umidade:,,Datas:,,Medições,Data / Hora,Temperatura,Umidade,31/07/2025 - 01:10,"21,00","41,00",Betha Eletrônica Ltda,1/1
Coleta de Dados - UMMI,Impressão: 08/08/2025  9:23.09,Grupo:,TH-04-R,Equipamento:  1 - UMMI,Coleta:,04/08/2025 - 08:56,Registros:   Total: 2.864        Exibidos: 2.864,Data da Coleta:,04/08/2025,Exibição de Dados,Temperatura:,,Umidade:,,Datas:,,Medições,Data / Hora,Temperatura,Umidade,31/07/2025 - 01:15,"23,00","51,00",Betha Eletrônica Ltda,1/1
Coleta de Dados - UMMI,Impressão: 08/08/2025  9:23.09,Grupo:,TH-04-R,Equipamento:  1 - UMMI,Coleta:,04/08/2025 - 08:56,Registros:   Total: 2.864        Exibidos: 2.864,Data da Coleta:,04/08/2025,Exibição de Dados,Temperatura:,,Umidade:,,Datas:,,Medições,Data / Hora,Temperatura,Umidade,31/07/2025 - 01:20,"23,00","39,00",Betha Eletrônica Ltda,1/1
Coleta de Dados - UMMI,Impressão: 08/08/2025  9:23.09,Grupo:,TH-04-R,Equipamento:  1 - UMMI,Coleta:,04/08/2025 - 08:56,Registros:   Total: 2.864        Exibidos: 2.864,Data da Coleta:,04/08/2025,Exibição de Dados,Temperatura:,,Umidade:,,Datas:,,Medições,Data / Hora,Temperatura,Umidade,31/07/2025 - 01:25,"23,00","49,00",Betha Eletrônica Ltda,1/1
Coleta de Dados - UMMI,Impressão: 08/08/2025  9:23.09,Grupo:,TH-04-R,Equipamento:  1 - UMMI,Coleta:,04/08/2025 - 08:56,Registros:   Total: 2.864        Exibidos: 2.864,Data da Coleta:,04/08/2025,Exibição de Dados,Temperatura:,,Umidade:,,Datas:,,Medições,Data / Hora,Temperatura,Umidade,31/07/2025 - 01:30,"24,00","46,00",Betha Eletrônica Ltda,1/1
Coleta de Dados - UMMI,Impressão: 08/08/2025  9:23.09,Grupo:,TH-04-R,Equipamento:  1 - UMMI,Coleta:,04/08/2025 - 08:56,Registros:   Total: 2.864        Exibidos: 2.864,Data da Coleta:,04/08/2025,Exibição de Dados,Temperatura:,,Umidade:,,Datas:,,Medições,Data / Hora,Temperatura,Umidade,31/07/2025 - 01:35,"24,00","45,00",Betha Eletrônica Ltda,1/1
Coleta de Dados - UMMI,Impressão: 08/08/2025  9:23.09,Grupo:,TH-04-R,Equipamento:  1 - UMMI,Coleta:,04/08/2025 - 08:56,Registros:   Total: 2.864        Exibidos: 2.864,Data da Coleta:,04/08/2025,Exibição de Dados,Temperatura:,,Umidade:,,Datas:,,Medições,Data / Hora,Temperatura,Umidade,31/07/2025 - 01:40,"23,00","46,00",Betha Eletrônica Ltda,1/1
Coleta de Dados - UMMI,Impressão: 08/08/2025  9:23.09,Grupo:,TH-04-R,Equipamento:  1 - UMMI,Coleta:,04/08/2025 - 08:56,Registros:   Total: 2.864        Exibidos: 2.864,Data da Coleta:,04/08/2025,Exibição de Dados,Temperatura:,,Umidade:,,Datas:,,Medições,Data / Hora,Temperatura,Umidade,31/07/2025 - 01:45,"23,00","47,00",Betha Eletrônica Ltda,1/1
Coleta de Dados - UMMI,Impressão: 08/08/2025  9:23.09,Grupo:,TH-04-R,Equipamento:  1 - UMMI,Coleta:,04/08/2025 - 08:56,Registros:   Total: 2.864        Exibidos: 2.864,Data da Coleta:,04/08/2025,Exibição de Dados,Temperatura:,,Umidade:,,Datas:,,Medições,Data / Hora,Temperatura,Umidade,31/07/2025 - 01:50,"22,00","48,00",Betha Eletrônica Ltda,1/1
Coleta de Dados - UMMI,Impressão: 08/08/2025  9:23.09,Grupo:,TH-04-R,Equipamento:  1 - UMMI,Coleta:,04/08/2025 - 08:56,Registros:   Total: 2.864        Exibidos: 2.864,Data da Coleta:,04/08/2025,Exibição de Dados,Temperatura:,,Umidade:,,Datas:,,Medições,Data / Hora,Temperatura,Umidade,31/07/2025 - 01:55,"22,00","45,00",Betha Eletrônica Ltda,1/1
Coleta de Dados - UMMI,Impressão: 08/08/2025  9:23.09,Grupo:,TH-04-R,Equipamento:  1 - UMMI,Coleta:,04/08/2025 - 08:56,Registros:   Total: 2.864        Exibidos: 2.864,Data da Coleta:,04/08/2025,Exibição de Dados,Temperatura:,,Umidade:,,Datas:,,Medições,Data / Hora,Temperatura,Umidade,31/07/2025 - 02:00,"21,00","50,00",Betha Eletrônica Ltda,1/1
Coleta de Dados - UMMI,Impressão: 08/08/2025  9:23.09,Grupo:,TH-04-R,Equipamento:  1 - UMMI,Coleta:,04/08/2025 - 08:56,Registros:   Total: 2.864        Exibidos: 2.864,Data da Coleta:,04/08/2025,Exibição de Dados,Temperatura:,,Umidade:,,Datas:,,Medições,Data / Hora,Temperatura,Umidade,31/07/2025 - 02:05,"21,00","42,00",Betha Eletrônica Ltda,1/1
Coleta de Dados - UMMI,Impressão: 08/08/2025  9:23.09,Grupo:,TH-04-R,Equipamento:  1 - UMMI,Coleta:,04/08/2025 - 08:56,Registros:   Total: 2.864        Exibidos: 2.864,Data da Coleta:,04/08/2025,Exibição de Dados,Temperatura:,,Umidade:,,Datas:,,Medições,Data / Hora,Temperatura,Umidade,31/07/2025 - 02:10,"23,00","50,00",Betha Eletrônica Ltda,1/1
Coleta de Dados - UMMI,Impressão: 08/08/2025  9:23.09,Grupo:,TH-04-R,Equipamento:  1 - UMMI,Coleta:,04/08/2025 - 08:56,Registros:   Total: 2.864        Exibidos: 2.864,Data da Coleta:,04/08/2025,Exibição de Dados,Temperatura:,,Umidade:,,Datas:,,Medições,Data / Hora,Temperatura,Umidade,31/07/2025 - 02:15,"23,00","39,00",Betha Eletrônica Ltda,1/1
Coleta de Dados - UMMI,Impressão: 08/08/2025  9:23.09,Grupo:,TH-04-R,Equipamento:  1 - UMMI,Coleta:,04/08/2025 - 08:56,Registros:   Total: 2.864        Exibidos: 2.864,Data da Coleta:,04/08/2025,Exibição de Dados,Temperatura:,,Umidade:,,Datas:,,Medições,Data / Hora,Temperatura,Umidade,31/07/2025 - 02:20,"23,00","49,00",Betha Eletrônica Ltda,1/1
Coleta de Dados - UMMI,Impressão: 08/08/2025  9:23.09,Grupo:,TH-04-R,Equipamento:  1 - UMMI,Coleta:,04/08/2025 - 08:56,Registros:   Total: 2.864        Exibidos: 2.864,Data da Coleta:,04/08/2025,Exibição de Dados,Temperatura:,,Umidade:,,Datas:,,Medições,Data / Hora,Temperatura,Umidade,31/07/2025 - 02:25,"24,00","46,00",Betha Eletrônica Ltda,1/1
Coleta de Dados - UMMI,Impressão: 08/08/2025  9:23.09,Grupo:,TH-04-R,Equipamento:  1 - UMMI,Coleta:,04/08/2025 - 08:56,Registros:   Total: 2.864        Exibidos: 2.864,Data da Coleta:,04/08/2025,Exibição de Dados,Temperatura:,,Umidade:,,Datas:,,Medições,Data / Hora,Temperatura,Umidade,31/07/2025 - 02:30,"24,00","45,00",Betha Eletrônica Ltda,1/1
Coleta de Dados - UMMI,Impressão: 08/08/2025  9:23.09,Grupo:,TH-04-R,Equipamento:  1 - UMMI,Coleta:,04/08/2025 - 08:56,Registros:   Total: 2.864        Exibidos: 2.864,Data da Coleta:,04/08/2025,Exibição de Dados,Temperatura:,,Umidade:,,Datas:,,Medições,Data / Hora,Temperatura,Umidade,31/07/2025 - 02:35,"23,00","46,00",Betha Eletrônica Ltda,1/1
Coleta de Dados - UMMI,Impressão: 08/08/2025  9:23.09,Grupo:,TH-04-R,Equipamento:  1 - UMMI,Coleta:,04/08/2025 - 08:56,Registros:   Total: 2.864        Exibidos: 2.864,Data da Coleta:,04/08/2025,Exibição de Dados,Temperatura:,,Umidade:,,Datas:,,Medições,Data / Hora,Temperatura,Umidade,31/07/2025 - 02:40,"23,00","47,00",Betha Eletrônica Ltda,1/1
Coleta de Dados - UMMI,Impressão: 08/08/2025  9:23.09,Grupo:,TH-04-R,Equipamento:  1 - UMMI,Coleta:,04/08/2025 - 08:56,Registros:   Total: 2.864        Exibidos: 2.864,Data da Coleta:,04/08/2025,Exibição de Dados,Temperatura:,,Umidade:,,Datas:,,Medições,Data / Hora,Temperatura,Umidade,31/07/2025 - 02:45,"22,00","48,00",Betha Eletrônica Ltda,1/1
Coleta de Dados - UMMI,Impressão: 08/08/2025  9:23.09,Grupo:,TH-04-R,Equipamento:  1 - UMMI,Coleta:,04/08/2025 - 08:56,Registros:   Total: 2.864        Exibidos: 2.864,Data da Coleta:,04/08/2025,Exibição de Dados,Temperatura:,,Umidade:,,Datas:,,Medições,Data / Hora,Temperatura,Umidade,31/07/2025 - 02:50,"22,00","46,00",Betha Eletrônica Ltda,1/1
Coleta de Dados - UMMI,Impressão: 08/08/2025  9:23.09,Grupo:,TH-04-R,Equipamento:  1 - UMMI,Coleta:,04/08/2025 - 08:56,Registros:   Total: 2.864        Exibidos: 2.864,Data da Coleta:,04/08/2025,Exibição de Dados,Temperatura:,,Umidade:,,Datas:,,Medições,Data / Hora,Temperatura,Umidade,31/07/2025 - 02:55,"21,00","51,00",Betha Eletrônica Ltda,1/1
Coleta de Dados - UMMI,Impressão: 08/08/2025  9:23.09,Grupo:,TH-04-R,Equipamento:  1 - UMMI,Coleta:,04/08/2025 - 08:56,Registros:   Total: 2.864        Exibidos: 2.864,Data da Coleta:,04/08/2025,Exibição de Dados,Temperatura:,,Umidade:,,Datas:,,Medições,Data / Hora,Temperatura,Umidade,31/07/2025 - 03:00,"22,00","39,00",Betha Eletrônica Ltda,1/1
Coleta de Dados - UMMI,Impressão: 08/08/2025  9:23.09,Grupo:,TH-04-R,Equipamento:  1 - UMMI,Coleta:,04/08/2025 - 08:56,Registros:   Total: 2.864        Exibidos: 2.864,Data da Coleta:,04/08/2025,Exibição de Dados,Temperatura:,,Umidade:,,Datas:,,Medições,Data / Hora,Temperatura,Umidade,31/07/2025 - 03:05,"23,00","50,00",Betha Eletrônica Ltda,1/1
Coleta de Dados - UMMI,Impressão: 08/08/2025  9:23.09,Grupo:,TH-04-R,Equipamento:  1 - UMMI,Coleta:,04/08/2025 - 08:56,Registros:   Total: 2.864        Exibidos: 2.864,Data da Coleta:,04/08/2025,Exibição de Dados,Temperatura:,,Umidade:,,Datas:,,Medições,Data / Hora,Temperatura,Umidade,31/07/2025 - 03:10,"24,00","46,00",Betha Eletrônica Ltda,1/1
Coleta de Dados - UMMI,Impressão: 08/08/2025  9:23.09,Grupo:,TH-04-R,Equipamento:  1 - UMMI,Coleta:,04/08/2025 - 08:56,Registros:   Total: 2.864        Exibidos: 2.864,Data da Coleta:,04/08/2025,Exibição de Dados,Temperatura:,,Umidade:,,Datas:,,Medições,Data / Hora,Temperatura,Umidade,31/07/2025 - 03:15,"25,00","44,00",Betha Eletrônica Ltda,1/1
Coleta de Dados - UMMI,Impressão: 08/08/2025  9:23.09,Grupo:,TH-04-R,Equipamento:  1 - UMMI,Coleta:,04/08/2025 - 08:56,Registros:   Total: 2.864        Exibidos: 2.864,Data da Coleta:,04/08/2025,Exibição de Dados,Temperatura:,,Umidade:,,Datas:,,Medições,Data / Hora,Temperatura,Umidade,31/07/2025 - 03:20,"24,00","45,00",Betha Eletrônica Ltda,1/1
Coleta de Dados - UMMI,Impressão: 08/08/2025  9:23.09,Grupo:,TH-04-R,Equipamento:  1 - UMMI,Coleta:,04/08/2025 - 08:56,Registros:   Total: 2.864        Exibidos: 2.864,Data da Coleta:,04/08/2025,Exibição de Dados,Temperatura:,,Umidade:,,Datas:,,Medições,Data / Hora,Temperatura,Umidade,31/07/2025 - 03:25,"23,00","46,00",Betha Eletrônica Ltda,1/1
Coleta de Dados - UMMI,Impressão: 08/08/2025  9:23.09,Grupo:,TH-04-R,Equipamento:  1 - UMMI,Coleta:,04/08/2025 - 08:56,Registros:   Total: 2.864        Exibidos: 2.864,Data da Coleta:,04/08/2025,Exibição de Dados,Temperatura:,,Umidade:,,Datas:,,Medições,Data / Hora,Temperatura,Umidade,31/07/2025 - 03:30,"23,00","47,00",Betha Eletrônica Ltda,1/1
Coleta de Dados - UMMI,Impressão: 08/08/2025  9:23.09,Grupo:,TH-04-R,Equipamento:  1 - UMMI,Coleta:,04/08/2025 - 08:56,Registros:   Total: 2.864        Exibidos: 2.864,Data da Coleta:,04/08/2025,Exibição de Dados,Temperatura:,,Umidade:,,Datas:,,Medições,Data / Hora,Temperatura,Umidade,31/07/2025 - 03:35,"22,00","48,00",Betha Eletrônica Ltda,1/1
Coleta de Dados - UMMI,Impressão: 08/08/2025  9:23.09,Grupo:,TH-04-R,Equipamento:  1 - UMMI,Coleta:,04/08/2025 - 08:56,Registros:   Total: 2.864        Exibidos: 2.864,Data da Coleta:,04/08/2025,Exibição de Dados,Temperatura:,,Umidade:,,Datas:,,Medições,Data / Hora,Temperatura,Umidade,31/07/2025 - 03:40,"22,00","44,00",Betha Eletrônica Ltda,1/1
Coleta de Dados - UMMI,Impressão: 08/08/2025  9:23.09,Grupo:,TH-04-R,Equipamento:  1 - UMMI,Coleta:,04/08/2025 - 08:56,Registros:   Total: 2.864        Exibidos: 2.864,Data da Coleta:,04/08/2025,Exibição de Dados,Temperatura:,,Umidade:,,Datas:,,Medições,Data / Hora,Temperatura,Umidade,31/07/2025 - 03:45,"22,00","51,00",Betha Eletrônica Ltda,1/1
Coleta de Dados - UMMI,Impressão: 08/08/2025  9:23.09,Grupo:,TH-04-R,Equipamento:  1 - UMMI,Coleta:,04/08/2025 - 08:56,Registros:   Total: 2.864        Exibidos: 2.864,Data da Coleta:,04/08/2025,Exibição de Dados,Temperatura:,,Umidade:,,Datas:,,Medições,Data / Hora,Temperatura,Umidade,31/07/2025 - 03:50,"22,00","39,00",Betha Eletrônica Ltda,1/1
Coleta de Dados - UMMI,Impressão: 08/08/2025  9:23.09,Grupo:,TH-04-R,Equipamento:  1 - UMMI,Coleta:,04/08/2025 - 08:56,Registros:   Total: 2.864        Exibidos: 2.864,Data da Coleta:,04/08/2025,Exibição de Dados,Temperatura:,,Umidade:,,Datas:,,Medições,Data / Hora,Temperatura,Umidade,31/07/2025 - 03:55,"23,00","50,00",Betha Eletrônica Ltda,1/1
Coleta de Dados - UMMI,Impressão: 08/08/2025  9:23.09,Grupo:,TH-04-R,Equipamento:  1 - UMMI,Coleta:,04/08/2025 - 08:56,Registros:   Total: 2.864        Exibidos: 2.864,Data da Coleta:,04/08/2025,Exibição de Dados,Temperatura:,,Umidade:,,Datas:,,Medições,Data / Hora,Temperatura,Umidade,31/07/2025 - 04:00,"25,00","46,00",Betha Eletrônica Ltda,1/1
Coleta de Dados - UMMI,Impressão: 08/08/2025  9:23.09,Grupo:,TH-04-R,Equipamento:  1 - UMMI,Coleta:,04/08/2025 - 08:56,Registros:   Total: 2.864        Exibidos: 2.864,Data da Coleta:,04/08/2025,Exibição de Dados,Temperatura:,,Umidade:,,Datas:,,Medições,Data / Hora,Temperatura,Umidade,31/07/2025 - 04:05,"25,00","44,00",Betha Eletrônica Ltda,1/1
Coleta de Dados - UMMI,Impressão: 08/08/2025  9:23.09,Grupo:,TH-04-R,Equipamento:  1 - UMMI,Coleta:,04/08/2025 - 08:56,Registros:   Total: 2.864        Exibidos: 2.864,Data da Coleta:,04/08/2025,Exibição de Dados,Temperatura:,,Umidade:,,Datas:,,Medições,Data / Hora,Temperatura,Umidade,31/07/2025 - 04:10,"24,00","44,00",Betha Eletrônica Ltda,1/1
Coleta de Dados - UMMI,Impressão: 08/08/2025  9:23.09,Grupo:,TH-04-R,Equipamento:  1 - UMMI,Coleta:,04/08/2025 - 08:56,Registros:   Total: 2.864        Exibidos: 2.864,Data da Coleta:,04/08/2025,Exibição de Dados,Temperatura:,,Umidade:,,Datas:,,Medições,Data / Hora,Temperatura,Umidade,31/07/2025 - 04:15,"23,00","45,00",Betha Eletrônica Ltda,1/1
Coleta de Dados - UMMI,Impressão: 08/08/2025  9:23.09,Grupo:,TH-04-R,Equipamento:  1 - UMMI,Coleta:,04/08/2025 - 08:56,Registros:   Total: 2.864        Exibidos: 2.864,Data da Coleta:,04/08/2025,Exibição de Dados,Temperatura:,,Umidade:,,Datas:,,Medições,Data / Hora,Temperatura,Umidade,31/07/2025 - 04:20,"23,00","46,00",Betha Eletrônica Ltda,1/1
Coleta de Dados - UMMI,Impressão: 08/08/2025  9:23.09,Grupo:,TH-04-R,Equipamento:  1 - UMMI,Coleta:,04/08/2025 - 08:56,Registros:   Total: 2.864        Exibidos: 2.864,Data da Coleta:,04/08/2025,Exibição de Dados,Temperatura:,,Umidade:,,Datas:,,Medições,Data / Hora,Temperatura,Umidade,31/07/2025 - 04:25,"22,00","47,00",Betha Eletrônica Ltda,1/1
Coleta de Dados - UMMI,Impressão: 08/08/2025  9:23.09,Grupo:,TH-04-R,Equipamento:  1 - UMMI,Coleta:,04/08/2025 - 08:56,Registros:   Total: 2.864        Exibidos: 2.864,Data da Coleta:,04/08/2025,Exibição de Dados,Temperatura:,,Umidade:,,Datas:,,Medições,Data / Hora,Temperatura,Umidade,31/07/2025 - 04:30,"22,00","48,00",Betha Eletrônica Ltda,1/1
Coleta de Dados - UMMI,Impressão: 08/08/2025  9:23.09,Grupo:,TH-04-R,Equipamento:  1 - UMMI,Coleta:,04/08/2025 - 08:56,Registros:   Total: 2.864        Exibidos: 2.864,Data da Coleta:,04/08/2025,Exibição de Dados,Temperatura:,,Umidade:,,Datas:,,Medições,Data / Hora,Temperatura,Umidade,31/07/2025 - 04:35,"23,00","47,00",Betha Eletrônica Ltda,1/1
Coleta de Dados - UMMI,Impressão: 08/08/2025  9:23.09,Grupo:,TH-04-R,Equipamento:  1 - UMMI,Coleta:,04/08/2025 - 08:56,Registros:   Total: 2.864        Exibidos: 2.864,Data da Coleta:,04/08/2025,Exibição de Dados,Temperatura:,,Umidade:,,Datas:,,Medições,Data / Hora,Temperatura,Umidade,31/07/2025 - 04:40,"24,00","45,00",Betha Eletrônica Ltda,1/1
Coleta de Dados - UMMI,Impressão: 08/08/2025  9:23.09,Grupo:,TH-04-R,Equipamento:  1 - UMMI,Coleta:,04/08/2025 - 08:56,Registros:   Total: 2.864        Exibidos: 2.864,Data da Coleta:,04/08/2025,Exibição de Dados,Temperatura:,,Umidade:,,Datas:,,Medições,Data / Hora,Temperatura,Umidade,31/07/2025 - 04:45,"24,00","44,00",Betha Eletrônica Ltda,1/1
Coleta de Dados - UMMI,Impressão: 08/08/2025  9:23.09,Grupo:,TH-04-R,Equipamento:  1 - UMMI,Coleta:,04/08/2025 - 08:56,Registros:   Total: 2.864        Exibidos: 2.864,Data da Coleta:,04/08/2025,Exibição de Dados,Temperatura:,,Umidade:,,Datas:,,Medições,Data / Hora,Temperatura,Umidade,31/07/2025 - 04:50,"23,00","45,00",Betha Eletrônica Ltda,1/1
Coleta de Dados - UMMI,Impressão: 08/08/2025  9:23.09,Grupo:,TH-04-R,Equipamento:  1 - UMMI,Coleta:,04/08/2025 - 08:56,Registros:   Total: 2.864        Exibidos: 2.864,Data da Coleta:,04/08/2025,Exibição de Dados,Temperatura:,,Umidade:,,Datas:,,Medições,Data / Hora,Temperatura,Umidade,31/07/2025 - 04:55,"23,00","46,00",Betha Eletrônica Ltda,1/1
Coleta de Dados - UMMI,Impressão: 08/08/2025  9:23.09,Grupo:,TH-04-R,Equipamento:  1 - UMMI,Coleta:,04/08/2025 - 08:56,Registros:   Total: 2.864        Exibidos: 2.864,Data da Coleta:,04/08/2025,Exibição de Dados,Temperatura:,,Umidade:,,Datas:,,Medições,Data / Hora,Temperatura,Umidade,31/07/2025 - 05:00,"22,00","47,00",Betha Eletrônica Ltda,1/1
Coleta de Dados - UMMI,Impressão: 08/08/2025  9:23.09,Grupo:,TH-04-R,Equipamento:  1 - UMMI,Coleta:,04/08/2025 - 08:56,Registros:   Total: 2.864        Exibidos: 2.864,Data da Coleta:,04/08/2025,Exibição de Dados,Temperatura:,,Umidade:,,Datas:,,Medições,Data / Hora,Temperatura,Umidade,31/07/2025 - 05:05,"22,00","47,00",Betha Eletrônica Ltda,1/1
Coleta de Dados - UMMI,Impressão: 08/08/2025  9:23.09,Grupo:,TH-04-R,Equipamento:  1 - UMMI,Coleta:,04/08/2025 - 08:56,Registros:   Total: 2.864        Exibidos: 2.864,Data da Coleta:,04/08/2025,Exibição de Dados,Temperatura:,,Umidade:,,Datas:,,Medições,Data / Hora,Temperatura,Umidade,31/07/2025 - 05:10,"23,00","47,00",Betha Eletrônica Ltda,1/1
Coleta de Dados - UMMI,Impressão: 08/08/2025  9:23.09,Grupo:,TH-04-R,Equipamento:  1 - UMMI,Coleta:,04/08/2025 - 08:56,Registros:   Total: 2.864        Exibidos: 2.864,Data da Coleta:,04/08/2025,Exibição de Dados,Temperatura:,,Umidade:,,Datas:,,Medições,Data / Hora,Temperatura,Umidade,31/07/2025 - 05:15,"24,00","45,00",Betha Eletrônica Ltda,1/1
Coleta de Dados - UMMI,Impressão: 08/08/2025  9:23.09,Grupo:,TH-04-R,Equipamento:  1 - UMMI,Coleta:,04/08/2025 - 08:56,Registros:   Total: 2.864        Exibidos: 2.864,Data da Coleta:,04/08/2025,Exibição de Dados,Temperatura:,,Umidade:,,Datas:,,Medições,Data / Hora,Temperatura,Umidade,31/07/2025 - 05:20,"24,00","45,00",Betha Eletrônica Ltda,1/1
Coleta de Dados - UMMI,Impressão: 08/08/2025  9:23.09,Grupo:,TH-04-R,Equipamento:  1 - UMMI,Coleta:,04/08/2025 - 08:56,Registros:   Total: 2.864        Exibidos: 2.864,Data da Coleta:,04/08/2025,Exibição de Dados,Temperatura:,,Umidade:,,Datas:,,Medições,Data / Hora,Temperatura,Umidade,31/07/2025 - 05:25,"23,00","45,00",Betha Eletrônica Ltda,1/1
Coleta de Dados - UMMI,Impressão: 08/08/2025  9:23.09,Grupo:,TH-04-R,Equipamento:  1 - UMMI,Coleta:,04/08/2025 - 08:56,Registros:   Total: 2.864        Exibidos: 2.864,Data da Coleta:,04/08/2025,Exibição de Dados,Temperatura:,,Umidade:,,Datas:,,Medições,Data / Hora,Temperatura,Umidade,31/07/2025 - 05:30,"23,00","46,00",Betha Eletrônica Ltda,1/1
Coleta de Dados - UMMI,Impressão: 08/08/2025  9:23.09,Grupo:,TH-04-R,Equipamento:  1 - UMMI,Coleta:,04/08/2025 - 08:56,Registros:   Total: 2.864        Exibidos: 2.864,Data da Coleta:,04/08/2025,Exibição de Dados,Temperatura:,,Umidade:,,Datas:,,Medições,Data / Hora,Temperatura,Umidade,31/07/2025 - 05:35,"22,00","47,00",Betha Eletrônica Ltda,1/1
Coleta de Dados - UMMI,Impressão: 08/08/2025  9:23.09,Grupo:,TH-04-R,Equipamento:  1 - UMMI,Coleta:,04/08/2025 - 08:56,Registros:   Total: 2.864        Exibidos: 2.864,Data da Coleta:,04/08/2025,Exibição de Dados,Temperatura:,,Umidade:,,Datas:,,Medições,Data / Hora,Temperatura,Umidade,31/07/2025 - 05:40,"22,00","47,00",Betha Eletrônica Ltda,1/1
Coleta de Dados - UMMI,Impressão: 08/08/2025  9:23.09,Grupo:,TH-04-R,Equipamento:  1 - UMMI,Coleta:,04/08/2025 - 08:56,Registros:   Total: 2.864        Exibidos: 2.864,Data da Coleta:,04/08/2025,Exibição de Dados,Temperatura:,,Umidade:,,Datas:,,Medições,Data / Hora,Temperatura,Umidade,31/07/2025 - 05:45,"23,00","46,00",Betha Eletrônica Ltda,1/1
Coleta de Dados - UMMI,Impressão: 08/08/2025  9:23.09,Grupo:,TH-04-R,Equipamento:  1 - UMMI,Coleta:,04/08/2025 - 08:56,Registros:   Total: 2.864        Exibidos: 2.864,Data da Coleta:,04/08/2025,Exibição de Dados,Temperatura:,,Umidade:,,Datas:,,Medições,Data / Hora,Temperatura,Umidade,31/07/2025 - 05:50,"24,00","45,00",Betha Eletrônica Ltda,1/1
Coleta de Dados - UMMI,Impressão: 08/08/2025  9:23.09,Grupo:,TH-04-R,Equipamento:  1 - UMMI,Coleta:,04/08/2025 - 08:56,Registros:   Total: 2.864        Exibidos: 2.864,Data da Coleta:,04/08/2025,Exibição de Dados,Temperatura:,,Umidade:,,Datas:,,Medições,Data / Hora,Temperatura,Umidade,31/07/2025 - 05:55,"24,00","44,00",Betha Eletrônica Ltda,1/1
Coleta de Dados - UMMI,Impressão: 08/08/2025  9:23.09,Grupo:,TH-04-R,Equipamento:  1 - UMMI,Coleta:,04/08/2025 - 08:56,Registros:   Total: 2.864        Exibidos: 2.864,Data da Coleta:,04/08/2025,Exibição de Dados,Temperatura:,,Umidade:,,Datas:,,Medições,Data / Hora,Temperatura,Umidade,31/07/2025 - 06:00,"23,00","45,00",Betha Eletrônica Ltda,1/1
Coleta de Dados - UMMI,Impressão: 08/08/2025  9:23.09,Grupo:,TH-04-R,Equipamento:  1 - UMMI,Coleta:,04/08/2025 - 08:56,Registros:   Total: 2.864        Exibidos: 2.864,Data da Coleta:,04/08/2025,Exibição de Dados,Temperatura:,,Umidade:,,Datas:,,Medições,Data / Hora,Temperatura,Umidade,31/07/2025 - 06:05,"23,00","46,00",Betha Eletrônica Ltda,1/1
Coleta de Dados - UMMI,Impressão: 08/08/2025  9:23.09,Grupo:,TH-04-R,Equipamento:  1 - UMMI,Coleta:,04/08/2025 - 08:56,Registros:   Total: 2.864        Exibidos: 2.864,Data da Coleta:,04/08/2025,Exibição de Dados,Temperatura:,,Umidade:,,Datas:,,Medições,Data / Hora,Temperatura,Umidade,31/07/2025 - 06:10,"22,00","47,00",Betha Eletrônica Ltda,1/1
Coleta de Dados - UMMI,Impressão: 08/08/2025  9:23.09,Grupo:,TH-04-R,Equipamento:  1 - UMMI,Coleta:,04/08/2025 - 08:56,Registros:   Total: 2.864        Exibidos: 2.864,Data da Coleta:,04/08/2025,Exibição de Dados,Temperatura:,,Umidade:,,Datas:,,Medições,Data / Hora,Temperatura,Umidade,31/07/2025 - 06:15,"23,00","47,00",Betha Eletrônica Ltda,1/1
Coleta de Dados - UMMI,Impressão: 08/08/2025  9:23.09,Grupo:,TH-04-R,Equipamento:  1 - UMMI,Coleta:,04/08/2025 - 08:56,Registros:   Total: 2.864        Exibidos: 2.864,Data da Coleta:,04/08/2025,Exibição de Dados,Temperatura:,,Umidade:,,Datas:,,Medições,Data / Hora,Temperatura,Umidade,31/07/2025 - 06:20,"23,00","46,00",Betha Eletrônica Ltda,1/1
Coleta de Dados - UMMI,Impressão: 08/08/2025  9:23.09,Grupo:,TH-04-R,Equipamento:  1 - UMMI,Coleta:,04/08/2025 - 08:56,Registros:   Total: 2.864        Exibidos: 2.864,Data da Coleta:,04/08/2025,Exibição de Dados,Temperatura:,,Umidade:,,Datas:,,Medições,Data / Hora,Temperatura,Umidade,31/07/2025 - 06:25,"24,00","45,00",Betha Eletrônica Ltda,1/1
Coleta de Dados - UMMI,Impressão: 08/08/2025  9:23.09,Grupo:,TH-04-R,Equipamento:  1 - UMMI,Coleta:,04/08/2025 - 08:56,Registros:   Total: 2.864        Exibidos: 2.864,Data da Coleta:,04/08/2025,Exibição de Dados,Temperatura:,,Umidade:,,Datas:,,Medições,Data / Hora,Temperatura,Umidade,31/07/2025 - 06:30,"24,00","44,00",Betha Eletrônica Ltda,1/1
Coleta de Dados - UMMI,Impressão: 08/08/2025  9:23.09,Grupo:,TH-04-R,Equipamento:  1 - UMMI,Coleta:,04/08/2025 - 08:56,Registros:   Total: 2.864        Exibidos: 2.864,Data da Coleta:,04/08/2025,Exibição de Dados,Temperatura:,,Umidade:,,Datas:,,Medições,Data / Hora,Temperatura,Umidade,31/07/2025 - 06:35,"23,00","45,00",Betha Eletrônica Ltda,1/1
Coleta de Dados - UMMI,Impressão: 08/08/2025  9:23.09,Grupo:,TH-04-R,Equipamento:  1 - UMMI,Coleta:,04/08/2025 - 08:56,Registros:   Total: 2.864        Exibidos: 2.864,Data da Coleta:,04/08/2025,Exibição de Dados,Temperatura:,,Umidade:,,Datas:,,Medições,Data / Hora,Temperatura,Umidade,31/07/2025 - 06:40,"22,00","46,00",Betha Eletrônica Ltda,1/1
Coleta de Dados - UMMI,Impressão: 08/08/2025  9:23.09,Grupo:,TH-04-R,Equipamento:  1 - UMMI,Coleta:,04/08/2025 - 08:56,Registros:   Total: 2.864        Exibidos: 2.864,Data da Coleta:,04/08/2025,Exibição de Dados,Temperatura:,,Umidade:,,Datas:,,Medições,Data / Hora,Temperatura,Umidade,31/07/2025 - 06:45,"22,00","47,00",Betha Eletrônica Ltda,1/1
Coleta de Dados - UMMI,Impressão: 08/08/2025  9:23.09,Grupo:,TH-04-R,Equipamento:  1 - UMMI,Coleta:,04/08/2025 - 08:56,Registros:   Total: 2.864        Exibidos: 2.864,Data da Coleta:,04/08/2025,Exibição de Dados,Temperatura:,,Umidade:,,Datas:,,Medições,Data / Hora,Temperatura,Umidade,31/07/2025 - 06:50,"23,00","47,00",Betha Eletrônica Ltda,1/1
Coleta de Dados - UMMI,Impressão: 08/08/2025  9:23.09,Grupo:,TH-04-R,Equipamento:  1 - UMMI,Coleta:,04/08/2025 - 08:56,Registros:   Total: 2.864        Exibidos: 2.864,Data da Coleta:,04/08/2025,Exibição de Dados,Temperatura:,,Umidade:,,Datas:,,Medições,Data / Hora,Temperatura,Umidade,31/07/2025 - 06:55,"24,00","46,00",Betha Eletrônica Ltda,1/1
Coleta de Dados - UMMI,Impressão: 08/08/2025  9:23.09,Grupo:,TH-04-R,Equipamento:  1 - UMMI,Coleta:,04/08/2025 - 08:56,Registros:   Total: 2.864        Exibidos: 2.864,Data da Coleta:,04/08/2025,Exibição de Dados,Temperatura:,,Umidade:,,Datas:,,Medições,Data / Hora,Temperatura,Umidade,31/07/2025 - 07:00,"24,00","44,00",Betha Eletrônica Ltda,1/1
Coleta de Dados - UMMI,Impressão: 08/08/2025  9:23.09,Grupo:,TH-04-R,Equipamento:  1 - UMMI,Coleta:,04/08/2025 - 08:56,Registros:   Total: 2.864        Exibidos: 2.864,Data da Coleta:,04/08/2025,Exibição de Dados,Temperatura:,,Umidade:,,Datas:,,Medições,Data / Hora,Temperatura,Umidade,31/07/2025 - 07:05,"24,00","44,00",Betha Eletrônica Ltda,1/1
Coleta de Dados - UMMI,Impressão: 08/08/2025  9:23.09,Grupo:,TH-04-R,Equipamento:  1 - UMMI,Coleta:,04/08/2025 - 08:56,Registros:   Total: 2.864        Exibidos: 2.864,Data da Coleta:,04/08/2025,Exibição de Dados,Temperatura:,,Umidade:,,Datas:,,Medições,Data / Hora,Temperatura,Umidade,31/07/2025 - 07:10,"23,00","45,00",Betha Eletrônica Ltda,1/1
Coleta de Dados - UMMI,Impressão: 08/08/2025  9:23.09,Grupo:,TH-04-R,Equipamento:  1 - UMMI,Coleta:,04/08/2025 - 08:56,Registros:   Total: 2.864        Exibidos: 2.864,Data da Coleta:,04/08/2025,Exibição de Dados,Temperatura:,,Umidade:,,Datas:,,Medições,Data / Hora,Temperatura,Umidade,31/07/2025 - 07:15,"22,00","46,00",Betha Eletrônica Ltda,1/1
Coleta de Dados - UMMI,Impressão: 08/08/2025  9:23.09,Grupo:,TH-04-R,Equipamento:  1 - UMMI,Coleta:,04/08/2025 - 08:56,Registros:   Total: 2.864        Exibidos: 2.864,Data da Coleta:,04/08/2025,Exibição de Dados,Temperatura:,,Umidade:,,Datas:,,Medições,Data / Hora,Temperatura,Umidade,31/07/2025 - 07:20,"22,00","46,00",Betha Eletrônica Ltda,1/1
Coleta de Dados - UMMI,Impressão: 08/08/2025  9:23.09,Grupo:,TH-04-R,Equipamento:  1 - UMMI,Coleta:,04/08/2025 - 08:56,Registros:   Total: 2.864        Exibidos: 2.864,Data da Coleta:,04/08/2025,Exibição de Dados,Temperatura:,,Umidade:,,Datas:,,Medições,Data / Hora,Temperatura,Umidade,31/07/2025 - 07:25,"23,00","46,00",Betha Eletrônica Ltda,1/1
Coleta de Dados - UMMI,Impressão: 08/08/2025  9:23.09,Grupo:,TH-04-R,Equipamento:  1 - UMMI,Coleta:,04/08/2025 - 08:56,Registros:   Total: 2.864        Exibidos: 2.864,Data da Coleta:,04/08/2025,Exibição de Dados,Temperatura:,,Umidade:,,Datas:,,Medições,Data / Hora,Temperatura,Umidade,31/07/2025 - 07:30,"24,00","45,00",Betha Eletrônica Ltda,1/1
Coleta de Dados - UMMI,Impressão: 08/08/2025  9:23.09,Grupo:,TH-04-R,Equipamento:  1 - UMMI,Coleta:,04/08/2025 - 08:56,Registros:   Total: 2.864        Exibidos: 2.864,Data da Coleta:,04/08/2025,Exibição de Dados,Temperatura:,,Umidade:,,Datas:,,Medições,Data / Hora,Temperatura,Umidade,31/07/2025 - 07:35,"24,00","44,00",Betha Eletrônica Ltda,1/1
Coleta de Dados - UMMI,Impressão: 08/08/2025  9:23.09,Grupo:,TH-04-R,Equipamento:  1 - UMMI,Coleta:,04/08/2025 - 08:56,Registros:   Total: 2.864        Exibidos: 2.864,Data da Coleta:,04/08/2025,Exibição de Dados,Temperatura:,,Umidade:,,Datas:,,Medições,Data / Hora,Temperatura,Umidade,31/07/2025 - 07:40,"23,00","44,00",Betha Eletrônica Ltda,1/1
Coleta de Dados - UMMI,Impressão: 08/08/2025  9:23.09,Grupo:,TH-04-R,Equipamento:  1 - UMMI,Coleta:,04/08/2025 - 08:56,Registros:   Total: 2.864        Exibidos: 2.864,Data da Coleta:,04/08/2025,Exibição de Dados,Temperatura:,,Umidade:,,Datas:,,Medições,Data / Hora,Temperatura,Umidade,31/07/2025 - 07:45,"23,00","45,00",Betha Eletrônica Ltda,1/1
Coleta de Dados - UMMI,Impressão: 08/08/2025  9:23.09,Grupo:,TH-04-R,Equipamento:  1 - UMMI,Coleta:,04/08/2025 - 08:56,Registros:   Total: 2.864        Exibidos: 2.864,Data da Coleta:,04/08/2025,Exibição de Dados,Temperatura:,,Umidade:,,Datas:,,Medições,Data / Hora,Temperatura,Umidade,31/07/2025 - 07:50,"22,00","46,00",Betha Eletrônica Ltda,1/1
Coleta de Dados - UMMI,Impressão: 08/08/2025  9:23.09,Grupo:,TH-04-R,Equipamento:  1 - UMMI,Coleta:,04/08/2025 - 08:56,Registros:   Total: 2.864        Exibidos: 2.864,Data da Coleta:,04/08/2025,Exibição de Dados,Temperatura:,,Umidade:,,Datas:,,Medições,Data / Hora,Temperatura,Umidade,31/07/2025 - 07:55,"22,00","46,00",Betha Eletrônica Ltda,1/1
Coleta de Dados - UMMI,Impressão: 08/08/2025  9:23.09,Grupo:,TH-04-R,Equipamento:  1 - UMMI,Coleta:,04/08/2025 - 08:56,Registros:   Total: 2.864        Exibidos: 2.864,Data da Coleta:,04/08/2025,Exibição de Dados,Temperatura:,,Umidade:,,Datas:,,Medições,Data / Hora,Temperatura,Umidade,31/07/2025 - 08:00,"23,00","45,00",Betha Eletrônica Ltda,1/1
Coleta de Dados - UMMI,Impressão: 08/08/2025  9:23.09,Grupo:,TH-04-R,Equipamento:  1 - UMMI,Coleta:,04/08/2025 - 08:56,Registros:   Total: 2.864        Exibidos: 2.864,Data da Coleta:,04/08/2025,Exibição de Dados,Temperatura:,,Umidade:,,Datas:,,Medições,Data / Hora,Temperatura,Umidade,31/07/2025 - 08:05,"24,00","43,00",Betha Eletrônica Ltda,1/1
Coleta de Dados - UMMI,Impressão: 08/08/2025  9:23.09,Grupo:,TH-04-R,Equipamento:  1 - UMMI,Coleta:,04/08/2025 - 08:56,Registros:   Total: 2.864        Exibidos: 2.864,Data da Coleta:,04/08/2025,Exibição de Dados,Temperatura:,,Umidade:,,Datas:,,Medições,Data / Hora,Temperatura,Umidade,31/07/2025 - 08:10,"24,00","43,00",Betha Eletrônica Ltda,1/1
Coleta de Dados - UMMI,Impressão: 08/08/2025  9:23.09,Grupo:,TH-04-R,Equipamento:  1 - UMMI,Coleta:,04/08/2025 - 08:56,Registros:   Total: 2.864        Exibidos: 2.864,Data da Coleta:,04/08/2025,Exibição de Dados,Temperatura:,,Umidade:,,Datas:,,Medições,Data / Hora,Temperatura,Umidade,31/07/2025 - 08:15,"24,00","43,00",Betha Eletrônica Ltda,1/1
Coleta de Dados - UMMI,Impressão: 08/08/2025  9:23.09,Grupo:,TH-04-R,Equipamento:  1 - UMMI,Coleta:,04/08/2025 - 08:56,Registros:   Total: 2.864        Exibidos: 2.864,Data da Coleta:,04/08/2025,Exibição de Dados,Temperatura:,,Umidade:,,Datas:,,Medições,Data / Hora,Temperatura,Umidade,31/07/2025 - 08:20,"23,00","43,00",Betha Eletrônica Ltda,1/1
Coleta de Dados - UMMI,Impressão: 08/08/2025  9:23.09,Grupo:,TH-04-R,Equipamento:  1 - UMMI,Coleta:,04/08/2025 - 08:56,Registros:   Total: 2.864        Exibidos: 2.864,Data da Coleta:,04/08/2025,Exibição de Dados,Temperatura:,,Umidade:,,Datas:,,Medições,Data / Hora,Temperatura,Umidade,31/07/2025 - 08:25,"23,00","45,00",Betha Eletrônica Ltda,1/1
Coleta de Dados - UMMI,Impressão: 08/08/2025  9:23.09,Grupo:,TH-04-R,Equipamento:  1 - UMMI,Coleta:,04/08/2025 - 08:56,Registros:   Total: 2.864        Exibidos: 2.864,Data da Coleta:,04/08/2025,Exibição de Dados,Temperatura:,,Umidade:,,Datas:,,Medições,Data / Hora,Temperatura,Umidade,31/07/2025 - 08:30,"23,00","46,00",Betha Eletrônica Ltda,1/1
Coleta de Dados - UMMI,Impressão: 08/08/2025  9:23.09,Grupo:,TH-04-R,Equipamento:  1 - UMMI,Coleta:,04/08/2025 - 08:56,Registros:   Total: 2.864        Exibidos: 2.864,Data da Coleta:,04/08/2025,Exibição de Dados,Temperatura:,,Umidade:,,Datas:,,Medições,Data / Hora,Temperatura,Umidade,31/07/2025 - 08:35,"23,00","45,00",Betha Eletrônica Ltda,1/1
Coleta de Dados - UMMI,Impressão: 08/08/2025  9:23.09,Grupo:,TH-04-R,Equipamento:  1 - UMMI,Coleta:,04/08/2025 - 08:56,Registros:   Total: 2.864        Exibidos: 2.864,Data da Coleta:,04/08/2025,Exibição de Dados,Temperatura:,,Umidade:,,Datas:,,Medições,Data / Hora,Temperatura,Umidade,31/07/2025 - 08:40,"24,00","45,00",Betha Eletrônica Ltda,1/1
Coleta de Dados - UMMI,Impressão: 08/08/2025  9:23.09,Grupo:,TH-04-R,Equipamento:  1 - UMMI,Coleta:,04/08/2025 - 08:56,Registros:   Total: 2.864        Exibidos: 2.864,Data da Coleta:,04/08/2025,Exibição de Dados,Temperatura:,,Umidade:,,Datas:,,Medições,Data / Hora,Temperatura,Umidade,31/07/2025 - 08:45,"24,00","44,00",Betha Eletrônica Ltda,1/1
Coleta de Dados - UMMI,Impressão: 08/08/2025  9:23.09,Grupo:,TH-04-R,Equipamento:  1 - UMMI,Coleta:,04/08/2025 - 08:56,Registros:   Total: 2.864        Exibidos: 2.864,Data da Coleta:,04/08/2025,Exibição de Dados,Temperatura:,,Umidade:,,Datas:,,Medições,Data / Hora,Temperatura,Umidade,31/07/2025 - 08:50,"23,00","44,00",Betha Eletrônica Ltda,1/1
Coleta de Dados - UMMI,Impressão: 08/08/2025  9:23.09,Grupo:,TH-04-R,Equipamento:  1 - UMMI,Coleta:,04/08/2025 - 08:56,Registros:   Total: 2.864        Exibidos: 2.864,Data da Coleta:,04/08/2025,Exibição de Dados,Temperatura:,,Umidade:,,Datas:,,Medições,Data / Hora,Temperatura,Umidade,31/07/2025 - 08:55,"23,00","45,00",Betha Eletrônica Ltda,1/1
Coleta de Dados - UMMI,Impressão: 08/08/2025  9:23.09,Grupo:,TH-04-R,Equipamento:  1 - UMMI,Coleta:,04/08/2025 - 08:56,Registros:   Total: 2.864        Exibidos: 2.864,Data da Coleta:,04/08/2025,Exibição de Dados,Temperatura:,,Umidade:,,Datas:,,Medições,Data / Hora,Temperatura,Umidade,31/07/2025 - 09:00,"23,00","46,00",Betha Eletrônica Ltda,1/1
Coleta de Dados - UMMI,Impressão: 08/08/2025  9:23.09,Grupo:,TH-04-R,Equipamento:  1 - UMMI,Coleta:,04/08/2025 - 08:56,Registros:   Total: 2.864        Exibidos: 2.864,Data da Coleta:,04/08/2025,Exibição de Dados,Temperatura:,,Umidade:,,Datas:,,Medições,Data / Hora,Temperatura,Umidade,31/07/2025 - 09:05,"23,00","47,00",Betha Eletrônica Ltda,1/1
Coleta de Dados - UMMI,Impressão: 08/08/2025  9:23.09,Grupo:,TH-04-R,Equipamento:  1 - UMMI,Coleta:,04/08/2025 - 08:56,Registros:   Total: 2.864        Exibidos: 2.864,Data da Coleta:,04/08/2025,Exibição de Dados,Temperatura:,,Umidade:,,Datas:,,Medições,Data / Hora,Temperatura,Umidade,31/07/2025 - 09:10,"23,00","46,00",Betha Eletrônica Ltda,1/1
Coleta de Dados - UMMI,Impressão: 08/08/2025  9:23.09,Grupo:,TH-04-R,Equipamento:  1 - UMMI,Coleta:,04/08/2025 - 08:56,Registros:   Total: 2.864        Exibidos: 2.864,Data da Coleta:,04/08/2025,Exibição de Dados,Temperatura:,,Umidade:,,Datas:,,Medições,Data / Hora,Temperatura,Umidade,31/07/2025 - 09:15,"23,00","46,00",Betha Eletrônica Ltda,1/1
Coleta de Dados - UMMI,Impressão: 08/08/2025  9:23.09,Grupo:,TH-04-R,Equipamento:  1 - UMMI,Coleta:,04/08/2025 - 08:56,Registros:   Total: 2.864        Exibidos: 2.864,Data da Coleta:,04/08/2025,Exibição de Dados,Temperatura:,,Umidade:,,Datas:,,Medições,Data / Hora,Temperatura,Umidade,31/07/2025 - 09:20,"23,00","45,00",Betha Eletrônica Ltda,1/1
Coleta de Dados - UMMI,Impressão: 08/08/2025  9:23.09,Grupo:,TH-04-R,Equipamento:  1 - UMMI,Coleta:,04/08/2025 - 08:56,Registros:   Total: 2.864        Exibidos: 2.864,Data da Coleta:,04/08/2025,Exibição de Dados,Temperatura:,,Umidade:,,Datas:,,Medições,Data / Hora,Temperatura,Umidade,31/07/2025 - 09:25,"23,00","46,00",Betha Eletrônica Ltda,1/1
Coleta de Dados - UMMI,Impressão: 08/08/2025  9:23.09,Grupo:,TH-04-R,Equipamento:  1 - UMMI,Coleta:,04/08/2025 - 08:56,Registros:   Total: 2.864        Exibidos: 2.864,Data da Coleta:,04/08/2025,Exibição de Dados,Temperatura:,,Umidade:,,Datas:,,Medições,Data / Hora,Temperatura,Umidade,31/07/2025 - 09:30,"23,00","46,00",Betha Eletrônica Ltda,1/1
Coleta de Dados - UMMI,Impressão: 08/08/2025  9:23.09,Grupo:,TH-04-R,Equipamento:  1 - UMMI,Coleta:,04/08/2025 - 08:56,Registros:   Total: 2.864        Exibidos: 2.864,Data da Coleta:,04/08/2025,Exibição de Dados,Temperatura:,,Umidade:,,Datas:,,Medições,Data / Hora,Temperatura,Umidade,31/07/2025 - 09:35,"23,00","46,00",Betha Eletrônica Ltda,1/1
Coleta de Dados - UMMI,Impressão: 08/08/2025  9:23.09,Grupo:,TH-04-R,Equipamento:  1 - UMMI,Coleta:,04/08/2025 - 08:56,Registros:   Total: 2.864        Exibidos: 2.864,Data da Coleta:,04/08/2025,Exibição de Dados,Temperatura:,,Umidade:,,Datas:,,Medições,Data / Hora,Temperatura,Umidade,31/07/2025 - 09:40,"23,00","46,00",Betha Eletrônica Ltda,1/1
Coleta de Dados - UMMI,Impressão: 08/08/2025  9:23.09,Grupo:,TH-04-R,Equipamento:  1 - UMMI,Coleta:,04/08/2025 - 08:56,Registros:   Total: 2.864        Exibidos: 2.864,Data da Coleta:,04/08/2025,Exibição de Dados,Temperatura:,,Umidade:,,Datas:,,Medições,Data / Hora,Temperatura,Umidade,31/07/2025 - 09:45,"23,00","45,00",Betha Eletrônica Ltda,1/1
Coleta de Dados - UMMI,Impressão: 08/08/2025  9:23.09,Grupo:,TH-04-R,Equipamento:  1 - UMMI,Coleta:,04/08/2025 - 08:56,Registros:   Total: 2.864        Exibidos: 2.864,Data da Coleta:,04/08/2025,Exibição de Dados,Temperatura:,,Umidade:,,Datas:,,Medições,Data / Hora,Temperatura,Umidade,31/07/2025 - 09:50,"24,00","44,00",Betha Eletrônica Ltda,1/1
Coleta de Dados - UMMI,Impressão: 08/08/2025  9:23.09,Grupo:,TH-04-R,Equipamento:  1 - UMMI,Coleta:,04/08/2025 - 08:56,Registros:   Total: 2.864        Exibidos: 2.864,Data da Coleta:,04/08/2025,Exibição de Dados,Temperatura:,,Umidade:,,Datas:,,Medições,Data / Hora,Temperatura,Umidade,31/07/2025 - 09:55,"24,00","44,00",Betha Eletrônica Ltda,1/1
Coleta de Dados - UMMI,Impressão: 08/08/2025  9:23.09,Grupo:,TH-04-R,Equipamento:  1 - UMMI,Coleta:,04/08/2025 - 08:56,Registros:   Total: 2.864        Exibidos: 2.864,Data da Coleta:,04/08/2025,Exibição de Dados,Temperatura:,,Umidade:,,Datas:,,Medições,Data / Hora,Temperatura,Umidade,31/07/2025 - 10:00,"23,00","44,00",Betha Eletrônica Ltda,1/1
Coleta de Dados - UMMI,Impressão: 08/08/2025  9:23.09,Grupo:,TH-04-R,Equipamento:  1 - UMMI,Coleta:,04/08/2025 - 08:56,Registros:   Total: 2.864        Exibidos: 2.864,Data da Coleta:,04/08/2025,Exibição de Dados,Temperatura:,,Umidade:,,Datas:,,Medições,Data / Hora,Temperatura,Umidade,31/07/2025 - 10:05,"23,00","45,00",Betha Eletrônica Ltda,1/1
Coleta de Dados - UMMI,Impressão: 08/08/2025  9:23.09,Grupo:,TH-04-R,Equipamento:  1 - UMMI,Coleta:,04/08/2025 - 08:56,Registros:   Total: 2.864        Exibidos: 2.864,Data da Coleta:,04/08/2025,Exibição de Dados,Temperatura:,,Umidade:,,Datas:,,Medições,Data / Hora,Temperatura,Umidade,31/07/2025 - 10:10,"22,00","46,00",Betha Eletrônica Ltda,1/1
Coleta de Dados - UMMI,Impressão: 08/08/2025  9:23.09,Grupo:,TH-04-R,Equipamento:  1 - UMMI,Coleta:,04/08/2025 - 08:56,Registros:   Total: 2.864        Exibidos: 2.864,Data da Coleta:,04/08/2025,Exibição de Dados,Temperatura:,,Umidade:,,Datas:,,Medições,Data / Hora,Temperatura,Umidade,31/07/2025 - 10:15,"23,00","46,00",Betha Eletrônica Ltda,1/1
Coleta de Dados - UMMI,Impressão: 08/08/2025  9:23.09,Grupo:,TH-04-R,Equipamento:  1 - UMMI,Coleta:,04/08/2025 - 08:56,Registros:   Total: 2.864        Exibidos: 2.864,Data da Coleta:,04/08/2025,Exibição de Dados,Temperatura:,,Umidade:,,Datas:,,Medições,Data / Hora,Temperatura,Umidade,31/07/2025 - 10:20,"23,00","44,00",Betha Eletrônica Ltda,1/1
Coleta de Dados - UMMI,Impressão: 08/08/2025  9:23.09,Grupo:,TH-04-R,Equipamento:  1 - UMMI,Coleta:,04/08/2025 - 08:56,Registros:   Total: 2.864        Exibidos: 2.864,Data da Coleta:,04/08/2025,Exibição de Dados,Temperatura:,,Umidade:,,Datas:,,Medições,Data / Hora,Temperatura,Umidade,31/07/2025 - 10:25,"24,00","44,00",Betha Eletrônica Ltda,1/1
Coleta de Dados - UMMI,Impressão: 08/08/2025  9:23.09,Grupo:,TH-04-R,Equipamento:  1 - UMMI,Coleta:,04/08/2025 - 08:56,Registros:   Total: 2.864        Exibidos: 2.864,Data da Coleta:,04/08/2025,Exibição de Dados,Temperatura:,,Umidade:,,Datas:,,Medições,Data / Hora,Temperatura,Umidade,31/07/2025 - 10:30,"23,00","44,00",Betha Eletrônica Ltda,1/1
Coleta de Dados - UMMI,Impressão: 08/08/2025  9:23.09,Grupo:,TH-04-R,Equipamento:  1 - UMMI,Coleta:,04/08/2025 - 08:56,Registros:   Total: 2.864        Exibidos: 2.864,Data da Coleta:,04/08/2025,Exibição de Dados,Temperatura:,,Umidade:,,Datas:,,Medições,Data / Hora,Temperatura,Umidade,31/07/2025 - 10:35,"23,00","44,00",Betha Eletrônica Ltda,1/1
Coleta de Dados - UMMI,Impressão: 08/08/2025  9:23.09,Grupo:,TH-04-R,Equipamento:  1 - UMMI,Coleta:,04/08/2025 - 08:56,Registros:   Total: 2.864        Exibidos: 2.864,Data da Coleta:,04/08/2025,Exibição de Dados,Temperatura:,,Umidade:,,Datas:,,Medições,Data / Hora,Temperatura,Umidade,31/07/2025 - 10:40,"23,00","45,00",Betha Eletrônica Ltda,1/1
Coleta de Dados - UMMI,Impressão: 08/08/2025  9:23.09,Grupo:,TH-04-R,Equipamento:  1 - UMMI,Coleta:,04/08/2025 - 08:56,Registros:   Total: 2.864        Exibidos: 2.864,Data da Coleta:,04/08/2025,Exibição de Dados,Temperatura:,,Umidade:,,Datas:,,Medições,Data / Hora,Temperatura,Umidade,31/07/2025 - 10:45,"22,00","46,00",Betha Eletrônica Ltda,1/1
Coleta de Dados - UMMI,Impressão: 08/08/2025  9:23.09,Grupo:,TH-04-R,Equipamento:  1 - UMMI,Coleta:,04/08/2025 - 08:56,Registros:   Total: 2.864        Exibidos: 2.864,Data da Coleta:,04/08/2025,Exibição de Dados,Temperatura:,,Umidade:,,Datas:,,Medições,Data / Hora,Temperatura,Umidade,31/07/2025 - 10:50,"23,00","45,00",Betha Eletrônica Ltda,1/1
Coleta de Dados - UMMI,Impressão: 08/08/2025  9:23.09,Grupo:,TH-04-R,Equipamento:  1 - UMMI,Coleta:,04/08/2025 - 08:56,Registros:   Total: 2.864        Exibidos: 2.864,Data da Coleta:,04/08/2025,Exibição de Dados,Temperatura:,,Umidade:,,Datas:,,Medições,Data / Hora,Temperatura,Umidade,31/07/2025 - 10:55,"23,00","45,00",Betha Eletrônica Ltda,1/1
Coleta de Dados - UMMI,Impressão: 08/08/2025  9:23.09,Grupo:,TH-04-R,Equipamento:  1 - UMMI,Coleta:,04/08/2025 - 08:56,Registros:   Total: 2.864        Exibidos: 2.864,Data da Coleta:,04/08/2025,Exibição de Dados,Temperatura:,,Umidade:,,Datas:,,Medições,Data / Hora,Temperatura,Umidade,31/07/2025 - 11:00,"24,00","43,00",Betha Eletrônica Ltda,1/1
Coleta de Dados - UMMI,Impressão: 08/08/2025  9:23.09,Grupo:,TH-04-R,Equipamento:  1 - UMMI,Coleta:,04/08/2025 - 08:56,Registros:   Total: 2.864        Exibidos: 2.864,Data da Coleta:,04/08/2025,Exibição de Dados,Temperatura:,,Umidade:,,Datas:,,Medições,Data / Hora,Temperatura,Umidade,31/07/2025 - 11:05,"23,00","43,00",Betha Eletrônica Ltda,1/1
Coleta de Dados - UMMI,Impressão: 08/08/2025  9:23.09,Grupo:,TH-04-R,Equipamento:  1 - UMMI,Coleta:,04/08/2025 - 08:56,Registros:   Total: 2.864        Exibidos: 2.864,Data da Coleta:,04/08/2025,Exibição de Dados,Temperatura:,,Umidade:,,Datas:,,Medições,Data / Hora,Temperatura,Umidade,31/07/2025 - 11:10,"23,00","44,00",Betha Eletrônica Ltda,1/1
Coleta de Dados - UMMI,Impressão: 08/08/2025  9:23.09,Grupo:,TH-04-R,Equipamento:  1 - UMMI,Coleta:,04/08/2025 - 08:56,Registros:   Total: 2.864        Exibidos: 2.864,Data da Coleta:,04/08/2025,Exibição de Dados,Temperatura:,,Umidade:,,Datas:,,Medições,Data / Hora,Temperatura,Umidade,31/07/2025 - 11:15,"23,00","44,00",Betha Eletrônica Ltda,1/1
Coleta de Dados - UMMI,Impressão: 08/08/2025  9:23.09,Grupo:,TH-04-R,Equipamento:  1 - UMMI,Coleta:,04/08/2025 - 08:56,Registros:   Total: 2.864        Exibidos: 2.864,Data da Coleta:,04/08/2025,Exibição de Dados,Temperatura:,,Umidade:,,Datas:,,Medições,Data / Hora,Temperatura,Umidade,31/07/2025 - 11:20,"22,00","45,00",Betha Eletrônica Ltda,1/1
Coleta de Dados - UMMI,Impressão: 08/08/2025  9:23.09,Grupo:,TH-04-R,Equipamento:  1 - UMMI,Coleta:,04/08/2025 - 08:56,Registros:   Total: 2.864        Exibidos: 2.864,Data da Coleta:,04/08/2025,Exibição de Dados,Temperatura:,,Umidade:,,Datas:,,Medições,Data / Hora,Temperatura,Umidade,31/07/2025 - 11:25,"23,00","45,00",Betha Eletrônica Ltda,1/1
Coleta de Dados - UMMI,Impressão: 08/08/2025  9:23.09,Grupo:,TH-04-R,Equipamento:  1 - UMMI,Coleta:,04/08/2025 - 08:56,Registros:   Total: 2.864        Exibidos: 2.864,Data da Coleta:,04/08/2025,Exibição de Dados,Temperatura:,,Umidade:,,Datas:,,Medições,Data / Hora,Temperatura,Umidade,31/07/2025 - 11:30,"23,00","44,00",Betha Eletrônica Ltda,1/1
Coleta de Dados - UMMI,Impressão: 08/08/2025  9:23.09,Grupo:,TH-04-R,Equipamento:  1 - UMMI,Coleta:,04/08/2025 - 08:56,Registros:   Total: 2.864        Exibidos: 2.864,Data da Coleta:,04/08/2025,Exibição de Dados,Temperatura:,,Umidade:,,Datas:,,Medições,Data / Hora,Temperatura,Umidade,31/07/2025 - 11:35,"24,00","44,00",Betha Eletrônica Ltda,1/1
Coleta de Dados - UMMI,Impressão: 08/08/2025  9:23.09,Grupo:,TH-04-R,Equipamento:  1 - UMMI,Coleta:,04/08/2025 - 08:56,Registros:   Total: 2.864        Exibidos: 2.864,Data da Coleta:,04/08/2025,Exibição de Dados,Temperatura:,,Umidade:,,Datas:,,Medições,Data / Hora,Temperatura,Umidade,31/07/2025 - 11:40,"24,00","44,00",Betha Eletrônica Ltda,1/1
Coleta de Dados - UMMI,Impressão: 08/08/2025  9:23.09,Grupo:,TH-04-R,Equipamento:  1 - UMMI,Coleta:,04/08/2025 - 08:56,Registros:   Total: 2.864        Exibidos: 2.864,Data da Coleta:,04/08/2025,Exibição de Dados,Temperatura:,,Umidade:,,Datas:,,Medições,Data / Hora,Temperatura,Umidade,31/07/2025 - 11:45,"23,00","45,00",Betha Eletrônica Ltda,1/1
Coleta de Dados - UMMI,Impressão: 08/08/2025  9:23.09,Grupo:,TH-04-R,Equipamento:  1 - UMMI,Coleta:,04/08/2025 - 08:56,Registros:   Total: 2.864        Exibidos: 2.864,Data da Coleta:,04/08/2025,Exibição de Dados,Temperatura:,,Umidade:,,Datas:,,Medições,Data / Hora,Temperatura,Umidade,31/07/2025 - 11:50,"23,00","45,00",Betha Eletrônica Ltda,1/1
Coleta de Dados - UMMI,Impressão: 08/08/2025  9:23.09,Grupo:,TH-04-R,Equipamento:  1 - UMMI,Coleta:,04/08/2025 - 08:56,Registros:   Total: 2.864        Exibidos: 2.864,Data da Coleta:,04/08/2025,Exibição de Dados,Temperatura:,,Umidade:,,Datas:,,Medições,Data / Hora,Temperatura,Umidade,31/07/2025 - 11:55,"23,00","47,00",Betha Eletrônica Ltda,1/1
Coleta de Dados - UMMI,Impressão: 08/08/2025  9:23.09,Grupo:,TH-04-R,Equipamento:  1 - UMMI,Coleta:,04/08/2025 - 08:56,Registros:   Total: 2.864        Exibidos: 2.864,Data da Coleta:,04/08/2025,Exibição de Dados,Temperatura:,,Umidade:,,Datas:,,Medições,Data / Hora,Temperatura,Umidade,31/07/2025 - 12:00,"23,00","46,00",Betha Eletrônica Ltda,1/1
Coleta de Dados - UMMI,Impressão: 08/08/2025  9:23.09,Grupo:,TH-04-R,Equipamento:  1 - UMMI,Coleta:,04/08/2025 - 08:56,Registros:   Total: 2.864        Exibidos: 2.864,Data da Coleta:,04/08/2025,Exibição de Dados,Temperatura:,,Umidade:,,Datas:,,Medições,Data / Hora,Temperatura,Umidade,31/07/2025 - 12:05,"22,00","46,00",Betha Eletrônica Ltda,1/1
Coleta de Dados - UMMI,Impressão: 08/08/2025  9:23.09,Grupo:,TH-04-R,Equipamento:  1 - UMMI,Coleta:,04/08/2025 - 08:56,Registros:   Total: 2.864        Exibidos: 2.864,Data da Coleta:,04/08/2025,Exibição de Dados,Temperatura:,,Umidade:,,Datas:,,Medições,Data / Hora,Temperatura,Umidade,31/07/2025 - 12:10,"22,00","43,00",Betha Eletrônica Ltda,1/1
Coleta de Dados - UMMI,Impressão: 08/08/2025  9:23.09,Grupo:,TH-04-R,Equipamento:  1 - UMMI,Coleta:,04/08/2025 - 08:56,Registros:   Total: 2.864        Exibidos: 2.864,Data da Coleta:,04/08/2025,Exibição de Dados,Temperatura:,,Umidade:,,Datas:,,Medições,Data / Hora,Temperatura,Umidade,31/07/2025 - 12:15,"23,00","41,00",Betha Eletrônica Ltda,1/1
Coleta de Dados - UMMI,Impressão: 08/08/2025  9:23.09,Grupo:,TH-04-R,Equipamento:  1 - UMMI,Coleta:,04/08/2025 - 08:56,Registros:   Total: 2.864        Exibidos: 2.864,Data da Coleta:,04/08/2025,Exibição de Dados,Temperatura:,,Umidade:,,Datas:,,Medições,Data / Hora,Temperatura,Umidade,31/07/2025 - 12:20,"23,00","47,00",Betha Eletrônica Ltda,1/1
Coleta de Dados - UMMI,Impressão: 08/08/2025  9:23.09,Grupo:,TH-04-R,Equipamento:  1 - UMMI,Coleta:,04/08/2025 - 08:56,Registros:   Total: 2.864        Exibidos: 2.864,Data da Coleta:,04/08/2025,Exibição de Dados,Temperatura:,,Umidade:,,Datas:,,Medições,Data / Hora,Temperatura,Umidade,31/07/2025 - 12:25,"24,00","40,00",Betha Eletrônica Ltda,1/1
Coleta de Dados - UMMI,Impressão: 08/08/2025  9:23.09,Grupo:,TH-04-R,Equipamento:  1 - UMMI,Coleta:,04/08/2025 - 08:56,Registros:   Total: 2.864        Exibidos: 2.864,Data da Coleta:,04/08/2025,Exibição de Dados,Temperatura:,,Umidade:,,Datas:,,Medições,Data / Hora,Temperatura,Umidade,31/07/2025 - 12:30,"23,00","49,00",Betha Eletrônica Ltda,1/1
Coleta de Dados - UMMI,Impressão: 08/08/2025  9:23.09,Grupo:,TH-04-R,Equipamento:  1 - UMMI,Coleta:,04/08/2025 - 08:56,Registros:   Total: 2.864        Exibidos: 2.864,Data da Coleta:,04/08/2025,Exibição de Dados,Temperatura:,,Umidade:,,Datas:,,Medições,Data / Hora,Temperatura,Umidade,31/07/2025 - 12:35,"23,00","41,00",Betha Eletrônica Ltda,1/1
Coleta de Dados - UMMI,Impressão: 08/08/2025  9:23.09,Grupo:,TH-04-R,Equipamento:  1 - UMMI,Coleta:,04/08/2025 - 08:56,Registros:   Total: 2.864        Exibidos: 2.864,Data da Coleta:,04/08/2025,Exibição de Dados,Temperatura:,,Umidade:,,Datas:,,Medições,Data / Hora,Temperatura,Umidade,31/07/2025 - 12:40,"23,00","46,00",Betha Eletrônica Ltda,1/1
Coleta de Dados - UMMI,Impressão: 08/08/2025  9:23.09,Grupo:,TH-04-R,Equipamento:  1 - UMMI,Coleta:,04/08/2025 - 08:56,Registros:   Total: 2.864        Exibidos: 2.864,Data da Coleta:,04/08/2025,Exibição de Dados,Temperatura:,,Umidade:,,Datas:,,Medições,Data / Hora,Temperatura,Umidade,31/07/2025 - 12:45,"23,00","48,00",Betha Eletrônica Ltda,1/1
Coleta de Dados - UMMI,Impressão: 08/08/2025  9:23.09,Grupo:,TH-04-R,Equipamento:  1 - UMMI,Coleta:,04/08/2025 - 08:56,Registros:   Total: 2.864        Exibidos: 2.864,Data da Coleta:,04/08/2025,Exibição de Dados,Temperatura:,,Umidade:,,Datas:,,Medições,Data / Hora,Temperatura,Umidade,31/07/2025 - 12:50,"24,00","40,00",Betha Eletrônica Ltda,1/1
Coleta de Dados - UMMI,Impressão: 08/08/2025  9:23.09,Grupo:,TH-04-R,Equipamento:  1 - UMMI,Coleta:,04/08/2025 - 08:56,Registros:   Total: 2.864        Exibidos: 2.864,Data da Coleta:,04/08/2025,Exibição de Dados,Temperatura:,,Umidade:,,Datas:,,Medições,Data / Hora,Temperatura,Umidade,31/07/2025 - 12:55,"24,00","49,00",Betha Eletrônica Ltda,1/1
Coleta de Dados - UMMI,Impressão: 08/08/2025  9:23.09,Grupo:,TH-04-R,Equipamento:  1 - UMMI,Coleta:,04/08/2025 - 08:56,Registros:   Total: 2.864        Exibidos: 2.864,Data da Coleta:,04/08/2025,Exibição de Dados,Temperatura:,,Umidade:,,Datas:,,Medições,Data / Hora,Temperatura,Umidade,31/07/2025 - 13:00,"24,00","39,00",Betha Eletrônica Ltda,1/1
Coleta de Dados - UMMI,Impressão: 08/08/2025  9:23.09,Grupo:,TH-04-R,Equipamento:  1 - UMMI,Coleta:,04/08/2025 - 08:56,Registros:   Total: 2.864        Exibidos: 2.864,Data da Coleta:,04/08/2025,Exibição de Dados,Temperatura:,,Umidade:,,Datas:,,Medições,Data / Hora,Temperatura,Umidade,31/07/2025 - 13:05,"23,00","46,00",Betha Eletrônica Ltda,1/1
Coleta de Dados - UMMI,Impressão: 08/08/2025  9:23.09,Grupo:,TH-04-R,Equipamento:  1 - UMMI,Coleta:,04/08/2025 - 08:56,Registros:   Total: 2.864        Exibidos: 2.864,Data da Coleta:,04/08/2025,Exibição de Dados,Temperatura:,,Umidade:,,Datas:,,Medições,Data / Hora,Temperatura,Umidade,31/07/2025 - 13:10,"22,00","47,00",Betha Eletrônica Ltda,1/1
Coleta de Dados - UMMI,Impressão: 08/08/2025  9:23.09,Grupo:,TH-04-R,Equipamento:  1 - UMMI,Coleta:,04/08/2025 - 08:56,Registros:   Total: 2.864        Exibidos: 2.864,Data da Coleta:,04/08/2025,Exibição de Dados,Temperatura:,,Umidade:,,Datas:,,Medições,Data / Hora,Temperatura,Umidade,31/07/2025 - 13:15,"22,00","46,00",Betha Eletrônica Ltda,1/1
Coleta de Dados - UMMI,Impressão: 08/08/2025  9:23.09,Grupo:,TH-04-R,Equipamento:  1 - UMMI,Coleta:,04/08/2025 - 08:56,Registros:   Total: 2.864        Exibidos: 2.864,Data da Coleta:,04/08/2025,Exibição de Dados,Temperatura:,,Umidade:,,Datas:,,Medições,Data / Hora,Temperatura,Umidade,31/07/2025 - 13:20,"23,00","41,00",Betha Eletrônica Ltda,1/1
Coleta de Dados - UMMI,Impressão: 08/08/2025  9:23.09,Grupo:,TH-04-R,Equipamento:  1 - UMMI,Coleta:,04/08/2025 - 08:56,Registros:   Total: 2.864        Exibidos: 2.864,Data da Coleta:,04/08/2025,Exibição de Dados,Temperatura:,,Umidade:,,Datas:,,Medições,Data / Hora,Temperatura,Umidade,31/07/2025 - 13:25,"23,00","50,00",Betha Eletrônica Ltda,1/1
Coleta de Dados - UMMI,Impressão: 08/08/2025  9:23.09,Grupo:,TH-04-R,Equipamento:  1 - UMMI,Coleta:,04/08/2025 - 08:56,Registros:   Total: 2.864        Exibidos: 2.864,Data da Coleta:,04/08/2025,Exibição de Dados,Temperatura:,,Umidade:,,Datas:,,Medições,Data / Hora,Temperatura,Umidade,31/07/2025 - 13:30,"23,00","41,00",Betha Eletrônica Ltda,1/1
Coleta de Dados - UMMI,Impressão: 08/08/2025  9:23.09,Grupo:,TH-04-R,Equipamento:  1 - UMMI,Coleta:,04/08/2025 - 08:56,Registros:   Total: 2.864        Exibidos: 2.864,Data da Coleta:,04/08/2025,Exibição de Dados,Temperatura:,,Umidade:,,Datas:,,Medições,Data / Hora,Temperatura,Umidade,31/07/2025 - 13:35,"23,00","47,00",Betha Eletrônica Ltda,1/1
Coleta de Dados - UMMI,Impressão: 08/08/2025  9:23.09,Grupo:,TH-04-R,Equipamento:  1 - UMMI,Coleta:,04/08/2025 - 08:56,Registros:   Total: 2.864        Exibidos: 2.864,Data da Coleta:,04/08/2025,Exibição de Dados,Temperatura:,,Umidade:,,Datas:,,Medições,Data / Hora,Temperatura,Umidade,31/07/2025 - 13:40,"22,00","47,00",Betha Eletrônica Ltda,1/1
Coleta de Dados - UMMI,Impressão: 08/08/2025  9:23.09,Grupo:,TH-04-R,Equipamento:  1 - UMMI,Coleta:,04/08/2025 - 08:56,Registros:   Total: 2.864        Exibidos: 2.864,Data da Coleta:,04/08/2025,Exibição de Dados,Temperatura:,,Umidade:,,Datas:,,Medições,Data / Hora,Temperatura,Umidade,31/07/2025 - 13:45,"23,00","40,00",Betha Eletrônica Ltda,1/1
Coleta de Dados - UMMI,Impressão: 08/08/2025  9:23.09,Grupo:,TH-04-R,Equipamento:  1 - UMMI,Coleta:,04/08/2025 - 08:56,Registros:   Total: 2.864        Exibidos: 2.864,Data da Coleta:,04/08/2025,Exibição de Dados,Temperatura:,,Umidade:,,Datas:,,Medições,Data / Hora,Temperatura,Umidade,31/07/2025 - 13:50,"24,00","50,00",Betha Eletrônica Ltda,1/1
Coleta de Dados - UMMI,Impressão: 08/08/2025  9:23.09,Grupo:,TH-04-R,Equipamento:  1 - UMMI,Coleta:,04/08/2025 - 08:56,Registros:   Total: 2.864        Exibidos: 2.864,Data da Coleta:,04/08/2025,Exibição de Dados,Temperatura:,,Umidade:,,Datas:,,Medições,Data / Hora,Temperatura,Umidade,31/07/2025 - 13:55,"24,00","40,00",Betha Eletrônica Ltda,1/1
Coleta de Dados - UMMI,Impressão: 08/08/2025  9:23.09,Grupo:,TH-04-R,Equipamento:  1 - UMMI,Coleta:,04/08/2025 - 08:56,Registros:   Total: 2.864        Exibidos: 2.864,Data da Coleta:,04/08/2025,Exibição de Dados,Temperatura:,,Umidade:,,Datas:,,Medições,Data / Hora,Temperatura,Umidade,31/07/2025 - 14:00,"23,00","44,00",Betha Eletrônica Ltda,1/1
Coleta de Dados - UMMI,Impressão: 08/08/2025  9:23.09,Grupo:,TH-04-R,Equipamento:  1 - UMMI,Coleta:,04/08/2025 - 08:56,Registros:   Total: 2.864        Exibidos: 2.864,Data da Coleta:,04/08/2025,Exibição de Dados,Temperatura:,,Umidade:,,Datas:,,Medições,Data / Hora,Temperatura,Umidade,31/07/2025 - 14:05,"23,00","46,00",Betha Eletrônica Ltda,1/1
Coleta de Dados - UMMI,Impressão: 08/08/2025  9:23.09,Grupo:,TH-04-R,Equipamento:  1 - UMMI,Coleta:,04/08/2025 - 08:56,Registros:   Total: 2.864        Exibidos: 2.864,Data da Coleta:,04/08/2025,Exibição de Dados,Temperatura:,,Umidade:,,Datas:,,Medições,Data / Hora,Temperatura,Umidade,31/07/2025 - 14:10,"22,00","47,00",Betha Eletrônica Ltda,1/1
Coleta de Dados - UMMI,Impressão: 08/08/2025  9:23.09,Grupo:,TH-04-R,Equipamento:  1 - UMMI,Coleta:,04/08/2025 - 08:56,Registros:   Total: 2.864        Exibidos: 2.864,Data da Coleta:,04/08/2025,Exibição de Dados,Temperatura:,,Umidade:,,Datas:,,Medições,Data / Hora,Temperatura,Umidade,31/07/2025 - 14:15,"23,00","41,00",Betha Eletrônica Ltda,1/1
Coleta de Dados - UMMI,Impressão: 08/08/2025  9:23.09,Grupo:,TH-04-R,Equipamento:  1 - UMMI,Coleta:,04/08/2025 - 08:56,Registros:   Total: 2.864        Exibidos: 2.864,Data da Coleta:,04/08/2025,Exibição de Dados,Temperatura:,,Umidade:,,Datas:,,Medições,Data / Hora,Temperatura,Umidade,31/07/2025 - 14:20,"23,00","51,00",Betha Eletrônica Ltda,1/1
Coleta de Dados - UMMI,Impressão: 08/08/2025  9:23.09,Grupo:,TH-04-R,Equipamento:  1 - UMMI,Coleta:,04/08/2025 - 08:56,Registros:   Total: 2.864        Exibidos: 2.864,Data da Coleta:,04/08/2025,Exibição de Dados,Temperatura:,,Umidade:,,Datas:,,Medições,Data / Hora,Temperatura,Umidade,31/07/2025 - 14:25,"24,00","40,00",Betha Eletrônica Ltda,1/1
Coleta de Dados - UMMI,Impressão: 08/08/2025  9:23.09,Grupo:,TH-04-R,Equipamento:  1 - UMMI,Coleta:,04/08/2025 - 08:56,Registros:   Total: 2.864        Exibidos: 2.864,Data da Coleta:,04/08/2025,Exibição de Dados,Temperatura:,,Umidade:,,Datas:,,Medições,Data / Hora,Temperatura,Umidade,31/07/2025 - 14:30,"23,00","50,00",Betha Eletrônica Ltda,1/1
Coleta de Dados - UMMI,Impressão: 08/08/2025  9:23.09,Grupo:,TH-04-R,Equipamento:  1 - UMMI,Coleta:,04/08/2025 - 08:56,Registros:   Total: 2.864        Exibidos: 2.864,Data da Coleta:,04/08/2025,Exibição de Dados,Temperatura:,,Umidade:,,Datas:,,Medições,Data / Hora,Temperatura,Umidade,31/07/2025 - 14:35,"23,00","46,00",Betha Eletrônica Ltda,1/1
Coleta de Dados - UMMI,Impressão: 08/08/2025  9:23.09,Grupo:,TH-04-R,Equipamento:  1 - UMMI,Coleta:,04/08/2025 - 08:56,Registros:   Total: 2.864        Exibidos: 2.864,Data da Coleta:,04/08/2025,Exibição de Dados,Temperatura:,,Umidade:,,Datas:,,Medições,Data / Hora,Temperatura,Umidade,31/07/2025 - 14:40,"22,00","43,00",Betha Eletrônica Ltda,1/1
Coleta de Dados - UMMI,Impressão: 08/08/2025  9:23.09,Grupo:,TH-04-R,Equipamento:  1 - UMMI,Coleta:,04/08/2025 - 08:56,Registros:   Total: 2.864        Exibidos: 2.864,Data da Coleta:,04/08/2025,Exibição de Dados,Temperatura:,,Umidade:,,Datas:,,Medições,Data / Hora,Temperatura,Umidade,31/07/2025 - 14:45,"23,00","44,00",Betha Eletrônica Ltda,1/1
Coleta de Dados - UMMI,Impressão: 08/08/2025  9:23.09,Grupo:,TH-04-R,Equipamento:  1 - UMMI,Coleta:,04/08/2025 - 08:56,Registros:   Total: 2.864        Exibidos: 2.864,Data da Coleta:,04/08/2025,Exibição de Dados,Temperatura:,,Umidade:,,Datas:,,Medições,Data / Hora,Temperatura,Umidade,31/07/2025 - 14:50,"23,00","48,00",Betha Eletrônica Ltda,1/1
Coleta de Dados - UMMI,Impressão: 08/08/2025  9:23.09,Grupo:,TH-04-R,Equipamento:  1 - UMMI,Coleta:,04/08/2025 - 08:56,Registros:   Total: 2.864        Exibidos: 2.864,Data da Coleta:,04/08/2025,Exibição de Dados,Temperatura:,,Umidade:,,Datas:,,Medições,Data / Hora,Temperatura,Umidade,31/07/2025 - 14:55,"24,00","43,00",Betha Eletrônica Ltda,1/1
Coleta de Dados - UMMI,Impressão: 08/08/2025  9:23.09,Grupo:,TH-04-R,Equipamento:  1 - UMMI,Coleta:,04/08/2025 - 08:56,Registros:   Total: 2.864        Exibidos: 2.864,Data da Coleta:,04/08/2025,Exibição de Dados,Temperatura:,,Umidade:,,Datas:,,Medições,Data / Hora,Temperatura,Umidade,31/07/2025 - 15:00,"23,00","49,00",Betha Eletrônica Ltda,1/1
Coleta de Dados - UMMI,Impressão: 08/08/2025  9:23.09,Grupo:,TH-04-R,Equipamento:  1 - UMMI,Coleta:,04/08/2025 - 08:56,Registros:   Total: 2.864        Exibidos: 2.864,Data da Coleta:,04/08/2025,Exibição de Dados,Temperatura:,,Umidade:,,Datas:,,Medições,Data / Hora,Temperatura,Umidade,31/07/2025 - 15:05,"23,00","42,00",Betha Eletrônica Ltda,1/1
Coleta de Dados - UMMI,Impressão: 08/08/2025  9:23.09,Grupo:,TH-04-R,Equipamento:  1 - UMMI,Coleta:,04/08/2025 - 08:56,Registros:   Total: 2.864        Exibidos: 2.864,Data da Coleta:,04/08/2025,Exibição de Dados,Temperatura:,,Umidade:,,Datas:,,Medições,Data / Hora,Temperatura,Umidade,31/07/2025 - 15:10,"22,00","46,00",Betha Eletrônica Ltda,1/1
Coleta de Dados - UMMI,Impressão: 08/08/2025  9:23.09,Grupo:,TH-04-R,Equipamento:  1 - UMMI,Coleta:,04/08/2025 - 08:56,Registros:   Total: 2.864        Exibidos: 2.864,Data da Coleta:,04/08/2025,Exibição de Dados,Temperatura:,,Umidade:,,Datas:,,Medições,Data / Hora,Temperatura,Umidade,31/07/2025 - 15:15,"23,00","51,00",Betha Eletrônica Ltda,1/1
Coleta de Dados - UMMI,Impressão: 08/08/2025  9:23.09,Grupo:,TH-04-R,Equipamento:  1 - UMMI,Coleta:,04/08/2025 - 08:56,Registros:   Total: 2.864        Exibidos: 2.864,Data da Coleta:,04/08/2025,Exibição de Dados,Temperatura:,,Umidade:,,Datas:,,Medições,Data / Hora,Temperatura,Umidade,31/07/2025 - 15:20,"23,00","40,00",Betha Eletrônica Ltda,1/1
Coleta de Dados - UMMI,Impressão: 08/08/2025  9:23.09,Grupo:,TH-04-R,Equipamento:  1 - UMMI,Coleta:,04/08/2025 - 08:56,Registros:   Total: 2.864        Exibidos: 2.864,Data da Coleta:,04/08/2025,Exibição de Dados,Temperatura:,,Umidade:,,Datas:,,Medições,Data / Hora,Temperatura,Umidade,31/07/2025 - 15:25,"23,00","51,00",Betha Eletrônica Ltda,1/1
Coleta de Dados - UMMI,Impressão: 08/08/2025  9:23.09,Grupo:,TH-04-R,Equipamento:  1 - UMMI,Coleta:,04/08/2025 - 08:56,Registros:   Total: 2.864        Exibidos: 2.864,Data da Coleta:,04/08/2025,Exibição de Dados,Temperatura:,,Umidade:,,Datas:,,Medições,Data / Hora,Temperatura,Umidade,31/07/2025 - 15:30,"23,00","44,00",Betha Eletrônica Ltda,1/1
Coleta de Dados - UMMI,Impressão: 08/08/2025  9:23.09,Grupo:,TH-04-R,Equipamento:  1 - UMMI,Coleta:,04/08/2025 - 08:56,Registros:   Total: 2.864        Exibidos: 2.864,Data da Coleta:,04/08/2025,Exibição de Dados,Temperatura:,,Umidade:,,Datas:,,Medições,Data / Hora,Temperatura,Umidade,31/07/2025 - 15:35,"22,00","42,00",Betha Eletrônica Ltda,1/1
Coleta de Dados - UMMI,Impressão: 08/08/2025  9:23.09,Grupo:,TH-04-R,Equipamento:  1 - UMMI,Coleta:,04/08/2025 - 08:56,Registros:   Total: 2.864        Exibidos: 2.864,Data da Coleta:,04/08/2025,Exibição de Dados,Temperatura:,,Umidade:,,Datas:,,Medições,Data / Hora,Temperatura,Umidade,31/07/2025 - 15:40,"23,00","50,00",Betha Eletrônica Ltda,1/1
Coleta de Dados - UMMI,Impressão: 08/08/2025  9:23.09,Grupo:,TH-04-R,Equipamento:  1 - UMMI,Coleta:,04/08/2025 - 08:56,Registros:   Total: 2.864        Exibidos: 2.864,Data da Coleta:,04/08/2025,Exibição de Dados,Temperatura:,,Umidade:,,Datas:,,Medições,Data / Hora,Temperatura,Umidade,31/07/2025 - 15:45,"23,00","42,00",Betha Eletrônica Ltda,1/1
Coleta de Dados - UMMI,Impressão: 08/08/2025  9:23.09,Grupo:,TH-04-R,Equipamento:  1 - UMMI,Coleta:,04/08/2025 - 08:56,Registros:   Total: 2.864        Exibidos: 2.864,Data da Coleta:,04/08/2025,Exibição de Dados,Temperatura:,,Umidade:,,Datas:,,Medições,Data / Hora,Temperatura,Umidade,31/07/2025 - 15:50,"24,00","46,00",Betha Eletrônica Ltda,1/1
Coleta de Dados - UMMI,Impressão: 08/08/2025  9:23.09,Grupo:,TH-04-R,Equipamento:  1 - UMMI,Coleta:,04/08/2025 - 08:56,Registros:   Total: 2.864        Exibidos: 2.864,Data da Coleta:,04/08/2025,Exibição de Dados,Temperatura:,,Umidade:,,Datas:,,Medições,Data / Hora,Temperatura,Umidade,31/07/2025 - 15:55,"23,00","45,00",Betha Eletrônica Ltda,1/1
Coleta de Dados - UMMI,Impressão: 08/08/2025  9:23.09,Grupo:,TH-04-R,Equipamento:  1 - UMMI,Coleta:,04/08/2025 - 08:56,Registros:   Total: 2.864        Exibidos: 2.864,Data da Coleta:,04/08/2025,Exibição de Dados,Temperatura:,,Umidade:,,Datas:,,Medições,Data / Hora,Temperatura,Umidade,31/07/2025 - 16:00,"22,00","43,00",Betha Eletrônica Ltda,1/1
Coleta de Dados - UMMI,Impressão: 08/08/2025  9:23.09,Grupo:,TH-04-R,Equipamento:  1 - UMMI,Coleta:,04/08/2025 - 08:56,Registros:   Total: 2.864        Exibidos: 2.864,Data da Coleta:,04/08/2025,Exibição de Dados,Temperatura:,,Umidade:,,Datas:,,Medições,Data / Hora,Temperatura,Umidade,31/07/2025 - 16:05,"22,00","44,00",Betha Eletrônica Ltda,1/1
Coleta de Dados - UMMI,Impressão: 08/08/2025  9:23.09,Grupo:,TH-04-R,Equipamento:  1 - UMMI,Coleta:,04/08/2025 - 08:56,Registros:   Total: 2.864        Exibidos: 2.864,Data da Coleta:,04/08/2025,Exibição de Dados,Temperatura:,,Umidade:,,Datas:,,Medições,Data / Hora,Temperatura,Umidade,31/07/2025 - 16:10,"23,00","51,00",Betha Eletrônica Ltda,1/1
Coleta de Dados - UMMI,Impressão: 08/08/2025  9:23.09,Grupo:,TH-04-R,Equipamento:  1 - UMMI,Coleta:,04/08/2025 - 08:56,Registros:   Total: 2.864        Exibidos: 2.864,Data da Coleta:,04/08/2025,Exibição de Dados,Temperatura:,,Umidade:,,Datas:,,Medições,Data / Hora,Temperatura,Umidade,31/07/2025 - 16:15,"23,00","40,00",Betha Eletrônica Ltda,1/1
Coleta de Dados - UMMI,Impressão: 08/08/2025  9:23.09,Grupo:,TH-04-R,Equipamento:  1 - UMMI,Coleta:,04/08/2025 - 08:56,Registros:   Total: 2.864        Exibidos: 2.864,Data da Coleta:,04/08/2025,Exibição de Dados,Temperatura:,,Umidade:,,Datas:,,Medições,Data / Hora,Temperatura,Umidade,31/07/2025 - 16:20,"23,00","51,00",Betha Eletrônica Ltda,1/1
Coleta de Dados - UMMI,Impressão: 08/08/2025  9:23.09,Grupo:,TH-04-R,Equipamento:  1 - UMMI,Coleta:,04/08/2025 - 08:56,Registros:   Total: 2.864        Exibidos: 2.864,Data da Coleta:,04/08/2025,Exibição de Dados,Temperatura:,,Umidade:,,Datas:,,Medições,Data / Hora,Temperatura,Umidade,31/07/2025 - 16:25,"23,00","42,00",Betha Eletrônica Ltda,1/1
Coleta de Dados - UMMI,Impressão: 08/08/2025  9:23.09,Grupo:,TH-04-R,Equipamento:  1 - UMMI,Coleta:,04/08/2025 - 08:56,Registros:   Total: 2.864        Exibidos: 2.864,Data da Coleta:,04/08/2025,Exibição de Dados,Temperatura:,,Umidade:,,Datas:,,Medições,Data / Hora,Temperatura,Umidade,31/07/2025 - 16:30,"22,00","46,00",Betha Eletrônica Ltda,1/1
Coleta de Dados - UMMI,Impressão: 08/08/2025  9:23.09,Grupo:,TH-04-R,Equipamento:  1 - UMMI,Coleta:,04/08/2025 - 08:56,Registros:   Total: 2.864        Exibidos: 2.864,Data da Coleta:,04/08/2025,Exibição de Dados,Temperatura:,,Umidade:,,Datas:,,Medições,Data / Hora,Temperatura,Umidade,31/07/2025 - 16:35,"22,00","51,00",Betha Eletrônica Ltda,1/1
Coleta de Dados - UMMI,Impressão: 08/08/2025  9:23.09,Grupo:,TH-04-R,Equipamento:  1 - UMMI,Coleta:,04/08/2025 - 08:56,Registros:   Total: 2.864        Exibidos: 2.864,Data da Coleta:,04/08/2025,Exibição de Dados,Temperatura:,,Umidade:,,Datas:,,Medições,Data / Hora,Temperatura,Umidade,31/07/2025 - 16:40,"22,00","40,00",Betha Eletrônica Ltda,1/1
Coleta de Dados - UMMI,Impressão: 08/08/2025  9:23.09,Grupo:,TH-04-R,Equipamento:  1 - UMMI,Coleta:,04/08/2025 - 08:56,Registros:   Total: 2.864        Exibidos: 2.864,Data da Coleta:,04/08/2025,Exibição de Dados,Temperatura:,,Umidade:,,Datas:,,Medições,Data / Hora,Temperatura,Umidade,31/07/2025 - 16:45,"23,00","53,00",Betha Eletrônica Ltda,1/1
Coleta de Dados - UMMI,Impressão: 08/08/2025  9:23.09,Grupo:,TH-04-R,Equipamento:  1 - UMMI,Coleta:,04/08/2025 - 08:56,Registros:   Total: 2.864        Exibidos: 2.864,Data da Coleta:,04/08/2025,Exibição de Dados,Temperatura:,,Umidade:,,Datas:,,Medições,Data / Hora,Temperatura,Umidade,31/07/2025 - 16:50,"23,00","40,00",Betha Eletrônica Ltda,1/1
Coleta de Dados - UMMI,Impressão: 08/08/2025  9:23.09,Grupo:,TH-04-R,Equipamento:  1 - UMMI,Coleta:,04/08/2025 - 08:56,Registros:   Total: 2.864        Exibidos: 2.864,Data da Coleta:,04/08/2025,Exibição de Dados,Temperatura:,,Umidade:,,Datas:,,Medições,Data / Hora,Temperatura,Umidade,31/07/2025 - 16:55,"22,00","52,00",Betha Eletrônica Ltda,1/1
Coleta de Dados - UMMI,Impressão: 08/08/2025  9:23.09,Grupo:,TH-04-R,Equipamento:  1 - UMMI,Coleta:,04/08/2025 - 08:56,Registros:   Total: 2.864        Exibidos: 2.864,Data da Coleta:,04/08/2025,Exibição de Dados,Temperatura:,,Umidade:,,Datas:,,Medições,Data / Hora,Temperatura,Umidade,31/07/2025 - 17:00,"22,00","45,00",Betha Eletrônica Ltda,1/1
Coleta de Dados - UMMI,Impressão: 08/08/2025  9:23.09,Grupo:,TH-04-R,Equipamento:  1 - UMMI,Coleta:,04/08/2025 - 08:56,Registros:   Total: 2.864        Exibidos: 2.864,Data da Coleta:,04/08/2025,Exibição de Dados,Temperatura:,,Umidade:,,Datas:,,Medições,Data / Hora,Temperatura,Umidade,31/07/2025 - 17:05,"22,00","46,00",Betha Eletrônica Ltda,1/1
Coleta de Dados - UMMI,Impressão: 08/08/2025  9:23.09,Grupo:,TH-04-R,Equipamento:  1 - UMMI,Coleta:,04/08/2025 - 08:56,Registros:   Total: 2.864        Exibidos: 2.864,Data da Coleta:,04/08/2025,Exibição de Dados,Temperatura:,,Umidade:,,Datas:,,Medições,Data / Hora,Temperatura,Umidade,31/07/2025 - 17:10,"22,00","51,00",Betha Eletrônica Ltda,1/1
Coleta de Dados - UMMI,Impressão: 08/08/2025  9:23.09,Grupo:,TH-04-R,Equipamento:  1 - UMMI,Coleta:,04/08/2025 - 08:56,Registros:   Total: 2.864        Exibidos: 2.864,Data da Coleta:,04/08/2025,Exibição de Dados,Temperatura:,,Umidade:,,Datas:,,Medições,Data / Hora,Temperatura,Umidade,31/07/2025 - 17:15,"23,00","44,00",Betha Eletrônica Ltda,1/1
Coleta de Dados - UMMI,Impressão: 08/08/2025  9:23.09,Grupo:,TH-04-R,Equipamento:  1 - UMMI,Coleta:,04/08/2025 - 08:56,Registros:   Total: 2.864        Exibidos: 2.864,Data da Coleta:,04/08/2025,Exibição de Dados,Temperatura:,,Umidade:,,Datas:,,Medições,Data / Hora,Temperatura,Umidade,31/07/2025 - 17:20,"22,00","50,00",Betha Eletrônica Ltda,1/1
Coleta de Dados - UMMI,Impressão: 08/08/2025  9:23.09,Grupo:,TH-04-R,Equipamento:  1 - UMMI,Coleta:,04/08/2025 - 08:56,Registros:   Total: 2.864        Exibidos: 2.864,Data da Coleta:,04/08/2025,Exibição de Dados,Temperatura:,,Umidade:,,Datas:,,Medições,Data / Hora,Temperatura,Umidade,31/07/2025 - 17:25,"22,00","46,00",Betha Eletrônica Ltda,1/1
Coleta de Dados - UMMI,Impressão: 08/08/2025  9:23.09,Grupo:,TH-04-R,Equipamento:  1 - UMMI,Coleta:,04/08/2025 - 08:56,Registros:   Total: 2.864        Exibidos: 2.864,Data da Coleta:,04/08/2025,Exibição de Dados,Temperatura:,,Umidade:,,Datas:,,Medições,Data / Hora,Temperatura,Umidade,31/07/2025 - 17:30,"22,00","53,00",Betha Eletrônica Ltda,1/1
Coleta de Dados - UMMI,Impressão: 08/08/2025  9:23.09,Grupo:,TH-04-R,Equipamento:  1 - UMMI,Coleta:,04/08/2025 - 08:56,Registros:   Total: 2.864        Exibidos: 2.864,Data da Coleta:,04/08/2025,Exibição de Dados,Temperatura:,,Umidade:,,Datas:,,Medições,Data / Hora,Temperatura,Umidade,31/07/2025 - 17:35,"22,00","42,00",Betha Eletrônica Ltda,1/1
Coleta de Dados - UMMI,Impressão: 08/08/2025  9:23.09,Grupo:,TH-04-R,Equipamento:  1 - UMMI,Coleta:,04/08/2025 - 08:56,Registros:   Total: 2.864        Exibidos: 2.864,Data da Coleta:,04/08/2025,Exibição de Dados,Temperatura:,,Umidade:,,Datas:,,Medições,Data / Hora,Temperatura,Umidade,31/07/2025 - 17:40,"23,00","55,00",Betha Eletrônica Ltda,1/1
Coleta de Dados - UMMI,Impressão: 08/08/2025  9:23.09,Grupo:,TH-04-R,Equipamento:  1 - UMMI,Coleta:,04/08/2025 - 08:56,Registros:   Total: 2.864        Exibidos: 2.864,Data da Coleta:,04/08/2025,Exibição de Dados,Temperatura:,,Umidade:,,Datas:,,Medições,Data / Hora,Temperatura,Umidade,31/07/2025 - 17:45,"23,00","40,00",Betha Eletrônica Ltda,1/1
Coleta de Dados - UMMI,Impressão: 08/08/2025  9:23.09,Grupo:,TH-04-R,Equipamento:  1 - UMMI,Coleta:,04/08/2025 - 08:56,Registros:   Total: 2.864        Exibidos: 2.864,Data da Coleta:,04/08/2025,Exibição de Dados,Temperatura:,,Umidade:,,Datas:,,Medições,Data / Hora,Temperatura,Umidade,31/07/2025 - 17:50,"23,00","53,00",Betha Eletrônica Ltda,1/1
Coleta de Dados - UMMI,Impressão: 08/08/2025  9:23.09,Grupo:,TH-04-R,Equipamento:  1 - UMMI,Coleta:,04/08/2025 - 08:56,Registros:   Total: 2.864        Exibidos: 2.864,Data da Coleta:,04/08/2025,Exibição de Dados,Temperatura:,,Umidade:,,Datas:,,Medições,Data / Hora,Temperatura,Umidade,31/07/2025 - 17:55,"22,00","42,00",Betha Eletrônica Ltda,1/1
Coleta de Dados - UMMI,Impressão: 08/08/2025  9:23.09,Grupo:,TH-04-R,Equipamento:  1 - UMMI,Coleta:,04/08/2025 - 08:56,Registros:   Total: 2.864        Exibidos: 2.864,Data da Coleta:,04/08/2025,Exibição de Dados,Temperatura:,,Umidade:,,Datas:,,Medições,Data / Hora,Temperatura,Umidade,31/07/2025 - 18:00,"22,00","54,00",Betha Eletrônica Ltda,1/1
Coleta de Dados - UMMI,Impressão: 08/08/2025  9:23.09,Grupo:,TH-04-R,Equipamento:  1 - UMMI,Coleta:,04/08/2025 - 08:56,Registros:   Total: 2.864        Exibidos: 2.864,Data da Coleta:,04/08/2025,Exibição de Dados,Temperatura:,,Umidade:,,Datas:,,Medições,Data / Hora,Temperatura,Umidade,31/07/2025 - 18:05,"22,00","41,00",Betha Eletrônica Ltda,1/1
Coleta de Dados - UMMI,Impressão: 08/08/2025  9:23.09,Grupo:,TH-04-R,Equipamento:  1 - UMMI,Coleta:,04/08/2025 - 08:56,Registros:   Total: 2.864        Exibidos: 2.864,Data da Coleta:,04/08/2025,Exibição de Dados,Temperatura:,,Umidade:,,Datas:,,Medições,Data / Hora,Temperatura,Umidade,31/07/2025 - 18:10,"23,00","55,00",Betha Eletrônica Ltda,1/1
Coleta de Dados - UMMI,Impressão: 08/08/2025  9:23.09,Grupo:,TH-04-R,Equipamento:  1 - UMMI,Coleta:,04/08/2025 - 08:56,Registros:   Total: 2.864        Exibidos: 2.864,Data da Coleta:,04/08/2025,Exibição de Dados,Temperatura:,,Umidade:,,Datas:,,Medições,Data / Hora,Temperatura,Umidade,31/07/2025 - 18:15,"23,00","40,00",Betha Eletrônica Ltda,1/1
Coleta de Dados - UMMI,Impressão: 08/08/2025  9:23.09,Grupo:,TH-04-R,Equipamento:  1 - UMMI,Coleta:,04/08/2025 - 08:56,Registros:   Total: 2.864        Exibidos: 2.864,Data da Coleta:,04/08/2025,Exibição de Dados,Temperatura:,,Umidade:,,Datas:,,Medições,Data / Hora,Temperatura,Umidade,31/07/2025 - 18:20,"23,00","53,00",Betha Eletrônica Ltda,1/1
Coleta de Dados - UMMI,Impressão: 08/08/2025  9:23.09,Grupo:,TH-04-R,Equipamento:  1 - UMMI,Coleta:,04/08/2025 - 08:56,Registros:   Total: 2.864        Exibidos: 2.864,Data da Coleta:,04/08/2025,Exibição de Dados,Temperatura:,,Umidade:,,Datas:,,Medições,Data / Hora,Temperatura,Umidade,31/07/2025 - 18:25,"22,00","43,00",Betha Eletrônica Ltda,1/1
Coleta de Dados - UMMI,Impressão: 08/08/2025  9:23.09,Grupo:,TH-04-R,Equipamento:  1 - UMMI,Coleta:,04/08/2025 - 08:56,Registros:   Total: 2.864        Exibidos: 2.864,Data da Coleta:,04/08/2025,Exibição de Dados,Temperatura:,,Umidade:,,Datas:,,Medições,Data / Hora,Temperatura,Umidade,31/07/2025 - 18:30,"22,00","52,00",Betha Eletrônica Ltda,1/1
Coleta de Dados - UMMI,Impressão: 08/08/2025  9:23.09,Grupo:,TH-04-R,Equipamento:  1 - UMMI,Coleta:,04/08/2025 - 08:56,Registros:   Total: 2.864        Exibidos: 2.864,Data da Coleta:,04/08/2025,Exibição de Dados,Temperatura:,,Umidade:,,Datas:,,Medições,Data / Hora,Temperatura,Umidade,31/07/2025 - 18:35,"22,00","41,00",Betha Eletrônica Ltda,1/1
Coleta de Dados - UMMI,Impressão: 08/08/2025  9:23.09,Grupo:,TH-04-R,Equipamento:  1 - UMMI,Coleta:,04/08/2025 - 08:56,Registros:   Total: 2.864        Exibidos: 2.864,Data da Coleta:,04/08/2025,Exibição de Dados,Temperatura:,,Umidade:,,Datas:,,Medições,Data / Hora,Temperatura,Umidade,31/07/2025 - 18:40,"23,00","53,00",Betha Eletrônica Ltda,1/1
Coleta de Dados - UMMI,Impressão: 08/08/2025  9:23.09,Grupo:,TH-04-R,Equipamento:  1 - UMMI,Coleta:,04/08/2025 - 08:56,Registros:   Total: 2.864        Exibidos: 2.864,Data da Coleta:,04/08/2025,Exibição de Dados,Temperatura:,,Umidade:,,Datas:,,Medições,Data / Hora,Temperatura,Umidade,31/07/2025 - 18:45,"23,00","40,00",Betha Eletrônica Ltda,1/1
Coleta de Dados - UMMI,Impressão: 08/08/2025  9:23.09,Grupo:,TH-04-R,Equipamento:  1 - UMMI,Coleta:,04/08/2025 - 08:56,Registros:   Total: 2.864        Exibidos: 2.864,Data da Coleta:,04/08/2025,Exibição de Dados,Temperatura:,,Umidade:,,Datas:,,Medições,Data / Hora,Temperatura,Umidade,31/07/2025 - 18:50,"23,00","53,00",Betha Eletrônica Ltda,1/1
Coleta de Dados - UMMI,Impressão: 08/08/2025  9:23.09,Grupo:,TH-04-R,Equipamento:  1 - UMMI,Coleta:,04/08/2025 - 08:56,Registros:   Total: 2.864        Exibidos: 2.864,Data da Coleta:,04/08/2025,Exibição de Dados,Temperatura:,,Umidade:,,Datas:,,Medições,Data / Hora,Temperatura,Umidade,31/07/2025 - 18:55,"22,00","44,00",Betha Eletrônica Ltda,1/1
Coleta de Dados - UMMI,Impressão: 08/08/2025  9:23.09,Grupo:,TH-04-R,Equipamento:  1 - UMMI,Coleta:,04/08/2025 - 08:56,Registros:   Total: 2.864        Exibidos: 2.864,Data da Coleta:,04/08/2025,Exibição de Dados,Temperatura:,,Umidade:,,Datas:,,Medições,Data / Hora,Temperatura,Umidade,31/07/2025 - 19:00,"22,00","50,00",Betha Eletrônica Ltda,1/1
Coleta de Dados - UMMI,Impressão: 08/08/2025  9:23.09,Grupo:,TH-04-R,Equipamento:  1 - UMMI,Coleta:,04/08/2025 - 08:56,Registros:   Total: 2.864        Exibidos: 2.864,Data da Coleta:,04/08/2025,Exibição de Dados,Temperatura:,,Umidade:,,Datas:,,Medições,Data / Hora,Temperatura,Umidade,31/07/2025 - 19:05,"22,00","43,00",Betha Eletrônica Ltda,1/1
Coleta de Dados - UMMI,Impressão: 08/08/2025  9:23.09,Grupo:,TH-04-R,Equipamento:  1 - UMMI,Coleta:,04/08/2025 - 08:56,Registros:   Total: 2.864        Exibidos: 2.864,Data da Coleta:,04/08/2025,Exibição de Dados,Temperatura:,,Umidade:,,Datas:,,Medições,Data / Hora,Temperatura,Umidade,31/07/2025 - 19:10,"23,00","51,00",Betha Eletrônica Ltda,1/1
Coleta de Dados - UMMI,Impressão: 08/08/2025  9:23.09,Grupo:,TH-04-R,Equipamento:  1 - UMMI,Coleta:,04/08/2025 - 08:56,Registros:   Total: 2.864        Exibidos: 2.864,Data da Coleta:,04/08/2025,Exibição de Dados,Temperatura:,,Umidade:,,Datas:,,Medições,Data / Hora,Temperatura,Umidade,31/07/2025 - 19:15,"23,00","41,00",Betha Eletrônica Ltda,1/1
Coleta de Dados - UMMI,Impressão: 08/08/2025  9:23.09,Grupo:,TH-04-R,Equipamento:  1 - UMMI,Coleta:,04/08/2025 - 08:56,Registros:   Total: 2.864        Exibidos: 2.864,Data da Coleta:,04/08/2025,Exibição de Dados,Temperatura:,,Umidade:,,Datas:,,Medições,Data / Hora,Temperatura,Umidade,31/07/2025 - 19:20,"23,00","52,00",Betha Eletrônica Ltda,1/1
Coleta de Dados - UMMI,Impressão: 08/08/2025  9:23.09,Grupo:,TH-04-R,Equipamento:  1 - UMMI,Coleta:,04/08/2025 - 08:56,Registros:   Total: 2.864        Exibidos: 2.864,Data da Coleta:,04/08/2025,Exibição de Dados,Temperatura:,,Umidade:,,Datas:,,Medições,Data / Hora,Temperatura,Umidade,31/07/2025 - 19:25,"22,00","46,00",Betha Eletrônica Ltda,1/1
Coleta de Dados - UMMI,Impressão: 08/08/2025  9:23.09,Grupo:,TH-04-R,Equipamento:  1 - UMMI,Coleta:,04/08/2025 - 08:56,Registros:   Total: 2.864        Exibidos: 2.864,Data da Coleta:,04/08/2025,Exibição de Dados,Temperatura:,,Umidade:,,Datas:,,Medições,Data / Hora,Temperatura,Umidade,31/07/2025 - 19:30,"22,00","48,00",Betha Eletrônica Ltda,1/1
Coleta de Dados - UMMI,Impressão: 08/08/2025  9:23.09,Grupo:,TH-04-R,Equipamento:  1 - UMMI,Coleta:,04/08/2025 - 08:56,Registros:   Total: 2.864        Exibidos: 2.864,Data da Coleta:,04/08/2025,Exibição de Dados,Temperatura:,,Umidade:,,Datas:,,Medições,Data / Hora,Temperatura,Umidade,31/07/2025 - 19:35,"22,00","46,00",Betha Eletrônica Ltda,1/1
Coleta de Dados - UMMI,Impressão: 08/08/2025  9:23.09,Grupo:,TH-04-R,Equipamento:  1 - UMMI,Coleta:,04/08/2025 - 08:56,Registros:   Total: 2.864        Exibidos: 2.864,Data da Coleta:,04/08/2025,Exibição de Dados,Temperatura:,,Umidade:,,Datas:,,Medições,Data / Hora,Temperatura,Umidade,31/07/2025 - 19:40,"23,00","49,00",Betha Eletrônica Ltda,1/1
Coleta de Dados - UMMI,Impressão: 08/08/2025  9:23.09,Grupo:,TH-04-R,Equipamento:  1 - UMMI,Coleta:,04/08/2025 - 08:56,Registros:   Total: 2.864        Exibidos: 2.864,Data da Coleta:,04/08/2025,Exibição de Dados,Temperatura:,,Umidade:,,Datas:,,Medições,Data / Hora,Temperatura,Umidade,31/07/2025 - 19:45,"23,00","44,00",Betha Eletrônica Ltda,1/1
Coleta de Dados - UMMI,Impressão: 08/08/2025  9:23.09,Grupo:,TH-04-R,Equipamento:  1 - UMMI,Coleta:,04/08/2025 - 08:56,Registros:   Total: 2.864        Exibidos: 2.864,Data da Coleta:,04/08/2025,Exibição de Dados,Temperatura:,,Umidade:,,Datas:,,Medições,Data / Hora,Temperatura,Umidade,31/07/2025 - 19:50,"22,00","50,00",Betha Eletrônica Ltda,1/1
Coleta de Dados - UMMI,Impressão: 08/08/2025  9:23.09,Grupo:,TH-04-R,Equipamento:  1 - UMMI,Coleta:,04/08/2025 - 08:56,Registros:   Total: 2.864        Exibidos: 2.864,Data da Coleta:,04/08/2025,Exibição de Dados,Temperatura:,,Umidade:,,Datas:,,Medições,Data / Hora,Temperatura,Umidade,31/07/2025 - 19:55,"22,00","48,00",Betha Eletrônica Ltda,1/1
Coleta de Dados - UMMI,Impressão: 08/08/2025  9:23.09,Grupo:,TH-04-R,Equipamento:  1 - UMMI,Coleta:,04/08/2025 - 08:56,Registros:   Total: 2.864        Exibidos: 2.864,Data da Coleta:,04/08/2025,Exibição de Dados,Temperatura:,,Umidade:,,Datas:,,Medições,Data / Hora,Temperatura,Umidade,31/07/2025 - 20:00,"22,00","46,00",Betha Eletrônica Ltda,1/1
Coleta de Dados - UMMI,Impressão: 08/08/2025  9:23.09,Grupo:,TH-04-R,Equipamento:  1 - UMMI,Coleta:,04/08/2025 - 08:56,Registros:   Total: 2.864        Exibidos: 2.864,Data da Coleta:,04/08/2025,Exibição de Dados,Temperatura:,,Umidade:,,Datas:,,Medições,Data / Hora,Temperatura,Umidade,31/07/2025 - 20:05,"22,00","49,00",Betha Eletrônica Ltda,1/1
Coleta de Dados - UMMI,Impressão: 08/08/2025  9:23.09,Grupo:,TH-04-R,Equipamento:  1 - UMMI,Coleta:,04/08/2025 - 08:56,Registros:   Total: 2.864        Exibidos: 2.864,Data da Coleta:,04/08/2025,Exibição de Dados,Temperatura:,,Umidade:,,Datas:,,Medições,Data / Hora,Temperatura,Umidade,31/07/2025 - 20:10,"23,00","46,00",Betha Eletrônica Ltda,1/1
Coleta de Dados - UMMI,Impressão: 08/08/2025  9:23.09,Grupo:,TH-04-R,Equipamento:  1 - UMMI,Coleta:,04/08/2025 - 08:56,Registros:   Total: 2.864        Exibidos: 2.864,Data da Coleta:,04/08/2025,Exibição de Dados,Temperatura:,,Umidade:,,Datas:,,Medições,Data / Hora,Temperatura,Umidade,31/07/2025 - 20:15,"22,00","45,00",Betha Eletrônica Ltda,1/1
Coleta de Dados - UMMI,Impressão: 08/08/2025  9:23.09,Grupo:,TH-04-R,Equipamento:  1 - UMMI,Coleta:,04/08/2025 - 08:56,Registros:   Total: 2.864        Exibidos: 2.864,Data da Coleta:,04/08/2025,Exibição de Dados,Temperatura:,,Umidade:,,Datas:,,Medições,Data / Hora,Temperatura,Umidade,31/07/2025 - 20:20,"22,00","49,00",Betha Eletrônica Ltda,1/1
Coleta de Dados - UMMI,Impressão: 08/08/2025  9:23.09,Grupo:,TH-04-R,Equipamento:  1 - UMMI,Coleta:,04/08/2025 - 08:56,Registros:   Total: 2.864        Exibidos: 2.864,Data da Coleta:,04/08/2025,Exibição de Dados,Temperatura:,,Umidade:,,Datas:,,Medições,Data / Hora,Temperatura,Umidade,31/07/2025 - 20:25,"21,00","50,00",Betha Eletrônica Ltda,1/1
Coleta de Dados - UMMI,Impressão: 08/08/2025  9:23.09,Grupo:,TH-04-R,Equipamento:  1 - UMMI,Coleta:,04/08/2025 - 08:56,Registros:   Total: 2.864        Exibidos: 2.864,Data da Coleta:,04/08/2025,Exibição de Dados,Temperatura:,,Umidade:,,Datas:,,Medições,Data / Hora,Temperatura,Umidade,31/07/2025 - 20:30,"22,00","45,00",Betha Eletrônica Ltda,1/1
Coleta de Dados - UMMI,Impressão: 08/08/2025  9:23.09,Grupo:,TH-04-R,Equipamento:  1 - UMMI,Coleta:,04/08/2025 - 08:56,Registros:   Total: 2.864        Exibidos: 2.864,Data da Coleta:,04/08/2025,Exibição de Dados,Temperatura:,,Umidade:,,Datas:,,Medições,Data / Hora,Temperatura,Umidade,31/07/2025 - 20:35,"22,00","50,00",Betha Eletrônica Ltda,1/1
Coleta de Dados - UMMI,Impressão: 08/08/2025  9:23.09,Grupo:,TH-04-R,Equipamento:  1 - UMMI,Coleta:,04/08/2025 - 08:56,Registros:   Total: 2.864        Exibidos: 2.864,Data da Coleta:,04/08/2025,Exibição de Dados,Temperatura:,,Umidade:,,Datas:,,Medições,Data / Hora,Temperatura,Umidade,31/07/2025 - 20:40,"23,00","46,00",Betha Eletrônica Ltda,1/1
Coleta de Dados - UMMI,Impressão: 08/08/2025  9:23.09,Grupo:,TH-04-R,Equipamento:  1 - UMMI,Coleta:,04/08/2025 - 08:56,Registros:   Total: 2.864        Exibidos: 2.864,Data da Coleta:,04/08/2025,Exibição de Dados,Temperatura:,,Umidade:,,Datas:,,Medições,Data / Hora,Temperatura,Umidade,31/07/2025 - 20:45,"22,00","46,00",Betha Eletrônica Ltda,1/1
Coleta de Dados - UMMI,Impressão: 08/08/2025  9:23.09,Grupo:,TH-04-R,Equipamento:  1 - UMMI,Coleta:,04/08/2025 - 08:56,Registros:   Total: 2.864        Exibidos: 2.864,Data da Coleta:,04/08/2025,Exibição de Dados,Temperatura:,,Umidade:,,Datas:,,Medições,Data / Hora,Temperatura,Umidade,31/07/2025 - 20:50,"23,00","48,00",Betha Eletrônica Ltda,1/1
Coleta de Dados - UMMI,Impressão: 08/08/2025  9:23.09,Grupo:,TH-04-R,Equipamento:  1 - UMMI,Coleta:,04/08/2025 - 08:56,Registros:   Total: 2.864        Exibidos: 2.864,Data da Coleta:,04/08/2025,Exibição de Dados,Temperatura:,,Umidade:,,Datas:,,Medições,Data / Hora,Temperatura,Umidade,31/07/2025 - 20:55,"22,00","49,00",Betha Eletrônica Ltda,1/1
Coleta de Dados - UMMI,Impressão: 08/08/2025  9:23.09,Grupo:,TH-04-R,Equipamento:  1 - UMMI,Coleta:,04/08/2025 - 08:56,Registros:   Total: 2.864        Exibidos: 2.864,Data da Coleta:,04/08/2025,Exibição de Dados,Temperatura:,,Umidade:,,Datas:,,Medições,Data / Hora,Temperatura,Umidade,31/07/2025 - 21:00,"22,00","45,00",Betha Eletrônica Ltda,1/1
Coleta de Dados - UMMI,Impressão: 08/08/2025  9:23.09,Grupo:,TH-04-R,Equipamento:  1 - UMMI,Coleta:,04/08/2025 - 08:56,Registros:   Total: 2.864        Exibidos: 2.864,Data da Coleta:,04/08/2025,Exibição de Dados,Temperatura:,,Umidade:,,Datas:,,Medições,Data / Hora,Temperatura,Umidade,31/07/2025 - 21:05,"22,00","50,00",Betha Eletrônica Ltda,1/1
Coleta de Dados - UMMI,Impressão: 08/08/2025  9:23.09,Grupo:,TH-04-R,Equipamento:  1 - UMMI,Coleta:,04/08/2025 - 08:56,Registros:   Total: 2.864        Exibidos: 2.864,Data da Coleta:,04/08/2025,Exibição de Dados,Temperatura:,,Umidade:,,Datas:,,Medições,Data / Hora,Temperatura,Umidade,31/07/2025 - 21:10,"23,00","46,00",Betha Eletrônica Ltda,1/1
Coleta de Dados - UMMI,Impressão: 08/08/2025  9:23.09,Grupo:,TH-04-R,Equipamento:  1 - UMMI,Coleta:,04/08/2025 - 08:56,Registros:   Total: 2.864        Exibidos: 2.864,Data da Coleta:,04/08/2025,Exibição de Dados,Temperatura:,,Umidade:,,Datas:,,Medições,Data / Hora,Temperatura,Umidade,31/07/2025 - 21:15,"22,00","47,00",Betha Eletrônica Ltda,1/1
Coleta de Dados - UMMI,Impressão: 08/08/2025  9:23.09,Grupo:,TH-04-R,Equipamento:  1 - UMMI,Coleta:,04/08/2025 - 08:56,Registros:   Total: 2.864        Exibidos: 2.864,Data da Coleta:,04/08/2025,Exibição de Dados,Temperatura:,,Umidade:,,Datas:,,Medições,Data / Hora,Temperatura,Umidade,31/07/2025 - 21:20,"22,00","49,00",Betha Eletrônica Ltda,1/1
Coleta de Dados - UMMI,Impressão: 08/08/2025  9:23.09,Grupo:,TH-04-R,Equipamento:  1 - UMMI,Coleta:,04/08/2025 - 08:56,Registros:   Total: 2.864        Exibidos: 2.864,Data da Coleta:,04/08/2025,Exibição de Dados,Temperatura:,,Umidade:,,Datas:,,Medições,Data / Hora,Temperatura,Umidade,31/07/2025 - 21:25,"22,00","47,00",Betha Eletrônica Ltda,1/1
Coleta de Dados - UMMI,Impressão: 08/08/2025  9:23.09,Grupo:,TH-04-R,Equipamento:  1 - UMMI,Coleta:,04/08/2025 - 08:56,Registros:   Total: 2.864        Exibidos: 2.864,Data da Coleta:,04/08/2025,Exibição de Dados,Temperatura:,,Umidade:,,Datas:,,Medições,Data / Hora,Temperatura,Umidade,31/07/2025 - 21:30,"22,00","47,00",Betha Eletrônica Ltda,1/1
Coleta de Dados - UMMI,Impressão: 08/08/2025  9:23.09,Grupo:,TH-04-R,Equipamento:  1 - UMMI,Coleta:,04/08/2025 - 08:56,Registros:   Total: 2.864        Exibidos: 2.864,Data da Coleta:,04/08/2025,Exibição de Dados,Temperatura:,,Umidade:,,Datas:,,Medições,Data / Hora,Temperatura,Umidade,31/07/2025 - 21:35,"22,00","45,00",Betha Eletrônica Ltda,1/1
Coleta de Dados - UMMI,Impressão: 08/08/2025  9:23.09,Grupo:,TH-04-R,Equipamento:  1 - UMMI,Coleta:,04/08/2025 - 08:56,Registros:   Total: 2.864        Exibidos: 2.864,Data da Coleta:,04/08/2025,Exibição de Dados,Temperatura:,,Umidade:,,Datas:,,Medições,Data / Hora,Temperatura,Umidade,31/07/2025 - 21:40,"23,00","50,00",Betha Eletrônica Ltda,1/1
Coleta de Dados - UMMI,Impressão: 08/08/2025  9:23.09,Grupo:,TH-04-R,Equipamento:  1 - UMMI,Coleta:,04/08/2025 - 08:56,Registros:   Total: 2.864        Exibidos: 2.864,Data da Coleta:,04/08/2025,Exibição de Dados,Temperatura:,,Umidade:,,Datas:,,Medições,Data / Hora,Temperatura,Umidade,31/07/2025 - 21:45,"23,00","41,00",Betha Eletrônica Ltda,1/1
Coleta de Dados - UMMI,Impressão: 08/08/2025  9:23.09,Grupo:,TH-04-R,Equipamento:  1 - UMMI,Coleta:,04/08/2025 - 08:56,Registros:   Total: 2.864        Exibidos: 2.864,Data da Coleta:,04/08/2025,Exibição de Dados,Temperatura:,,Umidade:,,Datas:,,Medições,Data / Hora,Temperatura,Umidade,31/07/2025 - 21:50,"22,00","52,00",Betha Eletrônica Ltda,1/1
Coleta de Dados - UMMI,Impressão: 08/08/2025  9:23.09,Grupo:,TH-04-R,Equipamento:  1 - UMMI,Coleta:,04/08/2025 - 08:56,Registros:   Total: 2.864        Exibidos: 2.864,Data da Coleta:,04/08/2025,Exibição de Dados,Temperatura:,,Umidade:,,Datas:,,Medições,Data / Hora,Temperatura,Umidade,31/07/2025 - 21:55,"21,00","46,00",Betha Eletrônica Ltda,1/1
Coleta de Dados - UMMI,Impressão: 08/08/2025  9:23.09,Grupo:,TH-04-R,Equipamento:  1 - UMMI,Coleta:,04/08/2025 - 08:56,Registros:   Total: 2.864        Exibidos: 2.864,Data da Coleta:,04/08/2025,Exibição de Dados,Temperatura:,,Umidade:,,Datas:,,Medições,Data / Hora,Temperatura,Umidade,31/07/2025 - 22:00,"22,00","48,00",Betha Eletrônica Ltda,1/1
Coleta de Dados - UMMI,Impressão: 08/08/2025  9:23.09,Grupo:,TH-04-R,Equipamento:  1 - UMMI,Coleta:,04/08/2025 - 08:56,Registros:   Total: 2.864        Exibidos: 2.864,Data da Coleta:,04/08/2025,Exibição de Dados,Temperatura:,,Umidade:,,Datas:,,Medições,Data / Hora,Temperatura,Umidade,31/07/2025 - 22:05,"22,00","44,00",Betha Eletrônica Ltda,1/1
Coleta de Dados - UMMI,Impressão: 08/08/2025  9:23.09,Grupo:,TH-04-R,Equipamento:  1 - UMMI,Coleta:,04/08/2025 - 08:56,Registros:   Total: 2.864        Exibidos: 2.864,Data da Coleta:,04/08/2025,Exibição de Dados,Temperatura:,,Umidade:,,Datas:,,Medições,Data / Hora,Temperatura,Umidade,31/07/2025 - 22:10,"23,00","51,00",Betha Eletrônica Ltda,1/1
Coleta de Dados - UMMI,Impressão: 08/08/2025  9:23.09,Grupo:,TH-04-R,Equipamento:  1 - UMMI,Coleta:,04/08/2025 - 08:56,Registros:   Total: 2.864        Exibidos: 2.864,Data da Coleta:,04/08/2025,Exibição de Dados,Temperatura:,,Umidade:,,Datas:,,Medições,Data / Hora,Temperatura,Umidade,31/07/2025 - 22:15,"23,00","42,00",Betha Eletrônica Ltda,1/1
Coleta de Dados - UMMI,Impressão: 08/08/2025  9:23.09,Grupo:,TH-04-R,Equipamento:  1 - UMMI,Coleta:,04/08/2025 - 08:56,Registros:   Total: 2.864        Exibidos: 2.864,Data da Coleta:,04/08/2025,Exibição de Dados,Temperatura:,,Umidade:,,Datas:,,Medições,Data / Hora,Temperatura,Umidade,31/07/2025 - 22:20,"22,00","52,00",Betha Eletrônica Ltda,1/1
Coleta de Dados - UMMI,Impressão: 08/08/2025  9:23.09,Grupo:,TH-04-R,Equipamento:  1 - UMMI,Coleta:,04/08/2025 - 08:56,Registros:   Total: 2.864        Exibidos: 2.864,Data da Coleta:,04/08/2025,Exibição de Dados,Temperatura:,,Umidade:,,Datas:,,Medições,Data / Hora,Temperatura,Umidade,31/07/2025 - 22:25,"22,00","44,00",Betha Eletrônica Ltda,1/1
Coleta de Dados - UMMI,Impressão: 08/08/2025  9:23.09,Grupo:,TH-04-R,Equipamento:  1 - UMMI,Coleta:,04/08/2025 - 08:56,Registros:   Total: 2.864        Exibidos: 2.864,Data da Coleta:,04/08/2025,Exibição de Dados,Temperatura:,,Umidade:,,Datas:,,Medições,Data / Hora,Temperatura,Umidade,31/07/2025 - 22:30,"22,00","50,00",Betha Eletrônica Ltda,1/1
Coleta de Dados - UMMI,Impressão: 08/08/2025  9:23.09,Grupo:,TH-04-R,Equipamento:  1 - UMMI,Coleta:,04/08/2025 - 08:56,Registros:   Total: 2.864        Exibidos: 2.864,Data da Coleta:,04/08/2025,Exibição de Dados,Temperatura:,,Umidade:,,Datas:,,Medições,Data / Hora,Temperatura,Umidade,31/07/2025 - 22:35,"22,00","42,00",Betha Eletrônica Ltda,1/1
Coleta de Dados - UMMI,Impressão: 08/08/2025  9:23.09,Grupo:,TH-04-R,Equipamento:  1 - UMMI,Coleta:,04/08/2025 - 08:56,Registros:   Total: 2.864        Exibidos: 2.864,Data da Coleta:,04/08/2025,Exibição de Dados,Temperatura:,,Umidade:,,Datas:,,Medições,Data / Hora,Temperatura,Umidade,31/07/2025 - 22:40,"23,00","54,00",Betha Eletrônica Ltda,1/1
Coleta de Dados - UMMI,Impressão: 08/08/2025  9:23.09,Grupo:,TH-04-R,Equipamento:  1 - UMMI,Coleta:,04/08/2025 - 08:56,Registros:   Total: 2.864        Exibidos: 2.864,Data da Coleta:,04/08/2025,Exibição de Dados,Temperatura:,,Umidade:,,Datas:,,Medições,Data / Hora,Temperatura,Umidade,31/07/2025 - 22:45,"23,00","40,00",Betha Eletrônica Ltda,1/1
Coleta de Dados - UMMI,Impressão: 08/08/2025  9:23.09,Grupo:,TH-04-R,Equipamento:  1 - UMMI,Coleta:,04/08/2025 - 08:56,Registros:   Total: 2.864        Exibidos: 2.864,Data da Coleta:,04/08/2025,Exibição de Dados,Temperatura:,,Umidade:,,Datas:,,Medições,Data / Hora,Temperatura,Umidade,31/07/2025 - 22:50,"22,00","54,00",Betha Eletrônica Ltda,1/1
Coleta de Dados - UMMI,Impressão: 08/08/2025  9:23.09,Grupo:,TH-04-R,Equipamento:  1 - UMMI,Coleta:,04/08/2025 - 08:56,Registros:   Total: 2.864        Exibidos: 2.864,Data da Coleta:,04/08/2025,Exibição de Dados,Temperatura:,,Umidade:,,Datas:,,Medições,Data / Hora,Temperatura,Umidade,31/07/2025 - 22:55,"22,00","43,00",Betha Eletrônica Ltda,1/1
Coleta de Dados - UMMI,Impressão: 08/08/2025  9:23.09,Grupo:,TH-04-R,Equipamento:  1 - UMMI,Coleta:,04/08/2025 - 08:56,Registros:   Total: 2.864        Exibidos: 2.864,Data da Coleta:,04/08/2025,Exibição de Dados,Temperatura:,,Umidade:,,Datas:,,Medições,Data / Hora,Temperatura,Umidade,31/07/2025 - 23:00,"22,00","53,00",Betha Eletrônica Ltda,1/1
Coleta de Dados - UMMI,Impressão: 08/08/2025  9:23.09,Grupo:,TH-04-R,Equipamento:  1 - UMMI,Coleta:,04/08/2025 - 08:56,Registros:   Total: 2.864        Exibidos: 2.864,Data da Coleta:,04/08/2025,Exibição de Dados,Temperatura:,,Umidade:,,Datas:,,Medições,Data / Hora,Temperatura,Umidade,31/07/2025 - 23:05,"22,00","39,00",Betha Eletrônica Ltda,1/1
Coleta de Dados - UMMI,Impressão: 08/08/2025  9:23.09,Grupo:,TH-04-R,Equipamento:  1 - UMMI,Coleta:,04/08/2025 - 08:56,Registros:   Total: 2.864        Exibidos: 2.864,Data da Coleta:,04/08/2025,Exibição de Dados,Temperatura:,,Umidade:,,Datas:,,Medições,Data / Hora,Temperatura,Umidade,31/07/2025 - 23:10,"23,00","54,00",Betha Eletrônica Ltda,1/1
Coleta de Dados - UMMI,Impressão: 08/08/2025  9:23.09,Grupo:,TH-04-R,Equipamento:  1 - UMMI,Coleta:,04/08/2025 - 08:56,Registros:   Total: 2.864        Exibidos: 2.864,Data da Coleta:,04/08/2025,Exibição de Dados,Temperatura:,,Umidade:,,Datas:,,Medições,Data / Hora,Temperatura,Umidade,31/07/2025 - 23:15,"23,00","41,00",Betha Eletrônica Ltda,1/1
Coleta de Dados - UMMI,Impressão: 08/08/2025  9:23.09,Grupo:,TH-04-R,Equipamento:  1 - UMMI,Coleta:,04/08/2025 - 08:56,Registros:   Total: 2.864        Exibidos: 2.864,Data da Coleta:,04/08/2025,Exibição de Dados,Temperatura:,,Umidade:,,Datas:,,Medições,Data / Hora,Temperatura,Umidade,31/07/2025 - 23:20,"22,00","53,00",Betha Eletrônica Ltda,1/1
Coleta de Dados - UMMI,Impressão: 08/08/2025  9:23.09,Grupo:,TH-04-R,Equipamento:  1 - UMMI,Coleta:,04/08/2025 - 08:56,Registros:   Total: 2.864        Exibidos: 2.864,Data da Coleta:,04/08/2025,Exibição de Dados,Temperatura:,,Umidade:,,Datas:,,Medições,Data / Hora,Temperatura,Umidade,31/07/2025 - 23:25,"22,00","43,00",Betha Eletrônica Ltda,1/1
Coleta de Dados - UMMI,Impressão: 08/08/2025  9:23.09,Grupo:,TH-04-R,Equipamento:  1 - UMMI,Coleta:,04/08/2025 - 08:56,Registros:   Total: 2.864        Exibidos: 2.864,Data da Coleta:,04/08/2025,Exibição de Dados,Temperatura:,,Umidade:,,Datas:,,Medições,Data / Hora,Temperatura,Umidade,31/07/2025 - 23:30,"22,00","55,00",Betha Eletrônica Ltda,1/1
Coleta de Dados - UMMI,Impressão: 08/08/2025  9:23.09,Grupo:,TH-04-R,Equipamento:  1 - UMMI,Coleta:,04/08/2025 - 08:56,Registros:   Total: 2.864        Exibidos: 2.864,Data da Coleta:,04/08/2025,Exibição de Dados,Temperatura:,,Umidade:,,Datas:,,Medições,Data / Hora,Temperatura,Umidade,31/07/2025 - 23:35,"22,00","40,00",Betha Eletrônica Ltda,1/1
Coleta de Dados - UMMI,Impressão: 08/08/2025  9:23.09,Grupo:,TH-04-R,Equipamento:  1 - UMMI,Coleta:,04/08/2025 - 08:56,Registros:   Total: 2.864        Exibidos: 2.864,Data da Coleta:,04/08/2025,Exibição de Dados,Temperatura:,,Umidade:,,Datas:,,Medições,Data / Hora,Temperatura,Umidade,31/07/2025 - 23:40,"23,00","55,00",Betha Eletrônica Ltda,1/1
Coleta de Dados - UMMI,Impressão: 08/08/2025  9:23.09,Grupo:,TH-04-R,Equipamento:  1 - UMMI,Coleta:,04/08/2025 - 08:56,Registros:   Total: 2.864        Exibidos: 2.864,Data da Coleta:,04/08/2025,Exibição de Dados,Temperatura:,,Umidade:,,Datas:,,Medições,Data / Hora,Temperatura,Umidade,31/07/2025 - 23:45,"23,00","42,00",Betha Eletrônica Ltda,1/1
Coleta de Dados - UMMI,Impressão: 08/08/2025  9:23.09,Grupo:,TH-04-R,Equipamento:  1 - UMMI,Coleta:,04/08/2025 - 08:56,Registros:   Total: 2.864        Exibidos: 2.864,Data da Coleta:,04/08/2025,Exibição de Dados,Temperatura:,,Umidade:,,Datas:,,Medições,Data / Hora,Temperatura,Umidade,31/07/2025 - 23:50,"22,00","53,00",Betha Eletrônica Ltda,1/1
Coleta de Dados - UMMI,Impressão: 08/08/2025  9:23.09,Grupo:,TH-04-R,Equipamento:  1 - UMMI,Coleta:,04/08/2025 - 08:56,Registros:   Total: 2.864        Exibidos: 2.864,Data da Coleta:,04/08/2025,Exibição de Dados,Temperatura:,,Umidade:,,Datas:,,Medições,Data / Hora,Temperatura,Umidade,31/07/2025 - 23:55,"22,00","44,00",Betha Eletrônica Ltda,1/1
Coleta de Dados - UMMI,Impressão: 08/08/2025  9:23.09,Grupo:,TH-04-R,Equipamento:  1 - UMMI,Coleta:,04/08/2025 - 08:56,Registros:   Total: 2.864        Exibidos: 2.864,Data da Coleta:,04/08/2025,Exibição de Dados,Temperatura:,,Umidade:,,Datas:,,Medições,Data / Hora,Temperatura,Umidade,01/08/2025 - 00:00,"21,00","55,00",Betha Eletrônica Ltda,1/1
Coleta de Dados - UMMI,Impressão: 08/08/2025  9:23.09,Grupo:,TH-04-R,Equipamento:  1 - UMMI,Coleta:,04/08/2025 - 08:56,Registros:   Total: 2.864        Exibidos: 2.864,Data da Coleta:,04/08/2025,Exibição de Dados,Temperatura:,,Umidade:,,Datas:,,Medições,Data / Hora,Temperatura,Umidade,01/08/2025 - 00:05,"22,00","42,00",Betha Eletrônica Ltda,1/1
Coleta de Dados - UMMI,Impressão: 08/08/2025  9:23.09,Grupo:,TH-04-R,Equipamento:  1 - UMMI,Coleta:,04/08/2025 - 08:56,Registros:   Total: 2.864        Exibidos: 2.864,Data da Coleta:,04/08/2025,Exibição de Dados,Temperatura:,,Umidade:,,Datas:,,Medições,Data / Hora,Temperatura,Umidade,01/08/2025 - 00:10,"22,00","54,00",Betha Eletrônica Ltda,1/1
Coleta de Dados - UMMI,Impressão: 08/08/2025  9:23.09,Grupo:,TH-04-R,Equipamento:  1 - UMMI,Coleta:,04/08/2025 - 08:56,Registros:   Total: 2.864        Exibidos: 2.864,Data da Coleta:,04/08/2025,Exibição de Dados,Temperatura:,,Umidade:,,Datas:,,Medições,Data / Hora,Temperatura,Umidade,01/08/2025 - 00:15,"23,00","43,00",Betha Eletrônica Ltda,1/1
Coleta de Dados - UMMI,Impressão: 08/08/2025  9:23.09,Grupo:,TH-04-R,Equipamento:  1 - UMMI,Coleta:,04/08/2025 - 08:56,Registros:   Total: 2.864        Exibidos: 2.864,Data da Coleta:,04/08/2025,Exibição de Dados,Temperatura:,,Umidade:,,Datas:,,Medições,Data / Hora,Temperatura,Umidade,01/08/2025 - 00:20,"22,00","51,00",Betha Eletrônica Ltda,1/1
Coleta de Dados - UMMI,Impressão: 08/08/2025  9:23.09,Grupo:,TH-04-R,Equipamento:  1 - UMMI,Coleta:,04/08/2025 - 08:56,Registros:   Total: 2.864        Exibidos: 2.864,Data da Coleta:,04/08/2025,Exibição de Dados,Temperatura:,,Umidade:,,Datas:,,Medições,Data / Hora,Temperatura,Umidade,01/08/2025 - 00:25,"22,00","46,00",Betha Eletrônica Ltda,1/1
Coleta de Dados - UMMI,Impressão: 08/08/2025  9:23.09,Grupo:,TH-04-R,Equipamento:  1 - UMMI,Coleta:,04/08/2025 - 08:56,Registros:   Total: 2.864        Exibidos: 2.864,Data da Coleta:,04/08/2025,Exibição de Dados,Temperatura:,,Umidade:,,Datas:,,Medições,Data / Hora,Temperatura,Umidade,01/08/2025 - 00:30,"22,00","52,00",Betha Eletrônica Ltda,1/1
Coleta de Dados - UMMI,Impressão: 08/08/2025  9:23.09,Grupo:,TH-04-R,Equipamento:  1 - UMMI,Coleta:,04/08/2025 - 08:56,Registros:   Total: 2.864        Exibidos: 2.864,Data da Coleta:,04/08/2025,Exibição de Dados,Temperatura:,,Umidade:,,Datas:,,Medições,Data / Hora,Temperatura,Umidade,01/08/2025 - 00:35,"22,00","44,00",Betha Eletrônica Ltda,1/1
Coleta de Dados - UMMI,Impressão: 08/08/2025  9:23.09,Grupo:,TH-04-R,Equipamento:  1 - UMMI,Coleta:,04/08/2025 - 08:56,Registros:   Total: 2.864        Exibidos: 2.864,Data da Coleta:,04/08/2025,Exibição de Dados,Temperatura:,,Umidade:,,Datas:,,Medições,Data / Hora,Temperatura,Umidade,01/08/2025 - 00:40,"22,00","51,00",Betha Eletrônica Ltda,1/1
Coleta de Dados - UMMI,Impressão: 08/08/2025  9:23.09,Grupo:,TH-04-R,Equipamento:  1 - UMMI,Coleta:,04/08/2025 - 08:56,Registros:   Total: 2.864        Exibidos: 2.864,Data da Coleta:,04/08/2025,Exibição de Dados,Temperatura:,,Umidade:,,Datas:,,Medições,Data / Hora,Temperatura,Umidade,01/08/2025 - 00:45,"23,00","45,00",Betha Eletrônica Ltda,1/1
Coleta de Dados - UMMI,Impressão: 08/08/2025  9:23.09,Grupo:,TH-04-R,Equipamento:  1 - UMMI,Coleta:,04/08/2025 - 08:56,Registros:   Total: 2.864        Exibidos: 2.864,Data da Coleta:,04/08/2025,Exibição de Dados,Temperatura:,,Umidade:,,Datas:,,Medições,Data / Hora,Temperatura,Umidade,01/08/2025 - 00:50,"22,00","46,00",Betha Eletrônica Ltda,1/1
Coleta de Dados - UMMI,Impressão: 08/08/2025  9:23.09,Grupo:,TH-04-R,Equipamento:  1 - UMMI,Coleta:,04/08/2025 - 08:56,Registros:   Total: 2.864        Exibidos: 2.864,Data da Coleta:,04/08/2025,Exibição de Dados,Temperatura:,,Umidade:,,Datas:,,Medições,Data / Hora,Temperatura,Umidade,01/08/2025 - 00:55,"22,00","50,00",Betha Eletrônica Ltda,1/1
Coleta de Dados - UMMI,Impressão: 08/08/2025  9:23.09,Grupo:,TH-04-R,Equipamento:  1 - UMMI,Coleta:,04/08/2025 - 08:56,Registros:   Total: 2.864        Exibidos: 2.864,Data da Coleta:,04/08/2025,Exibição de Dados,Temperatura:,,Umidade:,,Datas:,,Medições,Data / Hora,Temperatura,Umidade,01/08/2025 - 01:00,"22,00","46,00",Betha Eletrônica Ltda,1/1
Coleta de Dados - UMMI,Impressão: 08/08/2025  9:23.09,Grupo:,TH-04-R,Equipamento:  1 - UMMI,Coleta:,04/08/2025 - 08:56,Registros:   Total: 2.864        Exibidos: 2.864,Data da Coleta:,04/08/2025,Exibição de Dados,Temperatura:,,Umidade:,,Datas:,,Medições,Data / Hora,Temperatura,Umidade,01/08/2025 - 01:05,"22,00","49,00",Betha Eletrônica Ltda,1/1
Coleta de Dados - UMMI,Impressão: 08/08/2025  9:23.09,Grupo:,TH-04-R,Equipamento:  1 - UMMI,Coleta:,04/08/2025 - 08:56,Registros:   Total: 2.864        Exibidos: 2.864,Data da Coleta:,04/08/2025,Exibição de Dados,Temperatura:,,Umidade:,,Datas:,,Medições,Data / Hora,Temperatura,Umidade,01/08/2025 - 01:10,"22,00","42,00",Betha Eletrônica Ltda,1/1
Coleta de Dados - UMMI,Impressão: 08/08/2025  9:23.09,Grupo:,TH-04-R,Equipamento:  1 - UMMI,Coleta:,04/08/2025 - 08:56,Registros:   Total: 2.864        Exibidos: 2.864,Data da Coleta:,04/08/2025,Exibição de Dados,Temperatura:,,Umidade:,,Datas:,,Medições,Data / Hora,Temperatura,Umidade,01/08/2025 - 01:15,"23,00","53,00",Betha Eletrônica Ltda,1/1
Coleta de Dados - UMMI,Impressão: 08/08/2025  9:23.09,Grupo:,TH-04-R,Equipamento:  1 - UMMI,Coleta:,04/08/2025 - 08:56,Registros:   Total: 2.864        Exibidos: 2.864,Data da Coleta:,04/08/2025,Exibição de Dados,Temperatura:,,Umidade:,,Datas:,,Medições,Data / Hora,Temperatura,Umidade,01/08/2025 - 01:20,"23,00","40,00",Betha Eletrônica Ltda,1/1
Coleta de Dados - UMMI,Impressão: 08/08/2025  9:23.09,Grupo:,TH-04-R,Equipamento:  1 - UMMI,Coleta:,04/08/2025 - 08:56,Registros:   Total: 2.864        Exibidos: 2.864,Data da Coleta:,04/08/2025,Exibição de Dados,Temperatura:,,Umidade:,,Datas:,,Medições,Data / Hora,Temperatura,Umidade,01/08/2025 - 01:25,"22,00","53,00",Betha Eletrônica Ltda,1/1
Coleta de Dados - UMMI,Impressão: 08/08/2025  9:23.09,Grupo:,TH-04-R,Equipamento:  1 - UMMI,Coleta:,04/08/2025 - 08:56,Registros:   Total: 2.864        Exibidos: 2.864,Data da Coleta:,04/08/2025,Exibição de Dados,Temperatura:,,Umidade:,,Datas:,,Medições,Data / Hora,Temperatura,Umidade,01/08/2025 - 01:30,"22,00","42,00",Betha Eletrônica Ltda,1/1
Coleta de Dados - UMMI,Impressão: 08/08/2025  9:23.09,Grupo:,TH-04-R,Equipamento:  1 - UMMI,Coleta:,04/08/2025 - 08:56,Registros:   Total: 2.864        Exibidos: 2.864,Data da Coleta:,04/08/2025,Exibição de Dados,Temperatura:,,Umidade:,,Datas:,,Medições,Data / Hora,Temperatura,Umidade,01/08/2025 - 01:35,"22,00","54,00",Betha Eletrônica Ltda,1/1
Coleta de Dados - UMMI,Impressão: 08/08/2025  9:23.09,Grupo:,TH-04-R,Equipamento:  1 - UMMI,Coleta:,04/08/2025 - 08:56,Registros:   Total: 2.864        Exibidos: 2.864,Data da Coleta:,04/08/2025,Exibição de Dados,Temperatura:,,Umidade:,,Datas:,,Medições,Data / Hora,Temperatura,Umidade,01/08/2025 - 01:40,"22,00","39,00",Betha Eletrônica Ltda,1/1
Coleta de Dados - UMMI,Impressão: 08/08/2025  9:23.09,Grupo:,TH-04-R,Equipamento:  1 - UMMI,Coleta:,04/08/2025 - 08:56,Registros:   Total: 2.864        Exibidos: 2.864,Data da Coleta:,04/08/2025,Exibição de Dados,Temperatura:,,Umidade:,,Datas:,,Medições,Data / Hora,Temperatura,Umidade,01/08/2025 - 01:45,"23,00","54,00",Betha Eletrônica Ltda,1/1
Coleta de Dados - UMMI,Impressão: 08/08/2025  9:23.09,Grupo:,TH-04-R,Equipamento:  1 - UMMI,Coleta:,04/08/2025 - 08:56,Registros:   Total: 2.864        Exibidos: 2.864,Data da Coleta:,04/08/2025,Exibição de Dados,Temperatura:,,Umidade:,,Datas:,,Medições,Data / Hora,Temperatura,Umidade,01/08/2025 - 01:50,"23,00","41,00",Betha Eletrônica Ltda,1/1
Coleta de Dados - UMMI,Impressão: 08/08/2025  9:23.09,Grupo:,TH-04-R,Equipamento:  1 - UMMI,Coleta:,04/08/2025 - 08:56,Registros:   Total: 2.864        Exibidos: 2.864,Data da Coleta:,04/08/2025,Exibição de Dados,Temperatura:,,Umidade:,,Datas:,,Medições,Data / Hora,Temperatura,Umidade,01/08/2025 - 01:55,"22,00","53,00",Betha Eletrônica Ltda,1/1
Coleta de Dados - UMMI,Impressão: 08/08/2025  9:23.09,Grupo:,TH-04-R,Equipamento:  1 - UMMI,Coleta:,04/08/2025 - 08:56,Registros:   Total: 2.864        Exibidos: 2.864,Data da Coleta:,04/08/2025,Exibição de Dados,Temperatura:,,Umidade:,,Datas:,,Medições,Data / Hora,Temperatura,Umidade,01/08/2025 - 02:00,"22,00","43,00",Betha Eletrônica Ltda,1/1
Coleta de Dados - UMMI,Impressão: 08/08/2025  9:23.09,Grupo:,TH-04-R,Equipamento:  1 - UMMI,Coleta:,04/08/2025 - 08:56,Registros:   Total: 2.864        Exibidos: 2.864,Data da Coleta:,04/08/2025,Exibição de Dados,Temperatura:,,Umidade:,,Datas:,,Medições,Data / Hora,Temperatura,Umidade,01/08/2025 - 02:05,"22,00","54,00",Betha Eletrônica Ltda,1/1
Coleta de Dados - UMMI,Impressão: 08/08/2025  9:23.09,Grupo:,TH-04-R,Equipamento:  1 - UMMI,Coleta:,04/08/2025 - 08:56,Registros:   Total: 2.864        Exibidos: 2.864,Data da Coleta:,04/08/2025,Exibição de Dados,Temperatura:,,Umidade:,,Datas:,,Medições,Data / Hora,Temperatura,Umidade,01/08/2025 - 02:10,"23,00","43,00",Betha Eletrônica Ltda,1/1
Coleta de Dados - UMMI,Impressão: 08/08/2025  9:23.09,Grupo:,TH-04-R,Equipamento:  1 - UMMI,Coleta:,04/08/2025 - 08:56,Registros:   Total: 2.864        Exibidos: 2.864,Data da Coleta:,04/08/2025,Exibição de Dados,Temperatura:,,Umidade:,,Datas:,,Medições,Data / Hora,Temperatura,Umidade,01/08/2025 - 02:15,"22,00","51,00",Betha Eletrônica Ltda,1/1
Coleta de Dados - UMMI,Impressão: 08/08/2025  9:23.09,Grupo:,TH-04-R,Equipamento:  1 - UMMI,Coleta:,04/08/2025 - 08:56,Registros:   Total: 2.864        Exibidos: 2.864,Data da Coleta:,04/08/2025,Exibição de Dados,Temperatura:,,Umidade:,,Datas:,,Medições,Data / Hora,Temperatura,Umidade,01/08/2025 - 02:20,"23,00","45,00",Betha Eletrônica Ltda,1/1
Coleta de Dados - UMMI,Impressão: 08/08/2025  9:23.09,Grupo:,TH-04-R,Equipamento:  1 - UMMI,Coleta:,04/08/2025 - 08:56,Registros:   Total: 2.864        Exibidos: 2.864,Data da Coleta:,04/08/2025,Exibição de Dados,Temperatura:,,Umidade:,,Datas:,,Medições,Data / Hora,Temperatura,Umidade,01/08/2025 - 02:25,"22,00","47,00",Betha Eletrônica Ltda,1/1
Coleta de Dados - UMMI,Impressão: 08/08/2025  9:23.09,Grupo:,TH-04-R,Equipamento:  1 - UMMI,Coleta:,04/08/2025 - 08:56,Registros:   Total: 2.864        Exibidos: 2.864,Data da Coleta:,04/08/2025,Exibição de Dados,Temperatura:,,Umidade:,,Datas:,,Medições,Data / Hora,Temperatura,Umidade,01/08/2025 - 02:30,"22,00","48,00",Betha Eletrônica Ltda,1/1
Coleta de Dados - UMMI,Impressão: 08/08/2025  9:23.09,Grupo:,TH-04-R,Equipamento:  1 - UMMI,Coleta:,04/08/2025 - 08:56,Registros:   Total: 2.864        Exibidos: 2.864,Data da Coleta:,04/08/2025,Exibição de Dados,Temperatura:,,Umidade:,,Datas:,,Medições,Data / Hora,Temperatura,Umidade,01/08/2025 - 02:35,"22,00","47,00",Betha Eletrônica Ltda,1/1
Coleta de Dados - UMMI,Impressão: 08/08/2025  9:23.09,Grupo:,TH-04-R,Equipamento:  1 - UMMI,Coleta:,04/08/2025 - 08:56,Registros:   Total: 2.864        Exibidos: 2.864,Data da Coleta:,04/08/2025,Exibição de Dados,Temperatura:,,Umidade:,,Datas:,,Medições,Data / Hora,Temperatura,Umidade,01/08/2025 - 02:40,"22,00","48,00",Betha Eletrônica Ltda,1/1
Coleta de Dados - UMMI,Impressão: 08/08/2025  9:23.09,Grupo:,TH-04-R,Equipamento:  1 - UMMI,Coleta:,04/08/2025 - 08:56,Registros:   Total: 2.864        Exibidos: 2.864,Data da Coleta:,04/08/2025,Exibição de Dados,Temperatura:,,Umidade:,,Datas:,,Medições,Data / Hora,Temperatura,Umidade,01/08/2025 - 02:45,"22,00","42,00",Betha Eletrônica Ltda,1/1
Coleta de Dados - UMMI,Impressão: 08/08/2025  9:23.09,Grupo:,TH-04-R,Equipamento:  1 - UMMI,Coleta:,04/08/2025 - 08:56,Registros:   Total: 2.864        Exibidos: 2.864,Data da Coleta:,04/08/2025,Exibição de Dados,Temperatura:,,Umidade:,,Datas:,,Medições,Data / Hora,Temperatura,Umidade,01/08/2025 - 02:50,"23,00","53,00",Betha Eletrônica Ltda,1/1
Coleta de Dados - UMMI,Impressão: 08/08/2025  9:23.09,Grupo:,TH-04-R,Equipamento:  1 - UMMI,Coleta:,04/08/2025 - 08:56,Registros:   Total: 2.864        Exibidos: 2.864,Data da Coleta:,04/08/2025,Exibição de Dados,Temperatura:,,Umidade:,,Datas:,,Medições,Data / Hora,Temperatura,Umidade,01/08/2025 - 02:55,"23,00","40,00",Betha Eletrônica Ltda,1/1
Coleta de Dados - UMMI,Impressão: 08/08/2025  9:23.09,Grupo:,TH-04-R,Equipamento:  1 - UMMI,Coleta:,04/08/2025 - 08:56,Registros:   Total: 2.864        Exibidos: 2.864,Data da Coleta:,04/08/2025,Exibição de Dados,Temperatura:,,Umidade:,,Datas:,,Medições,Data / Hora,Temperatura,Umidade,01/08/2025 - 03:00,"22,00","53,00",Betha Eletrônica Ltda,1/1
Coleta de Dados - UMMI,Impressão: 08/08/2025  9:23.09,Grupo:,TH-04-R,Equipamento:  1 - UMMI,Coleta:,04/08/2025 - 08:56,Registros:   Total: 2.864        Exibidos: 2.864,Data da Coleta:,04/08/2025,Exibição de Dados,Temperatura:,,Umidade:,,Datas:,,Medições,Data / Hora,Temperatura,Umidade,01/08/2025 - 03:05,"22,00","42,00",Betha Eletrônica Ltda,1/1
Coleta de Dados - UMMI,Impressão: 08/08/2025  9:23.09,Grupo:,TH-04-R,Equipamento:  1 - UMMI,Coleta:,04/08/2025 - 08:56,Registros:   Total: 2.864        Exibidos: 2.864,Data da Coleta:,04/08/2025,Exibição de Dados,Temperatura:,,Umidade:,,Datas:,,Medições,Data / Hora,Temperatura,Umidade,01/08/2025 - 03:10,"22,00","55,00",Betha Eletrônica Ltda,1/1
Coleta de Dados - UMMI,Impressão: 08/08/2025  9:23.09,Grupo:,TH-04-R,Equipamento:  1 - UMMI,Coleta:,04/08/2025 - 08:56,Registros:   Total: 2.864        Exibidos: 2.864,Data da Coleta:,04/08/2025,Exibição de Dados,Temperatura:,,Umidade:,,Datas:,,Medições,Data / Hora,Temperatura,Umidade,01/08/2025 - 03:15,"22,00","40,00",Betha Eletrônica Ltda,1/1
Coleta de Dados - UMMI,Impressão: 08/08/2025  9:23.09,Grupo:,TH-04-R,Equipamento:  1 - UMMI,Coleta:,04/08/2025 - 08:56,Registros:   Total: 2.864        Exibidos: 2.864,Data da Coleta:,04/08/2025,Exibição de Dados,Temperatura:,,Umidade:,,Datas:,,Medições,Data / Hora,Temperatura,Umidade,01/08/2025 - 03:20,"23,00","54,00",Betha Eletrônica Ltda,1/1
Coleta de Dados - UMMI,Impressão: 08/08/2025  9:23.09,Grupo:,TH-04-R,Equipamento:  1 - UMMI,Coleta:,04/08/2025 - 08:56,Registros:   Total: 2.864        Exibidos: 2.864,Data da Coleta:,04/08/2025,Exibição de Dados,Temperatura:,,Umidade:,,Datas:,,Medições,Data / Hora,Temperatura,Umidade,01/08/2025 - 03:25,"23,00","42,00",Betha Eletrônica Ltda,1/1
Coleta de Dados - UMMI,Impressão: 08/08/2025  9:23.09,Grupo:,TH-04-R,Equipamento:  1 - UMMI,Coleta:,04/08/2025 - 08:56,Registros:   Total: 2.864        Exibidos: 2.864,Data da Coleta:,04/08/2025,Exibição de Dados,Temperatura:,,Umidade:,,Datas:,,Medições,Data / Hora,Temperatura,Umidade,01/08/2025 - 03:30,"22,00","50,00",Betha Eletrônica Ltda,1/1
Coleta de Dados - UMMI,Impressão: 08/08/2025  9:23.09,Grupo:,TH-04-R,Equipamento:  1 - UMMI,Coleta:,04/08/2025 - 08:56,Registros:   Total: 2.864        Exibidos: 2.864,Data da Coleta:,04/08/2025,Exibição de Dados,Temperatura:,,Umidade:,,Datas:,,Medições,Data / Hora,Temperatura,Umidade,01/08/2025 - 03:35,"22,00","46,00",Betha Eletrônica Ltda,1/1
Coleta de Dados - UMMI,Impressão: 08/08/2025  9:23.09,Grupo:,TH-04-R,Equipamento:  1 - UMMI,Coleta:,04/08/2025 - 08:56,Registros:   Total: 2.864        Exibidos: 2.864,Data da Coleta:,04/08/2025,Exibição de Dados,Temperatura:,,Umidade:,,Datas:,,Medições,Data / Hora,Temperatura,Umidade,01/08/2025 - 03:40,"22,00","53,00",Betha Eletrônica Ltda,1/1
Coleta de Dados - UMMI,Impressão: 08/08/2025  9:23.09,Grupo:,TH-04-R,Equipamento:  1 - UMMI,Coleta:,04/08/2025 - 08:56,Registros:   Total: 2.864        Exibidos: 2.864,Data da Coleta:,04/08/2025,Exibição de Dados,Temperatura:,,Umidade:,,Datas:,,Medições,Data / Hora,Temperatura,Umidade,01/08/2025 - 03:45,"22,00","43,00",Betha Eletrônica Ltda,1/1
Coleta de Dados - UMMI,Impressão: 08/08/2025  9:23.09,Grupo:,TH-04-R,Equipamento:  1 - UMMI,Coleta:,04/08/2025 - 08:56,Registros:   Total: 2.864        Exibidos: 2.864,Data da Coleta:,04/08/2025,Exibição de Dados,Temperatura:,,Umidade:,,Datas:,,Medições,Data / Hora,Temperatura,Umidade,01/08/2025 - 03:50,"22,00","51,00",Betha Eletrônica Ltda,1/1
Coleta de Dados - UMMI,Impressão: 08/08/2025  9:23.09,Grupo:,TH-04-R,Equipamento:  1 - UMMI,Coleta:,04/08/2025 - 08:56,Registros:   Total: 2.864        Exibidos: 2.864,Data da Coleta:,04/08/2025,Exibição de Dados,Temperatura:,,Umidade:,,Datas:,,Medições,Data / Hora,Temperatura,Umidade,01/08/2025 - 03:55,"23,00","46,00",Betha Eletrônica Ltda,1/1
Coleta de Dados - UMMI,Impressão: 08/08/2025  9:23.09,Grupo:,TH-04-R,Equipamento:  1 - UMMI,Coleta:,04/08/2025 - 08:56,Registros:   Total: 2.864        Exibidos: 2.864,Data da Coleta:,04/08/2025,Exibição de Dados,Temperatura:,,Umidade:,,Datas:,,Medições,Data / Hora,Temperatura,Umidade,01/08/2025 - 04:00,"22,00","46,00",Betha Eletrônica Ltda,1/1
Coleta de Dados - UMMI,Impressão: 08/08/2025  9:23.09,Grupo:,TH-04-R,Equipamento:  1 - UMMI,Coleta:,04/08/2025 - 08:56,Registros:   Total: 2.864        Exibidos: 2.864,Data da Coleta:,04/08/2025,Exibição de Dados,Temperatura:,,Umidade:,,Datas:,,Medições,Data / Hora,Temperatura,Umidade,01/08/2025 - 04:05,"23,00","50,00",Betha Eletrônica Ltda,1/1
Coleta de Dados - UMMI,Impressão: 08/08/2025  9:23.09,Grupo:,TH-04-R,Equipamento:  1 - UMMI,Coleta:,04/08/2025 - 08:56,Registros:   Total: 2.864        Exibidos: 2.864,Data da Coleta:,04/08/2025,Exibição de Dados,Temperatura:,,Umidade:,,Datas:,,Medições,Data / Hora,Temperatura,Umidade,01/08/2025 - 04:10,"22,00","43,00",Betha Eletrônica Ltda,1/1
Coleta de Dados - UMMI,Impressão: 08/08/2025  9:23.09,Grupo:,TH-04-R,Equipamento:  1 - UMMI,Coleta:,04/08/2025 - 08:56,Registros:   Total: 2.864        Exibidos: 2.864,Data da Coleta:,04/08/2025,Exibição de Dados,Temperatura:,,Umidade:,,Datas:,,Medições,Data / Hora,Temperatura,Umidade,01/08/2025 - 04:15,"23,00","53,00",Betha Eletrônica Ltda,1/1
Coleta de Dados - UMMI,Impressão: 08/08/2025  9:23.09,Grupo:,TH-04-R,Equipamento:  1 - UMMI,Coleta:,04/08/2025 - 08:56,Registros:   Total: 2.864        Exibidos: 2.864,Data da Coleta:,04/08/2025,Exibição de Dados,Temperatura:,,Umidade:,,Datas:,,Medições,Data / Hora,Temperatura,Umidade,01/08/2025 - 04:20,"22,00","39,00",Betha Eletrônica Ltda,1/1
Coleta de Dados - UMMI,Impressão: 08/08/2025  9:23.09,Grupo:,TH-04-R,Equipamento:  1 - UMMI,Coleta:,04/08/2025 - 08:56,Registros:   Total: 2.864        Exibidos: 2.864,Data da Coleta:,04/08/2025,Exibição de Dados,Temperatura:,,Umidade:,,Datas:,,Medições,Data / Hora,Temperatura,Umidade,01/08/2025 - 04:25,"23,00","53,00",Betha Eletrônica Ltda,1/1
Coleta de Dados - UMMI,Impressão: 08/08/2025  9:23.09,Grupo:,TH-04-R,Equipamento:  1 - UMMI,Coleta:,04/08/2025 - 08:56,Registros:   Total: 2.864        Exibidos: 2.864,Data da Coleta:,04/08/2025,Exibição de Dados,Temperatura:,,Umidade:,,Datas:,,Medições,Data / Hora,Temperatura,Umidade,01/08/2025 - 04:30,"23,00","41,00",Betha Eletrônica Ltda,1/1
Coleta de Dados - UMMI,Impressão: 08/08/2025  9:23.09,Grupo:,TH-04-R,Equipamento:  1 - UMMI,Coleta:,04/08/2025 - 08:56,Registros:   Total: 2.864        Exibidos: 2.864,Data da Coleta:,04/08/2025,Exibição de Dados,Temperatura:,,Umidade:,,Datas:,,Medições,Data / Hora,Temperatura,Umidade,01/08/2025 - 04:35,"22,00","53,00",Betha Eletrônica Ltda,1/1
Coleta de Dados - UMMI,Impressão: 08/08/2025  9:23.09,Grupo:,TH-04-R,Equipamento:  1 - UMMI,Coleta:,04/08/2025 - 08:56,Registros:   Total: 2.864        Exibidos: 2.864,Data da Coleta:,04/08/2025,Exibição de Dados,Temperatura:,,Umidade:,,Datas:,,Medições,Data / Hora,Temperatura,Umidade,01/08/2025 - 04:40,"22,00","43,00",Betha Eletrônica Ltda,1/1
Coleta de Dados - UMMI,Impressão: 08/08/2025  9:23.09,Grupo:,TH-04-R,Equipamento:  1 - UMMI,Coleta:,04/08/2025 - 08:56,Registros:   Total: 2.864        Exibidos: 2.864,Data da Coleta:,04/08/2025,Exibição de Dados,Temperatura:,,Umidade:,,Datas:,,Medições,Data / Hora,Temperatura,Umidade,01/08/2025 - 04:45,"22,00","54,00",Betha Eletrônica Ltda,1/1
Coleta de Dados - UMMI,Impressão: 08/08/2025  9:23.09,Grupo:,TH-04-R,Equipamento:  1 - UMMI,Coleta:,04/08/2025 - 08:56,Registros:   Total: 2.864        Exibidos: 2.864,Data da Coleta:,04/08/2025,Exibição de Dados,Temperatura:,,Umidade:,,Datas:,,Medições,Data / Hora,Temperatura,Umidade,01/08/2025 - 04:50,"23,00","43,00",Betha Eletrônica Ltda,1/1
Coleta de Dados - UMMI,Impressão: 08/08/2025  9:23.09,Grupo:,TH-04-R,Equipamento:  1 - UMMI,Coleta:,04/08/2025 - 08:56,Registros:   Total: 2.864        Exibidos: 2.864,Data da Coleta:,04/08/2025,Exibição de Dados,Temperatura:,,Umidade:,,Datas:,,Medições,Data / Hora,Temperatura,Umidade,01/08/2025 - 04:55,"22,00","52,00",Betha Eletrônica Ltda,1/1
Coleta de Dados - UMMI,Impressão: 08/08/2025  9:23.09,Grupo:,TH-04-R,Equipamento:  1 - UMMI,Coleta:,04/08/2025 - 08:56,Registros:   Total: 2.864        Exibidos: 2.864,Data da Coleta:,04/08/2025,Exibição de Dados,Temperatura:,,Umidade:,,Datas:,,Medições,Data / Hora,Temperatura,Umidade,01/08/2025 - 05:00,"23,00","45,00",Betha Eletrônica Ltda,1/1
Coleta de Dados - UMMI,Impressão: 08/08/2025  9:23.09,Grupo:,TH-04-R,Equipamento:  1 - UMMI,Coleta:,04/08/2025 - 08:56,Registros:   Total: 2.864        Exibidos: 2.864,Data da Coleta:,04/08/2025,Exibição de Dados,Temperatura:,,Umidade:,,Datas:,,Medições,Data / Hora,Temperatura,Umidade,01/08/2025 - 05:05,"22,00","47,00",Betha Eletrônica Ltda,1/1
Coleta de Dados - UMMI,Impressão: 08/08/2025  9:23.09,Grupo:,TH-04-R,Equipamento:  1 - UMMI,Coleta:,04/08/2025 - 08:56,Registros:   Total: 2.864        Exibidos: 2.864,Data da Coleta:,04/08/2025,Exibição de Dados,Temperatura:,,Umidade:,,Datas:,,Medições,Data / Hora,Temperatura,Umidade,01/08/2025 - 05:10,"23,00","49,00",Betha Eletrônica Ltda,1/1
Coleta de Dados - UMMI,Impressão: 08/08/2025  9:23.09,Grupo:,TH-04-R,Equipamento:  1 - UMMI,Coleta:,04/08/2025 - 08:56,Registros:   Total: 2.864        Exibidos: 2.864,Data da Coleta:,04/08/2025,Exibição de Dados,Temperatura:,,Umidade:,,Datas:,,Medições,Data / Hora,Temperatura,Umidade,01/08/2025 - 05:15,"22,00","44,00",Betha Eletrônica Ltda,1/1
Coleta de Dados - UMMI,Impressão: 08/08/2025  9:23.09,Grupo:,TH-04-R,Equipamento:  1 - UMMI,Coleta:,04/08/2025 - 08:56,Registros:   Total: 2.864        Exibidos: 2.864,Data da Coleta:,04/08/2025,Exibição de Dados,Temperatura:,,Umidade:,,Datas:,,Medições,Data / Hora,Temperatura,Umidade,01/08/2025 - 05:20,"23,00","51,00",Betha Eletrônica Ltda,1/1
Coleta de Dados - UMMI,Impressão: 08/08/2025  9:23.09,Grupo:,TH-04-R,Equipamento:  1 - UMMI,Coleta:,04/08/2025 - 08:56,Registros:   Total: 2.864        Exibidos: 2.864,Data da Coleta:,04/08/2025,Exibição de Dados,Temperatura:,,Umidade:,,Datas:,,Medições,Data / Hora,Temperatura,Umidade,01/08/2025 - 05:25,"22,00","39,00",Betha Eletrônica Ltda,1/1
Coleta de Dados - UMMI,Impressão: 08/08/2025  9:23.09,Grupo:,TH-04-R,Equipamento:  1 - UMMI,Coleta:,04/08/2025 - 08:56,Registros:   Total: 2.864        Exibidos: 2.864,Data da Coleta:,04/08/2025,Exibição de Dados,Temperatura:,,Umidade:,,Datas:,,Medições,Data / Hora,Temperatura,Umidade,01/08/2025 - 05:30,"23,00","53,00",Betha Eletrônica Ltda,1/1
Coleta de Dados - UMMI,Impressão: 08/08/2025  9:23.09,Grupo:,TH-04-R,Equipamento:  1 - UMMI,Coleta:,04/08/2025 - 08:56,Registros:   Total: 2.864        Exibidos: 2.864,Data da Coleta:,04/08/2025,Exibição de Dados,Temperatura:,,Umidade:,,Datas:,,Medições,Data / Hora,Temperatura,Umidade,01/08/2025 - 05:35,"23,00","40,00",Betha Eletrônica Ltda,1/1
Coleta de Dados - UMMI,Impressão: 08/08/2025  9:23.09,Grupo:,TH-04-R,Equipamento:  1 - UMMI,Coleta:,04/08/2025 - 08:56,Registros:   Total: 2.864        Exibidos: 2.864,Data da Coleta:,04/08/2025,Exibição de Dados,Temperatura:,,Umidade:,,Datas:,,Medições,Data / Hora,Temperatura,Umidade,01/08/2025 - 05:40,"22,00","53,00",Betha Eletrônica Ltda,1/1
Coleta de Dados - UMMI,Impressão: 08/08/2025  9:23.09,Grupo:,TH-04-R,Equipamento:  1 - UMMI,Coleta:,04/08/2025 - 08:56,Registros:   Total: 2.864        Exibidos: 2.864,Data da Coleta:,04/08/2025,Exibição de Dados,Temperatura:,,Umidade:,,Datas:,,Medições,Data / Hora,Temperatura,Umidade,01/08/2025 - 05:45,"22,00","44,00",Betha Eletrônica Ltda,1/1
Coleta de Dados - UMMI,Impressão: 08/08/2025  9:23.09,Grupo:,TH-04-R,Equipamento:  1 - UMMI,Coleta:,04/08/2025 - 08:56,Registros:   Total: 2.864        Exibidos: 2.864,Data da Coleta:,04/08/2025,Exibição de Dados,Temperatura:,,Umidade:,,Datas:,,Medições,Data / Hora,Temperatura,Umidade,01/08/2025 - 05:50,"22,00","54,00",Betha Eletrônica Ltda,1/1
Coleta de Dados - UMMI,Impressão: 08/08/2025  9:23.09,Grupo:,TH-04-R,Equipamento:  1 - UMMI,Coleta:,04/08/2025 - 08:56,Registros:   Total: 2.864        Exibidos: 2.864,Data da Coleta:,04/08/2025,Exibição de Dados,Temperatura:,,Umidade:,,Datas:,,Medições,Data / Hora,Temperatura,Umidade,01/08/2025 - 05:55,"22,00","42,00",Betha Eletrônica Ltda,1/1
Coleta de Dados - UMMI,Impressão: 08/08/2025  9:23.09,Grupo:,TH-04-R,Equipamento:  1 - UMMI,Coleta:,04/08/2025 - 08:56,Registros:   Total: 2.864        Exibidos: 2.864,Data da Coleta:,04/08/2025,Exibição de Dados,Temperatura:,,Umidade:,,Datas:,,Medições,Data / Hora,Temperatura,Umidade,01/08/2025 - 06:00,"22,00","53,00",Betha Eletrônica Ltda,1/1
Coleta de Dados - UMMI,Impressão: 08/08/2025  9:23.09,Grupo:,TH-04-R,Equipamento:  1 - UMMI,Coleta:,04/08/2025 - 08:56,Registros:   Total: 2.864        Exibidos: 2.864,Data da Coleta:,04/08/2025,Exibição de Dados,Temperatura:,,Umidade:,,Datas:,,Medições,Data / Hora,Temperatura,Umidade,01/08/2025 - 06:05,"23,00","44,00",Betha Eletrônica Ltda,1/1
Coleta de Dados - UMMI,Impressão: 08/08/2025  9:23.09,Grupo:,TH-04-R,Equipamento:  1 - UMMI,Coleta:,04/08/2025 - 08:56,Registros:   Total: 2.864        Exibidos: 2.864,Data da Coleta:,04/08/2025,Exibição de Dados,Temperatura:,,Umidade:,,Datas:,,Medições,Data / Hora,Temperatura,Umidade,01/08/2025 - 06:10,"22,00","48,00",Betha Eletrônica Ltda,1/1
Coleta de Dados - UMMI,Impressão: 08/08/2025  9:23.09,Grupo:,TH-04-R,Equipamento:  1 - UMMI,Coleta:,04/08/2025 - 08:56,Registros:   Total: 2.864        Exibidos: 2.864,Data da Coleta:,04/08/2025,Exibição de Dados,Temperatura:,,Umidade:,,Datas:,,Medições,Data / Hora,Temperatura,Umidade,01/08/2025 - 06:15,"23,00","48,00",Betha Eletrônica Ltda,1/1
Coleta de Dados - UMMI,Impressão: 08/08/2025  9:23.09,Grupo:,TH-04-R,Equipamento:  1 - UMMI,Coleta:,04/08/2025 - 08:56,Registros:   Total: 2.864        Exibidos: 2.864,Data da Coleta:,04/08/2025,Exibição de Dados,Temperatura:,,Umidade:,,Datas:,,Medições,Data / Hora,Temperatura,Umidade,01/08/2025 - 06:20,"22,00","44,00",Betha Eletrônica Ltda,1/1
Coleta de Dados - UMMI,Impressão: 08/08/2025  9:23.09,Grupo:,TH-04-R,Equipamento:  1 - UMMI,Coleta:,04/08/2025 - 08:56,Registros:   Total: 2.864        Exibidos: 2.864,Data da Coleta:,04/08/2025,Exibição de Dados,Temperatura:,,Umidade:,,Datas:,,Medições,Data / Hora,Temperatura,Umidade,01/08/2025 - 06:25,"23,00","52,00",Betha Eletrônica Ltda,1/1
Coleta de Dados - UMMI,Impressão: 08/08/2025  9:23.09,Grupo:,TH-04-R,Equipamento:  1 - UMMI,Coleta:,04/08/2025 - 08:56,Registros:   Total: 2.864        Exibidos: 2.864,Data da Coleta:,04/08/2025,Exibição de Dados,Temperatura:,,Umidade:,,Datas:,,Medições,Data / Hora,Temperatura,Umidade,01/08/2025 - 06:30,"23,00","39,00",Betha Eletrônica Ltda,1/1
Coleta de Dados - UMMI,Impressão: 08/08/2025  9:23.09,Grupo:,TH-04-R,Equipamento:  1 - UMMI,Coleta:,04/08/2025 - 08:56,Registros:   Total: 2.864        Exibidos: 2.864,Data da Coleta:,04/08/2025,Exibição de Dados,Temperatura:,,Umidade:,,Datas:,,Medições,Data / Hora,Temperatura,Umidade,01/08/2025 - 06:35,"23,00","53,00",Betha Eletrônica Ltda,1/1
Coleta de Dados - UMMI,Impressão: 08/08/2025  9:23.09,Grupo:,TH-04-R,Equipamento:  1 - UMMI,Coleta:,04/08/2025 - 08:56,Registros:   Total: 2.864        Exibidos: 2.864,Data da Coleta:,04/08/2025,Exibição de Dados,Temperatura:,,Umidade:,,Datas:,,Medições,Data / Hora,Temperatura,Umidade,01/08/2025 - 06:40,"23,00","41,00",Betha Eletrônica Ltda,1/1
Coleta de Dados - UMMI,Impressão: 08/08/2025  9:23.09,Grupo:,TH-04-R,Equipamento:  1 - UMMI,Coleta:,04/08/2025 - 08:56,Registros:   Total: 2.864        Exibidos: 2.864,Data da Coleta:,04/08/2025,Exibição de Dados,Temperatura:,,Umidade:,,Datas:,,Medições,Data / Hora,Temperatura,Umidade,01/08/2025 - 06:45,"22,00","53,00",Betha Eletrônica Ltda,1/1
Coleta de Dados - UMMI,Impressão: 08/08/2025  9:23.09,Grupo:,TH-04-R,Equipamento:  1 - UMMI,Coleta:,04/08/2025 - 08:56,Registros:   Total: 2.864        Exibidos: 2.864,Data da Coleta:,04/08/2025,Exibição de Dados,Temperatura:,,Umidade:,,Datas:,,Medições,Data / Hora,Temperatura,Umidade,01/08/2025 - 06:50,"22,00","43,00",Betha Eletrônica Ltda,1/1
Coleta de Dados - UMMI,Impressão: 08/08/2025  9:23.09,Grupo:,TH-04-R,Equipamento:  1 - UMMI,Coleta:,04/08/2025 - 08:56,Registros:   Total: 2.864        Exibidos: 2.864,Data da Coleta:,04/08/2025,Exibição de Dados,Temperatura:,,Umidade:,,Datas:,,Medições,Data / Hora,Temperatura,Umidade,01/08/2025 - 06:55,"22,00","52,00",Betha Eletrônica Ltda,1/1
Coleta de Dados - UMMI,Impressão: 08/08/2025  9:23.09,Grupo:,TH-04-R,Equipamento:  1 - UMMI,Coleta:,04/08/2025 - 08:56,Registros:   Total: 2.864        Exibidos: 2.864,Data da Coleta:,04/08/2025,Exibição de Dados,Temperatura:,,Umidade:,,Datas:,,Medições,Data / Hora,Temperatura,Umidade,01/08/2025 - 07:00,"23,00","44,00",Betha Eletrônica Ltda,1/1
Coleta de Dados - UMMI,Impressão: 08/08/2025  9:23.09,Grupo:,TH-04-R,Equipamento:  1 - UMMI,Coleta:,04/08/2025 - 08:56,Registros:   Total: 2.864        Exibidos: 2.864,Data da Coleta:,04/08/2025,Exibição de Dados,Temperatura:,,Umidade:,,Datas:,,Medições,Data / Hora,Temperatura,Umidade,01/08/2025 - 07:05,"22,00","48,00",Betha Eletrônica Ltda,1/1
Coleta de Dados - UMMI,Impressão: 08/08/2025  9:23.09,Grupo:,TH-04-R,Equipamento:  1 - UMMI,Coleta:,04/08/2025 - 08:56,Registros:   Total: 2.864        Exibidos: 2.864,Data da Coleta:,04/08/2025,Exibição de Dados,Temperatura:,,Umidade:,,Datas:,,Medições,Data / Hora,Temperatura,Umidade,01/08/2025 - 07:10,"23,00","47,00",Betha Eletrônica Ltda,1/1
Coleta de Dados - UMMI,Impressão: 08/08/2025  9:23.09,Grupo:,TH-04-R,Equipamento:  1 - UMMI,Coleta:,04/08/2025 - 08:56,Registros:   Total: 2.864        Exibidos: 2.864,Data da Coleta:,04/08/2025,Exibição de Dados,Temperatura:,,Umidade:,,Datas:,,Medições,Data / Hora,Temperatura,Umidade,01/08/2025 - 07:15,"23,00","43,00",Betha Eletrônica Ltda,1/1
Coleta de Dados - UMMI,Impressão: 08/08/2025  9:23.09,Grupo:,TH-04-R,Equipamento:  1 - UMMI,Coleta:,04/08/2025 - 08:56,Registros:   Total: 2.864        Exibidos: 2.864,Data da Coleta:,04/08/2025,Exibição de Dados,Temperatura:,,Umidade:,,Datas:,,Medições,Data / Hora,Temperatura,Umidade,01/08/2025 - 07:20,"23,00","52,00",Betha Eletrônica Ltda,1/1
Coleta de Dados - UMMI,Impressão: 08/08/2025  9:23.09,Grupo:,TH-04-R,Equipamento:  1 - UMMI,Coleta:,04/08/2025 - 08:56,Registros:   Total: 2.864        Exibidos: 2.864,Data da Coleta:,04/08/2025,Exibição de Dados,Temperatura:,,Umidade:,,Datas:,,Medições,Data / Hora,Temperatura,Umidade,01/08/2025 - 07:25,"22,00","40,00",Betha Eletrônica Ltda,1/1
Coleta de Dados - UMMI,Impressão: 08/08/2025  9:23.09,Grupo:,TH-04-R,Equipamento:  1 - UMMI,Coleta:,04/08/2025 - 08:56,Registros:   Total: 2.864        Exibidos: 2.864,Data da Coleta:,04/08/2025,Exibição de Dados,Temperatura:,,Umidade:,,Datas:,,Medições,Data / Hora,Temperatura,Umidade,01/08/2025 - 07:30,"23,00","54,00",Betha Eletrônica Ltda,1/1
Coleta de Dados - UMMI,Impressão: 08/08/2025  9:23.09,Grupo:,TH-04-R,Equipamento:  1 - UMMI,Coleta:,04/08/2025 - 08:56,Registros:   Total: 2.864        Exibidos: 2.864,Data da Coleta:,04/08/2025,Exibição de Dados,Temperatura:,,Umidade:,,Datas:,,Medições,Data / Hora,Temperatura,Umidade,01/08/2025 - 07:35,"23,00","40,00",Betha Eletrônica Ltda,1/1
Coleta de Dados - UMMI,Impressão: 08/08/2025  9:23.09,Grupo:,TH-04-R,Equipamento:  1 - UMMI,Coleta:,04/08/2025 - 08:56,Registros:   Total: 2.864        Exibidos: 2.864,Data da Coleta:,04/08/2025,Exibição de Dados,Temperatura:,,Umidade:,,Datas:,,Medições,Data / Hora,Temperatura,Umidade,01/08/2025 - 07:40,"23,00","53,00",Betha Eletrônica Ltda,1/1
Coleta de Dados - UMMI,Impressão: 08/08/2025  9:23.09,Grupo:,TH-04-R,Equipamento:  1 - UMMI,Coleta:,04/08/2025 - 08:56,Registros:   Total: 2.864        Exibidos: 2.864,Data da Coleta:,04/08/2025,Exibição de Dados,Temperatura:,,Umidade:,,Datas:,,Medições,Data / Hora,Temperatura,Umidade,01/08/2025 - 07:45,"23,00","42,00",Betha Eletrônica Ltda,1/1
Coleta de Dados - UMMI,Impressão: 08/08/2025  9:23.09,Grupo:,TH-04-R,Equipamento:  1 - UMMI,Coleta:,04/08/2025 - 08:56,Registros:   Total: 2.864        Exibidos: 2.864,Data da Coleta:,04/08/2025,Exibição de Dados,Temperatura:,,Umidade:,,Datas:,,Medições,Data / Hora,Temperatura,Umidade,01/08/2025 - 07:50,"22,00","52,00",Betha Eletrônica Ltda,1/1
Coleta de Dados - UMMI,Impressão: 08/08/2025  9:23.09,Grupo:,TH-04-R,Equipamento:  1 - UMMI,Coleta:,04/08/2025 - 08:56,Registros:   Total: 2.864        Exibidos: 2.864,Data da Coleta:,04/08/2025,Exibição de Dados,Temperatura:,,Umidade:,,Datas:,,Medições,Data / Hora,Temperatura,Umidade,01/08/2025 - 07:55,"22,00","43,00",Betha Eletrônica Ltda,1/1
Coleta de Dados - UMMI,Impressão: 08/08/2025  9:23.09,Grupo:,TH-04-R,Equipamento:  1 - UMMI,Coleta:,04/08/2025 - 08:56,Registros:   Total: 2.864        Exibidos: 2.864,Data da Coleta:,04/08/2025,Exibição de Dados,Temperatura:,,Umidade:,,Datas:,,Medições,Data / Hora,Temperatura,Umidade,01/08/2025 - 08:00,"22,00","53,00",Betha Eletrônica Ltda,1/1
Coleta de Dados - UMMI,Impressão: 08/08/2025  9:23.09,Grupo:,TH-04-R,Equipamento:  1 - UMMI,Coleta:,04/08/2025 - 08:56,Registros:   Total: 2.864        Exibidos: 2.864,Data da Coleta:,04/08/2025,Exibição de Dados,Temperatura:,,Umidade:,,Datas:,,Medições,Data / Hora,Temperatura,Umidade,01/08/2025 - 08:05,"23,00","43,00",Betha Eletrônica Ltda,1/1
Coleta de Dados - UMMI,Impressão: 08/08/2025  9:23.09,Grupo:,TH-04-R,Equipamento:  1 - UMMI,Coleta:,04/08/2025 - 08:56,Registros:   Total: 2.864        Exibidos: 2.864,Data da Coleta:,04/08/2025,Exibição de Dados,Temperatura:,,Umidade:,,Datas:,,Medições,Data / Hora,Temperatura,Umidade,01/08/2025 - 08:10,"23,00","50,00",Betha Eletrônica Ltda,1/1
Coleta de Dados - UMMI,Impressão: 08/08/2025  9:23.09,Grupo:,TH-04-R,Equipamento:  1 - UMMI,Coleta:,04/08/2025 - 08:56,Registros:   Total: 2.864        Exibidos: 2.864,Data da Coleta:,04/08/2025,Exibição de Dados,Temperatura:,,Umidade:,,Datas:,,Medições,Data / Hora,Temperatura,Umidade,01/08/2025 - 08:15,"23,00","45,00",Betha Eletrônica Ltda,1/1
Coleta de Dados - UMMI,Impressão: 08/08/2025  9:23.09,Grupo:,TH-04-R,Equipamento:  1 - UMMI,Coleta:,04/08/2025 - 08:56,Registros:   Total: 2.864        Exibidos: 2.864,Data da Coleta:,04/08/2025,Exibição de Dados,Temperatura:,,Umidade:,,Datas:,,Medições,Data / Hora,Temperatura,Umidade,01/08/2025 - 08:20,"23,00","46,00",Betha Eletrônica Ltda,1/1
Coleta de Dados - UMMI,Impressão: 08/08/2025  9:23.09,Grupo:,TH-04-R,Equipamento:  1 - UMMI,Coleta:,04/08/2025 - 08:56,Registros:   Total: 2.864        Exibidos: 2.864,Data da Coleta:,04/08/2025,Exibição de Dados,Temperatura:,,Umidade:,,Datas:,,Medições,Data / Hora,Temperatura,Umidade,01/08/2025 - 08:25,"23,00","47,00",Betha Eletrônica Ltda,1/1
Coleta de Dados - UMMI,Impressão: 08/08/2025  9:23.09,Grupo:,TH-04-R,Equipamento:  1 - UMMI,Coleta:,04/08/2025 - 08:56,Registros:   Total: 2.864        Exibidos: 2.864,Data da Coleta:,04/08/2025,Exibição de Dados,Temperatura:,,Umidade:,,Datas:,,Medições,Data / Hora,Temperatura,Umidade,01/08/2025 - 08:30,"22,00","49,00",Betha Eletrônica Ltda,1/1
Coleta de Dados - UMMI,Impressão: 08/08/2025  9:23.09,Grupo:,TH-04-R,Equipamento:  1 - UMMI,Coleta:,04/08/2025 - 08:56,Registros:   Total: 2.864        Exibidos: 2.864,Data da Coleta:,04/08/2025,Exibição de Dados,Temperatura:,,Umidade:,,Datas:,,Medições,Data / Hora,Temperatura,Umidade,01/08/2025 - 08:35,"23,00","43,00",Betha Eletrônica Ltda,1/1
Coleta de Dados - UMMI,Impressão: 08/08/2025  9:23.09,Grupo:,TH-04-R,Equipamento:  1 - UMMI,Coleta:,04/08/2025 - 08:56,Registros:   Total: 2.864        Exibidos: 2.864,Data da Coleta:,04/08/2025,Exibição de Dados,Temperatura:,,Umidade:,,Datas:,,Medições,Data / Hora,Temperatura,Umidade,01/08/2025 - 08:40,"23,00","48,00",Betha Eletrônica Ltda,1/1
Coleta de Dados - UMMI,Impressão: 08/08/2025  9:23.09,Grupo:,TH-04-R,Equipamento:  1 - UMMI,Coleta:,04/08/2025 - 08:56,Registros:   Total: 2.864        Exibidos: 2.864,Data da Coleta:,04/08/2025,Exibição de Dados,Temperatura:,,Umidade:,,Datas:,,Medições,Data / Hora,Temperatura,Umidade,01/08/2025 - 08:45,"24,00","45,00",Betha Eletrônica Ltda,1/1
Coleta de Dados - UMMI,Impressão: 08/08/2025  9:23.09,Grupo:,TH-04-R,Equipamento:  1 - UMMI,Coleta:,04/08/2025 - 08:56,Registros:   Total: 2.864        Exibidos: 2.864,Data da Coleta:,04/08/2025,Exibição de Dados,Temperatura:,,Umidade:,,Datas:,,Medições,Data / Hora,Temperatura,Umidade,01/08/2025 - 08:50,"23,00","46,00",Betha Eletrônica Ltda,1/1
Coleta de Dados - UMMI,Impressão: 08/08/2025  9:23.09,Grupo:,TH-04-R,Equipamento:  1 - UMMI,Coleta:,04/08/2025 - 08:56,Registros:   Total: 2.864        Exibidos: 2.864,Data da Coleta:,04/08/2025,Exibição de Dados,Temperatura:,,Umidade:,,Datas:,,Medições,Data / Hora,Temperatura,Umidade,01/08/2025 - 08:55,"23,00","47,00",Betha Eletrônica Ltda,1/1
Coleta de Dados - UMMI,Impressão: 08/08/2025  9:23.09,Grupo:,TH-04-R,Equipamento:  1 - UMMI,Coleta:,04/08/2025 - 08:56,Registros:   Total: 2.864        Exibidos: 2.864,Data da Coleta:,04/08/2025,Exibição de Dados,Temperatura:,,Umidade:,,Datas:,,Medições,Data / Hora,Temperatura,Umidade,01/08/2025 - 09:00,"22,00","49,00",Betha Eletrônica Ltda,1/1
Coleta de Dados - UMMI,Impressão: 08/08/2025  9:23.09,Grupo:,TH-04-R,Equipamento:  1 - UMMI,Coleta:,04/08/2025 - 08:56,Registros:   Total: 2.864        Exibidos: 2.864,Data da Coleta:,04/08/2025,Exibição de Dados,Temperatura:,,Umidade:,,Datas:,,Medições,Data / Hora,Temperatura,Umidade,01/08/2025 - 09:05,"23,00","43,00",Betha Eletrônica Ltda,1/1
Coleta de Dados - UMMI,Impressão: 08/08/2025  9:23.09,Grupo:,TH-04-R,Equipamento:  1 - UMMI,Coleta:,04/08/2025 - 08:56,Registros:   Total: 2.864        Exibidos: 2.864,Data da Coleta:,04/08/2025,Exibição de Dados,Temperatura:,,Umidade:,,Datas:,,Medições,Data / Hora,Temperatura,Umidade,01/08/2025 - 09:10,"23,00","49,00",Betha Eletrônica Ltda,1/1
Coleta de Dados - UMMI,Impressão: 08/08/2025  9:23.09,Grupo:,TH-04-R,Equipamento:  1 - UMMI,Coleta:,04/08/2025 - 08:56,Registros:   Total: 2.864        Exibidos: 2.864,Data da Coleta:,04/08/2025,Exibição de Dados,Temperatura:,,Umidade:,,Datas:,,Medições,Data / Hora,Temperatura,Umidade,01/08/2025 - 09:15,"24,00","46,00",Betha Eletrônica Ltda,1/1
Coleta de Dados - UMMI,Impressão: 08/08/2025  9:23.09,Grupo:,TH-04-R,Equipamento:  1 - UMMI,Coleta:,04/08/2025 - 08:56,Registros:   Total: 2.864        Exibidos: 2.864,Data da Coleta:,04/08/2025,Exibição de Dados,Temperatura:,,Umidade:,,Datas:,,Medições,Data / Hora,Temperatura,Umidade,01/08/2025 - 09:20,"23,00","46,00",Betha Eletrônica Ltda,1/1
Coleta de Dados - UMMI,Impressão: 08/08/2025  9:23.09,Grupo:,TH-04-R,Equipamento:  1 - UMMI,Coleta:,04/08/2025 - 08:56,Registros:   Total: 2.864        Exibidos: 2.864,Data da Coleta:,04/08/2025,Exibição de Dados,Temperatura:,,Umidade:,,Datas:,,Medições,Data / Hora,Temperatura,Umidade,01/08/2025 - 09:25,"22,00","47,00",Betha Eletrônica Ltda,1/1
Coleta de Dados - UMMI,Impressão: 08/08/2025  9:23.09,Grupo:,TH-04-R,Equipamento:  1 - UMMI,Coleta:,04/08/2025 - 08:56,Registros:   Total: 2.864        Exibidos: 2.864,Data da Coleta:,04/08/2025,Exibição de Dados,Temperatura:,,Umidade:,,Datas:,,Medições,Data / Hora,Temperatura,Umidade,01/08/2025 - 09:30,"22,00","49,00",Betha Eletrônica Ltda,1/1
Coleta de Dados - UMMI,Impressão: 08/08/2025  9:23.09,Grupo:,TH-04-R,Equipamento:  1 - UMMI,Coleta:,04/08/2025 - 08:56,Registros:   Total: 2.864        Exibidos: 2.864,Data da Coleta:,04/08/2025,Exibição de Dados,Temperatura:,,Umidade:,,Datas:,,Medições,Data / Hora,Temperatura,Umidade,01/08/2025 - 09:35,"22,00","45,00",Betha Eletrônica Ltda,1/1
Coleta de Dados - UMMI,Impressão: 08/08/2025  9:23.09,Grupo:,TH-04-R,Equipamento:  1 - UMMI,Coleta:,04/08/2025 - 08:56,Registros:   Total: 2.864        Exibidos: 2.864,Data da Coleta:,04/08/2025,Exibição de Dados,Temperatura:,,Umidade:,,Datas:,,Medições,Data / Hora,Temperatura,Umidade,01/08/2025 - 09:40,"22,00","48,00",Betha Eletrônica Ltda,1/1
Coleta de Dados - UMMI,Impressão: 08/08/2025  9:23.09,Grupo:,TH-04-R,Equipamento:  1 - UMMI,Coleta:,04/08/2025 - 08:56,Registros:   Total: 2.864        Exibidos: 2.864,Data da Coleta:,04/08/2025,Exibição de Dados,Temperatura:,,Umidade:,,Datas:,,Medições,Data / Hora,Temperatura,Umidade,01/08/2025 - 09:45,"23,00","48,00",Betha Eletrônica Ltda,1/1
Coleta de Dados - UMMI,Impressão: 08/08/2025  9:23.09,Grupo:,TH-04-R,Equipamento:  1 - UMMI,Coleta:,04/08/2025 - 08:56,Registros:   Total: 2.864        Exibidos: 2.864,Data da Coleta:,04/08/2025,Exibição de Dados,Temperatura:,,Umidade:,,Datas:,,Medições,Data / Hora,Temperatura,Umidade,01/08/2025 - 09:50,"22,00","42,00",Betha Eletrônica Ltda,1/1
Coleta de Dados - UMMI,Impressão: 08/08/2025  9:23.09,Grupo:,TH-04-R,Equipamento:  1 - UMMI,Coleta:,04/08/2025 - 08:56,Registros:   Total: 2.864        Exibidos: 2.864,Data da Coleta:,04/08/2025,Exibição de Dados,Temperatura:,,Umidade:,,Datas:,,Medições,Data / Hora,Temperatura,Umidade,01/08/2025 - 09:55,"23,00","52,00",Betha Eletrônica Ltda,1/1
Coleta de Dados - UMMI,Impressão: 08/08/2025  9:23.09,Grupo:,TH-04-R,Equipamento:  1 - UMMI,Coleta:,04/08/2025 - 08:56,Registros:   Total: 2.864        Exibidos: 2.864,Data da Coleta:,04/08/2025,Exibição de Dados,Temperatura:,,Umidade:,,Datas:,,Medições,Data / Hora,Temperatura,Umidade,01/08/2025 - 10:00,"22,00","41,00",Betha Eletrônica Ltda,1/1
Coleta de Dados - UMMI,Impressão: 08/08/2025  9:23.09,Grupo:,TH-04-R,Equipamento:  1 - UMMI,Coleta:,04/08/2025 - 08:56,Registros:   Total: 2.864        Exibidos: 2.864,Data da Coleta:,04/08/2025,Exibição de Dados,Temperatura:,,Umidade:,,Datas:,,Medições,Data / Hora,Temperatura,Umidade,01/08/2025 - 10:05,"23,00","51,00",Betha Eletrônica Ltda,1/1
Coleta de Dados - UMMI,Impressão: 08/08/2025  9:23.09,Grupo:,TH-04-R,Equipamento:  1 - UMMI,Coleta:,04/08/2025 - 08:56,Registros:   Total: 2.864        Exibidos: 2.864,Data da Coleta:,04/08/2025,Exibição de Dados,Temperatura:,,Umidade:,,Datas:,,Medições,Data / Hora,Temperatura,Umidade,01/08/2025 - 10:10,"23,00","39,00",Betha Eletrônica Ltda,1/1
Coleta de Dados - UMMI,Impressão: 08/08/2025  9:23.09,Grupo:,TH-04-R,Equipamento:  1 - UMMI,Coleta:,04/08/2025 - 08:56,Registros:   Total: 2.864        Exibidos: 2.864,Data da Coleta:,04/08/2025,Exibição de Dados,Temperatura:,,Umidade:,,Datas:,,Medições,Data / Hora,Temperatura,Umidade,01/08/2025 - 10:15,"23,00","53,00",Betha Eletrônica Ltda,1/1
Coleta de Dados - UMMI,Impressão: 08/08/2025  9:23.09,Grupo:,TH-04-R,Equipamento:  1 - UMMI,Coleta:,04/08/2025 - 08:56,Registros:   Total: 2.864        Exibidos: 2.864,Data da Coleta:,04/08/2025,Exibição de Dados,Temperatura:,,Umidade:,,Datas:,,Medições,Data / Hora,Temperatura,Umidade,01/08/2025 - 10:20,"23,00","39,00",Betha Eletrônica Ltda,1/1
Coleta de Dados - UMMI,Impressão: 08/08/2025  9:23.09,Grupo:,TH-04-R,Equipamento:  1 - UMMI,Coleta:,04/08/2025 - 08:56,Registros:   Total: 2.864        Exibidos: 2.864,Data da Coleta:,04/08/2025,Exibição de Dados,Temperatura:,,Umidade:,,Datas:,,Medições,Data / Hora,Temperatura,Umidade,01/08/2025 - 10:25,"23,00","52,00",Betha Eletrônica Ltda,1/1
Coleta de Dados - UMMI,Impressão: 08/08/2025  9:23.09,Grupo:,TH-04-R,Equipamento:  1 - UMMI,Coleta:,04/08/2025 - 08:56,Registros:   Total: 2.864        Exibidos: 2.864,Data da Coleta:,04/08/2025,Exibição de Dados,Temperatura:,,Umidade:,,Datas:,,Medições,Data / Hora,Temperatura,Umidade,01/08/2025 - 10:30,"23,00","42,00",Betha Eletrônica Ltda,1/1
Coleta de Dados - UMMI,Impressão: 08/08/2025  9:23.09,Grupo:,TH-04-R,Equipamento:  1 - UMMI,Coleta:,04/08/2025 - 08:56,Registros:   Total: 2.864        Exibidos: 2.864,Data da Coleta:,04/08/2025,Exibição de Dados,Temperatura:,,Umidade:,,Datas:,,Medições,Data / Hora,Temperatura,Umidade,01/08/2025 - 10:35,"22,00","47,00",Betha Eletrônica Ltda,1/1
Coleta de Dados - UMMI,Impressão: 08/08/2025  9:23.09,Grupo:,TH-04-R,Equipamento:  1 - UMMI,Coleta:,04/08/2025 - 08:56,Registros:   Total: 2.864        Exibidos: 2.864,Data da Coleta:,04/08/2025,Exibição de Dados,Temperatura:,,Umidade:,,Datas:,,Medições,Data / Hora,Temperatura,Umidade,01/08/2025 - 10:40,"22,00","47,00",Betha Eletrônica Ltda,1/1
Coleta de Dados - UMMI,Impressão: 08/08/2025  9:23.09,Grupo:,TH-04-R,Equipamento:  1 - UMMI,Coleta:,04/08/2025 - 08:56,Registros:   Total: 2.864        Exibidos: 2.864,Data da Coleta:,04/08/2025,Exibição de Dados,Temperatura:,,Umidade:,,Datas:,,Medições,Data / Hora,Temperatura,Umidade,01/08/2025 - 10:45,"23,00","44,00",Betha Eletrônica Ltda,1/1
Coleta de Dados - UMMI,Impressão: 08/08/2025  9:23.09,Grupo:,TH-04-R,Equipamento:  1 - UMMI,Coleta:,04/08/2025 - 08:56,Registros:   Total: 2.864        Exibidos: 2.864,Data da Coleta:,04/08/2025,Exibição de Dados,Temperatura:,,Umidade:,,Datas:,,Medições,Data / Hora,Temperatura,Umidade,01/08/2025 - 10:50,"23,00","46,00",Betha Eletrônica Ltda,1/1
Coleta de Dados - UMMI,Impressão: 08/08/2025  9:23.09,Grupo:,TH-04-R,Equipamento:  1 - UMMI,Coleta:,04/08/2025 - 08:56,Registros:   Total: 2.864        Exibidos: 2.864,Data da Coleta:,04/08/2025,Exibição de Dados,Temperatura:,,Umidade:,,Datas:,,Medições,Data / Hora,Temperatura,Umidade,01/08/2025 - 10:55,"23,00","47,00",Betha Eletrônica Ltda,1/1
Coleta de Dados - UMMI,Impressão: 08/08/2025  9:23.09,Grupo:,TH-04-R,Equipamento:  1 - UMMI,Coleta:,04/08/2025 - 08:56,Registros:   Total: 2.864        Exibidos: 2.864,Data da Coleta:,04/08/2025,Exibição de Dados,Temperatura:,,Umidade:,,Datas:,,Medições,Data / Hora,Temperatura,Umidade,01/08/2025 - 11:00,"22,00","46,00",Betha Eletrônica Ltda,1/1
Coleta de Dados - UMMI,Impressão: 08/08/2025  9:23.09,Grupo:,TH-04-R,Equipamento:  1 - UMMI,Coleta:,04/08/2025 - 08:56,Registros:   Total: 2.864        Exibidos: 2.864,Data da Coleta:,04/08/2025,Exibição de Dados,Temperatura:,,Umidade:,,Datas:,,Medições,Data / Hora,Temperatura,Umidade,01/08/2025 - 11:05,"23,00","44,00",Betha Eletrônica Ltda,1/1
Coleta de Dados - UMMI,Impressão: 08/08/2025  9:23.09,Grupo:,TH-04-R,Equipamento:  1 - UMMI,Coleta:,04/08/2025 - 08:56,Registros:   Total: 2.864        Exibidos: 2.864,Data da Coleta:,04/08/2025,Exibição de Dados,Temperatura:,,Umidade:,,Datas:,,Medições,Data / Hora,Temperatura,Umidade,01/08/2025 - 11:10,"23,00","51,00",Betha Eletrônica Ltda,1/1
Coleta de Dados - UMMI,Impressão: 08/08/2025  9:23.09,Grupo:,TH-04-R,Equipamento:  1 - UMMI,Coleta:,04/08/2025 - 08:56,Registros:   Total: 2.864        Exibidos: 2.864,Data da Coleta:,04/08/2025,Exibição de Dados,Temperatura:,,Umidade:,,Datas:,,Medições,Data / Hora,Temperatura,Umidade,01/08/2025 - 11:15,"23,00","42,00",Betha Eletrônica Ltda,1/1
Coleta de Dados - UMMI,Impressão: 08/08/2025  9:23.09,Grupo:,TH-04-R,Equipamento:  1 - UMMI,Coleta:,04/08/2025 - 08:56,Registros:   Total: 2.864        Exibidos: 2.864,Data da Coleta:,04/08/2025,Exibição de Dados,Temperatura:,,Umidade:,,Datas:,,Medições,Data / Hora,Temperatura,Umidade,01/08/2025 - 11:20,"23,00","50,00",Betha Eletrônica Ltda,1/1
Coleta de Dados - UMMI,Impressão: 08/08/2025  9:23.09,Grupo:,TH-04-R,Equipamento:  1 - UMMI,Coleta:,04/08/2025 - 08:56,Registros:   Total: 2.864        Exibidos: 2.864,Data da Coleta:,04/08/2025,Exibição de Dados,Temperatura:,,Umidade:,,Datas:,,Medições,Data / Hora,Temperatura,Umidade,01/08/2025 - 11:25,"23,00","44,00",Betha Eletrônica Ltda,1/1
Coleta de Dados - UMMI,Impressão: 08/08/2025  9:23.09,Grupo:,TH-04-R,Equipamento:  1 - UMMI,Coleta:,04/08/2025 - 08:56,Registros:   Total: 2.864        Exibidos: 2.864,Data da Coleta:,04/08/2025,Exibição de Dados,Temperatura:,,Umidade:,,Datas:,,Medições,Data / Hora,Temperatura,Umidade,01/08/2025 - 11:30,"22,00","52,00",Betha Eletrônica Ltda,1/1
Coleta de Dados - UMMI,Impressão: 08/08/2025  9:23.09,Grupo:,TH-04-R,Equipamento:  1 - UMMI,Coleta:,04/08/2025 - 08:56,Registros:   Total: 2.864        Exibidos: 2.864,Data da Coleta:,04/08/2025,Exibição de Dados,Temperatura:,,Umidade:,,Datas:,,Medições,Data / Hora,Temperatura,Umidade,01/08/2025 - 11:35,"22,00","40,00",Betha Eletrônica Ltda,1/1
Coleta de Dados - UMMI,Impressão: 08/08/2025  9:23.09,Grupo:,TH-04-R,Equipamento:  1 - UMMI,Coleta:,04/08/2025 - 08:56,Registros:   Total: 2.864        Exibidos: 2.864,Data da Coleta:,04/08/2025,Exibição de Dados,Temperatura:,,Umidade:,,Datas:,,Medições,Data / Hora,Temperatura,Umidade,01/08/2025 - 11:40,"23,00","53,00",Betha Eletrônica Ltda,1/1
Coleta de Dados - UMMI,Impressão: 08/08/2025  9:23.09,Grupo:,TH-04-R,Equipamento:  1 - UMMI,Coleta:,04/08/2025 - 08:56,Registros:   Total: 2.864        Exibidos: 2.864,Data da Coleta:,04/08/2025,Exibição de Dados,Temperatura:,,Umidade:,,Datas:,,Medições,Data / Hora,Temperatura,Umidade,01/08/2025 - 11:45,"23,00","39,00",Betha Eletrônica Ltda,1/1
Coleta de Dados - UMMI,Impressão: 08/08/2025  9:23.09,Grupo:,TH-04-R,Equipamento:  1 - UMMI,Coleta:,04/08/2025 - 08:56,Registros:   Total: 2.864        Exibidos: 2.864,Data da Coleta:,04/08/2025,Exibição de Dados,Temperatura:,,Umidade:,,Datas:,,Medições,Data / Hora,Temperatura,Umidade,01/08/2025 - 11:50,"23,00","52,00",Betha Eletrônica Ltda,1/1
Coleta de Dados - UMMI,Impressão: 08/08/2025  9:23.09,Grupo:,TH-04-R,Equipamento:  1 - UMMI,Coleta:,04/08/2025 - 08:56,Registros:   Total: 2.864        Exibidos: 2.864,Data da Coleta:,04/08/2025,Exibição de Dados,Temperatura:,,Umidade:,,Datas:,,Medições,Data / Hora,Temperatura,Umidade,01/08/2025 - 11:55,"22,00","42,00",Betha Eletrônica Ltda,1/1
Coleta de Dados - UMMI,Impressão: 08/08/2025  9:23.09,Grupo:,TH-04-R,Equipamento:  1 - UMMI,Coleta:,04/08/2025 - 08:56,Registros:   Total: 2.864        Exibidos: 2.864,Data da Coleta:,04/08/2025,Exibição de Dados,Temperatura:,,Umidade:,,Datas:,,Medições,Data / Hora,Temperatura,Umidade,01/08/2025 - 12:00,"23,00","51,00",Betha Eletrônica Ltda,1/1
Coleta de Dados - UMMI,Impressão: 08/08/2025  9:23.09,Grupo:,TH-04-R,Equipamento:  1 - UMMI,Coleta:,04/08/2025 - 08:56,Registros:   Total: 2.864        Exibidos: 2.864,Data da Coleta:,04/08/2025,Exibição de Dados,Temperatura:,,Umidade:,,Datas:,,Medições,Data / Hora,Temperatura,Umidade,01/08/2025 - 12:05,"22,00","43,00",Betha Eletrônica Ltda,1/1
Coleta de Dados - UMMI,Impressão: 08/08/2025  9:23.09,Grupo:,TH-04-R,Equipamento:  1 - UMMI,Coleta:,04/08/2025 - 08:56,Registros:   Total: 2.864        Exibidos: 2.864,Data da Coleta:,04/08/2025,Exibição de Dados,Temperatura:,,Umidade:,,Datas:,,Medições,Data / Hora,Temperatura,Umidade,01/08/2025 - 12:10,"23,00","47,00",Betha Eletrônica Ltda,1/1
Coleta de Dados - UMMI,Impressão: 08/08/2025  9:23.09,Grupo:,TH-04-R,Equipamento:  1 - UMMI,Coleta:,04/08/2025 - 08:56,Registros:   Total: 2.864        Exibidos: 2.864,Data da Coleta:,04/08/2025,Exibição de Dados,Temperatura:,,Umidade:,,Datas:,,Medições,Data / Hora,Temperatura,Umidade,01/08/2025 - 12:15,"23,00","45,00",Betha Eletrônica Ltda,1/1
Coleta de Dados - UMMI,Impressão: 08/08/2025  9:23.09,Grupo:,TH-04-R,Equipamento:  1 - UMMI,Coleta:,04/08/2025 - 08:56,Registros:   Total: 2.864        Exibidos: 2.864,Data da Coleta:,04/08/2025,Exibição de Dados,Temperatura:,,Umidade:,,Datas:,,Medições,Data / Hora,Temperatura,Umidade,01/08/2025 - 12:20,"23,00","46,00",Betha Eletrônica Ltda,1/1
Coleta de Dados - UMMI,Impressão: 08/08/2025  9:23.09,Grupo:,TH-04-R,Equipamento:  1 - UMMI,Coleta:,04/08/2025 - 08:56,Registros:   Total: 2.864        Exibidos: 2.864,Data da Coleta:,04/08/2025,Exibição de Dados,Temperatura:,,Umidade:,,Datas:,,Medições,Data / Hora,Temperatura,Umidade,01/08/2025 - 12:25,"23,00","48,00",Betha Eletrônica Ltda,1/1
Coleta de Dados - UMMI,Impressão: 08/08/2025  9:23.09,Grupo:,TH-04-R,Equipamento:  1 - UMMI,Coleta:,04/08/2025 - 08:56,Registros:   Total: 2.864        Exibidos: 2.864,Data da Coleta:,04/08/2025,Exibição de Dados,Temperatura:,,Umidade:,,Datas:,,Medições,Data / Hora,Temperatura,Umidade,01/08/2025 - 12:30,"23,00","43,00",Betha Eletrônica Ltda,1/1
Coleta de Dados - UMMI,Impressão: 08/08/2025  9:23.09,Grupo:,TH-04-R,Equipamento:  1 - UMMI,Coleta:,04/08/2025 - 08:56,Registros:   Total: 2.864        Exibidos: 2.864,Data da Coleta:,04/08/2025,Exibição de Dados,Temperatura:,,Umidade:,,Datas:,,Medições,Data / Hora,Temperatura,Umidade,01/08/2025 - 12:35,"23,00","48,00",Betha Eletrônica Ltda,1/1
Coleta de Dados - UMMI,Impressão: 08/08/2025  9:23.09,Grupo:,TH-04-R,Equipamento:  1 - UMMI,Coleta:,04/08/2025 - 08:56,Registros:   Total: 2.864        Exibidos: 2.864,Data da Coleta:,04/08/2025,Exibição de Dados,Temperatura:,,Umidade:,,Datas:,,Medições,Data / Hora,Temperatura,Umidade,01/08/2025 - 12:40,"23,00","44,00",Betha Eletrônica Ltda,1/1
Coleta de Dados - UMMI,Impressão: 08/08/2025  9:23.09,Grupo:,TH-04-R,Equipamento:  1 - UMMI,Coleta:,04/08/2025 - 08:56,Registros:   Total: 2.864        Exibidos: 2.864,Data da Coleta:,04/08/2025,Exibição de Dados,Temperatura:,,Umidade:,,Datas:,,Medições,Data / Hora,Temperatura,Umidade,01/08/2025 - 12:45,"24,00","45,00",Betha Eletrônica Ltda,1/1
Coleta de Dados - UMMI,Impressão: 08/08/2025  9:23.09,Grupo:,TH-04-R,Equipamento:  1 - UMMI,Coleta:,04/08/2025 - 08:56,Registros:   Total: 2.864        Exibidos: 2.864,Data da Coleta:,04/08/2025,Exibição de Dados,Temperatura:,,Umidade:,,Datas:,,Medições,Data / Hora,Temperatura,Umidade,01/08/2025 - 12:50,"23,00","46,00",Betha Eletrônica Ltda,1/1
Coleta de Dados - UMMI,Impressão: 08/08/2025  9:23.09,Grupo:,TH-04-R,Equipamento:  1 - UMMI,Coleta:,04/08/2025 - 08:56,Registros:   Total: 2.864        Exibidos: 2.864,Data da Coleta:,04/08/2025,Exibição de Dados,Temperatura:,,Umidade:,,Datas:,,Medições,Data / Hora,Temperatura,Umidade,01/08/2025 - 12:55,"23,00","43,00",Betha Eletrônica Ltda,1/1
Coleta de Dados - UMMI,Impressão: 08/08/2025  9:23.09,Grupo:,TH-04-R,Equipamento:  1 - UMMI,Coleta:,04/08/2025 - 08:56,Registros:   Total: 2.864        Exibidos: 2.864,Data da Coleta:,04/08/2025,Exibição de Dados,Temperatura:,,Umidade:,,Datas:,,Medições,Data / Hora,Temperatura,Umidade,01/08/2025 - 13:00,"22,00","44,00",Betha Eletrônica Ltda,1/1
Coleta de Dados - UMMI,Impressão: 08/08/2025  9:23.09,Grupo:,TH-04-R,Equipamento:  1 - UMMI,Coleta:,04/08/2025 - 08:56,Registros:   Total: 2.864        Exibidos: 2.864,Data da Coleta:,04/08/2025,Exibição de Dados,Temperatura:,,Umidade:,,Datas:,,Medições,Data / Hora,Temperatura,Umidade,01/08/2025 - 13:05,"23,00","52,00",Betha Eletrônica Ltda,1/1
Coleta de Dados - UMMI,Impressão: 08/08/2025  9:23.09,Grupo:,TH-04-R,Equipamento:  1 - UMMI,Coleta:,04/08/2025 - 08:56,Registros:   Total: 2.864        Exibidos: 2.864,Data da Coleta:,04/08/2025,Exibição de Dados,Temperatura:,,Umidade:,,Datas:,,Medições,Data / Hora,Temperatura,Umidade,01/08/2025 - 13:10,"23,00","39,00",Betha Eletrônica Ltda,1/1
Coleta de Dados - UMMI,Impressão: 08/08/2025  9:23.09,Grupo:,TH-04-R,Equipamento:  1 - UMMI,Coleta:,04/08/2025 - 08:56,Registros:   Total: 2.864        Exibidos: 2.864,Data da Coleta:,04/08/2025,Exibição de Dados,Temperatura:,,Umidade:,,Datas:,,Medições,Data / Hora,Temperatura,Umidade,01/08/2025 - 13:15,"24,00","47,00",Betha Eletrônica Ltda,1/1
Coleta de Dados - UMMI,Impressão: 08/08/2025  9:23.09,Grupo:,TH-04-R,Equipamento:  1 - UMMI,Coleta:,04/08/2025 - 08:56,Registros:   Total: 2.864        Exibidos: 2.864,Data da Coleta:,04/08/2025,Exibição de Dados,Temperatura:,,Umidade:,,Datas:,,Medições,Data / Hora,Temperatura,Umidade,01/08/2025 - 13:20,"23,00","46,00",Betha Eletrônica Ltda,1/1
Coleta de Dados - UMMI,Impressão: 08/08/2025  9:23.09,Grupo:,TH-04-R,Equipamento:  1 - UMMI,Coleta:,04/08/2025 - 08:56,Registros:   Total: 2.864        Exibidos: 2.864,Data da Coleta:,04/08/2025,Exibição de Dados,Temperatura:,,Umidade:,,Datas:,,Medições,Data / Hora,Temperatura,Umidade,01/08/2025 - 13:25,"22,00","41,00",Betha Eletrônica Ltda,1/1
Coleta de Dados - UMMI,Impressão: 08/08/2025  9:23.09,Grupo:,TH-04-R,Equipamento:  1 - UMMI,Coleta:,04/08/2025 - 08:56,Registros:   Total: 2.864        Exibidos: 2.864,Data da Coleta:,04/08/2025,Exibição de Dados,Temperatura:,,Umidade:,,Datas:,,Medições,Data / Hora,Temperatura,Umidade,01/08/2025 - 13:30,"23,00","47,00",Betha Eletrônica Ltda,1/1
Coleta de Dados - UMMI,Impressão: 08/08/2025  9:23.09,Grupo:,TH-04-R,Equipamento:  1 - UMMI,Coleta:,04/08/2025 - 08:56,Registros:   Total: 2.864        Exibidos: 2.864,Data da Coleta:,04/08/2025,Exibição de Dados,Temperatura:,,Umidade:,,Datas:,,Medições,Data / Hora,Temperatura,Umidade,01/08/2025 - 13:35,"23,00","40,00",Betha Eletrônica Ltda,1/1
Coleta de Dados - UMMI,Impressão: 08/08/2025  9:23.09,Grupo:,TH-04-R,Equipamento:  1 - UMMI,Coleta:,04/08/2025 - 08:56,Registros:   Total: 2.864        Exibidos: 2.864,Data da Coleta:,04/08/2025,Exibição de Dados,Temperatura:,,Umidade:,,Datas:,,Medições,Data / Hora,Temperatura,Umidade,01/08/2025 - 13:40,"24,00","47,00",Betha Eletrônica Ltda,1/1
Coleta de Dados - UMMI,Impressão: 08/08/2025  9:23.09,Grupo:,TH-04-R,Equipamento:  1 - UMMI,Coleta:,04/08/2025 - 08:56,Registros:   Total: 2.864        Exibidos: 2.864,Data da Coleta:,04/08/2025,Exibição de Dados,Temperatura:,,Umidade:,,Datas:,,Medições,Data / Hora,Temperatura,Umidade,01/08/2025 - 13:45,"23,00","46,00",Betha Eletrônica Ltda,1/1
Coleta de Dados - UMMI,Impressão: 08/08/2025  9:23.09,Grupo:,TH-04-R,Equipamento:  1 - UMMI,Coleta:,04/08/2025 - 08:56,Registros:   Total: 2.864        Exibidos: 2.864,Data da Coleta:,04/08/2025,Exibição de Dados,Temperatura:,,Umidade:,,Datas:,,Medições,Data / Hora,Temperatura,Umidade,01/08/2025 - 13:50,"22,00","42,00",Betha Eletrônica Ltda,1/1
Coleta de Dados - UMMI,Impressão: 08/08/2025  9:23.09,Grupo:,TH-04-R,Equipamento:  1 - UMMI,Coleta:,04/08/2025 - 08:56,Registros:   Total: 2.864        Exibidos: 2.864,Data da Coleta:,04/08/2025,Exibição de Dados,Temperatura:,,Umidade:,,Datas:,,Medições,Data / Hora,Temperatura,Umidade,01/08/2025 - 13:55,"22,00","43,00",Betha Eletrônica Ltda,1/1
Coleta de Dados - UMMI,Impressão: 08/08/2025  9:23.09,Grupo:,TH-04-R,Equipamento:  1 - UMMI,Coleta:,04/08/2025 - 08:56,Registros:   Total: 2.864        Exibidos: 2.864,Data da Coleta:,04/08/2025,Exibição de Dados,Temperatura:,,Umidade:,,Datas:,,Medições,Data / Hora,Temperatura,Umidade,01/08/2025 - 14:00,"23,00","51,00",Betha Eletrônica Ltda,1/1
Coleta de Dados - UMMI,Impressão: 08/08/2025  9:23.09,Grupo:,TH-04-R,Equipamento:  1 - UMMI,Coleta:,04/08/2025 - 08:56,Registros:   Total: 2.864        Exibidos: 2.864,Data da Coleta:,04/08/2025,Exibição de Dados,Temperatura:,,Umidade:,,Datas:,,Medições,Data / Hora,Temperatura,Umidade,01/08/2025 - 14:05,"23,00","40,00",Betha Eletrônica Ltda,1/1
Coleta de Dados - UMMI,Impressão: 08/08/2025  9:23.09,Grupo:,TH-04-R,Equipamento:  1 - UMMI,Coleta:,04/08/2025 - 08:56,Registros:   Total: 2.864        Exibidos: 2.864,Data da Coleta:,04/08/2025,Exibição de Dados,Temperatura:,,Umidade:,,Datas:,,Medições,Data / Hora,Temperatura,Umidade,01/08/2025 - 14:10,"23,00","51,00",Betha Eletrônica Ltda,1/1
Coleta de Dados - UMMI,Impressão: 08/08/2025  9:23.09,Grupo:,TH-04-R,Equipamento:  1 - UMMI,Coleta:,04/08/2025 - 08:56,Registros:   Total: 2.864        Exibidos: 2.864,Data da Coleta:,04/08/2025,Exibição de Dados,Temperatura:,,Umidade:,,Datas:,,Medições,Data / Hora,Temperatura,Umidade,01/08/2025 - 14:15,"22,00","42,00",Betha Eletrônica Ltda,1/1
Coleta de Dados - UMMI,Impressão: 08/08/2025  9:23.09,Grupo:,TH-04-R,Equipamento:  1 - UMMI,Coleta:,04/08/2025 - 08:56,Registros:   Total: 2.864        Exibidos: 2.864,Data da Coleta:,04/08/2025,Exibição de Dados,Temperatura:,,Umidade:,,Datas:,,Medições,Data / Hora,Temperatura,Umidade,01/08/2025 - 14:20,"22,00","44,00",Betha Eletrônica Ltda,1/1
Coleta de Dados - UMMI,Impressão: 08/08/2025  9:23.09,Grupo:,TH-04-R,Equipamento:  1 - UMMI,Coleta:,04/08/2025 - 08:56,Registros:   Total: 2.864        Exibidos: 2.864,Data da Coleta:,04/08/2025,Exibição de Dados,Temperatura:,,Umidade:,,Datas:,,Medições,Data / Hora,Temperatura,Umidade,01/08/2025 - 14:25,"22,00","53,00",Betha Eletrônica Ltda,1/1
Coleta de Dados - UMMI,Impressão: 08/08/2025  9:23.09,Grupo:,TH-04-R,Equipamento:  1 - UMMI,Coleta:,04/08/2025 - 08:56,Registros:   Total: 2.864        Exibidos: 2.864,Data da Coleta:,04/08/2025,Exibição de Dados,Temperatura:,,Umidade:,,Datas:,,Medições,Data / Hora,Temperatura,Umidade,01/08/2025 - 14:30,"23,00","39,00",Betha Eletrônica Ltda,1/1
Coleta de Dados - UMMI,Impressão: 08/08/2025  9:23.09,Grupo:,TH-04-R,Equipamento:  1 - UMMI,Coleta:,04/08/2025 - 08:56,Registros:   Total: 2.864        Exibidos: 2.864,Data da Coleta:,04/08/2025,Exibição de Dados,Temperatura:,,Umidade:,,Datas:,,Medições,Data / Hora,Temperatura,Umidade,01/08/2025 - 14:35,"23,00","52,00",Betha Eletrônica Ltda,1/1
Coleta de Dados - UMMI,Impressão: 08/08/2025  9:23.09,Grupo:,TH-04-R,Equipamento:  1 - UMMI,Coleta:,04/08/2025 - 08:56,Registros:   Total: 2.864        Exibidos: 2.864,Data da Coleta:,04/08/2025,Exibição de Dados,Temperatura:,,Umidade:,,Datas:,,Medições,Data / Hora,Temperatura,Umidade,01/08/2025 - 14:40,"23,00","41,00",Betha Eletrônica Ltda,1/1
Coleta de Dados - UMMI,Impressão: 08/08/2025  9:23.09,Grupo:,TH-04-R,Equipamento:  1 - UMMI,Coleta:,04/08/2025 - 08:56,Registros:   Total: 2.864        Exibidos: 2.864,Data da Coleta:,04/08/2025,Exibição de Dados,Temperatura:,,Umidade:,,Datas:,,Medições,Data / Hora,Temperatura,Umidade,01/08/2025 - 14:45,"23,00","47,00",Betha Eletrônica Ltda,1/1
Coleta de Dados - UMMI,Impressão: 08/08/2025  9:23.09,Grupo:,TH-04-R,Equipamento:  1 - UMMI,Coleta:,04/08/2025 - 08:56,Registros:   Total: 2.864        Exibidos: 2.864,Data da Coleta:,04/08/2025,Exibição de Dados,Temperatura:,,Umidade:,,Datas:,,Medições,Data / Hora,Temperatura,Umidade,01/08/2025 - 14:50,"22,00","49,00",Betha Eletrônica Ltda,1/1
Coleta de Dados - UMMI,Impressão: 08/08/2025  9:23.09,Grupo:,TH-04-R,Equipamento:  1 - UMMI,Coleta:,04/08/2025 - 08:56,Registros:   Total: 2.864        Exibidos: 2.864,Data da Coleta:,04/08/2025,Exibição de Dados,Temperatura:,,Umidade:,,Datas:,,Medições,Data / Hora,Temperatura,Umidade,01/08/2025 - 14:55,"23,00","41,00",Betha Eletrônica Ltda,1/1
Coleta de Dados - UMMI,Impressão: 08/08/2025  9:23.09,Grupo:,TH-04-R,Equipamento:  1 - UMMI,Coleta:,04/08/2025 - 08:56,Registros:   Total: 2.864        Exibidos: 2.864,Data da Coleta:,04/08/2025,Exibição de Dados,Temperatura:,,Umidade:,,Datas:,,Medições,Data / Hora,Temperatura,Umidade,01/08/2025 - 15:00,"23,00","53,00",Betha Eletrônica Ltda,1/1
Coleta de Dados - UMMI,Impressão: 08/08/2025  9:23.09,Grupo:,TH-04-R,Equipamento:  1 - UMMI,Coleta:,04/08/2025 - 08:56,Registros:   Total: 2.864        Exibidos: 2.864,Data da Coleta:,04/08/2025,Exibição de Dados,Temperatura:,,Umidade:,,Datas:,,Medições,Data / Hora,Temperatura,Umidade,01/08/2025 - 15:05,"23,00","40,00",Betha Eletrônica Ltda,1/1
Coleta de Dados - UMMI,Impressão: 08/08/2025  9:23.09,Grupo:,TH-04-R,Equipamento:  1 - UMMI,Coleta:,04/08/2025 - 08:56,Registros:   Total: 2.864        Exibidos: 2.864,Data da Coleta:,04/08/2025,Exibição de Dados,Temperatura:,,Umidade:,,Datas:,,Medições,Data / Hora,Temperatura,Umidade,01/08/2025 - 15:10,"23,00","51,00",Betha Eletrônica Ltda,1/1
Coleta de Dados - UMMI,Impressão: 08/08/2025  9:23.09,Grupo:,TH-04-R,Equipamento:  1 - UMMI,Coleta:,04/08/2025 - 08:56,Registros:   Total: 2.864        Exibidos: 2.864,Data da Coleta:,04/08/2025,Exibição de Dados,Temperatura:,,Umidade:,,Datas:,,Medições,Data / Hora,Temperatura,Umidade,01/08/2025 - 15:15,"22,00","46,00",Betha Eletrônica Ltda,1/1
Coleta de Dados - UMMI,Impressão: 08/08/2025  9:23.09,Grupo:,TH-04-R,Equipamento:  1 - UMMI,Coleta:,04/08/2025 - 08:56,Registros:   Total: 2.864        Exibidos: 2.864,Data da Coleta:,04/08/2025,Exibição de Dados,Temperatura:,,Umidade:,,Datas:,,Medições,Data / Hora,Temperatura,Umidade,01/08/2025 - 15:20,"22,00","41,00",Betha Eletrônica Ltda,1/1
Coleta de Dados - UMMI,Impressão: 08/08/2025  9:23.09,Grupo:,TH-04-R,Equipamento:  1 - UMMI,Coleta:,04/08/2025 - 08:56,Registros:   Total: 2.864        Exibidos: 2.864,Data da Coleta:,04/08/2025,Exibição de Dados,Temperatura:,,Umidade:,,Datas:,,Medições,Data / Hora,Temperatura,Umidade,01/08/2025 - 15:25,"23,00","51,00",Betha Eletrônica Ltda,1/1
Coleta de Dados - UMMI,Impressão: 08/08/2025  9:23.09,Grupo:,TH-04-R,Equipamento:  1 - UMMI,Coleta:,04/08/2025 - 08:56,Registros:   Total: 2.864        Exibidos: 2.864,Data da Coleta:,04/08/2025,Exibição de Dados,Temperatura:,,Umidade:,,Datas:,,Medições,Data / Hora,Temperatura,Umidade,01/08/2025 - 15:30,"23,00","41,00",Betha Eletrônica Ltda,1/1
Coleta de Dados - UMMI,Impressão: 08/08/2025  9:23.09,Grupo:,TH-04-R,Equipamento:  1 - UMMI,Coleta:,04/08/2025 - 08:56,Registros:   Total: 2.864        Exibidos: 2.864,Data da Coleta:,04/08/2025,Exibição de Dados,Temperatura:,,Umidade:,,Datas:,,Medições,Data / Hora,Temperatura,Umidade,01/08/2025 - 15:35,"24,00","46,00",Betha Eletrônica Ltda,1/1
Coleta de Dados - UMMI,Impressão: 08/08/2025  9:23.09,Grupo:,TH-04-R,Equipamento:  1 - UMMI,Coleta:,04/08/2025 - 08:56,Registros:   Total: 2.864        Exibidos: 2.864,Data da Coleta:,04/08/2025,Exibição de Dados,Temperatura:,,Umidade:,,Datas:,,Medições,Data / Hora,Temperatura,Umidade,01/08/2025 - 15:40,"23,00","47,00",Betha Eletrônica Ltda,1/1
Coleta de Dados - UMMI,Impressão: 08/08/2025  9:23.09,Grupo:,TH-04-R,Equipamento:  1 - UMMI,Coleta:,04/08/2025 - 08:56,Registros:   Total: 2.864        Exibidos: 2.864,Data da Coleta:,04/08/2025,Exibição de Dados,Temperatura:,,Umidade:,,Datas:,,Medições,Data / Hora,Temperatura,Umidade,01/08/2025 - 15:45,"23,00","42,00",Betha Eletrônica Ltda,1/1
Coleta de Dados - UMMI,Impressão: 08/08/2025  9:23.09,Grupo:,TH-04-R,Equipamento:  1 - UMMI,Coleta:,04/08/2025 - 08:56,Registros:   Total: 2.864        Exibidos: 2.864,Data da Coleta:,04/08/2025,Exibição de Dados,Temperatura:,,Umidade:,,Datas:,,Medições,Data / Hora,Temperatura,Umidade,01/08/2025 - 15:50,"23,00","45,00",Betha Eletrônica Ltda,1/1
Coleta de Dados - UMMI,Impressão: 08/08/2025  9:23.09,Grupo:,TH-04-R,Equipamento:  1 - UMMI,Coleta:,04/08/2025 - 08:56,Registros:   Total: 2.864        Exibidos: 2.864,Data da Coleta:,04/08/2025,Exibição de Dados,Temperatura:,,Umidade:,,Datas:,,Medições,Data / Hora,Temperatura,Umidade,01/08/2025 - 15:55,"23,00","43,00",Betha Eletrônica Ltda,1/1
Coleta de Dados - UMMI,Impressão: 08/08/2025  9:23.09,Grupo:,TH-04-R,Equipamento:  1 - UMMI,Coleta:,04/08/2025 - 08:56,Registros:   Total: 2.864        Exibidos: 2.864,Data da Coleta:,04/08/2025,Exibição de Dados,Temperatura:,,Umidade:,,Datas:,,Medições,Data / Hora,Temperatura,Umidade,01/08/2025 - 16:00,"23,00","45,00",Betha Eletrônica Ltda,1/1
Coleta de Dados - UMMI,Impressão: 08/08/2025  9:23.09,Grupo:,TH-04-R,Equipamento:  1 - UMMI,Coleta:,04/08/2025 - 08:56,Registros:   Total: 2.864        Exibidos: 2.864,Data da Coleta:,04/08/2025,Exibição de Dados,Temperatura:,,Umidade:,,Datas:,,Medições,Data / Hora,Temperatura,Umidade,01/08/2025 - 16:05,"23,00","46,00",Betha Eletrônica Ltda,1/1
Coleta de Dados - UMMI,Impressão: 08/08/2025  9:23.09,Grupo:,TH-04-R,Equipamento:  1 - UMMI,Coleta:,04/08/2025 - 08:56,Registros:   Total: 2.864        Exibidos: 2.864,Data da Coleta:,04/08/2025,Exibição de Dados,Temperatura:,,Umidade:,,Datas:,,Medições,Data / Hora,Temperatura,Umidade,01/08/2025 - 16:10,"23,00","43,00",Betha Eletrônica Ltda,1/1
Coleta de Dados - UMMI,Impressão: 08/08/2025  9:23.09,Grupo:,TH-04-R,Equipamento:  1 - UMMI,Coleta:,04/08/2025 - 08:56,Registros:   Total: 2.864        Exibidos: 2.864,Data da Coleta:,04/08/2025,Exibição de Dados,Temperatura:,,Umidade:,,Datas:,,Medições,Data / Hora,Temperatura,Umidade,01/08/2025 - 16:15,"23,00","42,00",Betha Eletrônica Ltda,1/1
Coleta de Dados - UMMI,Impressão: 08/08/2025  9:23.09,Grupo:,TH-04-R,Equipamento:  1 - UMMI,Coleta:,04/08/2025 - 08:56,Registros:   Total: 2.864        Exibidos: 2.864,Data da Coleta:,04/08/2025,Exibição de Dados,Temperatura:,,Umidade:,,Datas:,,Medições,Data / Hora,Temperatura,Umidade,01/08/2025 - 16:20,"23,00","52,00",Betha Eletrônica Ltda,1/1
Coleta de Dados - UMMI,Impressão: 08/08/2025  9:23.09,Grupo:,TH-04-R,Equipamento:  1 - UMMI,Coleta:,04/08/2025 - 08:56,Registros:   Total: 2.864        Exibidos: 2.864,Data da Coleta:,04/08/2025,Exibição de Dados,Temperatura:,,Umidade:,,Datas:,,Medições,Data / Hora,Temperatura,Umidade,01/08/2025 - 16:25,"23,00","39,00",Betha Eletrônica Ltda,1/1
Coleta de Dados - UMMI,Impressão: 08/08/2025  9:23.09,Grupo:,TH-04-R,Equipamento:  1 - UMMI,Coleta:,04/08/2025 - 08:56,Registros:   Total: 2.864        Exibidos: 2.864,Data da Coleta:,04/08/2025,Exibição de Dados,Temperatura:,,Umidade:,,Datas:,,Medições,Data / Hora,Temperatura,Umidade,01/08/2025 - 16:30,"23,00","48,00",Betha Eletrônica Ltda,1/1
Coleta de Dados - UMMI,Impressão: 08/08/2025  9:23.09,Grupo:,TH-04-R,Equipamento:  1 - UMMI,Coleta:,04/08/2025 - 08:56,Registros:   Total: 2.864        Exibidos: 2.864,Data da Coleta:,04/08/2025,Exibição de Dados,Temperatura:,,Umidade:,,Datas:,,Medições,Data / Hora,Temperatura,Umidade,01/08/2025 - 16:35,"22,00","47,00",Betha Eletrônica Ltda,1/1
Coleta de Dados - UMMI,Impressão: 08/08/2025  9:23.09,Grupo:,TH-04-R,Equipamento:  1 - UMMI,Coleta:,04/08/2025 - 08:56,Registros:   Total: 2.864        Exibidos: 2.864,Data da Coleta:,04/08/2025,Exibição de Dados,Temperatura:,,Umidade:,,Datas:,,Medições,Data / Hora,Temperatura,Umidade,01/08/2025 - 16:40,"22,00","42,00",Betha Eletrônica Ltda,1/1
Coleta de Dados - UMMI,Impressão: 08/08/2025  9:23.09,Grupo:,TH-04-R,Equipamento:  1 - UMMI,Coleta:,04/08/2025 - 08:56,Registros:   Total: 2.864        Exibidos: 2.864,Data da Coleta:,04/08/2025,Exibição de Dados,Temperatura:,,Umidade:,,Datas:,,Medições,Data / Hora,Temperatura,Umidade,01/08/2025 - 16:45,"23,00","47,00",Betha Eletrônica Ltda,1/1
Coleta de Dados - UMMI,Impressão: 08/08/2025  9:23.09,Grupo:,TH-04-R,Equipamento:  1 - UMMI,Coleta:,04/08/2025 - 08:56,Registros:   Total: 2.864        Exibidos: 2.864,Data da Coleta:,04/08/2025,Exibição de Dados,Temperatura:,,Umidade:,,Datas:,,Medições,Data / Hora,Temperatura,Umidade,01/08/2025 - 16:50,"23,00","43,00",Betha Eletrônica Ltda,1/1
Coleta de Dados - UMMI,Impressão: 08/08/2025  9:23.09,Grupo:,TH-04-R,Equipamento:  1 - UMMI,Coleta:,04/08/2025 - 08:56,Registros:   Total: 2.864        Exibidos: 2.864,Data da Coleta:,04/08/2025,Exibição de Dados,Temperatura:,,Umidade:,,Datas:,,Medições,Data / Hora,Temperatura,Umidade,01/08/2025 - 16:55,"23,00","47,00",Betha Eletrônica Ltda,1/1
Coleta de Dados - UMMI,Impressão: 08/08/2025  9:23.09,Grupo:,TH-04-R,Equipamento:  1 - UMMI,Coleta:,04/08/2025 - 08:56,Registros:   Total: 2.864        Exibidos: 2.864,Data da Coleta:,04/08/2025,Exibição de Dados,Temperatura:,,Umidade:,,Datas:,,Medições,Data / Hora,Temperatura,Umidade,01/08/2025 - 17:00,"22,00","49,00",Betha Eletrônica Ltda,1/1
Coleta de Dados - UMMI,Impressão: 08/08/2025  9:23.09,Grupo:,TH-04-R,Equipamento:  1 - UMMI,Coleta:,04/08/2025 - 08:56,Registros:   Total: 2.864        Exibidos: 2.864,Data da Coleta:,04/08/2025,Exibição de Dados,Temperatura:,,Umidade:,,Datas:,,Medições,Data / Hora,Temperatura,Umidade,01/08/2025 - 17:05,"22,00","44,00",Betha Eletrônica Ltda,1/1
Coleta de Dados - UMMI,Impressão: 08/08/2025  9:23.09,Grupo:,TH-04-R,Equipamento:  1 - UMMI,Coleta:,04/08/2025 - 08:56,Registros:   Total: 2.864        Exibidos: 2.864,Data da Coleta:,04/08/2025,Exibição de Dados,Temperatura:,,Umidade:,,Datas:,,Medições,Data / Hora,Temperatura,Umidade,01/08/2025 - 17:10,"23,00","45,00",Betha Eletrônica Ltda,1/1
Coleta de Dados - UMMI,Impressão: 08/08/2025  9:23.09,Grupo:,TH-04-R,Equipamento:  1 - UMMI,Coleta:,04/08/2025 - 08:56,Registros:   Total: 2.864        Exibidos: 2.864,Data da Coleta:,04/08/2025,Exibição de Dados,Temperatura:,,Umidade:,,Datas:,,Medições,Data / Hora,Temperatura,Umidade,01/08/2025 - 17:15,"23,00","47,00",Betha Eletrônica Ltda,1/1
Coleta de Dados - UMMI,Impressão: 08/08/2025  9:23.09,Grupo:,TH-04-R,Equipamento:  1 - UMMI,Coleta:,04/08/2025 - 08:56,Registros:   Total: 2.864        Exibidos: 2.864,Data da Coleta:,04/08/2025,Exibição de Dados,Temperatura:,,Umidade:,,Datas:,,Medições,Data / Hora,Temperatura,Umidade,01/08/2025 - 17:20,"23,00","44,00",Betha Eletrônica Ltda,1/1
Coleta de Dados - UMMI,Impressão: 08/08/2025  9:23.09,Grupo:,TH-04-R,Equipamento:  1 - UMMI,Coleta:,04/08/2025 - 08:56,Registros:   Total: 2.864        Exibidos: 2.864,Data da Coleta:,04/08/2025,Exibição de Dados,Temperatura:,,Umidade:,,Datas:,,Medições,Data / Hora,Temperatura,Umidade,01/08/2025 - 17:25,"23,00","50,00",Betha Eletrônica Ltda,1/1
Coleta de Dados - UMMI,Impressão: 08/08/2025  9:23.09,Grupo:,TH-04-R,Equipamento:  1 - UMMI,Coleta:,04/08/2025 - 08:56,Registros:   Total: 2.864        Exibidos: 2.864,Data da Coleta:,04/08/2025,Exibição de Dados,Temperatura:,,Umidade:,,Datas:,,Medições,Data / Hora,Temperatura,Umidade,01/08/2025 - 17:30,"22,00","41,00",Betha Eletrônica Ltda,1/1
Coleta de Dados - UMMI,Impressão: 08/08/2025  9:23.09,Grupo:,TH-04-R,Equipamento:  1 - UMMI,Coleta:,04/08/2025 - 08:56,Registros:   Total: 2.864        Exibidos: 2.864,Data da Coleta:,04/08/2025,Exibição de Dados,Temperatura:,,Umidade:,,Datas:,,Medições,Data / Hora,Temperatura,Umidade,01/08/2025 - 17:35,"22,00","46,00",Betha Eletrônica Ltda,1/1
Coleta de Dados - UMMI,Impressão: 08/08/2025  9:23.09,Grupo:,TH-04-R,Equipamento:  1 - UMMI,Coleta:,04/08/2025 - 08:56,Registros:   Total: 2.864        Exibidos: 2.864,Data da Coleta:,04/08/2025,Exibição de Dados,Temperatura:,,Umidade:,,Datas:,,Medições,Data / Hora,Temperatura,Umidade,01/08/2025 - 17:40,"22,00","52,00",Betha Eletrônica Ltda,1/1
Coleta de Dados - UMMI,Impressão: 08/08/2025  9:23.09,Grupo:,TH-04-R,Equipamento:  1 - UMMI,Coleta:,04/08/2025 - 08:56,Registros:   Total: 2.864        Exibidos: 2.864,Data da Coleta:,04/08/2025,Exibição de Dados,Temperatura:,,Umidade:,,Datas:,,Medições,Data / Hora,Temperatura,Umidade,01/08/2025 - 17:45,"23,00","42,00",Betha Eletrônica Ltda,1/1
Coleta de Dados - UMMI,Impressão: 08/08/2025  9:23.09,Grupo:,TH-04-R,Equipamento:  1 - UMMI,Coleta:,04/08/2025 - 08:56,Registros:   Total: 2.864        Exibidos: 2.864,Data da Coleta:,04/08/2025,Exibição de Dados,Temperatura:,,Umidade:,,Datas:,,Medições,Data / Hora,Temperatura,Umidade,01/08/2025 - 17:50,"23,00","52,00",Betha Eletrônica Ltda,1/1
Coleta de Dados - UMMI,Impressão: 08/08/2025  9:23.09,Grupo:,TH-04-R,Equipamento:  1 - UMMI,Coleta:,04/08/2025 - 08:56,Registros:   Total: 2.864        Exibidos: 2.864,Data da Coleta:,04/08/2025,Exibição de Dados,Temperatura:,,Umidade:,,Datas:,,Medições,Data / Hora,Temperatura,Umidade,01/08/2025 - 17:55,"22,00","43,00",Betha Eletrônica Ltda,1/1
Coleta de Dados - UMMI,Impressão: 08/08/2025  9:23.09,Grupo:,TH-04-R,Equipamento:  1 - UMMI,Coleta:,04/08/2025 - 08:56,Registros:   Total: 2.864        Exibidos: 2.864,Data da Coleta:,04/08/2025,Exibição de Dados,Temperatura:,,Umidade:,,Datas:,,Medições,Data / Hora,Temperatura,Umidade,01/08/2025 - 18:00,"22,00","46,00",Betha Eletrônica Ltda,1/1
Coleta de Dados - UMMI,Impressão: 08/08/2025  9:23.09,Grupo:,TH-04-R,Equipamento:  1 - UMMI,Coleta:,04/08/2025 - 08:56,Registros:   Total: 2.864        Exibidos: 2.864,Data da Coleta:,04/08/2025,Exibição de Dados,Temperatura:,,Umidade:,,Datas:,,Medições,Data / Hora,Temperatura,Umidade,01/08/2025 - 18:05,"22,00","53,00",Betha Eletrônica Ltda,1/1
Coleta de Dados - UMMI,Impressão: 08/08/2025  9:23.09,Grupo:,TH-04-R,Equipamento:  1 - UMMI,Coleta:,04/08/2025 - 08:56,Registros:   Total: 2.864        Exibidos: 2.864,Data da Coleta:,04/08/2025,Exibição de Dados,Temperatura:,,Umidade:,,Datas:,,Medições,Data / Hora,Temperatura,Umidade,01/08/2025 - 18:10,"23,00","42,00",Betha Eletrônica Ltda,1/1
Coleta de Dados - UMMI,Impressão: 08/08/2025  9:23.09,Grupo:,TH-04-R,Equipamento:  1 - UMMI,Coleta:,04/08/2025 - 08:56,Registros:   Total: 2.864        Exibidos: 2.864,Data da Coleta:,04/08/2025,Exibição de Dados,Temperatura:,,Umidade:,,Datas:,,Medições,Data / Hora,Temperatura,Umidade,01/08/2025 - 18:15,"23,00","52,00",Betha Eletrônica Ltda,1/1
Coleta de Dados - UMMI,Impressão: 08/08/2025  9:23.09,Grupo:,TH-04-R,Equipamento:  1 - UMMI,Coleta:,04/08/2025 - 08:56,Registros:   Total: 2.864        Exibidos: 2.864,Data da Coleta:,04/08/2025,Exibição de Dados,Temperatura:,,Umidade:,,Datas:,,Medições,Data / Hora,Temperatura,Umidade,01/08/2025 - 18:20,"23,00","43,00",Betha Eletrônica Ltda,1/1
Coleta de Dados - UMMI,Impressão: 08/08/2025  9:23.09,Grupo:,TH-04-R,Equipamento:  1 - UMMI,Coleta:,04/08/2025 - 08:56,Registros:   Total: 2.864        Exibidos: 2.864,Data da Coleta:,04/08/2025,Exibição de Dados,Temperatura:,,Umidade:,,Datas:,,Medições,Data / Hora,Temperatura,Umidade,01/08/2025 - 18:25,"22,00","47,00",Betha Eletrônica Ltda,1/1
Coleta de Dados - UMMI,Impressão: 08/08/2025  9:23.09,Grupo:,TH-04-R,Equipamento:  1 - UMMI,Coleta:,04/08/2025 - 08:56,Registros:   Total: 2.864        Exibidos: 2.864,Data da Coleta:,04/08/2025,Exibição de Dados,Temperatura:,,Umidade:,,Datas:,,Medições,Data / Hora,Temperatura,Umidade,01/08/2025 - 18:30,"22,00","51,00",Betha Eletrônica Ltda,1/1
Coleta de Dados - UMMI,Impressão: 08/08/2025  9:23.09,Grupo:,TH-04-R,Equipamento:  1 - UMMI,Coleta:,04/08/2025 - 08:56,Registros:   Total: 2.864        Exibidos: 2.864,Data da Coleta:,04/08/2025,Exibição de Dados,Temperatura:,,Umidade:,,Datas:,,Medições,Data / Hora,Temperatura,Umidade,01/08/2025 - 18:35,"22,00","42,00",Betha Eletrônica Ltda,1/1
Coleta de Dados - UMMI,Impressão: 08/08/2025  9:23.09,Grupo:,TH-04-R,Equipamento:  1 - UMMI,Coleta:,04/08/2025 - 08:56,Registros:   Total: 2.864        Exibidos: 2.864,Data da Coleta:,04/08/2025,Exibição de Dados,Temperatura:,,Umidade:,,Datas:,,Medições,Data / Hora,Temperatura,Umidade,01/08/2025 - 18:40,"23,00","53,00",Betha Eletrônica Ltda,1/1
Coleta de Dados - UMMI,Impressão: 08/08/2025  9:23.09,Grupo:,TH-04-R,Equipamento:  1 - UMMI,Coleta:,04/08/2025 - 08:56,Registros:   Total: 2.864        Exibidos: 2.864,Data da Coleta:,04/08/2025,Exibição de Dados,Temperatura:,,Umidade:,,Datas:,,Medições,Data / Hora,Temperatura,Umidade,01/08/2025 - 18:45,"23,00","42,00",Betha Eletrônica Ltda,1/1
Coleta de Dados - UMMI,Impressão: 08/08/2025  9:23.09,Grupo:,TH-04-R,Equipamento:  1 - UMMI,Coleta:,04/08/2025 - 08:56,Registros:   Total: 2.864        Exibidos: 2.864,Data da Coleta:,04/08/2025,Exibição de Dados,Temperatura:,,Umidade:,,Datas:,,Medições,Data / Hora,Temperatura,Umidade,01/08/2025 - 18:50,"22,00","52,00",Betha Eletrônica Ltda,1/1
Coleta de Dados - UMMI,Impressão: 08/08/2025  9:23.09,Grupo:,TH-04-R,Equipamento:  1 - UMMI,Coleta:,04/08/2025 - 08:56,Registros:   Total: 2.864        Exibidos: 2.864,Data da Coleta:,04/08/2025,Exibição de Dados,Temperatura:,,Umidade:,,Datas:,,Medições,Data / Hora,Temperatura,Umidade,01/08/2025 - 18:55,"22,00","43,00",Betha Eletrônica Ltda,1/1
Coleta de Dados - UMMI,Impressão: 08/08/2025  9:23.09,Grupo:,TH-04-R,Equipamento:  1 - UMMI,Coleta:,04/08/2025 - 08:56,Registros:   Total: 2.864        Exibidos: 2.864,Data da Coleta:,04/08/2025,Exibição de Dados,Temperatura:,,Umidade:,,Datas:,,Medições,Data / Hora,Temperatura,Umidade,01/08/2025 - 19:00,"22,00","50,00",Betha Eletrônica Ltda,1/1
Coleta de Dados - UMMI,Impressão: 08/08/2025  9:23.09,Grupo:,TH-04-R,Equipamento:  1 - UMMI,Coleta:,04/08/2025 - 08:56,Registros:   Total: 2.864        Exibidos: 2.864,Data da Coleta:,04/08/2025,Exibição de Dados,Temperatura:,,Umidade:,,Datas:,,Medições,Data / Hora,Temperatura,Umidade,01/08/2025 - 19:05,"22,00","40,00",Betha Eletrônica Ltda,1/1
Coleta de Dados - UMMI,Impressão: 08/08/2025  9:23.09,Grupo:,TH-04-R,Equipamento:  1 - UMMI,Coleta:,04/08/2025 - 08:56,Registros:   Total: 2.864        Exibidos: 2.864,Data da Coleta:,04/08/2025,Exibição de Dados,Temperatura:,,Umidade:,,Datas:,,Medições,Data / Hora,Temperatura,Umidade,01/08/2025 - 19:10,"23,00","53,00",Betha Eletrônica Ltda,1/1
Coleta de Dados - UMMI,Impressão: 08/08/2025  9:23.09,Grupo:,TH-04-R,Equipamento:  1 - UMMI,Coleta:,04/08/2025 - 08:56,Registros:   Total: 2.864        Exibidos: 2.864,Data da Coleta:,04/08/2025,Exibição de Dados,Temperatura:,,Umidade:,,Datas:,,Medições,Data / Hora,Temperatura,Umidade,01/08/2025 - 19:15,"23,00","41,00",Betha Eletrônica Ltda,1/1
Coleta de Dados - UMMI,Impressão: 08/08/2025  9:23.09,Grupo:,TH-04-R,Equipamento:  1 - UMMI,Coleta:,04/08/2025 - 08:56,Registros:   Total: 2.864        Exibidos: 2.864,Data da Coleta:,04/08/2025,Exibição de Dados,Temperatura:,,Umidade:,,Datas:,,Medições,Data / Hora,Temperatura,Umidade,01/08/2025 - 19:20,"23,00","51,00",Betha Eletrônica Ltda,1/1
Coleta de Dados - UMMI,Impressão: 08/08/2025  9:23.09,Grupo:,TH-04-R,Equipamento:  1 - UMMI,Coleta:,04/08/2025 - 08:56,Registros:   Total: 2.864        Exibidos: 2.864,Data da Coleta:,04/08/2025,Exibição de Dados,Temperatura:,,Umidade:,,Datas:,,Medições,Data / Hora,Temperatura,Umidade,01/08/2025 - 19:25,"22,00","47,00",Betha Eletrônica Ltda,1/1
Coleta de Dados - UMMI,Impressão: 08/08/2025  9:23.09,Grupo:,TH-04-R,Equipamento:  1 - UMMI,Coleta:,04/08/2025 - 08:56,Registros:   Total: 2.864        Exibidos: 2.864,Data da Coleta:,04/08/2025,Exibição de Dados,Temperatura:,,Umidade:,,Datas:,,Medições,Data / Hora,Temperatura,Umidade,01/08/2025 - 19:30,"22,00","43,00",Betha Eletrônica Ltda,1/1
Coleta de Dados - UMMI,Impressão: 08/08/2025  9:23.09,Grupo:,TH-04-R,Equipamento:  1 - UMMI,Coleta:,04/08/2025 - 08:56,Registros:   Total: 2.864        Exibidos: 2.864,Data da Coleta:,04/08/2025,Exibição de Dados,Temperatura:,,Umidade:,,Datas:,,Medições,Data / Hora,Temperatura,Umidade,01/08/2025 - 19:35,"23,00","53,00",Betha Eletrônica Ltda,1/1
Coleta de Dados - UMMI,Impressão: 08/08/2025  9:23.09,Grupo:,TH-04-R,Equipamento:  1 - UMMI,Coleta:,04/08/2025 - 08:56,Registros:   Total: 2.864        Exibidos: 2.864,Data da Coleta:,04/08/2025,Exibição de Dados,Temperatura:,,Umidade:,,Datas:,,Medições,Data / Hora,Temperatura,Umidade,01/08/2025 - 19:40,"23,00","40,00",Betha Eletrônica Ltda,1/1
Coleta de Dados - UMMI,Impressão: 08/08/2025  9:23.09,Grupo:,TH-04-R,Equipamento:  1 - UMMI,Coleta:,04/08/2025 - 08:56,Registros:   Total: 2.864        Exibidos: 2.864,Data da Coleta:,04/08/2025,Exibição de Dados,Temperatura:,,Umidade:,,Datas:,,Medições,Data / Hora,Temperatura,Umidade,01/08/2025 - 19:45,"23,00","53,00",Betha Eletrônica Ltda,1/1
Coleta de Dados - UMMI,Impressão: 08/08/2025  9:23.09,Grupo:,TH-04-R,Equipamento:  1 - UMMI,Coleta:,04/08/2025 - 08:56,Registros:   Total: 2.864        Exibidos: 2.864,Data da Coleta:,04/08/2025,Exibição de Dados,Temperatura:,,Umidade:,,Datas:,,Medições,Data / Hora,Temperatura,Umidade,01/08/2025 - 19:50,"22,00","44,00",Betha Eletrônica Ltda,1/1
Coleta de Dados - UMMI,Impressão: 08/08/2025  9:23.09,Grupo:,TH-04-R,Equipamento:  1 - UMMI,Coleta:,04/08/2025 - 08:56,Registros:   Total: 2.864        Exibidos: 2.864,Data da Coleta:,04/08/2025,Exibição de Dados,Temperatura:,,Umidade:,,Datas:,,Medições,Data / Hora,Temperatura,Umidade,01/08/2025 - 19:55,"22,00","48,00",Betha Eletrônica Ltda,1/1
Coleta de Dados - UMMI,Impressão: 08/08/2025  9:23.09,Grupo:,TH-04-R,Equipamento:  1 - UMMI,Coleta:,04/08/2025 - 08:56,Registros:   Total: 2.864        Exibidos: 2.864,Data da Coleta:,04/08/2025,Exibição de Dados,Temperatura:,,Umidade:,,Datas:,,Medições,Data / Hora,Temperatura,Umidade,01/08/2025 - 20:00,"22,00","51,00",Betha Eletrônica Ltda,1/1
Coleta de Dados - UMMI,Impressão: 08/08/2025  9:23.09,Grupo:,TH-04-R,Equipamento:  1 - UMMI,Coleta:,04/08/2025 - 08:56,Registros:   Total: 2.864        Exibidos: 2.864,Data da Coleta:,04/08/2025,Exibição de Dados,Temperatura:,,Umidade:,,Datas:,,Medições,Data / Hora,Temperatura,Umidade,01/08/2025 - 20:05,"23,00","44,00",Betha Eletrônica Ltda,1/1
Coleta de Dados - UMMI,Impressão: 08/08/2025  9:23.09,Grupo:,TH-04-R,Equipamento:  1 - UMMI,Coleta:,04/08/2025 - 08:56,Registros:   Total: 2.864        Exibidos: 2.864,Data da Coleta:,04/08/2025,Exibição de Dados,Temperatura:,,Umidade:,,Datas:,,Medições,Data / Hora,Temperatura,Umidade,01/08/2025 - 20:10,"23,00","51,00",Betha Eletrônica Ltda,1/1
Coleta de Dados - UMMI,Impressão: 08/08/2025  9:23.09,Grupo:,TH-04-R,Equipamento:  1 - UMMI,Coleta:,04/08/2025 - 08:56,Registros:   Total: 2.864        Exibidos: 2.864,Data da Coleta:,04/08/2025,Exibição de Dados,Temperatura:,,Umidade:,,Datas:,,Medições,Data / Hora,Temperatura,Umidade,01/08/2025 - 20:15,"23,00","46,00",Betha Eletrônica Ltda,1/1
Coleta de Dados - UMMI,Impressão: 08/08/2025  9:23.09,Grupo:,TH-04-R,Equipamento:  1 - UMMI,Coleta:,04/08/2025 - 08:56,Registros:   Total: 2.864        Exibidos: 2.864,Data da Coleta:,04/08/2025,Exibição de Dados,Temperatura:,,Umidade:,,Datas:,,Medições,Data / Hora,Temperatura,Umidade,01/08/2025 - 20:20,"22,00","52,00",Betha Eletrônica Ltda,1/1
Coleta de Dados - UMMI,Impressão: 08/08/2025  9:23.09,Grupo:,TH-04-R,Equipamento:  1 - UMMI,Coleta:,04/08/2025 - 08:56,Registros:   Total: 2.864        Exibidos: 2.864,Data da Coleta:,04/08/2025,Exibição de Dados,Temperatura:,,Umidade:,,Datas:,,Medições,Data / Hora,Temperatura,Umidade,01/08/2025 - 20:25,"22,00","45,00",Betha Eletrônica Ltda,1/1
Coleta de Dados - UMMI,Impressão: 08/08/2025  9:23.09,Grupo:,TH-04-R,Equipamento:  1 - UMMI,Coleta:,04/08/2025 - 08:56,Registros:   Total: 2.864        Exibidos: 2.864,Data da Coleta:,04/08/2025,Exibição de Dados,Temperatura:,,Umidade:,,Datas:,,Medições,Data / Hora,Temperatura,Umidade,01/08/2025 - 20:30,"22,00","52,00",Betha Eletrônica Ltda,1/1
Coleta de Dados - UMMI,Impressão: 08/08/2025  9:23.09,Grupo:,TH-04-R,Equipamento:  1 - UMMI,Coleta:,04/08/2025 - 08:56,Registros:   Total: 2.864        Exibidos: 2.864,Data da Coleta:,04/08/2025,Exibição de Dados,Temperatura:,,Umidade:,,Datas:,,Medições,Data / Hora,Temperatura,Umidade,01/08/2025 - 20:35,"22,00","40,00",Betha Eletrônica Ltda,1/1
Coleta de Dados - UMMI,Impressão: 08/08/2025  9:23.09,Grupo:,TH-04-R,Equipamento:  1 - UMMI,Coleta:,04/08/2025 - 08:56,Registros:   Total: 2.864        Exibidos: 2.864,Data da Coleta:,04/08/2025,Exibição de Dados,Temperatura:,,Umidade:,,Datas:,,Medições,Data / Hora,Temperatura,Umidade,01/08/2025 - 20:40,"23,00","53,00",Betha Eletrônica Ltda,1/1
Coleta de Dados - UMMI,Impressão: 08/08/2025  9:23.09,Grupo:,TH-04-R,Equipamento:  1 - UMMI,Coleta:,04/08/2025 - 08:56,Registros:   Total: 2.864        Exibidos: 2.864,Data da Coleta:,04/08/2025,Exibição de Dados,Temperatura:,,Umidade:,,Datas:,,Medições,Data / Hora,Temperatura,Umidade,01/08/2025 - 20:45,"23,00","41,00",Betha Eletrônica Ltda,1/1
Coleta de Dados - UMMI,Impressão: 08/08/2025  9:23.09,Grupo:,TH-04-R,Equipamento:  1 - UMMI,Coleta:,04/08/2025 - 08:56,Registros:   Total: 2.864        Exibidos: 2.864,Data da Coleta:,04/08/2025,Exibição de Dados,Temperatura:,,Umidade:,,Datas:,,Medições,Data / Hora,Temperatura,Umidade,01/08/2025 - 20:50,"22,00","52,00",Betha Eletrônica Ltda,1/1
Coleta de Dados - UMMI,Impressão: 08/08/2025  9:23.09,Grupo:,TH-04-R,Equipamento:  1 - UMMI,Coleta:,04/08/2025 - 08:56,Registros:   Total: 2.864        Exibidos: 2.864,Data da Coleta:,04/08/2025,Exibição de Dados,Temperatura:,,Umidade:,,Datas:,,Medições,Data / Hora,Temperatura,Umidade,01/08/2025 - 20:55,"21,00","46,00",Betha Eletrônica Ltda,1/1
Coleta de Dados - UMMI,Impressão: 08/08/2025  9:23.09,Grupo:,TH-04-R,Equipamento:  1 - UMMI,Coleta:,04/08/2025 - 08:56,Registros:   Total: 2.864        Exibidos: 2.864,Data da Coleta:,04/08/2025,Exibição de Dados,Temperatura:,,Umidade:,,Datas:,,Medições,Data / Hora,Temperatura,Umidade,01/08/2025 - 21:00,"22,00","46,00",Betha Eletrônica Ltda,1/1
Coleta de Dados - UMMI,Impressão: 08/08/2025  9:23.09,Grupo:,TH-04-R,Equipamento:  1 - UMMI,Coleta:,04/08/2025 - 08:56,Registros:   Total: 2.864        Exibidos: 2.864,Data da Coleta:,04/08/2025,Exibição de Dados,Temperatura:,,Umidade:,,Datas:,,Medições,Data / Hora,Temperatura,Umidade,01/08/2025 - 21:05,"22,00","48,00",Betha Eletrônica Ltda,1/1
Coleta de Dados - UMMI,Impressão: 08/08/2025  9:23.09,Grupo:,TH-04-R,Equipamento:  1 - UMMI,Coleta:,04/08/2025 - 08:56,Registros:   Total: 2.864        Exibidos: 2.864,Data da Coleta:,04/08/2025,Exibição de Dados,Temperatura:,,Umidade:,,Datas:,,Medições,Data / Hora,Temperatura,Umidade,01/08/2025 - 21:10,"23,00","47,00",Betha Eletrônica Ltda,1/1
Coleta de Dados - UMMI,Impressão: 08/08/2025  9:23.09,Grupo:,TH-04-R,Equipamento:  1 - UMMI,Coleta:,04/08/2025 - 08:56,Registros:   Total: 2.864        Exibidos: 2.864,Data da Coleta:,04/08/2025,Exibição de Dados,Temperatura:,,Umidade:,,Datas:,,Medições,Data / Hora,Temperatura,Umidade,01/08/2025 - 21:15,"22,00","45,00",Betha Eletrônica Ltda,1/1
Coleta de Dados - UMMI,Impressão: 08/08/2025  9:23.09,Grupo:,TH-04-R,Equipamento:  1 - UMMI,Coleta:,04/08/2025 - 08:56,Registros:   Total: 2.864        Exibidos: 2.864,Data da Coleta:,04/08/2025,Exibição de Dados,Temperatura:,,Umidade:,,Datas:,,Medições,Data / Hora,Temperatura,Umidade,01/08/2025 - 21:20,"22,00","50,00",Betha Eletrônica Ltda,1/1
Coleta de Dados - UMMI,Impressão: 08/08/2025  9:23.09,Grupo:,TH-04-R,Equipamento:  1 - UMMI,Coleta:,04/08/2025 - 08:56,Registros:   Total: 2.864        Exibidos: 2.864,Data da Coleta:,04/08/2025,Exibição de Dados,Temperatura:,,Umidade:,,Datas:,,Medições,Data / Hora,Temperatura,Umidade,01/08/2025 - 21:25,"21,00","51,00",Betha Eletrônica Ltda,1/1
Coleta de Dados - UMMI,Impressão: 08/08/2025  9:23.09,Grupo:,TH-04-R,Equipamento:  1 - UMMI,Coleta:,04/08/2025 - 08:56,Registros:   Total: 2.864        Exibidos: 2.864,Data da Coleta:,04/08/2025,Exibição de Dados,Temperatura:,,Umidade:,,Datas:,,Medições,Data / Hora,Temperatura,Umidade,01/08/2025 - 21:30,"22,00","43,00",Betha Eletrônica Ltda,1/1
Coleta de Dados - UMMI,Impressão: 08/08/2025  9:23.09,Grupo:,TH-04-R,Equipamento:  1 - UMMI,Coleta:,04/08/2025 - 08:56,Registros:   Total: 2.864        Exibidos: 2.864,Data da Coleta:,04/08/2025,Exibição de Dados,Temperatura:,,Umidade:,,Datas:,,Medições,Data / Hora,Temperatura,Umidade,01/08/2025 - 21:35,"22,00","53,00",Betha Eletrônica Ltda,1/1
Coleta de Dados - UMMI,Impressão: 08/08/2025  9:23.09,Grupo:,TH-04-R,Equipamento:  1 - UMMI,Coleta:,04/08/2025 - 08:56,Registros:   Total: 2.864        Exibidos: 2.864,Data da Coleta:,04/08/2025,Exibição de Dados,Temperatura:,,Umidade:,,Datas:,,Medições,Data / Hora,Temperatura,Umidade,01/08/2025 - 21:40,"23,00","45,00",Betha Eletrônica Ltda,1/1
Coleta de Dados - UMMI,Impressão: 08/08/2025  9:23.09,Grupo:,TH-04-R,Equipamento:  1 - UMMI,Coleta:,04/08/2025 - 08:56,Registros:   Total: 2.864        Exibidos: 2.864,Data da Coleta:,04/08/2025,Exibição de Dados,Temperatura:,,Umidade:,,Datas:,,Medições,Data / Hora,Temperatura,Umidade,01/08/2025 - 21:45,"22,00","50,00",Betha Eletrônica Ltda,1/1
Coleta de Dados - UMMI,Impressão: 08/08/2025  9:23.09,Grupo:,TH-04-R,Equipamento:  1 - UMMI,Coleta:,04/08/2025 - 08:56,Registros:   Total: 2.864        Exibidos: 2.864,Data da Coleta:,04/08/2025,Exibição de Dados,Temperatura:,,Umidade:,,Datas:,,Medições,Data / Hora,Temperatura,Umidade,01/08/2025 - 21:50,"22,00","47,00",Betha Eletrônica Ltda,1/1
Coleta de Dados - UMMI,Impressão: 08/08/2025  9:23.09,Grupo:,TH-04-R,Equipamento:  1 - UMMI,Coleta:,04/08/2025 - 08:56,Registros:   Total: 2.864        Exibidos: 2.864,Data da Coleta:,04/08/2025,Exibição de Dados,Temperatura:,,Umidade:,,Datas:,,Medições,Data / Hora,Temperatura,Umidade,01/08/2025 - 21:55,"22,00","55,00",Betha Eletrônica Ltda,1/1
Coleta de Dados - UMMI,Impressão: 08/08/2025  9:23.09,Grupo:,TH-04-R,Equipamento:  1 - UMMI,Coleta:,04/08/2025 - 08:56,Registros:   Total: 2.864        Exibidos: 2.864,Data da Coleta:,04/08/2025,Exibição de Dados,Temperatura:,,Umidade:,,Datas:,,Medições,Data / Hora,Temperatura,Umidade,01/08/2025 - 22:00,"22,00","41,00",Betha Eletrônica Ltda,1/1
Coleta de Dados - UMMI,Impressão: 08/08/2025  9:23.09,Grupo:,TH-04-R,Equipamento:  1 - UMMI,Coleta:,04/08/2025 - 08:56,Registros:   Total: 2.864        Exibidos: 2.864,Data da Coleta:,04/08/2025,Exibição de Dados,Temperatura:,,Umidade:,,Datas:,,Medições,Data / Hora,Temperatura,Umidade,01/08/2025 - 22:05,"23,00","54,00",Betha Eletrônica Ltda,1/1
Coleta de Dados - UMMI,Impressão: 08/08/2025  9:23.09,Grupo:,TH-04-R,Equipamento:  1 - UMMI,Coleta:,04/08/2025 - 08:56,Registros:   Total: 2.864        Exibidos: 2.864,Data da Coleta:,04/08/2025,Exibição de Dados,Temperatura:,,Umidade:,,Datas:,,Medições,Data / Hora,Temperatura,Umidade,01/08/2025 - 22:10,"23,00","43,00",Betha Eletrônica Ltda,1/1
Coleta de Dados - UMMI,Impressão: 08/08/2025  9:23.09,Grupo:,TH-04-R,Equipamento:  1 - UMMI,Coleta:,04/08/2025 - 08:56,Registros:   Total: 2.864        Exibidos: 2.864,Data da Coleta:,04/08/2025,Exibição de Dados,Temperatura:,,Umidade:,,Datas:,,Medições,Data / Hora,Temperatura,Umidade,01/08/2025 - 22:15,"22,00","51,00",Betha Eletrônica Ltda,1/1
Coleta de Dados - UMMI,Impressão: 08/08/2025  9:23.09,Grupo:,TH-04-R,Equipamento:  1 - UMMI,Coleta:,04/08/2025 - 08:56,Registros:   Total: 2.864        Exibidos: 2.864,Data da Coleta:,04/08/2025,Exibição de Dados,Temperatura:,,Umidade:,,Datas:,,Medições,Data / Hora,Temperatura,Umidade,01/08/2025 - 22:20,"22,00","46,00",Betha Eletrônica Ltda,1/1
Coleta de Dados - UMMI,Impressão: 08/08/2025  9:23.09,Grupo:,TH-04-R,Equipamento:  1 - UMMI,Coleta:,04/08/2025 - 08:56,Registros:   Total: 2.864        Exibidos: 2.864,Data da Coleta:,04/08/2025,Exibição de Dados,Temperatura:,,Umidade:,,Datas:,,Medições,Data / Hora,Temperatura,Umidade,01/08/2025 - 22:25,"22,00","56,00",Betha Eletrônica Ltda,1/1
Coleta de Dados - UMMI,Impressão: 08/08/2025  9:23.09,Grupo:,TH-04-R,Equipamento:  1 - UMMI,Coleta:,04/08/2025 - 08:56,Registros:   Total: 2.864        Exibidos: 2.864,Data da Coleta:,04/08/2025,Exibição de Dados,Temperatura:,,Umidade:,,Datas:,,Medições,Data / Hora,Temperatura,Umidade,01/08/2025 - 22:30,"22,00","41,00",Betha Eletrônica Ltda,1/1
Coleta de Dados - UMMI,Impressão: 08/08/2025  9:23.09,Grupo:,TH-04-R,Equipamento:  1 - UMMI,Coleta:,04/08/2025 - 08:56,Registros:   Total: 2.864        Exibidos: 2.864,Data da Coleta:,04/08/2025,Exibição de Dados,Temperatura:,,Umidade:,,Datas:,,Medições,Data / Hora,Temperatura,Umidade,01/08/2025 - 22:35,"23,00","55,00",Betha Eletrônica Ltda,1/1
Coleta de Dados - UMMI,Impressão: 08/08/2025  9:23.09,Grupo:,TH-04-R,Equipamento:  1 - UMMI,Coleta:,04/08/2025 - 08:56,Registros:   Total: 2.864        Exibidos: 2.864,Data da Coleta:,04/08/2025,Exibição de Dados,Temperatura:,,Umidade:,,Datas:,,Medições,Data / Hora,Temperatura,Umidade,01/08/2025 - 22:40,"23,00","42,00",Betha Eletrônica Ltda,1/1
Coleta de Dados - UMMI,Impressão: 08/08/2025  9:23.09,Grupo:,TH-04-R,Equipamento:  1 - UMMI,Coleta:,04/08/2025 - 08:56,Registros:   Total: 2.864        Exibidos: 2.864,Data da Coleta:,04/08/2025,Exibição de Dados,Temperatura:,,Umidade:,,Datas:,,Medições,Data / Hora,Temperatura,Umidade,01/08/2025 - 22:45,"22,00","52,00",Betha Eletrônica Ltda,1/1
Coleta de Dados - UMMI,Impressão: 08/08/2025  9:23.09,Grupo:,TH-04-R,Equipamento:  1 - UMMI,Coleta:,04/08/2025 - 08:56,Registros:   Total: 2.864        Exibidos: 2.864,Data da Coleta:,04/08/2025,Exibição de Dados,Temperatura:,,Umidade:,,Datas:,,Medições,Data / Hora,Temperatura,Umidade,01/08/2025 - 22:50,"22,00","46,00",Betha Eletrônica Ltda,1/1
Coleta de Dados - UMMI,Impressão: 08/08/2025  9:23.09,Grupo:,TH-04-R,Equipamento:  1 - UMMI,Coleta:,04/08/2025 - 08:56,Registros:   Total: 2.864        Exibidos: 2.864,Data da Coleta:,04/08/2025,Exibição de Dados,Temperatura:,,Umidade:,,Datas:,,Medições,Data / Hora,Temperatura,Umidade,01/08/2025 - 22:55,"22,00","55,00",Betha Eletrônica Ltda,1/1
Coleta de Dados - UMMI,Impressão: 08/08/2025  9:23.09,Grupo:,TH-04-R,Equipamento:  1 - UMMI,Coleta:,04/08/2025 - 08:56,Registros:   Total: 2.864        Exibidos: 2.864,Data da Coleta:,04/08/2025,Exibição de Dados,Temperatura:,,Umidade:,,Datas:,,Medições,Data / Hora,Temperatura,Umidade,01/08/2025 - 23:00,"22,00","40,00",Betha Eletrônica Ltda,1/1
Coleta de Dados - UMMI,Impressão: 08/08/2025  9:23.09,Grupo:,TH-04-R,Equipamento:  1 - UMMI,Coleta:,04/08/2025 - 08:56,Registros:   Total: 2.864        Exibidos: 2.864,Data da Coleta:,04/08/2025,Exibição de Dados,Temperatura:,,Umidade:,,Datas:,,Medições,Data / Hora,Temperatura,Umidade,01/08/2025 - 23:05,"23,00","55,00",Betha Eletrônica Ltda,1/1
Coleta de Dados - UMMI,Impressão: 08/08/2025  9:23.09,Grupo:,TH-04-R,Equipamento:  1 - UMMI,Coleta:,04/08/2025 - 08:56,Registros:   Total: 2.864        Exibidos: 2.864,Data da Coleta:,04/08/2025,Exibição de Dados,Temperatura:,,Umidade:,,Datas:,,Medições,Data / Hora,Temperatura,Umidade,01/08/2025 - 23:10,"23,00","41,00",Betha Eletrônica Ltda,1/1
Coleta de Dados - UMMI,Impressão: 08/08/2025  9:23.09,Grupo:,TH-04-R,Equipamento:  1 - UMMI,Coleta:,04/08/2025 - 08:56,Registros:   Total: 2.864        Exibidos: 2.864,Data da Coleta:,04/08/2025,Exibição de Dados,Temperatura:,,Umidade:,,Datas:,,Medições,Data / Hora,Temperatura,Umidade,01/08/2025 - 23:15,"22,00","54,00",Betha Eletrônica Ltda,1/1
Coleta de Dados - UMMI,Impressão: 08/08/2025  9:23.09,Grupo:,TH-04-R,Equipamento:  1 - UMMI,Coleta:,04/08/2025 - 08:56,Registros:   Total: 2.864        Exibidos: 2.864,Data da Coleta:,04/08/2025,Exibição de Dados,Temperatura:,,Umidade:,,Datas:,,Medições,Data / Hora,Temperatura,Umidade,01/08/2025 - 23:20,"22,00","45,00",Betha Eletrônica Ltda,1/1
Coleta de Dados - UMMI,Impressão: 08/08/2025  9:23.09,Grupo:,TH-04-R,Equipamento:  1 - UMMI,Coleta:,04/08/2025 - 08:56,Registros:   Total: 2.864        Exibidos: 2.864,Data da Coleta:,04/08/2025,Exibição de Dados,Temperatura:,,Umidade:,,Datas:,,Medições,Data / Hora,Temperatura,Umidade,01/08/2025 - 23:25,"22,00","52,00",Betha Eletrônica Ltda,1/1
Coleta de Dados - UMMI,Impressão: 08/08/2025  9:23.09,Grupo:,TH-04-R,Equipamento:  1 - UMMI,Coleta:,04/08/2025 - 08:56,Registros:   Total: 2.864        Exibidos: 2.864,Data da Coleta:,04/08/2025,Exibição de Dados,Temperatura:,,Umidade:,,Datas:,,Medições,Data / Hora,Temperatura,Umidade,01/08/2025 - 23:30,"22,00","39,00",Betha Eletrônica Ltda,1/1
Coleta de Dados - UMMI,Impressão: 08/08/2025  9:23.09,Grupo:,TH-04-R,Equipamento:  1 - UMMI,Coleta:,04/08/2025 - 08:56,Registros:   Total: 2.864        Exibidos: 2.864,Data da Coleta:,04/08/2025,Exibição de Dados,Temperatura:,,Umidade:,,Datas:,,Medições,Data / Hora,Temperatura,Umidade,01/08/2025 - 23:35,"23,00","55,00",Betha Eletrônica Ltda,1/1
Coleta de Dados - UMMI,Impressão: 08/08/2025  9:23.09,Grupo:,TH-04-R,Equipamento:  1 - UMMI,Coleta:,04/08/2025 - 08:56,Registros:   Total: 2.864        Exibidos: 2.864,Data da Coleta:,04/08/2025,Exibição de Dados,Temperatura:,,Umidade:,,Datas:,,Medições,Data / Hora,Temperatura,Umidade,01/08/2025 - 23:40,"23,00","40,00",Betha Eletrônica Ltda,1/1
Coleta de Dados - UMMI,Impressão: 08/08/2025  9:23.09,Grupo:,TH-04-R,Equipamento:  1 - UMMI,Coleta:,04/08/2025 - 08:56,Registros:   Total: 2.864        Exibidos: 2.864,Data da Coleta:,04/08/2025,Exibição de Dados,Temperatura:,,Umidade:,,Datas:,,Medições,Data / Hora,Temperatura,Umidade,01/08/2025 - 23:45,"22,00","54,00",Betha Eletrônica Ltda,1/1
Coleta de Dados - UMMI,Impressão: 08/08/2025  9:23.09,Grupo:,TH-04-R,Equipamento:  1 - UMMI,Coleta:,04/08/2025 - 08:56,Registros:   Total: 2.864        Exibidos: 2.864,Data da Coleta:,04/08/2025,Exibição de Dados,Temperatura:,,Umidade:,,Datas:,,Medições,Data / Hora,Temperatura,Umidade,01/08/2025 - 23:50,"22,00","45,00",Betha Eletrônica Ltda,1/1
Coleta de Dados - UMMI,Impressão: 08/08/2025  9:23.09,Grupo:,TH-04-R,Equipamento:  1 - UMMI,Coleta:,04/08/2025 - 08:56,Registros:   Total: 2.864        Exibidos: 2.864,Data da Coleta:,04/08/2025,Exibição de Dados,Temperatura:,,Umidade:,,Datas:,,Medições,Data / Hora,Temperatura,Umidade,01/08/2025 - 23:55,"22,00","50,00",Betha Eletrônica Ltda,1/1
Coleta de Dados - UMMI,Impressão: 08/08/2025  9:23.09,Grupo:,TH-04-R,Equipamento:  1 - UMMI,Coleta:,04/08/2025 - 08:56,Registros:   Total: 2.864        Exibidos: 2.864,Data da Coleta:,04/08/2025,Exibição de Dados,Temperatura:,,Umidade:,,Datas:,,Medições,Data / Hora,Temperatura,Umidade,02/08/2025 - 00:00,"22,00","40,00",Betha Eletrônica Ltda,1/1
Coleta de Dados - UMMI,Impressão: 08/08/2025  9:23.09,Grupo:,TH-04-R,Equipamento:  1 - UMMI,Coleta:,04/08/2025 - 08:56,Registros:   Total: 2.864        Exibidos: 2.864,Data da Coleta:,04/08/2025,Exibição de Dados,Temperatura:,,Umidade:,,Datas:,,Medições,Data / Hora,Temperatura,Umidade,02/08/2025 - 00:05,"23,00","54,00",Betha Eletrônica Ltda,1/1
Coleta de Dados - UMMI,Impressão: 08/08/2025  9:23.09,Grupo:,TH-04-R,Equipamento:  1 - UMMI,Coleta:,04/08/2025 - 08:56,Registros:   Total: 2.864        Exibidos: 2.864,Data da Coleta:,04/08/2025,Exibição de Dados,Temperatura:,,Umidade:,,Datas:,,Medições,Data / Hora,Temperatura,Umidade,02/08/2025 - 00:10,"23,00","40,00",Betha Eletrônica Ltda,1/1
Coleta de Dados - UMMI,Impressão: 08/08/2025  9:23.09,Grupo:,TH-04-R,Equipamento:  1 - UMMI,Coleta:,04/08/2025 - 08:56,Registros:   Total: 2.864        Exibidos: 2.864,Data da Coleta:,04/08/2025,Exibição de Dados,Temperatura:,,Umidade:,,Datas:,,Medições,Data / Hora,Temperatura,Umidade,02/08/2025 - 00:15,"22,00","54,00",Betha Eletrônica Ltda,1/1
Coleta de Dados - UMMI,Impressão: 08/08/2025  9:23.09,Grupo:,TH-04-R,Equipamento:  1 - UMMI,Coleta:,04/08/2025 - 08:56,Registros:   Total: 2.864        Exibidos: 2.864,Data da Coleta:,04/08/2025,Exibição de Dados,Temperatura:,,Umidade:,,Datas:,,Medições,Data / Hora,Temperatura,Umidade,02/08/2025 - 00:20,"21,00","45,00",Betha Eletrônica Ltda,1/1
Coleta de Dados - UMMI,Impressão: 08/08/2025  9:23.09,Grupo:,TH-04-R,Equipamento:  1 - UMMI,Coleta:,04/08/2025 - 08:56,Registros:   Total: 2.864        Exibidos: 2.864,Data da Coleta:,04/08/2025,Exibição de Dados,Temperatura:,,Umidade:,,Datas:,,Medições,Data / Hora,Temperatura,Umidade,02/08/2025 - 00:25,"22,00","48,00",Betha Eletrônica Ltda,1/1
Coleta de Dados - UMMI,Impressão: 08/08/2025  9:23.09,Grupo:,TH-04-R,Equipamento:  1 - UMMI,Coleta:,04/08/2025 - 08:56,Registros:   Total: 2.864        Exibidos: 2.864,Data da Coleta:,04/08/2025,Exibição de Dados,Temperatura:,,Umidade:,,Datas:,,Medições,Data / Hora,Temperatura,Umidade,02/08/2025 - 00:30,"22,00","47,00",Betha Eletrônica Ltda,1/1
Coleta de Dados - UMMI,Impressão: 08/08/2025  9:23.09,Grupo:,TH-04-R,Equipamento:  1 - UMMI,Coleta:,04/08/2025 - 08:56,Registros:   Total: 2.864        Exibidos: 2.864,Data da Coleta:,04/08/2025,Exibição de Dados,Temperatura:,,Umidade:,,Datas:,,Medições,Data / Hora,Temperatura,Umidade,02/08/2025 - 00:35,"23,00","49,00",Betha Eletrônica Ltda,1/1
Coleta de Dados - UMMI,Impressão: 08/08/2025  9:23.09,Grupo:,TH-04-R,Equipamento:  1 - UMMI,Coleta:,04/08/2025 - 08:56,Registros:   Total: 2.864        Exibidos: 2.864,Data da Coleta:,04/08/2025,Exibição de Dados,Temperatura:,,Umidade:,,Datas:,,Medições,Data / Hora,Temperatura,Umidade,02/08/2025 - 00:40,"22,00","41,00",Betha Eletrônica Ltda,1/1
Coleta de Dados - UMMI,Impressão: 08/08/2025  9:23.09,Grupo:,TH-04-R,Equipamento:  1 - UMMI,Coleta:,04/08/2025 - 08:56,Registros:   Total: 2.864        Exibidos: 2.864,Data da Coleta:,04/08/2025,Exibição de Dados,Temperatura:,,Umidade:,,Datas:,,Medições,Data / Hora,Temperatura,Umidade,02/08/2025 - 00:45,"22,00","52,00",Betha Eletrônica Ltda,1/1
Coleta de Dados - UMMI,Impressão: 08/08/2025  9:23.09,Grupo:,TH-04-R,Equipamento:  1 - UMMI,Coleta:,04/08/2025 - 08:56,Registros:   Total: 2.864        Exibidos: 2.864,Data da Coleta:,04/08/2025,Exibição de Dados,Temperatura:,,Umidade:,,Datas:,,Medições,Data / Hora,Temperatura,Umidade,02/08/2025 - 00:50,"22,00","45,00",Betha Eletrônica Ltda,1/1
Coleta de Dados - UMMI,Impressão: 08/08/2025  9:23.09,Grupo:,TH-04-R,Equipamento:  1 - UMMI,Coleta:,04/08/2025 - 08:56,Registros:   Total: 2.864        Exibidos: 2.864,Data da Coleta:,04/08/2025,Exibição de Dados,Temperatura:,,Umidade:,,Datas:,,Medições,Data / Hora,Temperatura,Umidade,02/08/2025 - 00:55,"22,00","48,00",Betha Eletrônica Ltda,1/1
Coleta de Dados - UMMI,Impressão: 08/08/2025  9:23.09,Grupo:,TH-04-R,Equipamento:  1 - UMMI,Coleta:,04/08/2025 - 08:56,Registros:   Total: 2.864        Exibidos: 2.864,Data da Coleta:,04/08/2025,Exibição de Dados,Temperatura:,,Umidade:,,Datas:,,Medições,Data / Hora,Temperatura,Umidade,02/08/2025 - 01:00,"22,00","44,00",Betha Eletrônica Ltda,1/1
Coleta de Dados - UMMI,Impressão: 08/08/2025  9:23.09,Grupo:,TH-04-R,Equipamento:  1 - UMMI,Coleta:,04/08/2025 - 08:56,Registros:   Total: 2.864        Exibidos: 2.864,Data da Coleta:,04/08/2025,Exibição de Dados,Temperatura:,,Umidade:,,Datas:,,Medições,Data / Hora,Temperatura,Umidade,02/08/2025 - 01:05,"23,00","51,00",Betha Eletrônica Ltda,1/1
Coleta de Dados - UMMI,Impressão: 08/08/2025  9:23.09,Grupo:,TH-04-R,Equipamento:  1 - UMMI,Coleta:,04/08/2025 - 08:56,Registros:   Total: 2.864        Exibidos: 2.864,Data da Coleta:,04/08/2025,Exibição de Dados,Temperatura:,,Umidade:,,Datas:,,Medições,Data / Hora,Temperatura,Umidade,02/08/2025 - 01:10,"23,00","40,00",Betha Eletrônica Ltda,1/1
Coleta de Dados - UMMI,Impressão: 08/08/2025  9:23.09,Grupo:,TH-04-R,Equipamento:  1 - UMMI,Coleta:,04/08/2025 - 08:56,Registros:   Total: 2.864        Exibidos: 2.864,Data da Coleta:,04/08/2025,Exibição de Dados,Temperatura:,,Umidade:,,Datas:,,Medições,Data / Hora,Temperatura,Umidade,02/08/2025 - 01:15,"22,00","54,00",Betha Eletrônica Ltda,1/1
Coleta de Dados - UMMI,Impressão: 08/08/2025  9:23.09,Grupo:,TH-04-R,Equipamento:  1 - UMMI,Coleta:,04/08/2025 - 08:56,Registros:   Total: 2.864        Exibidos: 2.864,Data da Coleta:,04/08/2025,Exibição de Dados,Temperatura:,,Umidade:,,Datas:,,Medições,Data / Hora,Temperatura,Umidade,02/08/2025 - 01:20,"21,00","46,00",Betha Eletrônica Ltda,1/1
Coleta de Dados - UMMI,Impressão: 08/08/2025  9:23.09,Grupo:,TH-04-R,Equipamento:  1 - UMMI,Coleta:,04/08/2025 - 08:56,Registros:   Total: 2.864        Exibidos: 2.864,Data da Coleta:,04/08/2025,Exibição de Dados,Temperatura:,,Umidade:,,Datas:,,Medições,Data / Hora,Temperatura,Umidade,02/08/2025 - 01:25,"22,00","47,00",Betha Eletrônica Ltda,1/1
Coleta de Dados - UMMI,Impressão: 08/08/2025  9:23.09,Grupo:,TH-04-R,Equipamento:  1 - UMMI,Coleta:,04/08/2025 - 08:56,Registros:   Total: 2.864        Exibidos: 2.864,Data da Coleta:,04/08/2025,Exibição de Dados,Temperatura:,,Umidade:,,Datas:,,Medições,Data / Hora,Temperatura,Umidade,02/08/2025 - 01:30,"22,00","47,00",Betha Eletrônica Ltda,1/1
Coleta de Dados - UMMI,Impressão: 08/08/2025  9:23.09,Grupo:,TH-04-R,Equipamento:  1 - UMMI,Coleta:,04/08/2025 - 08:56,Registros:   Total: 2.864        Exibidos: 2.864,Data da Coleta:,04/08/2025,Exibição de Dados,Temperatura:,,Umidade:,,Datas:,,Medições,Data / Hora,Temperatura,Umidade,02/08/2025 - 01:35,"23,00","50,00",Betha Eletrônica Ltda,1/1
Coleta de Dados - UMMI,Impressão: 08/08/2025  9:23.09,Grupo:,TH-04-R,Equipamento:  1 - UMMI,Coleta:,04/08/2025 - 08:56,Registros:   Total: 2.864        Exibidos: 2.864,Data da Coleta:,04/08/2025,Exibição de Dados,Temperatura:,,Umidade:,,Datas:,,Medições,Data / Hora,Temperatura,Umidade,02/08/2025 - 01:40,"22,00","41,00",Betha Eletrônica Ltda,1/1
Coleta de Dados - UMMI,Impressão: 08/08/2025  9:23.09,Grupo:,TH-04-R,Equipamento:  1 - UMMI,Coleta:,04/08/2025 - 08:56,Registros:   Total: 2.864        Exibidos: 2.864,Data da Coleta:,04/08/2025,Exibição de Dados,Temperatura:,,Umidade:,,Datas:,,Medições,Data / Hora,Temperatura,Umidade,02/08/2025 - 01:45,"22,00","54,00",Betha Eletrônica Ltda,1/1
Coleta de Dados - UMMI,Impressão: 08/08/2025  9:23.09,Grupo:,TH-04-R,Equipamento:  1 - UMMI,Coleta:,04/08/2025 - 08:56,Registros:   Total: 2.864        Exibidos: 2.864,Data da Coleta:,04/08/2025,Exibição de Dados,Temperatura:,,Umidade:,,Datas:,,Medições,Data / Hora,Temperatura,Umidade,02/08/2025 - 01:50,"22,00","43,00",Betha Eletrônica Ltda,1/1
Coleta de Dados - UMMI,Impressão: 08/08/2025  9:23.09,Grupo:,TH-04-R,Equipamento:  1 - UMMI,Coleta:,04/08/2025 - 08:56,Registros:   Total: 2.864        Exibidos: 2.864,Data da Coleta:,04/08/2025,Exibição de Dados,Temperatura:,,Umidade:,,Datas:,,Medições,Data / Hora,Temperatura,Umidade,02/08/2025 - 01:55,"22,00","52,00",Betha Eletrônica Ltda,1/1
Coleta de Dados - UMMI,Impressão: 08/08/2025  9:23.09,Grupo:,TH-04-R,Equipamento:  1 - UMMI,Coleta:,04/08/2025 - 08:56,Registros:   Total: 2.864        Exibidos: 2.864,Data da Coleta:,04/08/2025,Exibição de Dados,Temperatura:,,Umidade:,,Datas:,,Medições,Data / Hora,Temperatura,Umidade,02/08/2025 - 02:00,"22,00","40,00",Betha Eletrônica Ltda,1/1
Coleta de Dados - UMMI,Impressão: 08/08/2025  9:23.09,Grupo:,TH-04-R,Equipamento:  1 - UMMI,Coleta:,04/08/2025 - 08:56,Registros:   Total: 2.864        Exibidos: 2.864,Data da Coleta:,04/08/2025,Exibição de Dados,Temperatura:,,Umidade:,,Datas:,,Medições,Data / Hora,Temperatura,Umidade,02/08/2025 - 02:05,"23,00","54,00",Betha Eletrônica Ltda,1/1
Coleta de Dados - UMMI,Impressão: 08/08/2025  9:23.09,Grupo:,TH-04-R,Equipamento:  1 - UMMI,Coleta:,04/08/2025 - 08:56,Registros:   Total: 2.864        Exibidos: 2.864,Data da Coleta:,04/08/2025,Exibição de Dados,Temperatura:,,Umidade:,,Datas:,,Medições,Data / Hora,Temperatura,Umidade,02/08/2025 - 02:10,"23,00","40,00",Betha Eletrônica Ltda,1/1
Coleta de Dados - UMMI,Impressão: 08/08/2025  9:23.09,Grupo:,TH-04-R,Equipamento:  1 - UMMI,Coleta:,04/08/2025 - 08:56,Registros:   Total: 2.864        Exibidos: 2.864,Data da Coleta:,04/08/2025,Exibição de Dados,Temperatura:,,Umidade:,,Datas:,,Medições,Data / Hora,Temperatura,Umidade,02/08/2025 - 02:15,"22,00","54,00",Betha Eletrônica Ltda,1/1
Coleta de Dados - UMMI,Impressão: 08/08/2025  9:23.09,Grupo:,TH-04-R,Equipamento:  1 - UMMI,Coleta:,04/08/2025 - 08:56,Registros:   Total: 2.864        Exibidos: 2.864,Data da Coleta:,04/08/2025,Exibição de Dados,Temperatura:,,Umidade:,,Datas:,,Medições,Data / Hora,Temperatura,Umidade,02/08/2025 - 02:20,"22,00","44,00",Betha Eletrônica Ltda,1/1
Coleta de Dados - UMMI,Impressão: 08/08/2025  9:23.09,Grupo:,TH-04-R,Equipamento:  1 - UMMI,Coleta:,04/08/2025 - 08:56,Registros:   Total: 2.864        Exibidos: 2.864,Data da Coleta:,04/08/2025,Exibição de Dados,Temperatura:,,Umidade:,,Datas:,,Medições,Data / Hora,Temperatura,Umidade,02/08/2025 - 02:25,"22,00","52,00",Betha Eletrônica Ltda,1/1
Coleta de Dados - UMMI,Impressão: 08/08/2025  9:23.09,Grupo:,TH-04-R,Equipamento:  1 - UMMI,Coleta:,04/08/2025 - 08:56,Registros:   Total: 2.864        Exibidos: 2.864,Data da Coleta:,04/08/2025,Exibição de Dados,Temperatura:,,Umidade:,,Datas:,,Medições,Data / Hora,Temperatura,Umidade,02/08/2025 - 02:30,"22,00","40,00",Betha Eletrônica Ltda,1/1
Coleta de Dados - UMMI,Impressão: 08/08/2025  9:23.09,Grupo:,TH-04-R,Equipamento:  1 - UMMI,Coleta:,04/08/2025 - 08:56,Registros:   Total: 2.864        Exibidos: 2.864,Data da Coleta:,04/08/2025,Exibição de Dados,Temperatura:,,Umidade:,,Datas:,,Medições,Data / Hora,Temperatura,Umidade,02/08/2025 - 02:35,"23,00","55,00",Betha Eletrônica Ltda,1/1
Coleta de Dados - UMMI,Impressão: 08/08/2025  9:23.09,Grupo:,TH-04-R,Equipamento:  1 - UMMI,Coleta:,04/08/2025 - 08:56,Registros:   Total: 2.864        Exibidos: 2.864,Data da Coleta:,04/08/2025,Exibição de Dados,Temperatura:,,Umidade:,,Datas:,,Medições,Data / Hora,Temperatura,Umidade,02/08/2025 - 02:40,"23,00","41,00",Betha Eletrônica Ltda,1/1
Coleta de Dados - UMMI,Impressão: 08/08/2025  9:23.09,Grupo:,TH-04-R,Equipamento:  1 - UMMI,Coleta:,04/08/2025 - 08:56,Registros:   Total: 2.864        Exibidos: 2.864,Data da Coleta:,04/08/2025,Exibição de Dados,Temperatura:,,Umidade:,,Datas:,,Medições,Data / Hora,Temperatura,Umidade,02/08/2025 - 02:45,"22,00","54,00",Betha Eletrônica Ltda,1/1
Coleta de Dados - UMMI,Impressão: 08/08/2025  9:23.09,Grupo:,TH-04-R,Equipamento:  1 - UMMI,Coleta:,04/08/2025 - 08:56,Registros:   Total: 2.864        Exibidos: 2.864,Data da Coleta:,04/08/2025,Exibição de Dados,Temperatura:,,Umidade:,,Datas:,,Medições,Data / Hora,Temperatura,Umidade,02/08/2025 - 02:50,"22,00","43,00",Betha Eletrônica Ltda,1/1
Coleta de Dados - UMMI,Impressão: 08/08/2025  9:23.09,Grupo:,TH-04-R,Equipamento:  1 - UMMI,Coleta:,04/08/2025 - 08:56,Registros:   Total: 2.864        Exibidos: 2.864,Data da Coleta:,04/08/2025,Exibição de Dados,Temperatura:,,Umidade:,,Datas:,,Medições,Data / Hora,Temperatura,Umidade,02/08/2025 - 02:55,"22,00","56,00",Betha Eletrônica Ltda,1/1
Coleta de Dados - UMMI,Impressão: 08/08/2025  9:23.09,Grupo:,TH-04-R,Equipamento:  1 - UMMI,Coleta:,04/08/2025 - 08:56,Registros:   Total: 2.864        Exibidos: 2.864,Data da Coleta:,04/08/2025,Exibição de Dados,Temperatura:,,Umidade:,,Datas:,,Medições,Data / Hora,Temperatura,Umidade,02/08/2025 - 03:00,"22,00","40,00",Betha Eletrônica Ltda,1/1
Coleta de Dados - UMMI,Impressão: 08/08/2025  9:23.09,Grupo:,TH-04-R,Equipamento:  1 - UMMI,Coleta:,04/08/2025 - 08:56,Registros:   Total: 2.864        Exibidos: 2.864,Data da Coleta:,04/08/2025,Exibição de Dados,Temperatura:,,Umidade:,,Datas:,,Medições,Data / Hora,Temperatura,Umidade,02/08/2025 - 03:05,"23,00","55,00",Betha Eletrônica Ltda,1/1
Coleta de Dados - UMMI,Impressão: 08/08/2025  9:23.09,Grupo:,TH-04-R,Equipamento:  1 - UMMI,Coleta:,04/08/2025 - 08:56,Registros:   Total: 2.864        Exibidos: 2.864,Data da Coleta:,04/08/2025,Exibição de Dados,Temperatura:,,Umidade:,,Datas:,,Medições,Data / Hora,Temperatura,Umidade,02/08/2025 - 03:10,"23,00","42,00",Betha Eletrônica Ltda,1/1
Coleta de Dados - UMMI,Impressão: 08/08/2025  9:23.09,Grupo:,TH-04-R,Equipamento:  1 - UMMI,Coleta:,04/08/2025 - 08:56,Registros:   Total: 2.864        Exibidos: 2.864,Data da Coleta:,04/08/2025,Exibição de Dados,Temperatura:,,Umidade:,,Datas:,,Medições,Data / Hora,Temperatura,Umidade,02/08/2025 - 03:15,"22,00","53,00",Betha Eletrônica Ltda,1/1
Coleta de Dados - UMMI,Impressão: 08/08/2025  9:23.09,Grupo:,TH-04-R,Equipamento:  1 - UMMI,Coleta:,04/08/2025 - 08:56,Registros:   Total: 2.864        Exibidos: 2.864,Data da Coleta:,04/08/2025,Exibição de Dados,Temperatura:,,Umidade:,,Datas:,,Medições,Data / Hora,Temperatura,Umidade,02/08/2025 - 03:20,"22,00","44,00",Betha Eletrônica Ltda,1/1
Coleta de Dados - UMMI,Impressão: 08/08/2025  9:23.09,Grupo:,TH-04-R,Equipamento:  1 - UMMI,Coleta:,04/08/2025 - 08:56,Registros:   Total: 2.864        Exibidos: 2.864,Data da Coleta:,04/08/2025,Exibição de Dados,Temperatura:,,Umidade:,,Datas:,,Medições,Data / Hora,Temperatura,Umidade,02/08/2025 - 03:25,"22,00","54,00",Betha Eletrônica Ltda,1/1
Coleta de Dados - UMMI,Impressão: 08/08/2025  9:23.09,Grupo:,TH-04-R,Equipamento:  1 - UMMI,Coleta:,04/08/2025 - 08:56,Registros:   Total: 2.864        Exibidos: 2.864,Data da Coleta:,04/08/2025,Exibição de Dados,Temperatura:,,Umidade:,,Datas:,,Medições,Data / Hora,Temperatura,Umidade,02/08/2025 - 03:30,"22,00","43,00",Betha Eletrônica Ltda,1/1
Coleta de Dados - UMMI,Impressão: 08/08/2025  9:23.09,Grupo:,TH-04-R,Equipamento:  1 - UMMI,Coleta:,04/08/2025 - 08:56,Registros:   Total: 2.864        Exibidos: 2.864,Data da Coleta:,04/08/2025,Exibição de Dados,Temperatura:,,Umidade:,,Datas:,,Medições,Data / Hora,Temperatura,Umidade,02/08/2025 - 03:35,"22,00","52,00",Betha Eletrônica Ltda,1/1
Coleta de Dados - UMMI,Impressão: 08/08/2025  9:23.09,Grupo:,TH-04-R,Equipamento:  1 - UMMI,Coleta:,04/08/2025 - 08:56,Registros:   Total: 2.864        Exibidos: 2.864,Data da Coleta:,04/08/2025,Exibição de Dados,Temperatura:,,Umidade:,,Datas:,,Medições,Data / Hora,Temperatura,Umidade,02/08/2025 - 03:40,"23,00","45,00",Betha Eletrônica Ltda,1/1
Coleta de Dados - UMMI,Impressão: 08/08/2025  9:23.09,Grupo:,TH-04-R,Equipamento:  1 - UMMI,Coleta:,04/08/2025 - 08:56,Registros:   Total: 2.864        Exibidos: 2.864,Data da Coleta:,04/08/2025,Exibição de Dados,Temperatura:,,Umidade:,,Datas:,,Medições,Data / Hora,Temperatura,Umidade,02/08/2025 - 03:45,"22,00","47,00",Betha Eletrônica Ltda,1/1
Coleta de Dados - UMMI,Impressão: 08/08/2025  9:23.09,Grupo:,TH-04-R,Equipamento:  1 - UMMI,Coleta:,04/08/2025 - 08:56,Registros:   Total: 2.864        Exibidos: 2.864,Data da Coleta:,04/08/2025,Exibição de Dados,Temperatura:,,Umidade:,,Datas:,,Medições,Data / Hora,Temperatura,Umidade,02/08/2025 - 03:50,"22,00","49,00",Betha Eletrônica Ltda,1/1
Coleta de Dados - UMMI,Impressão: 08/08/2025  9:23.09,Grupo:,TH-04-R,Equipamento:  1 - UMMI,Coleta:,04/08/2025 - 08:56,Registros:   Total: 2.864        Exibidos: 2.864,Data da Coleta:,04/08/2025,Exibição de Dados,Temperatura:,,Umidade:,,Datas:,,Medições,Data / Hora,Temperatura,Umidade,02/08/2025 - 03:55,"21,00","49,00",Betha Eletrônica Ltda,1/1
Coleta de Dados - UMMI,Impressão: 08/08/2025  9:23.09,Grupo:,TH-04-R,Equipamento:  1 - UMMI,Coleta:,04/08/2025 - 08:56,Registros:   Total: 2.864        Exibidos: 2.864,Data da Coleta:,04/08/2025,Exibição de Dados,Temperatura:,,Umidade:,,Datas:,,Medições,Data / Hora,Temperatura,Umidade,02/08/2025 - 04:00,"22,00","47,00",Betha Eletrônica Ltda,1/1
Coleta de Dados - UMMI,Impressão: 08/08/2025  9:23.09,Grupo:,TH-04-R,Equipamento:  1 - UMMI,Coleta:,04/08/2025 - 08:56,Registros:   Total: 2.864        Exibidos: 2.864,Data da Coleta:,04/08/2025,Exibição de Dados,Temperatura:,,Umidade:,,Datas:,,Medições,Data / Hora,Temperatura,Umidade,02/08/2025 - 04:05,"22,00","46,00",Betha Eletrônica Ltda,1/1
Coleta de Dados - UMMI,Impressão: 08/08/2025  9:23.09,Grupo:,TH-04-R,Equipamento:  1 - UMMI,Coleta:,04/08/2025 - 08:56,Registros:   Total: 2.864        Exibidos: 2.864,Data da Coleta:,04/08/2025,Exibição de Dados,Temperatura:,,Umidade:,,Datas:,,Medições,Data / Hora,Temperatura,Umidade,02/08/2025 - 04:10,"23,00","50,00",Betha Eletrônica Ltda,1/1
Coleta de Dados - UMMI,Impressão: 08/08/2025  9:23.09,Grupo:,TH-04-R,Equipamento:  1 - UMMI,Coleta:,04/08/2025 - 08:56,Registros:   Total: 2.864        Exibidos: 2.864,Data da Coleta:,04/08/2025,Exibição de Dados,Temperatura:,,Umidade:,,Datas:,,Medições,Data / Hora,Temperatura,Umidade,02/08/2025 - 04:15,"23,00","41,00",Betha Eletrônica Ltda,1/1
Coleta de Dados - UMMI,Impressão: 08/08/2025  9:23.09,Grupo:,TH-04-R,Equipamento:  1 - UMMI,Coleta:,04/08/2025 - 08:56,Registros:   Total: 2.864        Exibidos: 2.864,Data da Coleta:,04/08/2025,Exibição de Dados,Temperatura:,,Umidade:,,Datas:,,Medições,Data / Hora,Temperatura,Umidade,02/08/2025 - 04:20,"22,00","54,00",Betha Eletrônica Ltda,1/1
Coleta de Dados - UMMI,Impressão: 08/08/2025  9:23.09,Grupo:,TH-04-R,Equipamento:  1 - UMMI,Coleta:,04/08/2025 - 08:56,Registros:   Total: 2.864        Exibidos: 2.864,Data da Coleta:,04/08/2025,Exibição de Dados,Temperatura:,,Umidade:,,Datas:,,Medições,Data / Hora,Temperatura,Umidade,02/08/2025 - 04:25,"22,00","42,00",Betha Eletrônica Ltda,1/1
Coleta de Dados - UMMI,Impressão: 08/08/2025  9:23.09,Grupo:,TH-04-R,Equipamento:  1 - UMMI,Coleta:,04/08/2025 - 08:56,Registros:   Total: 2.864        Exibidos: 2.864,Data da Coleta:,04/08/2025,Exibição de Dados,Temperatura:,,Umidade:,,Datas:,,Medições,Data / Hora,Temperatura,Umidade,02/08/2025 - 04:30,"22,00","54,00",Betha Eletrônica Ltda,1/1
Coleta de Dados - UMMI,Impressão: 08/08/2025  9:23.09,Grupo:,TH-04-R,Equipamento:  1 - UMMI,Coleta:,04/08/2025 - 08:56,Registros:   Total: 2.864        Exibidos: 2.864,Data da Coleta:,04/08/2025,Exibição de Dados,Temperatura:,,Umidade:,,Datas:,,Medições,Data / Hora,Temperatura,Umidade,02/08/2025 - 04:35,"22,00","39,00",Betha Eletrônica Ltda,1/1
Coleta de Dados - UMMI,Impressão: 08/08/2025  9:23.09,Grupo:,TH-04-R,Equipamento:  1 - UMMI,Coleta:,04/08/2025 - 08:56,Registros:   Total: 2.864        Exibidos: 2.864,Data da Coleta:,04/08/2025,Exibição de Dados,Temperatura:,,Umidade:,,Datas:,,Medições,Data / Hora,Temperatura,Umidade,02/08/2025 - 04:40,"23,00","55,00",Betha Eletrônica Ltda,1/1
Coleta de Dados - UMMI,Impressão: 08/08/2025  9:23.09,Grupo:,TH-04-R,Equipamento:  1 - UMMI,Coleta:,04/08/2025 - 08:56,Registros:   Total: 2.864        Exibidos: 2.864,Data da Coleta:,04/08/2025,Exibição de Dados,Temperatura:,,Umidade:,,Datas:,,Medições,Data / Hora,Temperatura,Umidade,02/08/2025 - 04:45,"23,00","41,00",Betha Eletrônica Ltda,1/1
Coleta de Dados - UMMI,Impressão: 08/08/2025  9:23.09,Grupo:,TH-04-R,Equipamento:  1 - UMMI,Coleta:,04/08/2025 - 08:56,Registros:   Total: 2.864        Exibidos: 2.864,Data da Coleta:,04/08/2025,Exibição de Dados,Temperatura:,,Umidade:,,Datas:,,Medições,Data / Hora,Temperatura,Umidade,02/08/2025 - 04:50,"22,00","53,00",Betha Eletrônica Ltda,1/1
Coleta de Dados - UMMI,Impressão: 08/08/2025  9:23.09,Grupo:,TH-04-R,Equipamento:  1 - UMMI,Coleta:,04/08/2025 - 08:56,Registros:   Total: 2.864        Exibidos: 2.864,Data da Coleta:,04/08/2025,Exibição de Dados,Temperatura:,,Umidade:,,Datas:,,Medições,Data / Hora,Temperatura,Umidade,02/08/2025 - 04:55,"22,00","43,00",Betha Eletrônica Ltda,1/1
Coleta de Dados - UMMI,Impressão: 08/08/2025  9:23.09,Grupo:,TH-04-R,Equipamento:  1 - UMMI,Coleta:,04/08/2025 - 08:56,Registros:   Total: 2.864        Exibidos: 2.864,Data da Coleta:,04/08/2025,Exibição de Dados,Temperatura:,,Umidade:,,Datas:,,Medições,Data / Hora,Temperatura,Umidade,02/08/2025 - 05:00,"22,00","55,00",Betha Eletrônica Ltda,1/1
Coleta de Dados - UMMI,Impressão: 08/08/2025  9:23.09,Grupo:,TH-04-R,Equipamento:  1 - UMMI,Coleta:,04/08/2025 - 08:56,Registros:   Total: 2.864        Exibidos: 2.864,Data da Coleta:,04/08/2025,Exibição de Dados,Temperatura:,,Umidade:,,Datas:,,Medições,Data / Hora,Temperatura,Umidade,02/08/2025 - 05:05,"22,00","41,00",Betha Eletrônica Ltda,1/1
Coleta de Dados - UMMI,Impressão: 08/08/2025  9:23.09,Grupo:,TH-04-R,Equipamento:  1 - UMMI,Coleta:,04/08/2025 - 08:56,Registros:   Total: 2.864        Exibidos: 2.864,Data da Coleta:,04/08/2025,Exibição de Dados,Temperatura:,,Umidade:,,Datas:,,Medições,Data / Hora,Temperatura,Umidade,02/08/2025 - 05:10,"22,00","54,00",Betha Eletrônica Ltda,1/1
Coleta de Dados - UMMI,Impressão: 08/08/2025  9:23.09,Grupo:,TH-04-R,Equipamento:  1 - UMMI,Coleta:,04/08/2025 - 08:56,Registros:   Total: 2.864        Exibidos: 2.864,Data da Coleta:,04/08/2025,Exibição de Dados,Temperatura:,,Umidade:,,Datas:,,Medições,Data / Hora,Temperatura,Umidade,02/08/2025 - 05:15,"23,00","43,00",Betha Eletrônica Ltda,1/1
Coleta de Dados - UMMI,Impressão: 08/08/2025  9:23.09,Grupo:,TH-04-R,Equipamento:  1 - UMMI,Coleta:,04/08/2025 - 08:56,Registros:   Total: 2.864        Exibidos: 2.864,Data da Coleta:,04/08/2025,Exibição de Dados,Temperatura:,,Umidade:,,Datas:,,Medições,Data / Hora,Temperatura,Umidade,02/08/2025 - 05:20,"22,00","51,00",Betha Eletrônica Ltda,1/1
Coleta de Dados - UMMI,Impressão: 08/08/2025  9:23.09,Grupo:,TH-04-R,Equipamento:  1 - UMMI,Coleta:,04/08/2025 - 08:56,Registros:   Total: 2.864        Exibidos: 2.864,Data da Coleta:,04/08/2025,Exibição de Dados,Temperatura:,,Umidade:,,Datas:,,Medições,Data / Hora,Temperatura,Umidade,02/08/2025 - 05:25,"22,00","46,00",Betha Eletrônica Ltda,1/1
Coleta de Dados - UMMI,Impressão: 08/08/2025  9:23.09,Grupo:,TH-04-R,Equipamento:  1 - UMMI,Coleta:,04/08/2025 - 08:56,Registros:   Total: 2.864        Exibidos: 2.864,Data da Coleta:,04/08/2025,Exibição de Dados,Temperatura:,,Umidade:,,Datas:,,Medições,Data / Hora,Temperatura,Umidade,02/08/2025 - 05:30,"22,00","51,00",Betha Eletrônica Ltda,1/1
Coleta de Dados - UMMI,Impressão: 08/08/2025  9:23.09,Grupo:,TH-04-R,Equipamento:  1 - UMMI,Coleta:,04/08/2025 - 08:56,Registros:   Total: 2.864        Exibidos: 2.864,Data da Coleta:,04/08/2025,Exibição de Dados,Temperatura:,,Umidade:,,Datas:,,Medições,Data / Hora,Temperatura,Umidade,02/08/2025 - 05:35,"23,00","45,00",Betha Eletrônica Ltda,1/1
Coleta de Dados - UMMI,Impressão: 08/08/2025  9:23.09,Grupo:,TH-04-R,Equipamento:  1 - UMMI,Coleta:,04/08/2025 - 08:56,Registros:   Total: 2.864        Exibidos: 2.864,Data da Coleta:,04/08/2025,Exibição de Dados,Temperatura:,,Umidade:,,Datas:,,Medições,Data / Hora,Temperatura,Umidade,02/08/2025 - 05:40,"22,00","48,00",Betha Eletrônica Ltda,1/1
Coleta de Dados - UMMI,Impressão: 08/08/2025  9:23.09,Grupo:,TH-04-R,Equipamento:  1 - UMMI,Coleta:,04/08/2025 - 08:56,Registros:   Total: 2.864        Exibidos: 2.864,Data da Coleta:,04/08/2025,Exibição de Dados,Temperatura:,,Umidade:,,Datas:,,Medições,Data / Hora,Temperatura,Umidade,02/08/2025 - 05:45,"23,00","49,00",Betha Eletrônica Ltda,1/1
Coleta de Dados - UMMI,Impressão: 08/08/2025  9:23.09,Grupo:,TH-04-R,Equipamento:  1 - UMMI,Coleta:,04/08/2025 - 08:56,Registros:   Total: 2.864        Exibidos: 2.864,Data da Coleta:,04/08/2025,Exibição de Dados,Temperatura:,,Umidade:,,Datas:,,Medições,Data / Hora,Temperatura,Umidade,02/08/2025 - 05:50,"22,00","41,00",Betha Eletrônica Ltda,1/1
Coleta de Dados - UMMI,Impressão: 08/08/2025  9:23.09,Grupo:,TH-04-R,Equipamento:  1 - UMMI,Coleta:,04/08/2025 - 08:56,Registros:   Total: 2.864        Exibidos: 2.864,Data da Coleta:,04/08/2025,Exibição de Dados,Temperatura:,,Umidade:,,Datas:,,Medições,Data / Hora,Temperatura,Umidade,02/08/2025 - 05:55,"22,00","53,00",Betha Eletrônica Ltda,1/1
Coleta de Dados - UMMI,Impressão: 08/08/2025  9:23.09,Grupo:,TH-04-R,Equipamento:  1 - UMMI,Coleta:,04/08/2025 - 08:56,Registros:   Total: 2.864        Exibidos: 2.864,Data da Coleta:,04/08/2025,Exibição de Dados,Temperatura:,,Umidade:,,Datas:,,Medições,Data / Hora,Temperatura,Umidade,02/08/2025 - 06:00,"22,00","43,00",Betha Eletrônica Ltda,1/1
Coleta de Dados - UMMI,Impressão: 08/08/2025  9:23.09,Grupo:,TH-04-R,Equipamento:  1 - UMMI,Coleta:,04/08/2025 - 08:56,Registros:   Total: 2.864        Exibidos: 2.864,Data da Coleta:,04/08/2025,Exibição de Dados,Temperatura:,,Umidade:,,Datas:,,Medições,Data / Hora,Temperatura,Umidade,02/08/2025 - 06:05,"22,00","53,00",Betha Eletrônica Ltda,1/1
Coleta de Dados - UMMI,Impressão: 08/08/2025  9:23.09,Grupo:,TH-04-R,Equipamento:  1 - UMMI,Coleta:,04/08/2025 - 08:56,Registros:   Total: 2.864        Exibidos: 2.864,Data da Coleta:,04/08/2025,Exibição de Dados,Temperatura:,,Umidade:,,Datas:,,Medições,Data / Hora,Temperatura,Umidade,02/08/2025 - 06:10,"22,00","39,00",Betha Eletrônica Ltda,1/1
Coleta de Dados - UMMI,Impressão: 08/08/2025  9:23.09,Grupo:,TH-04-R,Equipamento:  1 - UMMI,Coleta:,04/08/2025 - 08:56,Registros:   Total: 2.864        Exibidos: 2.864,Data da Coleta:,04/08/2025,Exibição de Dados,Temperatura:,,Umidade:,,Datas:,,Medições,Data / Hora,Temperatura,Umidade,02/08/2025 - 06:15,"23,00","54,00",Betha Eletrônica Ltda,1/1
Coleta de Dados - UMMI,Impressão: 08/08/2025  9:23.09,Grupo:,TH-04-R,Equipamento:  1 - UMMI,Coleta:,04/08/2025 - 08:56,Registros:   Total: 2.864        Exibidos: 2.864,Data da Coleta:,04/08/2025,Exibição de Dados,Temperatura:,,Umidade:,,Datas:,,Medições,Data / Hora,Temperatura,Umidade,02/08/2025 - 06:20,"23,00","40,00",Betha Eletrônica Ltda,1/1
Coleta de Dados - UMMI,Impressão: 08/08/2025  9:23.09,Grupo:,TH-04-R,Equipamento:  1 - UMMI,Coleta:,04/08/2025 - 08:56,Registros:   Total: 2.864        Exibidos: 2.864,Data da Coleta:,04/08/2025,Exibição de Dados,Temperatura:,,Umidade:,,Datas:,,Medições,Data / Hora,Temperatura,Umidade,02/08/2025 - 06:25,"22,00","53,00",Betha Eletrônica Ltda,1/1
Coleta de Dados - UMMI,Impressão: 08/08/2025  9:23.09,Grupo:,TH-04-R,Equipamento:  1 - UMMI,Coleta:,04/08/2025 - 08:56,Registros:   Total: 2.864        Exibidos: 2.864,Data da Coleta:,04/08/2025,Exibição de Dados,Temperatura:,,Umidade:,,Datas:,,Medições,Data / Hora,Temperatura,Umidade,02/08/2025 - 06:30,"22,00","44,00",Betha Eletrônica Ltda,1/1
Coleta de Dados - UMMI,Impressão: 08/08/2025  9:23.09,Grupo:,TH-04-R,Equipamento:  1 - UMMI,Coleta:,04/08/2025 - 08:56,Registros:   Total: 2.864        Exibidos: 2.864,Data da Coleta:,04/08/2025,Exibição de Dados,Temperatura:,,Umidade:,,Datas:,,Medições,Data / Hora,Temperatura,Umidade,02/08/2025 - 06:35,"22,00","55,00",Betha Eletrônica Ltda,1/1
Coleta de Dados - UMMI,Impressão: 08/08/2025  9:23.09,Grupo:,TH-04-R,Equipamento:  1 - UMMI,Coleta:,04/08/2025 - 08:56,Registros:   Total: 2.864        Exibidos: 2.864,Data da Coleta:,04/08/2025,Exibição de Dados,Temperatura:,,Umidade:,,Datas:,,Medições,Data / Hora,Temperatura,Umidade,02/08/2025 - 06:40,"22,00","42,00",Betha Eletrônica Ltda,1/1
Coleta de Dados - UMMI,Impressão: 08/08/2025  9:23.09,Grupo:,TH-04-R,Equipamento:  1 - UMMI,Coleta:,04/08/2025 - 08:56,Registros:   Total: 2.864        Exibidos: 2.864,Data da Coleta:,04/08/2025,Exibição de Dados,Temperatura:,,Umidade:,,Datas:,,Medições,Data / Hora,Temperatura,Umidade,02/08/2025 - 06:45,"22,00","54,00",Betha Eletrônica Ltda,1/1
Coleta de Dados - UMMI,Impressão: 08/08/2025  9:23.09,Grupo:,TH-04-R,Equipamento:  1 - UMMI,Coleta:,04/08/2025 - 08:56,Registros:   Total: 2.864        Exibidos: 2.864,Data da Coleta:,04/08/2025,Exibição de Dados,Temperatura:,,Umidade:,,Datas:,,Medições,Data / Hora,Temperatura,Umidade,02/08/2025 - 06:50,"23,00","44,00",Betha Eletrônica Ltda,1/1
Coleta de Dados - UMMI,Impressão: 08/08/2025  9:23.09,Grupo:,TH-04-R,Equipamento:  1 - UMMI,Coleta:,04/08/2025 - 08:56,Registros:   Total: 2.864        Exibidos: 2.864,Data da Coleta:,04/08/2025,Exibição de Dados,Temperatura:,,Umidade:,,Datas:,,Medições,Data / Hora,Temperatura,Umidade,02/08/2025 - 06:55,"22,00","50,00",Betha Eletrônica Ltda,1/1
Coleta de Dados - UMMI,Impressão: 08/08/2025  9:23.09,Grupo:,TH-04-R,Equipamento:  1 - UMMI,Coleta:,04/08/2025 - 08:56,Registros:   Total: 2.864        Exibidos: 2.864,Data da Coleta:,04/08/2025,Exibição de Dados,Temperatura:,,Umidade:,,Datas:,,Medições,Data / Hora,Temperatura,Umidade,02/08/2025 - 07:00,"22,00","47,00",Betha Eletrônica Ltda,1/1
Coleta de Dados - UMMI,Impressão: 08/08/2025  9:23.09,Grupo:,TH-04-R,Equipamento:  1 - UMMI,Coleta:,04/08/2025 - 08:56,Registros:   Total: 2.864        Exibidos: 2.864,Data da Coleta:,04/08/2025,Exibição de Dados,Temperatura:,,Umidade:,,Datas:,,Medições,Data / Hora,Temperatura,Umidade,02/08/2025 - 07:05,"22,00","51,00",Betha Eletrônica Ltda,1/1
Coleta de Dados - UMMI,Impressão: 08/08/2025  9:23.09,Grupo:,TH-04-R,Equipamento:  1 - UMMI,Coleta:,04/08/2025 - 08:56,Registros:   Total: 2.864        Exibidos: 2.864,Data da Coleta:,04/08/2025,Exibição de Dados,Temperatura:,,Umidade:,,Datas:,,Medições,Data / Hora,Temperatura,Umidade,02/08/2025 - 07:10,"22,00","46,00",Betha Eletrônica Ltda,1/1
Coleta de Dados - UMMI,Impressão: 08/08/2025  9:23.09,Grupo:,TH-04-R,Equipamento:  1 - UMMI,Coleta:,04/08/2025 - 08:56,Registros:   Total: 2.864        Exibidos: 2.864,Data da Coleta:,04/08/2025,Exibição de Dados,Temperatura:,,Umidade:,,Datas:,,Medições,Data / Hora,Temperatura,Umidade,02/08/2025 - 07:15,"22,00","47,00",Betha Eletrônica Ltda,1/1
Coleta de Dados - UMMI,Impressão: 08/08/2025  9:23.09,Grupo:,TH-04-R,Equipamento:  1 - UMMI,Coleta:,04/08/2025 - 08:56,Registros:   Total: 2.864        Exibidos: 2.864,Data da Coleta:,04/08/2025,Exibição de Dados,Temperatura:,,Umidade:,,Datas:,,Medições,Data / Hora,Temperatura,Umidade,02/08/2025 - 07:20,"23,00","50,00",Betha Eletrônica Ltda,1/1
Coleta de Dados - UMMI,Impressão: 08/08/2025  9:23.09,Grupo:,TH-04-R,Equipamento:  1 - UMMI,Coleta:,04/08/2025 - 08:56,Registros:   Total: 2.864        Exibidos: 2.864,Data da Coleta:,04/08/2025,Exibição de Dados,Temperatura:,,Umidade:,,Datas:,,Medições,Data / Hora,Temperatura,Umidade,02/08/2025 - 07:25,"23,00","41,00",Betha Eletrônica Ltda,1/1
Coleta de Dados - UMMI,Impressão: 08/08/2025  9:23.09,Grupo:,TH-04-R,Equipamento:  1 - UMMI,Coleta:,04/08/2025 - 08:56,Registros:   Total: 2.864        Exibidos: 2.864,Data da Coleta:,04/08/2025,Exibição de Dados,Temperatura:,,Umidade:,,Datas:,,Medições,Data / Hora,Temperatura,Umidade,02/08/2025 - 07:30,"23,00","53,00",Betha Eletrônica Ltda,1/1
Coleta de Dados - UMMI,Impressão: 08/08/2025  9:23.09,Grupo:,TH-04-R,Equipamento:  1 - UMMI,Coleta:,04/08/2025 - 08:56,Registros:   Total: 2.864        Exibidos: 2.864,Data da Coleta:,04/08/2025,Exibição de Dados,Temperatura:,,Umidade:,,Datas:,,Medições,Data / Hora,Temperatura,Umidade,02/08/2025 - 07:35,"22,00","43,00",Betha Eletrônica Ltda,1/1
Coleta de Dados - UMMI,Impressão: 08/08/2025  9:23.09,Grupo:,TH-04-R,Equipamento:  1 - UMMI,Coleta:,04/08/2025 - 08:56,Registros:   Total: 2.864        Exibidos: 2.864,Data da Coleta:,04/08/2025,Exibição de Dados,Temperatura:,,Umidade:,,Datas:,,Medições,Data / Hora,Temperatura,Umidade,02/08/2025 - 07:40,"22,00","53,00",Betha Eletrônica Ltda,1/1
Coleta de Dados - UMMI,Impressão: 08/08/2025  9:23.09,Grupo:,TH-04-R,Equipamento:  1 - UMMI,Coleta:,04/08/2025 - 08:56,Registros:   Total: 2.864        Exibidos: 2.864,Data da Coleta:,04/08/2025,Exibição de Dados,Temperatura:,,Umidade:,,Datas:,,Medições,Data / Hora,Temperatura,Umidade,02/08/2025 - 07:45,"22,00","39,00",Betha Eletrônica Ltda,1/1
Coleta de Dados - UMMI,Impressão: 08/08/2025  9:23.09,Grupo:,TH-04-R,Equipamento:  1 - UMMI,Coleta:,04/08/2025 - 08:56,Registros:   Total: 2.864        Exibidos: 2.864,Data da Coleta:,04/08/2025,Exibição de Dados,Temperatura:,,Umidade:,,Datas:,,Medições,Data / Hora,Temperatura,Umidade,02/08/2025 - 07:50,"23,00","54,00",Betha Eletrônica Ltda,1/1
Coleta de Dados - UMMI,Impressão: 08/08/2025  9:23.09,Grupo:,TH-04-R,Equipamento:  1 - UMMI,Coleta:,04/08/2025 - 08:56,Registros:   Total: 2.864        Exibidos: 2.864,Data da Coleta:,04/08/2025,Exibição de Dados,Temperatura:,,Umidade:,,Datas:,,Medições,Data / Hora,Temperatura,Umidade,02/08/2025 - 07:55,"23,00","41,00",Betha Eletrônica Ltda,1/1
Coleta de Dados - UMMI,Impressão: 08/08/2025  9:23.09,Grupo:,TH-04-R,Equipamento:  1 - UMMI,Coleta:,04/08/2025 - 08:56,Registros:   Total: 2.864        Exibidos: 2.864,Data da Coleta:,04/08/2025,Exibição de Dados,Temperatura:,,Umidade:,,Datas:,,Medições,Data / Hora,Temperatura,Umidade,02/08/2025 - 08:00,"22,00","53,00",Betha Eletrônica Ltda,1/1
Coleta de Dados - UMMI,Impressão: 08/08/2025  9:23.09,Grupo:,TH-04-R,Equipamento:  1 - UMMI,Coleta:,04/08/2025 - 08:56,Registros:   Total: 2.864        Exibidos: 2.864,Data da Coleta:,04/08/2025,Exibição de Dados,Temperatura:,,Umidade:,,Datas:,,Medições,Data / Hora,Temperatura,Umidade,02/08/2025 - 08:05,"22,00","43,00",Betha Eletrônica Ltda,1/1
Coleta de Dados - UMMI,Impressão: 08/08/2025  9:23.09,Grupo:,TH-04-R,Equipamento:  1 - UMMI,Coleta:,04/08/2025 - 08:56,Registros:   Total: 2.864        Exibidos: 2.864,Data da Coleta:,04/08/2025,Exibição de Dados,Temperatura:,,Umidade:,,Datas:,,Medições,Data / Hora,Temperatura,Umidade,02/08/2025 - 08:10,"22,00","55,00",Betha Eletrônica Ltda,1/1
Coleta de Dados - UMMI,Impressão: 08/08/2025  9:23.09,Grupo:,TH-04-R,Equipamento:  1 - UMMI,Coleta:,04/08/2025 - 08:56,Registros:   Total: 2.864        Exibidos: 2.864,Data da Coleta:,04/08/2025,Exibição de Dados,Temperatura:,,Umidade:,,Datas:,,Medições,Data / Hora,Temperatura,Umidade,02/08/2025 - 08:15,"22,00","42,00",Betha Eletrônica Ltda,1/1
Coleta de Dados - UMMI,Impressão: 08/08/2025  9:23.09,Grupo:,TH-04-R,Equipamento:  1 - UMMI,Coleta:,04/08/2025 - 08:56,Registros:   Total: 2.864        Exibidos: 2.864,Data da Coleta:,04/08/2025,Exibição de Dados,Temperatura:,,Umidade:,,Datas:,,Medições,Data / Hora,Temperatura,Umidade,02/08/2025 - 08:20,"22,00","54,00",Betha Eletrônica Ltda,1/1
Coleta de Dados - UMMI,Impressão: 08/08/2025  9:23.09,Grupo:,TH-04-R,Equipamento:  1 - UMMI,Coleta:,04/08/2025 - 08:56,Registros:   Total: 2.864        Exibidos: 2.864,Data da Coleta:,04/08/2025,Exibição de Dados,Temperatura:,,Umidade:,,Datas:,,Medições,Data / Hora,Temperatura,Umidade,02/08/2025 - 08:25,"23,00","44,00",Betha Eletrônica Ltda,1/1
Coleta de Dados - UMMI,Impressão: 08/08/2025  9:23.09,Grupo:,TH-04-R,Equipamento:  1 - UMMI,Coleta:,04/08/2025 - 08:56,Registros:   Total: 2.864        Exibidos: 2.864,Data da Coleta:,04/08/2025,Exibição de Dados,Temperatura:,,Umidade:,,Datas:,,Medições,Data / Hora,Temperatura,Umidade,02/08/2025 - 08:30,"22,00","49,00",Betha Eletrônica Ltda,1/1
Coleta de Dados - UMMI,Impressão: 08/08/2025  9:23.09,Grupo:,TH-04-R,Equipamento:  1 - UMMI,Coleta:,04/08/2025 - 08:56,Registros:   Total: 2.864        Exibidos: 2.864,Data da Coleta:,04/08/2025,Exibição de Dados,Temperatura:,,Umidade:,,Datas:,,Medições,Data / Hora,Temperatura,Umidade,02/08/2025 - 08:35,"22,00","48,00",Betha Eletrônica Ltda,1/1
Coleta de Dados - UMMI,Impressão: 08/08/2025  9:23.09,Grupo:,TH-04-R,Equipamento:  1 - UMMI,Coleta:,04/08/2025 - 08:56,Registros:   Total: 2.864        Exibidos: 2.864,Data da Coleta:,04/08/2025,Exibição de Dados,Temperatura:,,Umidade:,,Datas:,,Medições,Data / Hora,Temperatura,Umidade,02/08/2025 - 08:40,"22,00","50,00",Betha Eletrônica Ltda,1/1
Coleta de Dados - UMMI,Impressão: 08/08/2025  9:23.09,Grupo:,TH-04-R,Equipamento:  1 - UMMI,Coleta:,04/08/2025 - 08:56,Registros:   Total: 2.864        Exibidos: 2.864,Data da Coleta:,04/08/2025,Exibição de Dados,Temperatura:,,Umidade:,,Datas:,,Medições,Data / Hora,Temperatura,Umidade,02/08/2025 - 08:45,"22,00","47,00",Betha Eletrônica Ltda,1/1
Coleta de Dados - UMMI,Impressão: 08/08/2025  9:23.09,Grupo:,TH-04-R,Equipamento:  1 - UMMI,Coleta:,04/08/2025 - 08:56,Registros:   Total: 2.864        Exibidos: 2.864,Data da Coleta:,04/08/2025,Exibição de Dados,Temperatura:,,Umidade:,,Datas:,,Medições,Data / Hora,Temperatura,Umidade,02/08/2025 - 08:50,"22,00","44,00",Betha Eletrônica Ltda,1/1
Coleta de Dados - UMMI,Impressão: 08/08/2025  9:23.09,Grupo:,TH-04-R,Equipamento:  1 - UMMI,Coleta:,04/08/2025 - 08:56,Registros:   Total: 2.864        Exibidos: 2.864,Data da Coleta:,04/08/2025,Exibição de Dados,Temperatura:,,Umidade:,,Datas:,,Medições,Data / Hora,Temperatura,Umidade,02/08/2025 - 08:55,"23,00","51,00",Betha Eletrônica Ltda,1/1
Coleta de Dados - UMMI,Impressão: 08/08/2025  9:23.09,Grupo:,TH-04-R,Equipamento:  1 - UMMI,Coleta:,04/08/2025 - 08:56,Registros:   Total: 2.864        Exibidos: 2.864,Data da Coleta:,04/08/2025,Exibição de Dados,Temperatura:,,Umidade:,,Datas:,,Medições,Data / Hora,Temperatura,Umidade,02/08/2025 - 09:00,"22,00","40,00",Betha Eletrônica Ltda,1/1
Coleta de Dados - UMMI,Impressão: 08/08/2025  9:23.09,Grupo:,TH-04-R,Equipamento:  1 - UMMI,Coleta:,04/08/2025 - 08:56,Registros:   Total: 2.864        Exibidos: 2.864,Data da Coleta:,04/08/2025,Exibição de Dados,Temperatura:,,Umidade:,,Datas:,,Medições,Data / Hora,Temperatura,Umidade,02/08/2025 - 09:05,"23,00","54,00",Betha Eletrônica Ltda,1/1
Coleta de Dados - UMMI,Impressão: 08/08/2025  9:23.09,Grupo:,TH-04-R,Equipamento:  1 - UMMI,Coleta:,04/08/2025 - 08:56,Registros:   Total: 2.864        Exibidos: 2.864,Data da Coleta:,04/08/2025,Exibição de Dados,Temperatura:,,Umidade:,,Datas:,,Medições,Data / Hora,Temperatura,Umidade,02/08/2025 - 09:10,"22,00","40,00",Betha Eletrônica Ltda,1/1
Coleta de Dados - UMMI,Impressão: 08/08/2025  9:23.09,Grupo:,TH-04-R,Equipamento:  1 - UMMI,Coleta:,04/08/2025 - 08:56,Registros:   Total: 2.864        Exibidos: 2.864,Data da Coleta:,04/08/2025,Exibição de Dados,Temperatura:,,Umidade:,,Datas:,,Medições,Data / Hora,Temperatura,Umidade,02/08/2025 - 09:15,"22,00","55,00",Betha Eletrônica Ltda,1/1
Coleta de Dados - UMMI,Impressão: 08/08/2025  9:23.09,Grupo:,TH-04-R,Equipamento:  1 - UMMI,Coleta:,04/08/2025 - 08:56,Registros:   Total: 2.864        Exibidos: 2.864,Data da Coleta:,04/08/2025,Exibição de Dados,Temperatura:,,Umidade:,,Datas:,,Medições,Data / Hora,Temperatura,Umidade,02/08/2025 - 09:20,"23,00","41,00",Betha Eletrônica Ltda,1/1
Coleta de Dados - UMMI,Impressão: 08/08/2025  9:23.09,Grupo:,TH-04-R,Equipamento:  1 - UMMI,Coleta:,04/08/2025 - 08:56,Registros:   Total: 2.864        Exibidos: 2.864,Data da Coleta:,04/08/2025,Exibição de Dados,Temperatura:,,Umidade:,,Datas:,,Medições,Data / Hora,Temperatura,Umidade,02/08/2025 - 09:25,"23,00","54,00",Betha Eletrônica Ltda,1/1
Coleta de Dados - UMMI,Impressão: 08/08/2025  9:23.09,Grupo:,TH-04-R,Equipamento:  1 - UMMI,Coleta:,04/08/2025 - 08:56,Registros:   Total: 2.864        Exibidos: 2.864,Data da Coleta:,04/08/2025,Exibição de Dados,Temperatura:,,Umidade:,,Datas:,,Medições,Data / Hora,Temperatura,Umidade,02/08/2025 - 09:30,"23,00","43,00",Betha Eletrônica Ltda,1/1
Coleta de Dados - UMMI,Impressão: 08/08/2025  9:23.09,Grupo:,TH-04-R,Equipamento:  1 - UMMI,Coleta:,04/08/2025 - 08:56,Registros:   Total: 2.864        Exibidos: 2.864,Data da Coleta:,04/08/2025,Exibição de Dados,Temperatura:,,Umidade:,,Datas:,,Medições,Data / Hora,Temperatura,Umidade,02/08/2025 - 09:35,"22,00","50,00",Betha Eletrônica Ltda,1/1
Coleta de Dados - UMMI,Impressão: 08/08/2025  9:23.09,Grupo:,TH-04-R,Equipamento:  1 - UMMI,Coleta:,04/08/2025 - 08:56,Registros:   Total: 2.864        Exibidos: 2.864,Data da Coleta:,04/08/2025,Exibição de Dados,Temperatura:,,Umidade:,,Datas:,,Medições,Data / Hora,Temperatura,Umidade,02/08/2025 - 09:40,"22,00","46,00",Betha Eletrônica Ltda,1/1
Coleta de Dados - UMMI,Impressão: 08/08/2025  9:23.09,Grupo:,TH-04-R,Equipamento:  1 - UMMI,Coleta:,04/08/2025 - 08:56,Registros:   Total: 2.864        Exibidos: 2.864,Data da Coleta:,04/08/2025,Exibição de Dados,Temperatura:,,Umidade:,,Datas:,,Medições,Data / Hora,Temperatura,Umidade,02/08/2025 - 09:45,"22,00","52,00",Betha Eletrônica Ltda,1/1
Coleta de Dados - UMMI,Impressão: 08/08/2025  9:23.09,Grupo:,TH-04-R,Equipamento:  1 - UMMI,Coleta:,04/08/2025 - 08:56,Registros:   Total: 2.864        Exibidos: 2.864,Data da Coleta:,04/08/2025,Exibição de Dados,Temperatura:,,Umidade:,,Datas:,,Medições,Data / Hora,Temperatura,Umidade,02/08/2025 - 09:50,"22,00","44,00",Betha Eletrônica Ltda,1/1
Coleta de Dados - UMMI,Impressão: 08/08/2025  9:23.09,Grupo:,TH-04-R,Equipamento:  1 - UMMI,Coleta:,04/08/2025 - 08:56,Registros:   Total: 2.864        Exibidos: 2.864,Data da Coleta:,04/08/2025,Exibição de Dados,Temperatura:,,Umidade:,,Datas:,,Medições,Data / Hora,Temperatura,Umidade,02/08/2025 - 09:55,"22,00","50,00",Betha Eletrônica Ltda,1/1
Coleta de Dados - UMMI,Impressão: 08/08/2025  9:23.09,Grupo:,TH-04-R,Equipamento:  1 - UMMI,Coleta:,04/08/2025 - 08:56,Registros:   Total: 2.864        Exibidos: 2.864,Data da Coleta:,04/08/2025,Exibição de Dados,Temperatura:,,Umidade:,,Datas:,,Medições,Data / Hora,Temperatura,Umidade,02/08/2025 - 10:00,"23,00","46,00",Betha Eletrônica Ltda,1/1
Coleta de Dados - UMMI,Impressão: 08/08/2025  9:23.09,Grupo:,TH-04-R,Equipamento:  1 - UMMI,Coleta:,04/08/2025 - 08:56,Registros:   Total: 2.864        Exibidos: 2.864,Data da Coleta:,04/08/2025,Exibição de Dados,Temperatura:,,Umidade:,,Datas:,,Medições,Data / Hora,Temperatura,Umidade,02/08/2025 - 10:05,"22,00","46,00",Betha Eletrônica Ltda,1/1
Coleta de Dados - UMMI,Impressão: 08/08/2025  9:23.09,Grupo:,TH-04-R,Equipamento:  1 - UMMI,Coleta:,04/08/2025 - 08:56,Registros:   Total: 2.864        Exibidos: 2.864,Data da Coleta:,04/08/2025,Exibição de Dados,Temperatura:,,Umidade:,,Datas:,,Medições,Data / Hora,Temperatura,Umidade,02/08/2025 - 10:10,"22,00","49,00",Betha Eletrônica Ltda,1/1
Coleta de Dados - UMMI,Impressão: 08/08/2025  9:23.09,Grupo:,TH-04-R,Equipamento:  1 - UMMI,Coleta:,04/08/2025 - 08:56,Registros:   Total: 2.864        Exibidos: 2.864,Data da Coleta:,04/08/2025,Exibição de Dados,Temperatura:,,Umidade:,,Datas:,,Medições,Data / Hora,Temperatura,Umidade,02/08/2025 - 10:15,"22,00","47,00",Betha Eletrônica Ltda,1/1
Coleta de Dados - UMMI,Impressão: 08/08/2025  9:23.09,Grupo:,TH-04-R,Equipamento:  1 - UMMI,Coleta:,04/08/2025 - 08:56,Registros:   Total: 2.864        Exibidos: 2.864,Data da Coleta:,04/08/2025,Exibição de Dados,Temperatura:,,Umidade:,,Datas:,,Medições,Data / Hora,Temperatura,Umidade,02/08/2025 - 10:20,"22,00","47,00",Betha Eletrônica Ltda,1/1
Coleta de Dados - UMMI,Impressão: 08/08/2025  9:23.09,Grupo:,TH-04-R,Equipamento:  1 - UMMI,Coleta:,04/08/2025 - 08:56,Registros:   Total: 2.864        Exibidos: 2.864,Data da Coleta:,04/08/2025,Exibição de Dados,Temperatura:,,Umidade:,,Datas:,,Medições,Data / Hora,Temperatura,Umidade,02/08/2025 - 10:25,"22,00","44,00",Betha Eletrônica Ltda,1/1
Coleta de Dados - UMMI,Impressão: 08/08/2025  9:23.09,Grupo:,TH-04-R,Equipamento:  1 - UMMI,Coleta:,04/08/2025 - 08:56,Registros:   Total: 2.864        Exibidos: 2.864,Data da Coleta:,04/08/2025,Exibição de Dados,Temperatura:,,Umidade:,,Datas:,,Medições,Data / Hora,Temperatura,Umidade,02/08/2025 - 10:30,"23,00","50,00",Betha Eletrônica Ltda,1/1
Coleta de Dados - UMMI,Impressão: 08/08/2025  9:23.09,Grupo:,TH-04-R,Equipamento:  1 - UMMI,Coleta:,04/08/2025 - 08:56,Registros:   Total: 2.864        Exibidos: 2.864,Data da Coleta:,04/08/2025,Exibição de Dados,Temperatura:,,Umidade:,,Datas:,,Medições,Data / Hora,Temperatura,Umidade,02/08/2025 - 10:35,"23,00","40,00",Betha Eletrônica Ltda,1/1
Coleta de Dados - UMMI,Impressão: 08/08/2025  9:23.09,Grupo:,TH-04-R,Equipamento:  1 - UMMI,Coleta:,04/08/2025 - 08:56,Registros:   Total: 2.864        Exibidos: 2.864,Data da Coleta:,04/08/2025,Exibição de Dados,Temperatura:,,Umidade:,,Datas:,,Medições,Data / Hora,Temperatura,Umidade,02/08/2025 - 10:40,"22,00","52,00",Betha Eletrônica Ltda,1/1
Coleta de Dados - UMMI,Impressão: 08/08/2025  9:23.09,Grupo:,TH-04-R,Equipamento:  1 - UMMI,Coleta:,04/08/2025 - 08:56,Registros:   Total: 2.864        Exibidos: 2.864,Data da Coleta:,04/08/2025,Exibição de Dados,Temperatura:,,Umidade:,,Datas:,,Medições,Data / Hora,Temperatura,Umidade,02/08/2025 - 10:45,"22,00","46,00",Betha Eletrônica Ltda,1/1
Coleta de Dados - UMMI,Impressão: 08/08/2025  9:23.09,Grupo:,TH-04-R,Equipamento:  1 - UMMI,Coleta:,04/08/2025 - 08:56,Registros:   Total: 2.864        Exibidos: 2.864,Data da Coleta:,04/08/2025,Exibição de Dados,Temperatura:,,Umidade:,,Datas:,,Medições,Data / Hora,Temperatura,Umidade,02/08/2025 - 10:50,"22,00","46,00",Betha Eletrônica Ltda,1/1
Coleta de Dados - UMMI,Impressão: 08/08/2025  9:23.09,Grupo:,TH-04-R,Equipamento:  1 - UMMI,Coleta:,04/08/2025 - 08:56,Registros:   Total: 2.864        Exibidos: 2.864,Data da Coleta:,04/08/2025,Exibição de Dados,Temperatura:,,Umidade:,,Datas:,,Medições,Data / Hora,Temperatura,Umidade,02/08/2025 - 10:55,"22,00","45,00",Betha Eletrônica Ltda,1/1
Coleta de Dados - UMMI,Impressão: 08/08/2025  9:23.09,Grupo:,TH-04-R,Equipamento:  1 - UMMI,Coleta:,04/08/2025 - 08:56,Registros:   Total: 2.864        Exibidos: 2.864,Data da Coleta:,04/08/2025,Exibição de Dados,Temperatura:,,Umidade:,,Datas:,,Medições,Data / Hora,Temperatura,Umidade,02/08/2025 - 11:00,"23,00","49,00",Betha Eletrônica Ltda,1/1
Coleta de Dados - UMMI,Impressão: 08/08/2025  9:23.09,Grupo:,TH-04-R,Equipamento:  1 - UMMI,Coleta:,04/08/2025 - 08:56,Registros:   Total: 2.864        Exibidos: 2.864,Data da Coleta:,04/08/2025,Exibição de Dados,Temperatura:,,Umidade:,,Datas:,,Medições,Data / Hora,Temperatura,Umidade,02/08/2025 - 11:05,"23,00","41,00",Betha Eletrônica Ltda,1/1
Coleta de Dados - UMMI,Impressão: 08/08/2025  9:23.09,Grupo:,TH-04-R,Equipamento:  1 - UMMI,Coleta:,04/08/2025 - 08:56,Registros:   Total: 2.864        Exibidos: 2.864,Data da Coleta:,04/08/2025,Exibição de Dados,Temperatura:,,Umidade:,,Datas:,,Medições,Data / Hora,Temperatura,Umidade,02/08/2025 - 11:10,"23,00","50,00",Betha Eletrônica Ltda,1/1
Coleta de Dados - UMMI,Impressão: 08/08/2025  9:23.09,Grupo:,TH-04-R,Equipamento:  1 - UMMI,Coleta:,04/08/2025 - 08:56,Registros:   Total: 2.864        Exibidos: 2.864,Data da Coleta:,04/08/2025,Exibição de Dados,Temperatura:,,Umidade:,,Datas:,,Medições,Data / Hora,Temperatura,Umidade,02/08/2025 - 11:15,"22,00","47,00",Betha Eletrônica Ltda,1/1
Coleta de Dados - UMMI,Impressão: 08/08/2025  9:23.09,Grupo:,TH-04-R,Equipamento:  1 - UMMI,Coleta:,04/08/2025 - 08:56,Registros:   Total: 2.864        Exibidos: 2.864,Data da Coleta:,04/08/2025,Exibição de Dados,Temperatura:,,Umidade:,,Datas:,,Medições,Data / Hora,Temperatura,Umidade,02/08/2025 - 11:20,"22,00","44,00",Betha Eletrônica Ltda,1/1
Coleta de Dados - UMMI,Impressão: 08/08/2025  9:23.09,Grupo:,TH-04-R,Equipamento:  1 - UMMI,Coleta:,04/08/2025 - 08:56,Registros:   Total: 2.864        Exibidos: 2.864,Data da Coleta:,04/08/2025,Exibição de Dados,Temperatura:,,Umidade:,,Datas:,,Medições,Data / Hora,Temperatura,Umidade,02/08/2025 - 11:25,"22,00","48,00",Betha Eletrônica Ltda,1/1
Coleta de Dados - UMMI,Impressão: 08/08/2025  9:23.09,Grupo:,TH-04-R,Equipamento:  1 - UMMI,Coleta:,04/08/2025 - 08:56,Registros:   Total: 2.864        Exibidos: 2.864,Data da Coleta:,04/08/2025,Exibição de Dados,Temperatura:,,Umidade:,,Datas:,,Medições,Data / Hora,Temperatura,Umidade,02/08/2025 - 11:30,"23,00","46,00",Betha Eletrônica Ltda,1/1
Coleta de Dados - UMMI,Impressão: 08/08/2025  9:23.09,Grupo:,TH-04-R,Equipamento:  1 - UMMI,Coleta:,04/08/2025 - 08:56,Registros:   Total: 2.864        Exibidos: 2.864,Data da Coleta:,04/08/2025,Exibição de Dados,Temperatura:,,Umidade:,,Datas:,,Medições,Data / Hora,Temperatura,Umidade,02/08/2025 - 11:35,"23,00","45,00",Betha Eletrônica Ltda,1/1
Coleta de Dados - UMMI,Impressão: 08/08/2025  9:23.09,Grupo:,TH-04-R,Equipamento:  1 - UMMI,Coleta:,04/08/2025 - 08:56,Registros:   Total: 2.864        Exibidos: 2.864,Data da Coleta:,04/08/2025,Exibição de Dados,Temperatura:,,Umidade:,,Datas:,,Medições,Data / Hora,Temperatura,Umidade,02/08/2025 - 11:40,"23,00","46,00",Betha Eletrônica Ltda,1/1
Coleta de Dados - UMMI,Impressão: 08/08/2025  9:23.09,Grupo:,TH-04-R,Equipamento:  1 - UMMI,Coleta:,04/08/2025 - 08:56,Registros:   Total: 2.864        Exibidos: 2.864,Data da Coleta:,04/08/2025,Exibição de Dados,Temperatura:,,Umidade:,,Datas:,,Medições,Data / Hora,Temperatura,Umidade,02/08/2025 - 11:45,"22,00","51,00",Betha Eletrônica Ltda,1/1
Coleta de Dados - UMMI,Impressão: 08/08/2025  9:23.09,Grupo:,TH-04-R,Equipamento:  1 - UMMI,Coleta:,04/08/2025 - 08:56,Registros:   Total: 2.864        Exibidos: 2.864,Data da Coleta:,04/08/2025,Exibição de Dados,Temperatura:,,Umidade:,,Datas:,,Medições,Data / Hora,Temperatura,Umidade,02/08/2025 - 11:50,"22,00","41,00",Betha Eletrônica Ltda,1/1
Coleta de Dados - UMMI,Impressão: 08/08/2025  9:23.09,Grupo:,TH-04-R,Equipamento:  1 - UMMI,Coleta:,04/08/2025 - 08:56,Registros:   Total: 2.864        Exibidos: 2.864,Data da Coleta:,04/08/2025,Exibição de Dados,Temperatura:,,Umidade:,,Datas:,,Medições,Data / Hora,Temperatura,Umidade,02/08/2025 - 11:55,"23,00","53,00",Betha Eletrônica Ltda,1/1
Coleta de Dados - UMMI,Impressão: 08/08/2025  9:23.09,Grupo:,TH-04-R,Equipamento:  1 - UMMI,Coleta:,04/08/2025 - 08:56,Registros:   Total: 2.864        Exibidos: 2.864,Data da Coleta:,04/08/2025,Exibição de Dados,Temperatura:,,Umidade:,,Datas:,,Medições,Data / Hora,Temperatura,Umidade,02/08/2025 - 12:00,"23,00","42,00",Betha Eletrônica Ltda,1/1
Coleta de Dados - UMMI,Impressão: 08/08/2025  9:23.09,Grupo:,TH-04-R,Equipamento:  1 - UMMI,Coleta:,04/08/2025 - 08:56,Registros:   Total: 2.864        Exibidos: 2.864,Data da Coleta:,04/08/2025,Exibição de Dados,Temperatura:,,Umidade:,,Datas:,,Medições,Data / Hora,Temperatura,Umidade,02/08/2025 - 12:05,"23,00","51,00",Betha Eletrônica Ltda,1/1
Coleta de Dados - UMMI,Impressão: 08/08/2025  9:23.09,Grupo:,TH-04-R,Equipamento:  1 - UMMI,Coleta:,04/08/2025 - 08:56,Registros:   Total: 2.864        Exibidos: 2.864,Data da Coleta:,04/08/2025,Exibição de Dados,Temperatura:,,Umidade:,,Datas:,,Medições,Data / Hora,Temperatura,Umidade,02/08/2025 - 12:10,"22,00","43,00",Betha Eletrônica Ltda,1/1
Coleta de Dados - UMMI,Impressão: 08/08/2025  9:23.09,Grupo:,TH-04-R,Equipamento:  1 - UMMI,Coleta:,04/08/2025 - 08:56,Registros:   Total: 2.864        Exibidos: 2.864,Data da Coleta:,04/08/2025,Exibição de Dados,Temperatura:,,Umidade:,,Datas:,,Medições,Data / Hora,Temperatura,Umidade,02/08/2025 - 12:15,"22,00","49,00",Betha Eletrônica Ltda,1/1
Coleta de Dados - UMMI,Impressão: 08/08/2025  9:23.09,Grupo:,TH-04-R,Equipamento:  1 - UMMI,Coleta:,04/08/2025 - 08:56,Registros:   Total: 2.864        Exibidos: 2.864,Data da Coleta:,04/08/2025,Exibição de Dados,Temperatura:,,Umidade:,,Datas:,,Medições,Data / Hora,Temperatura,Umidade,02/08/2025 - 12:20,"22,00","47,00",Betha Eletrônica Ltda,1/1
Coleta de Dados - UMMI,Impressão: 08/08/2025  9:23.09,Grupo:,TH-04-R,Equipamento:  1 - UMMI,Coleta:,04/08/2025 - 08:56,Registros:   Total: 2.864        Exibidos: 2.864,Data da Coleta:,04/08/2025,Exibição de Dados,Temperatura:,,Umidade:,,Datas:,,Medições,Data / Hora,Temperatura,Umidade,02/08/2025 - 12:25,"23,00","45,00",Betha Eletrônica Ltda,1/1
Coleta de Dados - UMMI,Impressão: 08/08/2025  9:23.09,Grupo:,TH-04-R,Equipamento:  1 - UMMI,Coleta:,04/08/2025 - 08:56,Registros:   Total: 2.864        Exibidos: 2.864,Data da Coleta:,04/08/2025,Exibição de Dados,Temperatura:,,Umidade:,,Datas:,,Medições,Data / Hora,Temperatura,Umidade,02/08/2025 - 12:30,"23,00","44,00",Betha Eletrônica Ltda,1/1
Coleta de Dados - UMMI,Impressão: 08/08/2025  9:23.09,Grupo:,TH-04-R,Equipamento:  1 - UMMI,Coleta:,04/08/2025 - 08:56,Registros:   Total: 2.864        Exibidos: 2.864,Data da Coleta:,04/08/2025,Exibição de Dados,Temperatura:,,Umidade:,,Datas:,,Medições,Data / Hora,Temperatura,Umidade,02/08/2025 - 12:35,"23,00","47,00",Betha Eletrônica Ltda,1/1
Coleta de Dados - UMMI,Impressão: 08/08/2025  9:23.09,Grupo:,TH-04-R,Equipamento:  1 - UMMI,Coleta:,04/08/2025 - 08:56,Registros:   Total: 2.864        Exibidos: 2.864,Data da Coleta:,04/08/2025,Exibição de Dados,Temperatura:,,Umidade:,,Datas:,,Medições,Data / Hora,Temperatura,Umidade,02/08/2025 - 12:40,"22,00","49,00",Betha Eletrônica Ltda,1/1
Coleta de Dados - UMMI,Impressão: 08/08/2025  9:23.09,Grupo:,TH-04-R,Equipamento:  1 - UMMI,Coleta:,04/08/2025 - 08:56,Registros:   Total: 2.864        Exibidos: 2.864,Data da Coleta:,04/08/2025,Exibição de Dados,Temperatura:,,Umidade:,,Datas:,,Medições,Data / Hora,Temperatura,Umidade,02/08/2025 - 12:45,"22,00","40,00",Betha Eletrônica Ltda,1/1
Coleta de Dados - UMMI,Impressão: 08/08/2025  9:23.09,Grupo:,TH-04-R,Equipamento:  1 - UMMI,Coleta:,04/08/2025 - 08:56,Registros:   Total: 2.864        Exibidos: 2.864,Data da Coleta:,04/08/2025,Exibição de Dados,Temperatura:,,Umidade:,,Datas:,,Medições,Data / Hora,Temperatura,Umidade,02/08/2025 - 12:50,"23,00","50,00",Betha Eletrônica Ltda,1/1
Coleta de Dados - UMMI,Impressão: 08/08/2025  9:23.09,Grupo:,TH-04-R,Equipamento:  1 - UMMI,Coleta:,04/08/2025 - 08:56,Registros:   Total: 2.864        Exibidos: 2.864,Data da Coleta:,04/08/2025,Exibição de Dados,Temperatura:,,Umidade:,,Datas:,,Medições,Data / Hora,Temperatura,Umidade,02/08/2025 - 12:55,"23,00","40,00",Betha Eletrônica Ltda,1/1
Coleta de Dados - UMMI,Impressão: 08/08/2025  9:23.09,Grupo:,TH-04-R,Equipamento:  1 - UMMI,Coleta:,04/08/2025 - 08:56,Registros:   Total: 2.864        Exibidos: 2.864,Data da Coleta:,04/08/2025,Exibição de Dados,Temperatura:,,Umidade:,,Datas:,,Medições,Data / Hora,Temperatura,Umidade,02/08/2025 - 13:00,"23,00","48,00",Betha Eletrônica Ltda,1/1
Coleta de Dados - UMMI,Impressão: 08/08/2025  9:23.09,Grupo:,TH-04-R,Equipamento:  1 - UMMI,Coleta:,04/08/2025 - 08:56,Registros:   Total: 2.864        Exibidos: 2.864,Data da Coleta:,04/08/2025,Exibição de Dados,Temperatura:,,Umidade:,,Datas:,,Medições,Data / Hora,Temperatura,Umidade,02/08/2025 - 13:05,"23,00","47,00",Betha Eletrônica Ltda,1/1
Coleta de Dados - UMMI,Impressão: 08/08/2025  9:23.09,Grupo:,TH-04-R,Equipamento:  1 - UMMI,Coleta:,04/08/2025 - 08:56,Registros:   Total: 2.864        Exibidos: 2.864,Data da Coleta:,04/08/2025,Exibição de Dados,Temperatura:,,Umidade:,,Datas:,,Medições,Data / Hora,Temperatura,Umidade,02/08/2025 - 13:10,"22,00","44,00",Betha Eletrônica Ltda,1/1
Coleta de Dados - UMMI,Impressão: 08/08/2025  9:23.09,Grupo:,TH-04-R,Equipamento:  1 - UMMI,Coleta:,04/08/2025 - 08:56,Registros:   Total: 2.864        Exibidos: 2.864,Data da Coleta:,04/08/2025,Exibição de Dados,Temperatura:,,Umidade:,,Datas:,,Medições,Data / Hora,Temperatura,Umidade,02/08/2025 - 13:15,"23,00","44,00",Betha Eletrônica Ltda,1/1
Coleta de Dados - UMMI,Impressão: 08/08/2025  9:23.09,Grupo:,TH-04-R,Equipamento:  1 - UMMI,Coleta:,04/08/2025 - 08:56,Registros:   Total: 2.864        Exibidos: 2.864,Data da Coleta:,04/08/2025,Exibição de Dados,Temperatura:,,Umidade:,,Datas:,,Medições,Data / Hora,Temperatura,Umidade,02/08/2025 - 13:20,"23,00","47,00",Betha Eletrônica Ltda,1/1
Coleta de Dados - UMMI,Impressão: 08/08/2025  9:23.09,Grupo:,TH-04-R,Equipamento:  1 - UMMI,Coleta:,04/08/2025 - 08:56,Registros:   Total: 2.864        Exibidos: 2.864,Data da Coleta:,04/08/2025,Exibição de Dados,Temperatura:,,Umidade:,,Datas:,,Medições,Data / Hora,Temperatura,Umidade,02/08/2025 - 13:25,"24,00","43,00",Betha Eletrônica Ltda,1/1
Coleta de Dados - UMMI,Impressão: 08/08/2025  9:23.09,Grupo:,TH-04-R,Equipamento:  1 - UMMI,Coleta:,04/08/2025 - 08:56,Registros:   Total: 2.864        Exibidos: 2.864,Data da Coleta:,04/08/2025,Exibição de Dados,Temperatura:,,Umidade:,,Datas:,,Medições,Data / Hora,Temperatura,Umidade,02/08/2025 - 13:30,"23,00","47,00",Betha Eletrônica Ltda,1/1
Coleta de Dados - UMMI,Impressão: 08/08/2025  9:23.09,Grupo:,TH-04-R,Equipamento:  1 - UMMI,Coleta:,04/08/2025 - 08:56,Registros:   Total: 2.864        Exibidos: 2.864,Data da Coleta:,04/08/2025,Exibição de Dados,Temperatura:,,Umidade:,,Datas:,,Medições,Data / Hora,Temperatura,Umidade,02/08/2025 - 13:35,"23,00","42,00",Betha Eletrônica Ltda,1/1
Coleta de Dados - UMMI,Impressão: 08/08/2025  9:23.09,Grupo:,TH-04-R,Equipamento:  1 - UMMI,Coleta:,04/08/2025 - 08:56,Registros:   Total: 2.864        Exibidos: 2.864,Data da Coleta:,04/08/2025,Exibição de Dados,Temperatura:,,Umidade:,,Datas:,,Medições,Data / Hora,Temperatura,Umidade,02/08/2025 - 13:40,"22,00","45,00",Betha Eletrônica Ltda,1/1
Coleta de Dados - UMMI,Impressão: 08/08/2025  9:23.09,Grupo:,TH-04-R,Equipamento:  1 - UMMI,Coleta:,04/08/2025 - 08:56,Registros:   Total: 2.864        Exibidos: 2.864,Data da Coleta:,04/08/2025,Exibição de Dados,Temperatura:,,Umidade:,,Datas:,,Medições,Data / Hora,Temperatura,Umidade,02/08/2025 - 13:45,"22,00","50,00",Betha Eletrônica Ltda,1/1
Coleta de Dados - UMMI,Impressão: 08/08/2025  9:23.09,Grupo:,TH-04-R,Equipamento:  1 - UMMI,Coleta:,04/08/2025 - 08:56,Registros:   Total: 2.864        Exibidos: 2.864,Data da Coleta:,04/08/2025,Exibição de Dados,Temperatura:,,Umidade:,,Datas:,,Medições,Data / Hora,Temperatura,Umidade,02/08/2025 - 13:50,"23,00","39,00",Betha Eletrônica Ltda,1/1
Coleta de Dados - UMMI,Impressão: 08/08/2025  9:23.09,Grupo:,TH-04-R,Equipamento:  1 - UMMI,Coleta:,04/08/2025 - 08:56,Registros:   Total: 2.864        Exibidos: 2.864,Data da Coleta:,04/08/2025,Exibição de Dados,Temperatura:,,Umidade:,,Datas:,,Medições,Data / Hora,Temperatura,Umidade,02/08/2025 - 13:55,"23,00","50,00",Betha Eletrônica Ltda,1/1
Coleta de Dados - UMMI,Impressão: 08/08/2025  9:23.09,Grupo:,TH-04-R,Equipamento:  1 - UMMI,Coleta:,04/08/2025 - 08:56,Registros:   Total: 2.864        Exibidos: 2.864,Data da Coleta:,04/08/2025,Exibição de Dados,Temperatura:,,Umidade:,,Datas:,,Medições,Data / Hora,Temperatura,Umidade,02/08/2025 - 14:00,"23,00","41,00",Betha Eletrônica Ltda,1/1
Coleta de Dados - UMMI,Impressão: 08/08/2025  9:23.09,Grupo:,TH-04-R,Equipamento:  1 - UMMI,Coleta:,04/08/2025 - 08:56,Registros:   Total: 2.864        Exibidos: 2.864,Data da Coleta:,04/08/2025,Exibição de Dados,Temperatura:,,Umidade:,,Datas:,,Medições,Data / Hora,Temperatura,Umidade,02/08/2025 - 14:05,"22,00","44,00",Betha Eletrônica Ltda,1/1
Coleta de Dados - UMMI,Impressão: 08/08/2025  9:23.09,Grupo:,TH-04-R,Equipamento:  1 - UMMI,Coleta:,04/08/2025 - 08:56,Registros:   Total: 2.864        Exibidos: 2.864,Data da Coleta:,04/08/2025,Exibição de Dados,Temperatura:,,Umidade:,,Datas:,,Medições,Data / Hora,Temperatura,Umidade,02/08/2025 - 14:10,"22,00","47,00",Betha Eletrônica Ltda,1/1
Coleta de Dados - UMMI,Impressão: 08/08/2025  9:23.09,Grupo:,TH-04-R,Equipamento:  1 - UMMI,Coleta:,04/08/2025 - 08:56,Registros:   Total: 2.864        Exibidos: 2.864,Data da Coleta:,04/08/2025,Exibição de Dados,Temperatura:,,Umidade:,,Datas:,,Medições,Data / Hora,Temperatura,Umidade,02/08/2025 - 14:15,"22,00","48,00",Betha Eletrônica Ltda,1/1
Coleta de Dados - UMMI,Impressão: 08/08/2025  9:23.09,Grupo:,TH-04-R,Equipamento:  1 - UMMI,Coleta:,04/08/2025 - 08:56,Registros:   Total: 2.864        Exibidos: 2.864,Data da Coleta:,04/08/2025,Exibição de Dados,Temperatura:,,Umidade:,,Datas:,,Medições,Data / Hora,Temperatura,Umidade,02/08/2025 - 14:20,"24,00","41,00",Betha Eletrônica Ltda,1/1
Coleta de Dados - UMMI,Impressão: 08/08/2025  9:23.09,Grupo:,TH-04-R,Equipamento:  1 - UMMI,Coleta:,04/08/2025 - 08:56,Registros:   Total: 2.864        Exibidos: 2.864,Data da Coleta:,04/08/2025,Exibição de Dados,Temperatura:,,Umidade:,,Datas:,,Medições,Data / Hora,Temperatura,Umidade,02/08/2025 - 14:25,"23,00","49,00",Betha Eletrônica Ltda,1/1
Coleta de Dados - UMMI,Impressão: 08/08/2025  9:23.09,Grupo:,TH-04-R,Equipamento:  1 - UMMI,Coleta:,04/08/2025 - 08:56,Registros:   Total: 2.864        Exibidos: 2.864,Data da Coleta:,04/08/2025,Exibição de Dados,Temperatura:,,Umidade:,,Datas:,,Medições,Data / Hora,Temperatura,Umidade,02/08/2025 - 14:30,"23,00","42,00",Betha Eletrônica Ltda,1/1
Coleta de Dados - UMMI,Impressão: 08/08/2025  9:23.09,Grupo:,TH-04-R,Equipamento:  1 - UMMI,Coleta:,04/08/2025 - 08:56,Registros:   Total: 2.864        Exibidos: 2.864,Data da Coleta:,04/08/2025,Exibição de Dados,Temperatura:,,Umidade:,,Datas:,,Medições,Data / Hora,Temperatura,Umidade,02/08/2025 - 14:35,"22,00","45,00",Betha Eletrônica Ltda,1/1
Coleta de Dados - UMMI,Impressão: 08/08/2025  9:23.09,Grupo:,TH-04-R,Equipamento:  1 - UMMI,Coleta:,04/08/2025 - 08:56,Registros:   Total: 2.864        Exibidos: 2.864,Data da Coleta:,04/08/2025,Exibição de Dados,Temperatura:,,Umidade:,,Datas:,,Medições,Data / Hora,Temperatura,Umidade,02/08/2025 - 14:40,"22,00","50,00",Betha Eletrônica Ltda,1/1
Coleta de Dados - UMMI,Impressão: 08/08/2025  9:23.09,Grupo:,TH-04-R,Equipamento:  1 - UMMI,Coleta:,04/08/2025 - 08:56,Registros:   Total: 2.864        Exibidos: 2.864,Data da Coleta:,04/08/2025,Exibição de Dados,Temperatura:,,Umidade:,,Datas:,,Medições,Data / Hora,Temperatura,Umidade,02/08/2025 - 14:45,"23,00","38,00",Betha Eletrônica Ltda,1/1
Coleta de Dados - UMMI,Impressão: 08/08/2025  9:23.09,Grupo:,TH-04-R,Equipamento:  1 - UMMI,Coleta:,04/08/2025 - 08:56,Registros:   Total: 2.864        Exibidos: 2.864,Data da Coleta:,04/08/2025,Exibição de Dados,Temperatura:,,Umidade:,,Datas:,,Medições,Data / Hora,Temperatura,Umidade,02/08/2025 - 14:50,"23,00","49,00",Betha Eletrônica Ltda,1/1
Coleta de Dados - UMMI,Impressão: 08/08/2025  9:23.09,Grupo:,TH-04-R,Equipamento:  1 - UMMI,Coleta:,04/08/2025 - 08:56,Registros:   Total: 2.864        Exibidos: 2.864,Data da Coleta:,04/08/2025,Exibição de Dados,Temperatura:,,Umidade:,,Datas:,,Medições,Data / Hora,Temperatura,Umidade,02/08/2025 - 14:55,"23,00","41,00",Betha Eletrônica Ltda,1/1
Coleta de Dados - UMMI,Impressão: 08/08/2025  9:23.09,Grupo:,TH-04-R,Equipamento:  1 - UMMI,Coleta:,04/08/2025 - 08:56,Registros:   Total: 2.864        Exibidos: 2.864,Data da Coleta:,04/08/2025,Exibição de Dados,Temperatura:,,Umidade:,,Datas:,,Medições,Data / Hora,Temperatura,Umidade,02/08/2025 - 15:00,"22,00","44,00",Betha Eletrônica Ltda,1/1
Coleta de Dados - UMMI,Impressão: 08/08/2025  9:23.09,Grupo:,TH-04-R,Equipamento:  1 - UMMI,Coleta:,04/08/2025 - 08:56,Registros:   Total: 2.864        Exibidos: 2.864,Data da Coleta:,04/08/2025,Exibição de Dados,Temperatura:,,Umidade:,,Datas:,,Medições,Data / Hora,Temperatura,Umidade,02/08/2025 - 15:05,"22,00","46,00",Betha Eletrônica Ltda,1/1
Coleta de Dados - UMMI,Impressão: 08/08/2025  9:23.09,Grupo:,TH-04-R,Equipamento:  1 - UMMI,Coleta:,04/08/2025 - 08:56,Registros:   Total: 2.864        Exibidos: 2.864,Data da Coleta:,04/08/2025,Exibição de Dados,Temperatura:,,Umidade:,,Datas:,,Medições,Data / Hora,Temperatura,Umidade,02/08/2025 - 15:10,"22,00","49,00",Betha Eletrônica Ltda,1/1
Coleta de Dados - UMMI,Impressão: 08/08/2025  9:23.09,Grupo:,TH-04-R,Equipamento:  1 - UMMI,Coleta:,04/08/2025 - 08:56,Registros:   Total: 2.864        Exibidos: 2.864,Data da Coleta:,04/08/2025,Exibição de Dados,Temperatura:,,Umidade:,,Datas:,,Medições,Data / Hora,Temperatura,Umidade,02/08/2025 - 15:15,"23,00","40,00",Betha Eletrônica Ltda,1/1
Coleta de Dados - UMMI,Impressão: 08/08/2025  9:23.09,Grupo:,TH-04-R,Equipamento:  1 - UMMI,Coleta:,04/08/2025 - 08:56,Registros:   Total: 2.864        Exibidos: 2.864,Data da Coleta:,04/08/2025,Exibição de Dados,Temperatura:,,Umidade:,,Datas:,,Medições,Data / Hora,Temperatura,Umidade,02/08/2025 - 15:20,"23,00","49,00",Betha Eletrônica Ltda,1/1
Coleta de Dados - UMMI,Impressão: 08/08/2025  9:23.09,Grupo:,TH-04-R,Equipamento:  1 - UMMI,Coleta:,04/08/2025 - 08:56,Registros:   Total: 2.864        Exibidos: 2.864,Data da Coleta:,04/08/2025,Exibição de Dados,Temperatura:,,Umidade:,,Datas:,,Medições,Data / Hora,Temperatura,Umidade,02/08/2025 - 15:25,"23,00","41,00",Betha Eletrônica Ltda,1/1
Coleta de Dados - UMMI,Impressão: 08/08/2025  9:23.09,Grupo:,TH-04-R,Equipamento:  1 - UMMI,Coleta:,04/08/2025 - 08:56,Registros:   Total: 2.864        Exibidos: 2.864,Data da Coleta:,04/08/2025,Exibição de Dados,Temperatura:,,Umidade:,,Datas:,,Medições,Data / Hora,Temperatura,Umidade,02/08/2025 - 15:30,"22,00","43,00",Betha Eletrônica Ltda,1/1
Coleta de Dados - UMMI,Impressão: 08/08/2025  9:23.09,Grupo:,TH-04-R,Equipamento:  1 - UMMI,Coleta:,04/08/2025 - 08:56,Registros:   Total: 2.864        Exibidos: 2.864,Data da Coleta:,04/08/2025,Exibição de Dados,Temperatura:,,Umidade:,,Datas:,,Medições,Data / Hora,Temperatura,Umidade,02/08/2025 - 15:35,"22,00","46,00",Betha Eletrônica Ltda,1/1
Coleta de Dados - UMMI,Impressão: 08/08/2025  9:23.09,Grupo:,TH-04-R,Equipamento:  1 - UMMI,Coleta:,04/08/2025 - 08:56,Registros:   Total: 2.864        Exibidos: 2.864,Data da Coleta:,04/08/2025,Exibição de Dados,Temperatura:,,Umidade:,,Datas:,,Medições,Data / Hora,Temperatura,Umidade,02/08/2025 - 15:40,"23,00","50,00",Betha Eletrônica Ltda,1/1
Coleta de Dados - UMMI,Impressão: 08/08/2025  9:23.09,Grupo:,TH-04-R,Equipamento:  1 - UMMI,Coleta:,04/08/2025 - 08:56,Registros:   Total: 2.864        Exibidos: 2.864,Data da Coleta:,04/08/2025,Exibição de Dados,Temperatura:,,Umidade:,,Datas:,,Medições,Data / Hora,Temperatura,Umidade,02/08/2025 - 15:45,"24,00","39,00",Betha Eletrônica Ltda,1/1
Coleta de Dados - UMMI,Impressão: 08/08/2025  9:23.09,Grupo:,TH-04-R,Equipamento:  1 - UMMI,Coleta:,04/08/2025 - 08:56,Registros:   Total: 2.864        Exibidos: 2.864,Data da Coleta:,04/08/2025,Exibição de Dados,Temperatura:,,Umidade:,,Datas:,,Medições,Data / Hora,Temperatura,Umidade,02/08/2025 - 15:50,"23,00","48,00",Betha Eletrônica Ltda,1/1
Coleta de Dados - UMMI,Impressão: 08/08/2025  9:23.09,Grupo:,TH-04-R,Equipamento:  1 - UMMI,Coleta:,04/08/2025 - 08:56,Registros:   Total: 2.864        Exibidos: 2.864,Data da Coleta:,04/08/2025,Exibição de Dados,Temperatura:,,Umidade:,,Datas:,,Medições,Data / Hora,Temperatura,Umidade,02/08/2025 - 15:55,"23,00","41,00",Betha Eletrônica Ltda,1/1
Coleta de Dados - UMMI,Impressão: 08/08/2025  9:23.09,Grupo:,TH-04-R,Equipamento:  1 - UMMI,Coleta:,04/08/2025 - 08:56,Registros:   Total: 2.864        Exibidos: 2.864,Data da Coleta:,04/08/2025,Exibição de Dados,Temperatura:,,Umidade:,,Datas:,,Medições,Data / Hora,Temperatura,Umidade,02/08/2025 - 16:00,"22,00","43,00",Betha Eletrônica Ltda,1/1
Coleta de Dados - UMMI,Impressão: 08/08/2025  9:23.09,Grupo:,TH-04-R,Equipamento:  1 - UMMI,Coleta:,04/08/2025 - 08:56,Registros:   Total: 2.864        Exibidos: 2.864,Data da Coleta:,04/08/2025,Exibição de Dados,Temperatura:,,Umidade:,,Datas:,,Medições,Data / Hora,Temperatura,Umidade,02/08/2025 - 16:05,"22,00","49,00",Betha Eletrônica Ltda,1/1
Coleta de Dados - UMMI,Impressão: 08/08/2025  9:23.09,Grupo:,TH-04-R,Equipamento:  1 - UMMI,Coleta:,04/08/2025 - 08:56,Registros:   Total: 2.864        Exibidos: 2.864,Data da Coleta:,04/08/2025,Exibição de Dados,Temperatura:,,Umidade:,,Datas:,,Medições,Data / Hora,Temperatura,Umidade,02/08/2025 - 16:10,"23,00","41,00",Betha Eletrônica Ltda,1/1
Coleta de Dados - UMMI,Impressão: 08/08/2025  9:23.09,Grupo:,TH-04-R,Equipamento:  1 - UMMI,Coleta:,04/08/2025 - 08:56,Registros:   Total: 2.864        Exibidos: 2.864,Data da Coleta:,04/08/2025,Exibição de Dados,Temperatura:,,Umidade:,,Datas:,,Medições,Data / Hora,Temperatura,Umidade,02/08/2025 - 16:15,"24,00","44,00",Betha Eletrônica Ltda,1/1
Coleta de Dados - UMMI,Impressão: 08/08/2025  9:23.09,Grupo:,TH-04-R,Equipamento:  1 - UMMI,Coleta:,04/08/2025 - 08:56,Registros:   Total: 2.864        Exibidos: 2.864,Data da Coleta:,04/08/2025,Exibição de Dados,Temperatura:,,Umidade:,,Datas:,,Medições,Data / Hora,Temperatura,Umidade,02/08/2025 - 16:20,"24,00","47,00",Betha Eletrônica Ltda,1/1
Coleta de Dados - UMMI,Impressão: 08/08/2025  9:23.09,Grupo:,TH-04-R,Equipamento:  1 - UMMI,Coleta:,04/08/2025 - 08:56,Registros:   Total: 2.864        Exibidos: 2.864,Data da Coleta:,04/08/2025,Exibição de Dados,Temperatura:,,Umidade:,,Datas:,,Medições,Data / Hora,Temperatura,Umidade,02/08/2025 - 16:25,"23,00","42,00",Betha Eletrônica Ltda,1/1
Coleta de Dados - UMMI,Impressão: 08/08/2025  9:23.09,Grupo:,TH-04-R,Equipamento:  1 - UMMI,Coleta:,04/08/2025 - 08:56,Registros:   Total: 2.864        Exibidos: 2.864,Data da Coleta:,04/08/2025,Exibição de Dados,Temperatura:,,Umidade:,,Datas:,,Medições,Data / Hora,Temperatura,Umidade,02/08/2025 - 16:30,"22,00","45,00",Betha Eletrônica Ltda,1/1
Coleta de Dados - UMMI,Impressão: 08/08/2025  9:23.09,Grupo:,TH-04-R,Equipamento:  1 - UMMI,Coleta:,04/08/2025 - 08:56,Registros:   Total: 2.864        Exibidos: 2.864,Data da Coleta:,04/08/2025,Exibição de Dados,Temperatura:,,Umidade:,,Datas:,,Medições,Data / Hora,Temperatura,Umidade,02/08/2025 - 16:35,"22,00","50,00",Betha Eletrônica Ltda,1/1
Coleta de Dados - UMMI,Impressão: 08/08/2025  9:23.09,Grupo:,TH-04-R,Equipamento:  1 - UMMI,Coleta:,04/08/2025 - 08:56,Registros:   Total: 2.864        Exibidos: 2.864,Data da Coleta:,04/08/2025,Exibição de Dados,Temperatura:,,Umidade:,,Datas:,,Medições,Data / Hora,Temperatura,Umidade,02/08/2025 - 16:40,"23,00","39,00",Betha Eletrônica Ltda,1/1
Coleta de Dados - UMMI,Impressão: 08/08/2025  9:23.09,Grupo:,TH-04-R,Equipamento:  1 - UMMI,Coleta:,04/08/2025 - 08:56,Registros:   Total: 2.864        Exibidos: 2.864,Data da Coleta:,04/08/2025,Exibição de Dados,Temperatura:,,Umidade:,,Datas:,,Medições,Data / Hora,Temperatura,Umidade,02/08/2025 - 16:45,"23,00","48,00",Betha Eletrônica Ltda,1/1
Coleta de Dados - UMMI,Impressão: 08/08/2025  9:23.09,Grupo:,TH-04-R,Equipamento:  1 - UMMI,Coleta:,04/08/2025 - 08:56,Registros:   Total: 2.864        Exibidos: 2.864,Data da Coleta:,04/08/2025,Exibição de Dados,Temperatura:,,Umidade:,,Datas:,,Medições,Data / Hora,Temperatura,Umidade,02/08/2025 - 16:50,"23,00","43,00",Betha Eletrônica Ltda,1/1
Coleta de Dados - UMMI,Impressão: 08/08/2025  9:23.09,Grupo:,TH-04-R,Equipamento:  1 - UMMI,Coleta:,04/08/2025 - 08:56,Registros:   Total: 2.864        Exibidos: 2.864,Data da Coleta:,04/08/2025,Exibição de Dados,Temperatura:,,Umidade:,,Datas:,,Medições,Data / Hora,Temperatura,Umidade,02/08/2025 - 16:55,"22,00","42,00",Betha Eletrônica Ltda,1/1
Coleta de Dados - UMMI,Impressão: 08/08/2025  9:23.09,Grupo:,TH-04-R,Equipamento:  1 - UMMI,Coleta:,04/08/2025 - 08:56,Registros:   Total: 2.864        Exibidos: 2.864,Data da Coleta:,04/08/2025,Exibição de Dados,Temperatura:,,Umidade:,,Datas:,,Medições,Data / Hora,Temperatura,Umidade,02/08/2025 - 17:00,"22,00","44,00",Betha Eletrônica Ltda,1/1
Coleta de Dados - UMMI,Impressão: 08/08/2025  9:23.09,Grupo:,TH-04-R,Equipamento:  1 - UMMI,Coleta:,04/08/2025 - 08:56,Registros:   Total: 2.864        Exibidos: 2.864,Data da Coleta:,04/08/2025,Exibição de Dados,Temperatura:,,Umidade:,,Datas:,,Medições,Data / Hora,Temperatura,Umidade,02/08/2025 - 17:05,"22,00","51,00",Betha Eletrônica Ltda,1/1
Coleta de Dados - UMMI,Impressão: 08/08/2025  9:23.09,Grupo:,TH-04-R,Equipamento:  1 - UMMI,Coleta:,04/08/2025 - 08:56,Registros:   Total: 2.864        Exibidos: 2.864,Data da Coleta:,04/08/2025,Exibição de Dados,Temperatura:,,Umidade:,,Datas:,,Medições,Data / Hora,Temperatura,Umidade,02/08/2025 - 17:10,"23,00","38,00",Betha Eletrônica Ltda,1/1
Coleta de Dados - UMMI,Impressão: 08/08/2025  9:23.09,Grupo:,TH-04-R,Equipamento:  1 - UMMI,Coleta:,04/08/2025 - 08:56,Registros:   Total: 2.864        Exibidos: 2.864,Data da Coleta:,04/08/2025,Exibição de Dados,Temperatura:,,Umidade:,,Datas:,,Medições,Data / Hora,Temperatura,Umidade,02/08/2025 - 17:15,"23,00","49,00",Betha Eletrônica Ltda,1/1
Coleta de Dados - UMMI,Impressão: 08/08/2025  9:23.09,Grupo:,TH-04-R,Equipamento:  1 - UMMI,Coleta:,04/08/2025 - 08:56,Registros:   Total: 2.864        Exibidos: 2.864,Data da Coleta:,04/08/2025,Exibição de Dados,Temperatura:,,Umidade:,,Datas:,,Medições,Data / Hora,Temperatura,Umidade,02/08/2025 - 17:20,"23,00","45,00",Betha Eletrônica Ltda,1/1
Coleta de Dados - UMMI,Impressão: 08/08/2025  9:23.09,Grupo:,TH-04-R,Equipamento:  1 - UMMI,Coleta:,04/08/2025 - 08:56,Registros:   Total: 2.864        Exibidos: 2.864,Data da Coleta:,04/08/2025,Exibição de Dados,Temperatura:,,Umidade:,,Datas:,,Medições,Data / Hora,Temperatura,Umidade,02/08/2025 - 17:25,"22,00","42,00",Betha Eletrônica Ltda,1/1
Coleta de Dados - UMMI,Impressão: 08/08/2025  9:23.09,Grupo:,TH-04-R,Equipamento:  1 - UMMI,Coleta:,04/08/2025 - 08:56,Registros:   Total: 2.864        Exibidos: 2.864,Data da Coleta:,04/08/2025,Exibição de Dados,Temperatura:,,Umidade:,,Datas:,,Medições,Data / Hora,Temperatura,Umidade,02/08/2025 - 17:30,"22,00","43,00",Betha Eletrônica Ltda,1/1
Coleta de Dados - UMMI,Impressão: 08/08/2025  9:23.09,Grupo:,TH-04-R,Equipamento:  1 - UMMI,Coleta:,04/08/2025 - 08:56,Registros:   Total: 2.864        Exibidos: 2.864,Data da Coleta:,04/08/2025,Exibição de Dados,Temperatura:,,Umidade:,,Datas:,,Medições,Data / Hora,Temperatura,Umidade,02/08/2025 - 17:35,"23,00","51,00",Betha Eletrônica Ltda,1/1
Coleta de Dados - UMMI,Impressão: 08/08/2025  9:23.09,Grupo:,TH-04-R,Equipamento:  1 - UMMI,Coleta:,04/08/2025 - 08:56,Registros:   Total: 2.864        Exibidos: 2.864,Data da Coleta:,04/08/2025,Exibição de Dados,Temperatura:,,Umidade:,,Datas:,,Medições,Data / Hora,Temperatura,Umidade,02/08/2025 - 17:40,"23,00","39,00",Betha Eletrônica Ltda,1/1
Coleta de Dados - UMMI,Impressão: 08/08/2025  9:23.09,Grupo:,TH-04-R,Equipamento:  1 - UMMI,Coleta:,04/08/2025 - 08:56,Registros:   Total: 2.864        Exibidos: 2.864,Data da Coleta:,04/08/2025,Exibição de Dados,Temperatura:,,Umidade:,,Datas:,,Medições,Data / Hora,Temperatura,Umidade,02/08/2025 - 17:45,"23,00","49,00",Betha Eletrônica Ltda,1/1
Coleta de Dados - UMMI,Impressão: 08/08/2025  9:23.09,Grupo:,TH-04-R,Equipamento:  1 - UMMI,Coleta:,04/08/2025 - 08:56,Registros:   Total: 2.864        Exibidos: 2.864,Data da Coleta:,04/08/2025,Exibição de Dados,Temperatura:,,Umidade:,,Datas:,,Medições,Data / Hora,Temperatura,Umidade,02/08/2025 - 17:50,"23,00","47,00",Betha Eletrônica Ltda,1/1
Coleta de Dados - UMMI,Impressão: 08/08/2025  9:23.09,Grupo:,TH-04-R,Equipamento:  1 - UMMI,Coleta:,04/08/2025 - 08:56,Registros:   Total: 2.864        Exibidos: 2.864,Data da Coleta:,04/08/2025,Exibição de Dados,Temperatura:,,Umidade:,,Datas:,,Medições,Data / Hora,Temperatura,Umidade,02/08/2025 - 17:55,"22,00","41,00",Betha Eletrônica Ltda,1/1
Coleta de Dados - UMMI,Impressão: 08/08/2025  9:23.09,Grupo:,TH-04-R,Equipamento:  1 - UMMI,Coleta:,04/08/2025 - 08:56,Registros:   Total: 2.864        Exibidos: 2.864,Data da Coleta:,04/08/2025,Exibição de Dados,Temperatura:,,Umidade:,,Datas:,,Medições,Data / Hora,Temperatura,Umidade,02/08/2025 - 18:00,"22,00","45,00",Betha Eletrônica Ltda,1/1
Coleta de Dados - UMMI,Impressão: 08/08/2025  9:23.09,Grupo:,TH-04-R,Equipamento:  1 - UMMI,Coleta:,04/08/2025 - 08:56,Registros:   Total: 2.864        Exibidos: 2.864,Data da Coleta:,04/08/2025,Exibição de Dados,Temperatura:,,Umidade:,,Datas:,,Medições,Data / Hora,Temperatura,Umidade,02/08/2025 - 18:05,"23,00","49,00",Betha Eletrônica Ltda,1/1
Coleta de Dados - UMMI,Impressão: 08/08/2025  9:23.09,Grupo:,TH-04-R,Equipamento:  1 - UMMI,Coleta:,04/08/2025 - 08:56,Registros:   Total: 2.864        Exibidos: 2.864,Data da Coleta:,04/08/2025,Exibição de Dados,Temperatura:,,Umidade:,,Datas:,,Medições,Data / Hora,Temperatura,Umidade,02/08/2025 - 18:10,"24,00","42,00",Betha Eletrônica Ltda,1/1
Coleta de Dados - UMMI,Impressão: 08/08/2025  9:23.09,Grupo:,TH-04-R,Equipamento:  1 - UMMI,Coleta:,04/08/2025 - 08:56,Registros:   Total: 2.864        Exibidos: 2.864,Data da Coleta:,04/08/2025,Exibição de Dados,Temperatura:,,Umidade:,,Datas:,,Medições,Data / Hora,Temperatura,Umidade,02/08/2025 - 18:15,"23,00","50,00",Betha Eletrônica Ltda,1/1
Coleta de Dados - UMMI,Impressão: 08/08/2025  9:23.09,Grupo:,TH-04-R,Equipamento:  1 - UMMI,Coleta:,04/08/2025 - 08:56,Registros:   Total: 2.864        Exibidos: 2.864,Data da Coleta:,04/08/2025,Exibição de Dados,Temperatura:,,Umidade:,,Datas:,,Medições,Data / Hora,Temperatura,Umidade,02/08/2025 - 18:20,"22,00","41,00",Betha Eletrônica Ltda,1/1
Coleta de Dados - UMMI,Impressão: 08/08/2025  9:23.09,Grupo:,TH-04-R,Equipamento:  1 - UMMI,Coleta:,04/08/2025 - 08:56,Registros:   Total: 2.864        Exibidos: 2.864,Data da Coleta:,04/08/2025,Exibição de Dados,Temperatura:,,Umidade:,,Datas:,,Medições,Data / Hora,Temperatura,Umidade,02/08/2025 - 18:25,"22,00","44,00",Betha Eletrônica Ltda,1/1
Coleta de Dados - UMMI,Impressão: 08/08/2025  9:23.09,Grupo:,TH-04-R,Equipamento:  1 - UMMI,Coleta:,04/08/2025 - 08:56,Registros:   Total: 2.864        Exibidos: 2.864,Data da Coleta:,04/08/2025,Exibição de Dados,Temperatura:,,Umidade:,,Datas:,,Medições,Data / Hora,Temperatura,Umidade,02/08/2025 - 18:30,"22,00","52,00",Betha Eletrônica Ltda,1/1
Coleta de Dados - UMMI,Impressão: 08/08/2025  9:23.09,Grupo:,TH-04-R,Equipamento:  1 - UMMI,Coleta:,04/08/2025 - 08:56,Registros:   Total: 2.864        Exibidos: 2.864,Data da Coleta:,04/08/2025,Exibição de Dados,Temperatura:,,Umidade:,,Datas:,,Medições,Data / Hora,Temperatura,Umidade,02/08/2025 - 18:35,"23,00","40,00",Betha Eletrônica Ltda,1/1
Coleta de Dados - UMMI,Impressão: 08/08/2025  9:23.09,Grupo:,TH-04-R,Equipamento:  1 - UMMI,Coleta:,04/08/2025 - 08:56,Registros:   Total: 2.864        Exibidos: 2.864,Data da Coleta:,04/08/2025,Exibição de Dados,Temperatura:,,Umidade:,,Datas:,,Medições,Data / Hora,Temperatura,Umidade,02/08/2025 - 18:40,"23,00","52,00",Betha Eletrônica Ltda,1/1
Coleta de Dados - UMMI,Impressão: 08/08/2025  9:23.09,Grupo:,TH-04-R,Equipamento:  1 - UMMI,Coleta:,04/08/2025 - 08:56,Registros:   Total: 2.864        Exibidos: 2.864,Data da Coleta:,04/08/2025,Exibição de Dados,Temperatura:,,Umidade:,,Datas:,,Medições,Data / Hora,Temperatura,Umidade,02/08/2025 - 18:45,"23,00","41,00",Betha Eletrônica Ltda,1/1
Coleta de Dados - UMMI,Impressão: 08/08/2025  9:23.09,Grupo:,TH-04-R,Equipamento:  1 - UMMI,Coleta:,04/08/2025 - 08:56,Registros:   Total: 2.864        Exibidos: 2.864,Data da Coleta:,04/08/2025,Exibição de Dados,Temperatura:,,Umidade:,,Datas:,,Medições,Data / Hora,Temperatura,Umidade,02/08/2025 - 18:50,"23,00","47,00",Betha Eletrônica Ltda,1/1
Coleta de Dados - UMMI,Impressão: 08/08/2025  9:23.09,Grupo:,TH-04-R,Equipamento:  1 - UMMI,Coleta:,04/08/2025 - 08:56,Registros:   Total: 2.864        Exibidos: 2.864,Data da Coleta:,04/08/2025,Exibição de Dados,Temperatura:,,Umidade:,,Datas:,,Medições,Data / Hora,Temperatura,Umidade,02/08/2025 - 18:55,"22,00","50,00",Betha Eletrônica Ltda,1/1
Coleta de Dados - UMMI,Impressão: 08/08/2025  9:23.09,Grupo:,TH-04-R,Equipamento:  1 - UMMI,Coleta:,04/08/2025 - 08:56,Registros:   Total: 2.864        Exibidos: 2.864,Data da Coleta:,04/08/2025,Exibição de Dados,Temperatura:,,Umidade:,,Datas:,,Medições,Data / Hora,Temperatura,Umidade,02/08/2025 - 19:00,"22,00","43,00",Betha Eletrônica Ltda,1/1
Coleta de Dados - UMMI,Impressão: 08/08/2025  9:23.09,Grupo:,TH-04-R,Equipamento:  1 - UMMI,Coleta:,04/08/2025 - 08:56,Registros:   Total: 2.864        Exibidos: 2.864,Data da Coleta:,04/08/2025,Exibição de Dados,Temperatura:,,Umidade:,,Datas:,,Medições,Data / Hora,Temperatura,Umidade,02/08/2025 - 19:05,"23,00","45,00",Betha Eletrônica Ltda,1/1
Coleta de Dados - UMMI,Impressão: 08/08/2025  9:23.09,Grupo:,TH-04-R,Equipamento:  1 - UMMI,Coleta:,04/08/2025 - 08:56,Registros:   Total: 2.864        Exibidos: 2.864,Data da Coleta:,04/08/2025,Exibição de Dados,Temperatura:,,Umidade:,,Datas:,,Medições,Data / Hora,Temperatura,Umidade,02/08/2025 - 19:10,"23,00","46,00",Betha Eletrônica Ltda,1/1
Coleta de Dados - UMMI,Impressão: 08/08/2025  9:23.09,Grupo:,TH-04-R,Equipamento:  1 - UMMI,Coleta:,04/08/2025 - 08:56,Registros:   Total: 2.864        Exibidos: 2.864,Data da Coleta:,04/08/2025,Exibição de Dados,Temperatura:,,Umidade:,,Datas:,,Medições,Data / Hora,Temperatura,Umidade,02/08/2025 - 19:15,"23,00","46,00",Betha Eletrônica Ltda,1/1
Coleta de Dados - UMMI,Impressão: 08/08/2025  9:23.09,Grupo:,TH-04-R,Equipamento:  1 - UMMI,Coleta:,04/08/2025 - 08:56,Registros:   Total: 2.864        Exibidos: 2.864,Data da Coleta:,04/08/2025,Exibição de Dados,Temperatura:,,Umidade:,,Datas:,,Medições,Data / Hora,Temperatura,Umidade,02/08/2025 - 19:20,"22,00","50,00",Betha Eletrônica Ltda,1/1
Coleta de Dados - UMMI,Impressão: 08/08/2025  9:23.09,Grupo:,TH-04-R,Equipamento:  1 - UMMI,Coleta:,04/08/2025 - 08:56,Registros:   Total: 2.864        Exibidos: 2.864,Data da Coleta:,04/08/2025,Exibição de Dados,Temperatura:,,Umidade:,,Datas:,,Medições,Data / Hora,Temperatura,Umidade,02/08/2025 - 19:25,"21,00","45,00",Betha Eletrônica Ltda,1/1
Coleta de Dados - UMMI,Impressão: 08/08/2025  9:23.09,Grupo:,TH-04-R,Equipamento:  1 - UMMI,Coleta:,04/08/2025 - 08:56,Registros:   Total: 2.864        Exibidos: 2.864,Data da Coleta:,04/08/2025,Exibição de Dados,Temperatura:,,Umidade:,,Datas:,,Medições,Data / Hora,Temperatura,Umidade,02/08/2025 - 19:30,"22,00","43,00",Betha Eletrônica Ltda,1/1
Coleta de Dados - UMMI,Impressão: 08/08/2025  9:23.09,Grupo:,TH-04-R,Equipamento:  1 - UMMI,Coleta:,04/08/2025 - 08:56,Registros:   Total: 2.864        Exibidos: 2.864,Data da Coleta:,04/08/2025,Exibição de Dados,Temperatura:,,Umidade:,,Datas:,,Medições,Data / Hora,Temperatura,Umidade,02/08/2025 - 19:35,"23,00","51,00",Betha Eletrônica Ltda,1/1
Coleta de Dados - UMMI,Impressão: 08/08/2025  9:23.09,Grupo:,TH-04-R,Equipamento:  1 - UMMI,Coleta:,04/08/2025 - 08:56,Registros:   Total: 2.864        Exibidos: 2.864,Data da Coleta:,04/08/2025,Exibição de Dados,Temperatura:,,Umidade:,,Datas:,,Medições,Data / Hora,Temperatura,Umidade,02/08/2025 - 19:40,"24,00","43,00",Betha Eletrônica Ltda,1/1
Coleta de Dados - UMMI,Impressão: 08/08/2025  9:23.09,Grupo:,TH-04-R,Equipamento:  1 - UMMI,Coleta:,04/08/2025 - 08:56,Registros:   Total: 2.864        Exibidos: 2.864,Data da Coleta:,04/08/2025,Exibição de Dados,Temperatura:,,Umidade:,,Datas:,,Medições,Data / Hora,Temperatura,Umidade,02/08/2025 - 19:45,"23,00","50,00",Betha Eletrônica Ltda,1/1
Coleta de Dados - UMMI,Impressão: 08/08/2025  9:23.09,Grupo:,TH-04-R,Equipamento:  1 - UMMI,Coleta:,04/08/2025 - 08:56,Registros:   Total: 2.864        Exibidos: 2.864,Data da Coleta:,04/08/2025,Exibição de Dados,Temperatura:,,Umidade:,,Datas:,,Medições,Data / Hora,Temperatura,Umidade,02/08/2025 - 19:50,"22,00","42,00",Betha Eletrônica Ltda,1/1
Coleta de Dados - UMMI,Impressão: 08/08/2025  9:23.09,Grupo:,TH-04-R,Equipamento:  1 - UMMI,Coleta:,04/08/2025 - 08:56,Registros:   Total: 2.864        Exibidos: 2.864,Data da Coleta:,04/08/2025,Exibição de Dados,Temperatura:,,Umidade:,,Datas:,,Medições,Data / Hora,Temperatura,Umidade,02/08/2025 - 19:55,"22,00","45,00",Betha Eletrônica Ltda,1/1
Coleta de Dados - UMMI,Impressão: 08/08/2025  9:23.09,Grupo:,TH-04-R,Equipamento:  1 - UMMI,Coleta:,04/08/2025 - 08:56,Registros:   Total: 2.864        Exibidos: 2.864,Data da Coleta:,04/08/2025,Exibição de Dados,Temperatura:,,Umidade:,,Datas:,,Medições,Data / Hora,Temperatura,Umidade,02/08/2025 - 20:00,"22,00","51,00",Betha Eletrônica Ltda,1/1
Coleta de Dados - UMMI,Impressão: 08/08/2025  9:23.09,Grupo:,TH-04-R,Equipamento:  1 - UMMI,Coleta:,04/08/2025 - 08:56,Registros:   Total: 2.864        Exibidos: 2.864,Data da Coleta:,04/08/2025,Exibição de Dados,Temperatura:,,Umidade:,,Datas:,,Medições,Data / Hora,Temperatura,Umidade,02/08/2025 - 20:05,"23,00","42,00",Betha Eletrônica Ltda,1/1
Coleta de Dados - UMMI,Impressão: 08/08/2025  9:23.09,Grupo:,TH-04-R,Equipamento:  1 - UMMI,Coleta:,04/08/2025 - 08:56,Registros:   Total: 2.864        Exibidos: 2.864,Data da Coleta:,04/08/2025,Exibição de Dados,Temperatura:,,Umidade:,,Datas:,,Medições,Data / Hora,Temperatura,Umidade,02/08/2025 - 20:10,"23,00","52,00",Betha Eletrônica Ltda,1/1
Coleta de Dados - UMMI,Impressão: 08/08/2025  9:23.09,Grupo:,TH-04-R,Equipamento:  1 - UMMI,Coleta:,04/08/2025 - 08:56,Registros:   Total: 2.864        Exibidos: 2.864,Data da Coleta:,04/08/2025,Exibição de Dados,Temperatura:,,Umidade:,,Datas:,,Medições,Data / Hora,Temperatura,Umidade,02/08/2025 - 20:15,"23,00","42,00",Betha Eletrônica Ltda,1/1
Coleta de Dados - UMMI,Impressão: 08/08/2025  9:23.09,Grupo:,TH-04-R,Equipamento:  1 - UMMI,Coleta:,04/08/2025 - 08:56,Registros:   Total: 2.864        Exibidos: 2.864,Data da Coleta:,04/08/2025,Exibição de Dados,Temperatura:,,Umidade:,,Datas:,,Medições,Data / Hora,Temperatura,Umidade,02/08/2025 - 20:20,"22,00","50,00",Betha Eletrônica Ltda,1/1
Coleta de Dados - UMMI,Impressão: 08/08/2025  9:23.09,Grupo:,TH-04-R,Equipamento:  1 - UMMI,Coleta:,04/08/2025 - 08:56,Registros:   Total: 2.864        Exibidos: 2.864,Data da Coleta:,04/08/2025,Exibição de Dados,Temperatura:,,Umidade:,,Datas:,,Medições,Data / Hora,Temperatura,Umidade,02/08/2025 - 20:25,"22,00","48,00",Betha Eletrônica Ltda,1/1
Coleta de Dados - UMMI,Impressão: 08/08/2025  9:23.09,Grupo:,TH-04-R,Equipamento:  1 - UMMI,Coleta:,04/08/2025 - 08:56,Registros:   Total: 2.864        Exibidos: 2.864,Data da Coleta:,04/08/2025,Exibição de Dados,Temperatura:,,Umidade:,,Datas:,,Medições,Data / Hora,Temperatura,Umidade,02/08/2025 - 20:30,"22,00","42,00",Betha Eletrônica Ltda,1/1
Coleta de Dados - UMMI,Impressão: 08/08/2025  9:23.09,Grupo:,TH-04-R,Equipamento:  1 - UMMI,Coleta:,04/08/2025 - 08:56,Registros:   Total: 2.864        Exibidos: 2.864,Data da Coleta:,04/08/2025,Exibição de Dados,Temperatura:,,Umidade:,,Datas:,,Medições,Data / Hora,Temperatura,Umidade,02/08/2025 - 20:35,"22,00","53,00",Betha Eletrônica Ltda,1/1
Coleta de Dados - UMMI,Impressão: 08/08/2025  9:23.09,Grupo:,TH-04-R,Equipamento:  1 - UMMI,Coleta:,04/08/2025 - 08:56,Registros:   Total: 2.864        Exibidos: 2.864,Data da Coleta:,04/08/2025,Exibição de Dados,Temperatura:,,Umidade:,,Datas:,,Medições,Data / Hora,Temperatura,Umidade,02/08/2025 - 20:40,"23,00","42,00",Betha Eletrônica Ltda,1/1
Coleta de Dados - UMMI,Impressão: 08/08/2025  9:23.09,Grupo:,TH-04-R,Equipamento:  1 - UMMI,Coleta:,04/08/2025 - 08:56,Registros:   Total: 2.864        Exibidos: 2.864,Data da Coleta:,04/08/2025,Exibição de Dados,Temperatura:,,Umidade:,,Datas:,,Medições,Data / Hora,Temperatura,Umidade,02/08/2025 - 20:45,"23,00","51,00",Betha Eletrônica Ltda,1/1
Coleta de Dados - UMMI,Impressão: 08/08/2025  9:23.09,Grupo:,TH-04-R,Equipamento:  1 - UMMI,Coleta:,04/08/2025 - 08:56,Registros:   Total: 2.864        Exibidos: 2.864,Data da Coleta:,04/08/2025,Exibição de Dados,Temperatura:,,Umidade:,,Datas:,,Medições,Data / Hora,Temperatura,Umidade,02/08/2025 - 20:50,"22,00","43,00",Betha Eletrônica Ltda,1/1
Coleta de Dados - UMMI,Impressão: 08/08/2025  9:23.09,Grupo:,TH-04-R,Equipamento:  1 - UMMI,Coleta:,04/08/2025 - 08:56,Registros:   Total: 2.864        Exibidos: 2.864,Data da Coleta:,04/08/2025,Exibição de Dados,Temperatura:,,Umidade:,,Datas:,,Medições,Data / Hora,Temperatura,Umidade,02/08/2025 - 20:55,"22,00","46,00",Betha Eletrônica Ltda,1/1
Coleta de Dados - UMMI,Impressão: 08/08/2025  9:23.09,Grupo:,TH-04-R,Equipamento:  1 - UMMI,Coleta:,04/08/2025 - 08:56,Registros:   Total: 2.864        Exibidos: 2.864,Data da Coleta:,04/08/2025,Exibição de Dados,Temperatura:,,Umidade:,,Datas:,,Medições,Data / Hora,Temperatura,Umidade,02/08/2025 - 21:00,"22,00","54,00",Betha Eletrônica Ltda,1/1
Coleta de Dados - UMMI,Impressão: 08/08/2025  9:23.09,Grupo:,TH-04-R,Equipamento:  1 - UMMI,Coleta:,04/08/2025 - 08:56,Registros:   Total: 2.864        Exibidos: 2.864,Data da Coleta:,04/08/2025,Exibição de Dados,Temperatura:,,Umidade:,,Datas:,,Medições,Data / Hora,Temperatura,Umidade,02/08/2025 - 21:05,"23,00","41,00",Betha Eletrônica Ltda,1/1
Coleta de Dados - UMMI,Impressão: 08/08/2025  9:23.09,Grupo:,TH-04-R,Equipamento:  1 - UMMI,Coleta:,04/08/2025 - 08:56,Registros:   Total: 2.864        Exibidos: 2.864,Data da Coleta:,04/08/2025,Exibição de Dados,Temperatura:,,Umidade:,,Datas:,,Medições,Data / Hora,Temperatura,Umidade,02/08/2025 - 21:10,"23,00","53,00",Betha Eletrônica Ltda,1/1
Coleta de Dados - UMMI,Impressão: 08/08/2025  9:23.09,Grupo:,TH-04-R,Equipamento:  1 - UMMI,Coleta:,04/08/2025 - 08:56,Registros:   Total: 2.864        Exibidos: 2.864,Data da Coleta:,04/08/2025,Exibição de Dados,Temperatura:,,Umidade:,,Datas:,,Medições,Data / Hora,Temperatura,Umidade,02/08/2025 - 21:15,"23,00","42,00",Betha Eletrônica Ltda,1/1
Coleta de Dados - UMMI,Impressão: 08/08/2025  9:23.09,Grupo:,TH-04-R,Equipamento:  1 - UMMI,Coleta:,04/08/2025 - 08:56,Registros:   Total: 2.864        Exibidos: 2.864,Data da Coleta:,04/08/2025,Exibição de Dados,Temperatura:,,Umidade:,,Datas:,,Medições,Data / Hora,Temperatura,Umidade,02/08/2025 - 21:20,"22,00","53,00",Betha Eletrônica Ltda,1/1
Coleta de Dados - UMMI,Impressão: 08/08/2025  9:23.09,Grupo:,TH-04-R,Equipamento:  1 - UMMI,Coleta:,04/08/2025 - 08:56,Registros:   Total: 2.864        Exibidos: 2.864,Data da Coleta:,04/08/2025,Exibição de Dados,Temperatura:,,Umidade:,,Datas:,,Medições,Data / Hora,Temperatura,Umidade,02/08/2025 - 21:25,"22,00","44,00",Betha Eletrônica Ltda,1/1
Coleta de Dados - UMMI,Impressão: 08/08/2025  9:23.09,Grupo:,TH-04-R,Equipamento:  1 - UMMI,Coleta:,04/08/2025 - 08:56,Registros:   Total: 2.864        Exibidos: 2.864,Data da Coleta:,04/08/2025,Exibição de Dados,Temperatura:,,Umidade:,,Datas:,,Medições,Data / Hora,Temperatura,Umidade,02/08/2025 - 21:30,"22,00","48,00",Betha Eletrônica Ltda,1/1
Coleta de Dados - UMMI,Impressão: 08/08/2025  9:23.09,Grupo:,TH-04-R,Equipamento:  1 - UMMI,Coleta:,04/08/2025 - 08:56,Registros:   Total: 2.864        Exibidos: 2.864,Data da Coleta:,04/08/2025,Exibição de Dados,Temperatura:,,Umidade:,,Datas:,,Medições,Data / Hora,Temperatura,Umidade,02/08/2025 - 21:35,"22,00","42,00",Betha Eletrônica Ltda,1/1
Coleta de Dados - UMMI,Impressão: 08/08/2025  9:23.09,Grupo:,TH-04-R,Equipamento:  1 - UMMI,Coleta:,04/08/2025 - 08:56,Registros:   Total: 2.864        Exibidos: 2.864,Data da Coleta:,04/08/2025,Exibição de Dados,Temperatura:,,Umidade:,,Datas:,,Medições,Data / Hora,Temperatura,Umidade,02/08/2025 - 21:40,"23,00","52,00",Betha Eletrônica Ltda,1/1
Coleta de Dados - UMMI,Impressão: 08/08/2025  9:23.09,Grupo:,TH-04-R,Equipamento:  1 - UMMI,Coleta:,04/08/2025 - 08:56,Registros:   Total: 2.864        Exibidos: 2.864,Data da Coleta:,04/08/2025,Exibição de Dados,Temperatura:,,Umidade:,,Datas:,,Medições,Data / Hora,Temperatura,Umidade,02/08/2025 - 21:45,"23,00","43,00",Betha Eletrônica Ltda,1/1
Coleta de Dados - UMMI,Impressão: 08/08/2025  9:23.09,Grupo:,TH-04-R,Equipamento:  1 - UMMI,Coleta:,04/08/2025 - 08:56,Registros:   Total: 2.864        Exibidos: 2.864,Data da Coleta:,04/08/2025,Exibição de Dados,Temperatura:,,Umidade:,,Datas:,,Medições,Data / Hora,Temperatura,Umidade,02/08/2025 - 21:50,"22,00","47,00",Betha Eletrônica Ltda,1/1
Coleta de Dados - UMMI,Impressão: 08/08/2025  9:23.09,Grupo:,TH-04-R,Equipamento:  1 - UMMI,Coleta:,04/08/2025 - 08:56,Registros:   Total: 2.864        Exibidos: 2.864,Data da Coleta:,04/08/2025,Exibição de Dados,Temperatura:,,Umidade:,,Datas:,,Medições,Data / Hora,Temperatura,Umidade,02/08/2025 - 21:55,"21,00","50,00",Betha Eletrônica Ltda,1/1
Coleta de Dados - UMMI,Impressão: 08/08/2025  9:23.09,Grupo:,TH-04-R,Equipamento:  1 - UMMI,Coleta:,04/08/2025 - 08:56,Registros:   Total: 2.864        Exibidos: 2.864,Data da Coleta:,04/08/2025,Exibição de Dados,Temperatura:,,Umidade:,,Datas:,,Medições,Data / Hora,Temperatura,Umidade,02/08/2025 - 22:00,"21,00","40,00",Betha Eletrônica Ltda,1/1
Coleta de Dados - UMMI,Impressão: 08/08/2025  9:23.09,Grupo:,TH-04-R,Equipamento:  1 - UMMI,Coleta:,04/08/2025 - 08:56,Registros:   Total: 2.864        Exibidos: 2.864,Data da Coleta:,04/08/2025,Exibição de Dados,Temperatura:,,Umidade:,,Datas:,,Medições,Data / Hora,Temperatura,Umidade,02/08/2025 - 22:05,"22,00","54,00",Betha Eletrônica Ltda,1/1
Coleta de Dados - UMMI,Impressão: 08/08/2025  9:23.09,Grupo:,TH-04-R,Equipamento:  1 - UMMI,Coleta:,04/08/2025 - 08:56,Registros:   Total: 2.864        Exibidos: 2.864,Data da Coleta:,04/08/2025,Exibição de Dados,Temperatura:,,Umidade:,,Datas:,,Medições,Data / Hora,Temperatura,Umidade,02/08/2025 - 22:10,"23,00","41,00",Betha Eletrônica Ltda,1/1
Coleta de Dados - UMMI,Impressão: 08/08/2025  9:23.09,Grupo:,TH-04-R,Equipamento:  1 - UMMI,Coleta:,04/08/2025 - 08:56,Registros:   Total: 2.864        Exibidos: 2.864,Data da Coleta:,04/08/2025,Exibição de Dados,Temperatura:,,Umidade:,,Datas:,,Medições,Data / Hora,Temperatura,Umidade,02/08/2025 - 22:15,"23,00","53,00",Betha Eletrônica Ltda,1/1
Coleta de Dados - UMMI,Impressão: 08/08/2025  9:23.09,Grupo:,TH-04-R,Equipamento:  1 - UMMI,Coleta:,04/08/2025 - 08:56,Registros:   Total: 2.864        Exibidos: 2.864,Data da Coleta:,04/08/2025,Exibição de Dados,Temperatura:,,Umidade:,,Datas:,,Medições,Data / Hora,Temperatura,Umidade,02/08/2025 - 22:20,"22,00","44,00",Betha Eletrônica Ltda,1/1
Coleta de Dados - UMMI,Impressão: 08/08/2025  9:23.09,Grupo:,TH-04-R,Equipamento:  1 - UMMI,Coleta:,04/08/2025 - 08:56,Registros:   Total: 2.864        Exibidos: 2.864,Data da Coleta:,04/08/2025,Exibição de Dados,Temperatura:,,Umidade:,,Datas:,,Medições,Data / Hora,Temperatura,Umidade,02/08/2025 - 22:25,"22,00","49,00",Betha Eletrônica Ltda,1/1
Coleta de Dados - UMMI,Impressão: 08/08/2025  9:23.09,Grupo:,TH-04-R,Equipamento:  1 - UMMI,Coleta:,04/08/2025 - 08:56,Registros:   Total: 2.864        Exibidos: 2.864,Data da Coleta:,04/08/2025,Exibição de Dados,Temperatura:,,Umidade:,,Datas:,,Medições,Data / Hora,Temperatura,Umidade,02/08/2025 - 22:30,"22,00","48,00",Betha Eletrônica Ltda,1/1
Coleta de Dados - UMMI,Impressão: 08/08/2025  9:23.09,Grupo:,TH-04-R,Equipamento:  1 - UMMI,Coleta:,04/08/2025 - 08:56,Registros:   Total: 2.864        Exibidos: 2.864,Data da Coleta:,04/08/2025,Exibição de Dados,Temperatura:,,Umidade:,,Datas:,,Medições,Data / Hora,Temperatura,Umidade,02/08/2025 - 22:35,"23,00","46,00",Betha Eletrônica Ltda,1/1
Coleta de Dados - UMMI,Impressão: 08/08/2025  9:23.09,Grupo:,TH-04-R,Equipamento:  1 - UMMI,Coleta:,04/08/2025 - 08:56,Registros:   Total: 2.864        Exibidos: 2.864,Data da Coleta:,04/08/2025,Exibição de Dados,Temperatura:,,Umidade:,,Datas:,,Medições,Data / Hora,Temperatura,Umidade,02/08/2025 - 22:40,"23,00","47,00",Betha Eletrônica Ltda,1/1
Coleta de Dados - UMMI,Impressão: 08/08/2025  9:23.09,Grupo:,TH-04-R,Equipamento:  1 - UMMI,Coleta:,04/08/2025 - 08:56,Registros:   Total: 2.864        Exibidos: 2.864,Data da Coleta:,04/08/2025,Exibição de Dados,Temperatura:,,Umidade:,,Datas:,,Medições,Data / Hora,Temperatura,Umidade,02/08/2025 - 22:45,"23,00","48,00",Betha Eletrônica Ltda,1/1
Coleta de Dados - UMMI,Impressão: 08/08/2025  9:23.09,Grupo:,TH-04-R,Equipamento:  1 - UMMI,Coleta:,04/08/2025 - 08:56,Registros:   Total: 2.864        Exibidos: 2.864,Data da Coleta:,04/08/2025,Exibição de Dados,Temperatura:,,Umidade:,,Datas:,,Medições,Data / Hora,Temperatura,Umidade,02/08/2025 - 22:50,"22,00","51,00",Betha Eletrônica Ltda,1/1
Coleta de Dados - UMMI,Impressão: 08/08/2025  9:23.09,Grupo:,TH-04-R,Equipamento:  1 - UMMI,Coleta:,04/08/2025 - 08:56,Registros:   Total: 2.864        Exibidos: 2.864,Data da Coleta:,04/08/2025,Exibição de Dados,Temperatura:,,Umidade:,,Datas:,,Medições,Data / Hora,Temperatura,Umidade,02/08/2025 - 22:55,"21,00","44,00",Betha Eletrônica Ltda,1/1
Coleta de Dados - UMMI,Impressão: 08/08/2025  9:23.09,Grupo:,TH-04-R,Equipamento:  1 - UMMI,Coleta:,04/08/2025 - 08:56,Registros:   Total: 2.864        Exibidos: 2.864,Data da Coleta:,04/08/2025,Exibição de Dados,Temperatura:,,Umidade:,,Datas:,,Medições,Data / Hora,Temperatura,Umidade,02/08/2025 - 23:00,"22,00","47,00",Betha Eletrônica Ltda,1/1
Coleta de Dados - UMMI,Impressão: 08/08/2025  9:23.09,Grupo:,TH-04-R,Equipamento:  1 - UMMI,Coleta:,04/08/2025 - 08:56,Registros:   Total: 2.864        Exibidos: 2.864,Data da Coleta:,04/08/2025,Exibição de Dados,Temperatura:,,Umidade:,,Datas:,,Medições,Data / Hora,Temperatura,Umidade,02/08/2025 - 23:05,"22,00","45,00",Betha Eletrônica Ltda,1/1
Coleta de Dados - UMMI,Impressão: 08/08/2025  9:23.09,Grupo:,TH-04-R,Equipamento:  1 - UMMI,Coleta:,04/08/2025 - 08:56,Registros:   Total: 2.864        Exibidos: 2.864,Data da Coleta:,04/08/2025,Exibição de Dados,Temperatura:,,Umidade:,,Datas:,,Medições,Data / Hora,Temperatura,Umidade,02/08/2025 - 23:10,"23,00","50,00",Betha Eletrônica Ltda,1/1
Coleta de Dados - UMMI,Impressão: 08/08/2025  9:23.09,Grupo:,TH-04-R,Equipamento:  1 - UMMI,Coleta:,04/08/2025 - 08:56,Registros:   Total: 2.864        Exibidos: 2.864,Data da Coleta:,04/08/2025,Exibição de Dados,Temperatura:,,Umidade:,,Datas:,,Medições,Data / Hora,Temperatura,Umidade,02/08/2025 - 23:15,"22,00","44,00",Betha Eletrônica Ltda,1/1
Coleta de Dados - UMMI,Impressão: 08/08/2025  9:23.09,Grupo:,TH-04-R,Equipamento:  1 - UMMI,Coleta:,04/08/2025 - 08:56,Registros:   Total: 2.864        Exibidos: 2.864,Data da Coleta:,04/08/2025,Exibição de Dados,Temperatura:,,Umidade:,,Datas:,,Medições,Data / Hora,Temperatura,Umidade,02/08/2025 - 23:20,"22,00","49,00",Betha Eletrônica Ltda,1/1
Coleta de Dados - UMMI,Impressão: 08/08/2025  9:23.09,Grupo:,TH-04-R,Equipamento:  1 - UMMI,Coleta:,04/08/2025 - 08:56,Registros:   Total: 2.864        Exibidos: 2.864,Data da Coleta:,04/08/2025,Exibição de Dados,Temperatura:,,Umidade:,,Datas:,,Medições,Data / Hora,Temperatura,Umidade,02/08/2025 - 23:25,"21,00","51,00",Betha Eletrônica Ltda,1/1
Coleta de Dados - UMMI,Impressão: 08/08/2025  9:23.09,Grupo:,TH-04-R,Equipamento:  1 - UMMI,Coleta:,04/08/2025 - 08:56,Registros:   Total: 2.864        Exibidos: 2.864,Data da Coleta:,04/08/2025,Exibição de Dados,Temperatura:,,Umidade:,,Datas:,,Medições,Data / Hora,Temperatura,Umidade,02/08/2025 - 23:30,"22,00","44,00",Betha Eletrônica Ltda,1/1
Coleta de Dados - UMMI,Impressão: 08/08/2025  9:23.09,Grupo:,TH-04-R,Equipamento:  1 - UMMI,Coleta:,04/08/2025 - 08:56,Registros:   Total: 2.864        Exibidos: 2.864,Data da Coleta:,04/08/2025,Exibição de Dados,Temperatura:,,Umidade:,,Datas:,,Medições,Data / Hora,Temperatura,Umidade,02/08/2025 - 23:35,"22,00","51,00",Betha Eletrônica Ltda,1/1
Coleta de Dados - UMMI,Impressão: 08/08/2025  9:23.09,Grupo:,TH-04-R,Equipamento:  1 - UMMI,Coleta:,04/08/2025 - 08:56,Registros:   Total: 2.864        Exibidos: 2.864,Data da Coleta:,04/08/2025,Exibição de Dados,Temperatura:,,Umidade:,,Datas:,,Medições,Data / Hora,Temperatura,Umidade,02/08/2025 - 23:40,"23,00","45,00",Betha Eletrônica Ltda,1/1
Coleta de Dados - UMMI,Impressão: 08/08/2025  9:23.09,Grupo:,TH-04-R,Equipamento:  1 - UMMI,Coleta:,04/08/2025 - 08:56,Registros:   Total: 2.864        Exibidos: 2.864,Data da Coleta:,04/08/2025,Exibição de Dados,Temperatura:,,Umidade:,,Datas:,,Medições,Data / Hora,Temperatura,Umidade,02/08/2025 - 23:45,"22,00","48,00",Betha Eletrônica Ltda,1/1
Coleta de Dados - UMMI,Impressão: 08/08/2025  9:23.09,Grupo:,TH-04-R,Equipamento:  1 - UMMI,Coleta:,04/08/2025 - 08:56,Registros:   Total: 2.864        Exibidos: 2.864,Data da Coleta:,04/08/2025,Exibição de Dados,Temperatura:,,Umidade:,,Datas:,,Medições,Data / Hora,Temperatura,Umidade,02/08/2025 - 23:50,"22,00","47,00",Betha Eletrônica Ltda,1/1
Coleta de Dados - UMMI,Impressão: 08/08/2025  9:23.09,Grupo:,TH-04-R,Equipamento:  1 - UMMI,Coleta:,04/08/2025 - 08:56,Registros:   Total: 2.864        Exibidos: 2.864,Data da Coleta:,04/08/2025,Exibição de Dados,Temperatura:,,Umidade:,,Datas:,,Medições,Data / Hora,Temperatura,Umidade,02/08/2025 - 23:55,"21,00","53,00",Betha Eletrônica Ltda,1/1
Coleta de Dados - UMMI,Impressão: 08/08/2025  9:23.09,Grupo:,TH-04-R,Equipamento:  1 - UMMI,Coleta:,04/08/2025 - 08:56,Registros:   Total: 2.864        Exibidos: 2.864,Data da Coleta:,04/08/2025,Exibição de Dados,Temperatura:,,Umidade:,,Datas:,,Medições,Data / Hora,Temperatura,Umidade,03/08/2025 - 00:00,"21,00","41,00",Betha Eletrônica Ltda,1/1
Coleta de Dados - UMMI,Impressão: 08/08/2025  9:23.09,Grupo:,TH-04-R,Equipamento:  1 - UMMI,Coleta:,04/08/2025 - 08:56,Registros:   Total: 2.864        Exibidos: 2.864,Data da Coleta:,04/08/2025,Exibição de Dados,Temperatura:,,Umidade:,,Datas:,,Medições,Data / Hora,Temperatura,Umidade,03/08/2025 - 00:05,"22,00","54,00",Betha Eletrônica Ltda,1/1
Coleta de Dados - UMMI,Impressão: 08/08/2025  9:23.09,Grupo:,TH-04-R,Equipamento:  1 - UMMI,Coleta:,04/08/2025 - 08:56,Registros:   Total: 2.864        Exibidos: 2.864,Data da Coleta:,04/08/2025,Exibição de Dados,Temperatura:,,Umidade:,,Datas:,,Medições,Data / Hora,Temperatura,Umidade,03/08/2025 - 00:10,"23,00","43,00",Betha Eletrônica Ltda,1/1
Coleta de Dados - UMMI,Impressão: 08/08/2025  9:23.09,Grupo:,TH-04-R,Equipamento:  1 - UMMI,Coleta:,04/08/2025 - 08:56,Registros:   Total: 2.864        Exibidos: 2.864,Data da Coleta:,04/08/2025,Exibição de Dados,Temperatura:,,Umidade:,,Datas:,,Medições,Data / Hora,Temperatura,Umidade,03/08/2025 - 00:15,"22,00","51,00",Betha Eletrônica Ltda,1/1
Coleta de Dados - UMMI,Impressão: 08/08/2025  9:23.09,Grupo:,TH-04-R,Equipamento:  1 - UMMI,Coleta:,04/08/2025 - 08:56,Registros:   Total: 2.864        Exibidos: 2.864,Data da Coleta:,04/08/2025,Exibição de Dados,Temperatura:,,Umidade:,,Datas:,,Medições,Data / Hora,Temperatura,Umidade,03/08/2025 - 00:20,"22,00","45,00",Betha Eletrônica Ltda,1/1
Coleta de Dados - UMMI,Impressão: 08/08/2025  9:23.09,Grupo:,TH-04-R,Equipamento:  1 - UMMI,Coleta:,04/08/2025 - 08:56,Registros:   Total: 2.864        Exibidos: 2.864,Data da Coleta:,04/08/2025,Exibição de Dados,Temperatura:,,Umidade:,,Datas:,,Medições,Data / Hora,Temperatura,Umidade,03/08/2025 - 00:25,"22,00","54,00",Betha Eletrônica Ltda,1/1
Coleta de Dados - UMMI,Impressão: 08/08/2025  9:23.09,Grupo:,TH-04-R,Equipamento:  1 - UMMI,Coleta:,04/08/2025 - 08:56,Registros:   Total: 2.864        Exibidos: 2.864,Data da Coleta:,04/08/2025,Exibição de Dados,Temperatura:,,Umidade:,,Datas:,,Medições,Data / Hora,Temperatura,Umidade,03/08/2025 - 00:30,"22,00","40,00",Betha Eletrônica Ltda,1/1
Coleta de Dados - UMMI,Impressão: 08/08/2025  9:23.09,Grupo:,TH-04-R,Equipamento:  1 - UMMI,Coleta:,04/08/2025 - 08:56,Registros:   Total: 2.864        Exibidos: 2.864,Data da Coleta:,04/08/2025,Exibição de Dados,Temperatura:,,Umidade:,,Datas:,,Medições,Data / Hora,Temperatura,Umidade,03/08/2025 - 00:35,"23,00","55,00",Betha Eletrônica Ltda,1/1
Coleta de Dados - UMMI,Impressão: 08/08/2025  9:23.09,Grupo:,TH-04-R,Equipamento:  1 - UMMI,Coleta:,04/08/2025 - 08:56,Registros:   Total: 2.864        Exibidos: 2.864,Data da Coleta:,04/08/2025,Exibição de Dados,Temperatura:,,Umidade:,,Datas:,,Medições,Data / Hora,Temperatura,Umidade,03/08/2025 - 00:40,"23,00","41,00",Betha Eletrônica Ltda,1/1
Coleta de Dados - UMMI,Impressão: 08/08/2025  9:23.09,Grupo:,TH-04-R,Equipamento:  1 - UMMI,Coleta:,04/08/2025 - 08:56,Registros:   Total: 2.864        Exibidos: 2.864,Data da Coleta:,04/08/2025,Exibição de Dados,Temperatura:,,Umidade:,,Datas:,,Medições,Data / Hora,Temperatura,Umidade,03/08/2025 - 00:45,"22,00","53,00",Betha Eletrônica Ltda,1/1
Coleta de Dados - UMMI,Impressão: 08/08/2025  9:23.09,Grupo:,TH-04-R,Equipamento:  1 - UMMI,Coleta:,04/08/2025 - 08:56,Registros:   Total: 2.864        Exibidos: 2.864,Data da Coleta:,04/08/2025,Exibição de Dados,Temperatura:,,Umidade:,,Datas:,,Medições,Data / Hora,Temperatura,Umidade,03/08/2025 - 00:50,"22,00","45,00",Betha Eletrônica Ltda,1/1
Coleta de Dados - UMMI,Impressão: 08/08/2025  9:23.09,Grupo:,TH-04-R,Equipamento:  1 - UMMI,Coleta:,04/08/2025 - 08:56,Registros:   Total: 2.864        Exibidos: 2.864,Data da Coleta:,04/08/2025,Exibição de Dados,Temperatura:,,Umidade:,,Datas:,,Medições,Data / Hora,Temperatura,Umidade,03/08/2025 - 00:55,"22,00","51,00",Betha Eletrônica Ltda,1/1
Coleta de Dados - UMMI,Impressão: 08/08/2025  9:23.09,Grupo:,TH-04-R,Equipamento:  1 - UMMI,Coleta:,04/08/2025 - 08:56,Registros:   Total: 2.864        Exibidos: 2.864,Data da Coleta:,04/08/2025,Exibição de Dados,Temperatura:,,Umidade:,,Datas:,,Medições,Data / Hora,Temperatura,Umidade,03/08/2025 - 01:00,"22,00","40,00",Betha Eletrônica Ltda,1/1
Coleta de Dados - UMMI,Impressão: 08/08/2025  9:23.09,Grupo:,TH-04-R,Equipamento:  1 - UMMI,Coleta:,04/08/2025 - 08:56,Registros:   Total: 2.864        Exibidos: 2.864,Data da Coleta:,04/08/2025,Exibição de Dados,Temperatura:,,Umidade:,,Datas:,,Medições,Data / Hora,Temperatura,Umidade,03/08/2025 - 01:05,"23,00","54,00",Betha Eletrônica Ltda,1/1
Coleta de Dados - UMMI,Impressão: 08/08/2025  9:23.09,Grupo:,TH-04-R,Equipamento:  1 - UMMI,Coleta:,04/08/2025 - 08:56,Registros:   Total: 2.864        Exibidos: 2.864,Data da Coleta:,04/08/2025,Exibição de Dados,Temperatura:,,Umidade:,,Datas:,,Medições,Data / Hora,Temperatura,Umidade,03/08/2025 - 01:10,"23,00","40,00",Betha Eletrônica Ltda,1/1
Coleta de Dados - UMMI,Impressão: 08/08/2025  9:23.09,Grupo:,TH-04-R,Equipamento:  1 - UMMI,Coleta:,04/08/2025 - 08:56,Registros:   Total: 2.864        Exibidos: 2.864,Data da Coleta:,04/08/2025,Exibição de Dados,Temperatura:,,Umidade:,,Datas:,,Medições,Data / Hora,Temperatura,Umidade,03/08/2025 - 01:15,"22,00","53,00",Betha Eletrônica Ltda,1/1
Coleta de Dados - UMMI,Impressão: 08/08/2025  9:23.09,Grupo:,TH-04-R,Equipamento:  1 - UMMI,Coleta:,04/08/2025 - 08:56,Registros:   Total: 2.864        Exibidos: 2.864,Data da Coleta:,04/08/2025,Exibição de Dados,Temperatura:,,Umidade:,,Datas:,,Medições,Data / Hora,Temperatura,Umidade,03/08/2025 - 01:20,"21,00","45,00",Betha Eletrônica Ltda,1/1
Coleta de Dados - UMMI,Impressão: 08/08/2025  9:23.09,Grupo:,TH-04-R,Equipamento:  1 - UMMI,Coleta:,04/08/2025 - 08:56,Registros:   Total: 2.864        Exibidos: 2.864,Data da Coleta:,04/08/2025,Exibição de Dados,Temperatura:,,Umidade:,,Datas:,,Medições,Data / Hora,Temperatura,Umidade,03/08/2025 - 01:25,"22,00","47,00",Betha Eletrônica Ltda,1/1
Coleta de Dados - UMMI,Impressão: 08/08/2025  9:23.09,Grupo:,TH-04-R,Equipamento:  1 - UMMI,Coleta:,04/08/2025 - 08:56,Registros:   Total: 2.864        Exibidos: 2.864,Data da Coleta:,04/08/2025,Exibição de Dados,Temperatura:,,Umidade:,,Datas:,,Medições,Data / Hora,Temperatura,Umidade,03/08/2025 - 01:30,"22,00","47,00",Betha Eletrônica Ltda,1/1
Coleta de Dados - UMMI,Impressão: 08/08/2025  9:23.09,Grupo:,TH-04-R,Equipamento:  1 - UMMI,Coleta:,04/08/2025 - 08:56,Registros:   Total: 2.864        Exibidos: 2.864,Data da Coleta:,04/08/2025,Exibição de Dados,Temperatura:,,Umidade:,,Datas:,,Medições,Data / Hora,Temperatura,Umidade,03/08/2025 - 01:35,"23,00","49,00",Betha Eletrônica Ltda,1/1
Coleta de Dados - UMMI,Impressão: 08/08/2025  9:23.09,Grupo:,TH-04-R,Equipamento:  1 - UMMI,Coleta:,04/08/2025 - 08:56,Registros:   Total: 2.864        Exibidos: 2.864,Data da Coleta:,04/08/2025,Exibição de Dados,Temperatura:,,Umidade:,,Datas:,,Medições,Data / Hora,Temperatura,Umidade,03/08/2025 - 01:40,"22,00","42,00",Betha Eletrônica Ltda,1/1
Coleta de Dados - UMMI,Impressão: 08/08/2025  9:23.09,Grupo:,TH-04-R,Equipamento:  1 - UMMI,Coleta:,04/08/2025 - 08:56,Registros:   Total: 2.864        Exibidos: 2.864,Data da Coleta:,04/08/2025,Exibição de Dados,Temperatura:,,Umidade:,,Datas:,,Medições,Data / Hora,Temperatura,Umidade,03/08/2025 - 01:45,"22,00","52,00",Betha Eletrônica Ltda,1/1
Coleta de Dados - UMMI,Impressão: 08/08/2025  9:23.09,Grupo:,TH-04-R,Equipamento:  1 - UMMI,Coleta:,04/08/2025 - 08:56,Registros:   Total: 2.864        Exibidos: 2.864,Data da Coleta:,04/08/2025,Exibição de Dados,Temperatura:,,Umidade:,,Datas:,,Medições,Data / Hora,Temperatura,Umidade,03/08/2025 - 01:50,"22,00","44,00",Betha Eletrônica Ltda,1/1
Coleta de Dados - UMMI,Impressão: 08/08/2025  9:23.09,Grupo:,TH-04-R,Equipamento:  1 - UMMI,Coleta:,04/08/2025 - 08:56,Registros:   Total: 2.864        Exibidos: 2.864,Data da Coleta:,04/08/2025,Exibição de Dados,Temperatura:,,Umidade:,,Datas:,,Medições,Data / Hora,Temperatura,Umidade,03/08/2025 - 01:55,"22,00","49,00",Betha Eletrônica Ltda,1/1
Coleta de Dados - UMMI,Impressão: 08/08/2025  9:23.09,Grupo:,TH-04-R,Equipamento:  1 - UMMI,Coleta:,04/08/2025 - 08:56,Registros:   Total: 2.864        Exibidos: 2.864,Data da Coleta:,04/08/2025,Exibição de Dados,Temperatura:,,Umidade:,,Datas:,,Medições,Data / Hora,Temperatura,Umidade,03/08/2025 - 02:00,"22,00","44,00",Betha Eletrônica Ltda,1/1
Coleta de Dados - UMMI,Impressão: 08/08/2025  9:23.09,Grupo:,TH-04-R,Equipamento:  1 - UMMI,Coleta:,04/08/2025 - 08:56,Registros:   Total: 2.864        Exibidos: 2.864,Data da Coleta:,04/08/2025,Exibição de Dados,Temperatura:,,Umidade:,,Datas:,,Medições,Data / Hora,Temperatura,Umidade,03/08/2025 - 02:05,"23,00","52,00",Betha Eletrônica Ltda,1/1
Coleta de Dados - UMMI,Impressão: 08/08/2025  9:23.09,Grupo:,TH-04-R,Equipamento:  1 - UMMI,Coleta:,04/08/2025 - 08:56,Registros:   Total: 2.864        Exibidos: 2.864,Data da Coleta:,04/08/2025,Exibição de Dados,Temperatura:,,Umidade:,,Datas:,,Medições,Data / Hora,Temperatura,Umidade,03/08/2025 - 02:10,"23,00","41,00",Betha Eletrônica Ltda,1/1
Coleta de Dados - UMMI,Impressão: 08/08/2025  9:23.09,Grupo:,TH-04-R,Equipamento:  1 - UMMI,Coleta:,04/08/2025 - 08:56,Registros:   Total: 2.864        Exibidos: 2.864,Data da Coleta:,04/08/2025,Exibição de Dados,Temperatura:,,Umidade:,,Datas:,,Medições,Data / Hora,Temperatura,Umidade,03/08/2025 - 02:15,"22,00","53,00",Betha Eletrônica Ltda,1/1
Coleta de Dados - UMMI,Impressão: 08/08/2025  9:23.09,Grupo:,TH-04-R,Equipamento:  1 - UMMI,Coleta:,04/08/2025 - 08:56,Registros:   Total: 2.864        Exibidos: 2.864,Data da Coleta:,04/08/2025,Exibição de Dados,Temperatura:,,Umidade:,,Datas:,,Medições,Data / Hora,Temperatura,Umidade,03/08/2025 - 02:20,"21,00","47,00",Betha Eletrônica Ltda,1/1
Coleta de Dados - UMMI,Impressão: 08/08/2025  9:23.09,Grupo:,TH-04-R,Equipamento:  1 - UMMI,Coleta:,04/08/2025 - 08:56,Registros:   Total: 2.864        Exibidos: 2.864,Data da Coleta:,04/08/2025,Exibição de Dados,Temperatura:,,Umidade:,,Datas:,,Medições,Data / Hora,Temperatura,Umidade,03/08/2025 - 02:25,"22,00","46,00",Betha Eletrônica Ltda,1/1
Coleta de Dados - UMMI,Impressão: 08/08/2025  9:23.09,Grupo:,TH-04-R,Equipamento:  1 - UMMI,Coleta:,04/08/2025 - 08:56,Registros:   Total: 2.864        Exibidos: 2.864,Data da Coleta:,04/08/2025,Exibição de Dados,Temperatura:,,Umidade:,,Datas:,,Medições,Data / Hora,Temperatura,Umidade,03/08/2025 - 02:30,"22,00","50,00",Betha Eletrônica Ltda,1/1
Coleta de Dados - UMMI,Impressão: 08/08/2025  9:23.09,Grupo:,TH-04-R,Equipamento:  1 - UMMI,Coleta:,04/08/2025 - 08:56,Registros:   Total: 2.864        Exibidos: 2.864,Data da Coleta:,04/08/2025,Exibição de Dados,Temperatura:,,Umidade:,,Datas:,,Medições,Data / Hora,Temperatura,Umidade,03/08/2025 - 02:35,"23,00","47,00",Betha Eletrônica Ltda,1/1
Coleta de Dados - UMMI,Impressão: 08/08/2025  9:23.09,Grupo:,TH-04-R,Equipamento:  1 - UMMI,Coleta:,04/08/2025 - 08:56,Registros:   Total: 2.864        Exibidos: 2.864,Data da Coleta:,04/08/2025,Exibição de Dados,Temperatura:,,Umidade:,,Datas:,,Medições,Data / Hora,Temperatura,Umidade,03/08/2025 - 02:40,"22,00","44,00",Betha Eletrônica Ltda,1/1
Coleta de Dados - UMMI,Impressão: 08/08/2025  9:23.09,Grupo:,TH-04-R,Equipamento:  1 - UMMI,Coleta:,04/08/2025 - 08:56,Registros:   Total: 2.864        Exibidos: 2.864,Data da Coleta:,04/08/2025,Exibição de Dados,Temperatura:,,Umidade:,,Datas:,,Medições,Data / Hora,Temperatura,Umidade,03/08/2025 - 02:45,"22,00","51,00",Betha Eletrônica Ltda,1/1
Coleta de Dados - UMMI,Impressão: 08/08/2025  9:23.09,Grupo:,TH-04-R,Equipamento:  1 - UMMI,Coleta:,04/08/2025 - 08:56,Registros:   Total: 2.864        Exibidos: 2.864,Data da Coleta:,04/08/2025,Exibição de Dados,Temperatura:,,Umidade:,,Datas:,,Medições,Data / Hora,Temperatura,Umidade,03/08/2025 - 02:50,"22,00","47,00",Betha Eletrônica Ltda,1/1
Coleta de Dados - UMMI,Impressão: 08/08/2025  9:23.09,Grupo:,TH-04-R,Equipamento:  1 - UMMI,Coleta:,04/08/2025 - 08:56,Registros:   Total: 2.864        Exibidos: 2.864,Data da Coleta:,04/08/2025,Exibição de Dados,Temperatura:,,Umidade:,,Datas:,,Medições,Data / Hora,Temperatura,Umidade,03/08/2025 - 02:55,"22,00","48,00",Betha Eletrônica Ltda,1/1
Coleta de Dados - UMMI,Impressão: 08/08/2025  9:23.09,Grupo:,TH-04-R,Equipamento:  1 - UMMI,Coleta:,04/08/2025 - 08:56,Registros:   Total: 2.864        Exibidos: 2.864,Data da Coleta:,04/08/2025,Exibição de Dados,Temperatura:,,Umidade:,,Datas:,,Medições,Data / Hora,Temperatura,Umidade,03/08/2025 - 03:00,"22,00","46,00",Betha Eletrônica Ltda,1/1
Coleta de Dados - UMMI,Impressão: 08/08/2025  9:23.09,Grupo:,TH-04-R,Equipamento:  1 - UMMI,Coleta:,04/08/2025 - 08:56,Registros:   Total: 2.864        Exibidos: 2.864,Data da Coleta:,04/08/2025,Exibição de Dados,Temperatura:,,Umidade:,,Datas:,,Medições,Data / Hora,Temperatura,Umidade,03/08/2025 - 03:05,"23,00","51,00",Betha Eletrônica Ltda,1/1
Coleta de Dados - UMMI,Impressão: 08/08/2025  9:23.09,Grupo:,TH-04-R,Equipamento:  1 - UMMI,Coleta:,04/08/2025 - 08:56,Registros:   Total: 2.864        Exibidos: 2.864,Data da Coleta:,04/08/2025,Exibição de Dados,Temperatura:,,Umidade:,,Datas:,,Medições,Data / Hora,Temperatura,Umidade,03/08/2025 - 03:10,"23,00","42,00",Betha Eletrônica Ltda,1/1
Coleta de Dados - UMMI,Impressão: 08/08/2025  9:23.09,Grupo:,TH-04-R,Equipamento:  1 - UMMI,Coleta:,04/08/2025 - 08:56,Registros:   Total: 2.864        Exibidos: 2.864,Data da Coleta:,04/08/2025,Exibição de Dados,Temperatura:,,Umidade:,,Datas:,,Medições,Data / Hora,Temperatura,Umidade,03/08/2025 - 03:15,"22,00","53,00",Betha Eletrônica Ltda,1/1
Coleta de Dados - UMMI,Impressão: 08/08/2025  9:23.09,Grupo:,TH-04-R,Equipamento:  1 - UMMI,Coleta:,04/08/2025 - 08:56,Registros:   Total: 2.864        Exibidos: 2.864,Data da Coleta:,04/08/2025,Exibição de Dados,Temperatura:,,Umidade:,,Datas:,,Medições,Data / Hora,Temperatura,Umidade,03/08/2025 - 03:20,"22,00","46,00",Betha Eletrônica Ltda,1/1
Coleta de Dados - UMMI,Impressão: 08/08/2025  9:23.09,Grupo:,TH-04-R,Equipamento:  1 - UMMI,Coleta:,04/08/2025 - 08:56,Registros:   Total: 2.864        Exibidos: 2.864,Data da Coleta:,04/08/2025,Exibição de Dados,Temperatura:,,Umidade:,,Datas:,,Medições,Data / Hora,Temperatura,Umidade,03/08/2025 - 03:25,"22,00","47,00",Betha Eletrônica Ltda,1/1
Coleta de Dados - UMMI,Impressão: 08/08/2025  9:23.09,Grupo:,TH-04-R,Equipamento:  1 - UMMI,Coleta:,04/08/2025 - 08:56,Registros:   Total: 2.864        Exibidos: 2.864,Data da Coleta:,04/08/2025,Exibição de Dados,Temperatura:,,Umidade:,,Datas:,,Medições,Data / Hora,Temperatura,Umidade,03/08/2025 - 03:30,"22,00","47,00",Betha Eletrônica Ltda,1/1
Coleta de Dados - UMMI,Impressão: 08/08/2025  9:23.09,Grupo:,TH-04-R,Equipamento:  1 - UMMI,Coleta:,04/08/2025 - 08:56,Registros:   Total: 2.864        Exibidos: 2.864,Data da Coleta:,04/08/2025,Exibição de Dados,Temperatura:,,Umidade:,,Datas:,,Medições,Data / Hora,Temperatura,Umidade,03/08/2025 - 03:35,"23,00","49,00",Betha Eletrônica Ltda,1/1
Coleta de Dados - UMMI,Impressão: 08/08/2025  9:23.09,Grupo:,TH-04-R,Equipamento:  1 - UMMI,Coleta:,04/08/2025 - 08:56,Registros:   Total: 2.864        Exibidos: 2.864,Data da Coleta:,04/08/2025,Exibição de Dados,Temperatura:,,Umidade:,,Datas:,,Medições,Data / Hora,Temperatura,Umidade,03/08/2025 - 03:40,"22,00","42,00",Betha Eletrônica Ltda,1/1
Coleta de Dados - UMMI,Impressão: 08/08/2025  9:23.09,Grupo:,TH-04-R,Equipamento:  1 - UMMI,Coleta:,04/08/2025 - 08:56,Registros:   Total: 2.864        Exibidos: 2.864,Data da Coleta:,04/08/2025,Exibição de Dados,Temperatura:,,Umidade:,,Datas:,,Medições,Data / Hora,Temperatura,Umidade,03/08/2025 - 03:45,"22,00","53,00",Betha Eletrônica Ltda,1/1
Coleta de Dados - UMMI,Impressão: 08/08/2025  9:23.09,Grupo:,TH-04-R,Equipamento:  1 - UMMI,Coleta:,04/08/2025 - 08:56,Registros:   Total: 2.864        Exibidos: 2.864,Data da Coleta:,04/08/2025,Exibição de Dados,Temperatura:,,Umidade:,,Datas:,,Medições,Data / Hora,Temperatura,Umidade,03/08/2025 - 03:50,"22,00","42,00",Betha Eletrônica Ltda,1/1
Coleta de Dados - UMMI,Impressão: 08/08/2025  9:23.09,Grupo:,TH-04-R,Equipamento:  1 - UMMI,Coleta:,04/08/2025 - 08:56,Registros:   Total: 2.864        Exibidos: 2.864,Data da Coleta:,04/08/2025,Exibição de Dados,Temperatura:,,Umidade:,,Datas:,,Medições,Data / Hora,Temperatura,Umidade,03/08/2025 - 03:55,"22,00","53,00",Betha Eletrônica Ltda,1/1
Coleta de Dados - UMMI,Impressão: 08/08/2025  9:23.09,Grupo:,TH-04-R,Equipamento:  1 - UMMI,Coleta:,04/08/2025 - 08:56,Registros:   Total: 2.864        Exibidos: 2.864,Data da Coleta:,04/08/2025,Exibição de Dados,Temperatura:,,Umidade:,,Datas:,,Medições,Data / Hora,Temperatura,Umidade,03/08/2025 - 04:00,"22,00","40,00",Betha Eletrônica Ltda,1/1
Coleta de Dados - UMMI,Impressão: 08/08/2025  9:23.09,Grupo:,TH-04-R,Equipamento:  1 - UMMI,Coleta:,04/08/2025 - 08:56,Registros:   Total: 2.864        Exibidos: 2.864,Data da Coleta:,04/08/2025,Exibição de Dados,Temperatura:,,Umidade:,,Datas:,,Medições,Data / Hora,Temperatura,Umidade,03/08/2025 - 04:05,"23,00","54,00",Betha Eletrônica Ltda,1/1
Coleta de Dados - UMMI,Impressão: 08/08/2025  9:23.09,Grupo:,TH-04-R,Equipamento:  1 - UMMI,Coleta:,04/08/2025 - 08:56,Registros:   Total: 2.864        Exibidos: 2.864,Data da Coleta:,04/08/2025,Exibição de Dados,Temperatura:,,Umidade:,,Datas:,,Medições,Data / Hora,Temperatura,Umidade,03/08/2025 - 04:10,"23,00","41,00",Betha Eletrônica Ltda,1/1
Coleta de Dados - UMMI,Impressão: 08/08/2025  9:23.09,Grupo:,TH-04-R,Equipamento:  1 - UMMI,Coleta:,04/08/2025 - 08:56,Registros:   Total: 2.864        Exibidos: 2.864,Data da Coleta:,04/08/2025,Exibição de Dados,Temperatura:,,Umidade:,,Datas:,,Medições,Data / Hora,Temperatura,Umidade,03/08/2025 - 04:15,"22,00","52,00",Betha Eletrônica Ltda,1/1
Coleta de Dados - UMMI,Impressão: 08/08/2025  9:23.09,Grupo:,TH-04-R,Equipamento:  1 - UMMI,Coleta:,04/08/2025 - 08:56,Registros:   Total: 2.864        Exibidos: 2.864,Data da Coleta:,04/08/2025,Exibição de Dados,Temperatura:,,Umidade:,,Datas:,,Medições,Data / Hora,Temperatura,Umidade,03/08/2025 - 04:20,"22,00","44,00",Betha Eletrônica Ltda,1/1
Coleta de Dados - UMMI,Impressão: 08/08/2025  9:23.09,Grupo:,TH-04-R,Equipamento:  1 - UMMI,Coleta:,04/08/2025 - 08:56,Registros:   Total: 2.864        Exibidos: 2.864,Data da Coleta:,04/08/2025,Exibição de Dados,Temperatura:,,Umidade:,,Datas:,,Medições,Data / Hora,Temperatura,Umidade,03/08/2025 - 04:25,"22,00","53,00",Betha Eletrônica Ltda,1/1
Coleta de Dados - UMMI,Impressão: 08/08/2025  9:23.09,Grupo:,TH-04-R,Equipamento:  1 - UMMI,Coleta:,04/08/2025 - 08:56,Registros:   Total: 2.864        Exibidos: 2.864,Data da Coleta:,04/08/2025,Exibição de Dados,Temperatura:,,Umidade:,,Datas:,,Medições,Data / Hora,Temperatura,Umidade,03/08/2025 - 04:30,"22,00","40,00",Betha Eletrônica Ltda,1/1
Coleta de Dados - UMMI,Impressão: 08/08/2025  9:23.09,Grupo:,TH-04-R,Equipamento:  1 - UMMI,Coleta:,04/08/2025 - 08:56,Registros:   Total: 2.864        Exibidos: 2.864,Data da Coleta:,04/08/2025,Exibição de Dados,Temperatura:,,Umidade:,,Datas:,,Medições,Data / Hora,Temperatura,Umidade,03/08/2025 - 04:35,"23,00","53,00",Betha Eletrônica Ltda,1/1
Coleta de Dados - UMMI,Impressão: 08/08/2025  9:23.09,Grupo:,TH-04-R,Equipamento:  1 - UMMI,Coleta:,04/08/2025 - 08:56,Registros:   Total: 2.864        Exibidos: 2.864,Data da Coleta:,04/08/2025,Exibição de Dados,Temperatura:,,Umidade:,,Datas:,,Medições,Data / Hora,Temperatura,Umidade,03/08/2025 - 04:40,"23,00","40,00",Betha Eletrônica Ltda,1/1
Coleta de Dados - UMMI,Impressão: 08/08/2025  9:23.09,Grupo:,TH-04-R,Equipamento:  1 - UMMI,Coleta:,04/08/2025 - 08:56,Registros:   Total: 2.864        Exibidos: 2.864,Data da Coleta:,04/08/2025,Exibição de Dados,Temperatura:,,Umidade:,,Datas:,,Medições,Data / Hora,Temperatura,Umidade,03/08/2025 - 04:45,"22,00","53,00",Betha Eletrônica Ltda,1/1
Coleta de Dados - UMMI,Impressão: 08/08/2025  9:23.09,Grupo:,TH-04-R,Equipamento:  1 - UMMI,Coleta:,04/08/2025 - 08:56,Registros:   Total: 2.864        Exibidos: 2.864,Data da Coleta:,04/08/2025,Exibição de Dados,Temperatura:,,Umidade:,,Datas:,,Medições,Data / Hora,Temperatura,Umidade,03/08/2025 - 04:50,"22,00","44,00",Betha Eletrônica Ltda,1/1
Coleta de Dados - UMMI,Impressão: 08/08/2025  9:23.09,Grupo:,TH-04-R,Equipamento:  1 - UMMI,Coleta:,04/08/2025 - 08:56,Registros:   Total: 2.864        Exibidos: 2.864,Data da Coleta:,04/08/2025,Exibição de Dados,Temperatura:,,Umidade:,,Datas:,,Medições,Data / Hora,Temperatura,Umidade,03/08/2025 - 04:55,"22,00","54,00",Betha Eletrônica Ltda,1/1
Coleta de Dados - UMMI,Impressão: 08/08/2025  9:23.09,Grupo:,TH-04-R,Equipamento:  1 - UMMI,Coleta:,04/08/2025 - 08:56,Registros:   Total: 2.864        Exibidos: 2.864,Data da Coleta:,04/08/2025,Exibição de Dados,Temperatura:,,Umidade:,,Datas:,,Medições,Data / Hora,Temperatura,Umidade,03/08/2025 - 05:00,"22,00","40,00",Betha Eletrônica Ltda,1/1
Coleta de Dados - UMMI,Impressão: 08/08/2025  9:23.09,Grupo:,TH-04-R,Equipamento:  1 - UMMI,Coleta:,04/08/2025 - 08:56,Registros:   Total: 2.864        Exibidos: 2.864,Data da Coleta:,04/08/2025,Exibição de Dados,Temperatura:,,Umidade:,,Datas:,,Medições,Data / Hora,Temperatura,Umidade,03/08/2025 - 05:05,"23,00","53,00",Betha Eletrônica Ltda,1/1
Coleta de Dados - UMMI,Impressão: 08/08/2025  9:23.09,Grupo:,TH-04-R,Equipamento:  1 - UMMI,Coleta:,04/08/2025 - 08:56,Registros:   Total: 2.864        Exibidos: 2.864,Data da Coleta:,04/08/2025,Exibição de Dados,Temperatura:,,Umidade:,,Datas:,,Medições,Data / Hora,Temperatura,Umidade,03/08/2025 - 05:10,"23,00","42,00",Betha Eletrônica Ltda,1/1
Coleta de Dados - UMMI,Impressão: 08/08/2025  9:23.09,Grupo:,TH-04-R,Equipamento:  1 - UMMI,Coleta:,04/08/2025 - 08:56,Registros:   Total: 2.864        Exibidos: 2.864,Data da Coleta:,04/08/2025,Exibição de Dados,Temperatura:,,Umidade:,,Datas:,,Medições,Data / Hora,Temperatura,Umidade,03/08/2025 - 05:15,"22,00","51,00",Betha Eletrônica Ltda,1/1
Coleta de Dados - UMMI,Impressão: 08/08/2025  9:23.09,Grupo:,TH-04-R,Equipamento:  1 - UMMI,Coleta:,04/08/2025 - 08:56,Registros:   Total: 2.864        Exibidos: 2.864,Data da Coleta:,04/08/2025,Exibição de Dados,Temperatura:,,Umidade:,,Datas:,,Medições,Data / Hora,Temperatura,Umidade,03/08/2025 - 05:20,"22,00","46,00",Betha Eletrônica Ltda,1/1
Coleta de Dados - UMMI,Impressão: 08/08/2025  9:23.09,Grupo:,TH-04-R,Equipamento:  1 - UMMI,Coleta:,04/08/2025 - 08:56,Registros:   Total: 2.864        Exibidos: 2.864,Data da Coleta:,04/08/2025,Exibição de Dados,Temperatura:,,Umidade:,,Datas:,,Medições,Data / Hora,Temperatura,Umidade,03/08/2025 - 05:25,"22,00","54,00",Betha Eletrônica Ltda,1/1
Coleta de Dados - UMMI,Impressão: 08/08/2025  9:23.09,Grupo:,TH-04-R,Equipamento:  1 - UMMI,Coleta:,04/08/2025 - 08:56,Registros:   Total: 2.864        Exibidos: 2.864,Data da Coleta:,04/08/2025,Exibição de Dados,Temperatura:,,Umidade:,,Datas:,,Medições,Data / Hora,Temperatura,Umidade,03/08/2025 - 05:30,"22,00","41,00",Betha Eletrônica Ltda,1/1
Coleta de Dados - UMMI,Impressão: 08/08/2025  9:23.09,Grupo:,TH-04-R,Equipamento:  1 - UMMI,Coleta:,04/08/2025 - 08:56,Registros:   Total: 2.864        Exibidos: 2.864,Data da Coleta:,04/08/2025,Exibição de Dados,Temperatura:,,Umidade:,,Datas:,,Medições,Data / Hora,Temperatura,Umidade,03/08/2025 - 05:35,"22,00","54,00",Betha Eletrônica Ltda,1/1
Coleta de Dados - UMMI,Impressão: 08/08/2025  9:23.09,Grupo:,TH-04-R,Equipamento:  1 - UMMI,Coleta:,04/08/2025 - 08:56,Registros:   Total: 2.864        Exibidos: 2.864,Data da Coleta:,04/08/2025,Exibição de Dados,Temperatura:,,Umidade:,,Datas:,,Medições,Data / Hora,Temperatura,Umidade,03/08/2025 - 05:40,"23,00","42,00",Betha Eletrônica Ltda,1/1
Coleta de Dados - UMMI,Impressão: 08/08/2025  9:23.09,Grupo:,TH-04-R,Equipamento:  1 - UMMI,Coleta:,04/08/2025 - 08:56,Registros:   Total: 2.864        Exibidos: 2.864,Data da Coleta:,04/08/2025,Exibição de Dados,Temperatura:,,Umidade:,,Datas:,,Medições,Data / Hora,Temperatura,Umidade,03/08/2025 - 05:45,"22,00","51,00",Betha Eletrônica Ltda,1/1
Coleta de Dados - UMMI,Impressão: 08/08/2025  9:23.09,Grupo:,TH-04-R,Equipamento:  1 - UMMI,Coleta:,04/08/2025 - 08:56,Registros:   Total: 2.864        Exibidos: 2.864,Data da Coleta:,04/08/2025,Exibição de Dados,Temperatura:,,Umidade:,,Datas:,,Medições,Data / Hora,Temperatura,Umidade,03/08/2025 - 05:50,"22,00","45,00",Betha Eletrônica Ltda,1/1
Coleta de Dados - UMMI,Impressão: 08/08/2025  9:23.09,Grupo:,TH-04-R,Equipamento:  1 - UMMI,Coleta:,04/08/2025 - 08:56,Registros:   Total: 2.864        Exibidos: 2.864,Data da Coleta:,04/08/2025,Exibição de Dados,Temperatura:,,Umidade:,,Datas:,,Medições,Data / Hora,Temperatura,Umidade,03/08/2025 - 05:55,"21,00","53,00",Betha Eletrônica Ltda,1/1
Coleta de Dados - UMMI,Impressão: 08/08/2025  9:23.09,Grupo:,TH-04-R,Equipamento:  1 - UMMI,Coleta:,04/08/2025 - 08:56,Registros:   Total: 2.864        Exibidos: 2.864,Data da Coleta:,04/08/2025,Exibição de Dados,Temperatura:,,Umidade:,,Datas:,,Medições,Data / Hora,Temperatura,Umidade,03/08/2025 - 06:00,"22,00","42,00",Betha Eletrônica Ltda,1/1
Coleta de Dados - UMMI,Impressão: 08/08/2025  9:23.09,Grupo:,TH-04-R,Equipamento:  1 - UMMI,Coleta:,04/08/2025 - 08:56,Registros:   Total: 2.864        Exibidos: 2.864,Data da Coleta:,04/08/2025,Exibição de Dados,Temperatura:,,Umidade:,,Datas:,,Medições,Data / Hora,Temperatura,Umidade,03/08/2025 - 06:05,"23,00","53,00",Betha Eletrônica Ltda,1/1
Coleta de Dados - UMMI,Impressão: 08/08/2025  9:23.09,Grupo:,TH-04-R,Equipamento:  1 - UMMI,Coleta:,04/08/2025 - 08:56,Registros:   Total: 2.864        Exibidos: 2.864,Data da Coleta:,04/08/2025,Exibição de Dados,Temperatura:,,Umidade:,,Datas:,,Medições,Data / Hora,Temperatura,Umidade,03/08/2025 - 06:10,"23,00","44,00",Betha Eletrônica Ltda,1/1
Coleta de Dados - UMMI,Impressão: 08/08/2025  9:23.09,Grupo:,TH-04-R,Equipamento:  1 - UMMI,Coleta:,04/08/2025 - 08:56,Registros:   Total: 2.864        Exibidos: 2.864,Data da Coleta:,04/08/2025,Exibição de Dados,Temperatura:,,Umidade:,,Datas:,,Medições,Data / Hora,Temperatura,Umidade,03/08/2025 - 06:15,"22,00","49,00",Betha Eletrônica Ltda,1/1
Coleta de Dados - UMMI,Impressão: 08/08/2025  9:23.09,Grupo:,TH-04-R,Equipamento:  1 - UMMI,Coleta:,04/08/2025 - 08:56,Registros:   Total: 2.864        Exibidos: 2.864,Data da Coleta:,04/08/2025,Exibição de Dados,Temperatura:,,Umidade:,,Datas:,,Medições,Data / Hora,Temperatura,Umidade,03/08/2025 - 06:20,"22,00","47,00",Betha Eletrônica Ltda,1/1
Coleta de Dados - UMMI,Impressão: 08/08/2025  9:23.09,Grupo:,TH-04-R,Equipamento:  1 - UMMI,Coleta:,04/08/2025 - 08:56,Registros:   Total: 2.864        Exibidos: 2.864,Data da Coleta:,04/08/2025,Exibição de Dados,Temperatura:,,Umidade:,,Datas:,,Medições,Data / Hora,Temperatura,Umidade,03/08/2025 - 06:25,"21,00","52,00",Betha Eletrônica Ltda,1/1
Coleta de Dados - UMMI,Impressão: 08/08/2025  9:23.09,Grupo:,TH-04-R,Equipamento:  1 - UMMI,Coleta:,04/08/2025 - 08:56,Registros:   Total: 2.864        Exibidos: 2.864,Data da Coleta:,04/08/2025,Exibição de Dados,Temperatura:,,Umidade:,,Datas:,,Medições,Data / Hora,Temperatura,Umidade,03/08/2025 - 06:30,"22,00","43,00",Betha Eletrônica Ltda,1/1
Coleta de Dados - UMMI,Impressão: 08/08/2025  9:23.09,Grupo:,TH-04-R,Equipamento:  1 - UMMI,Coleta:,04/08/2025 - 08:56,Registros:   Total: 2.864        Exibidos: 2.864,Data da Coleta:,04/08/2025,Exibição de Dados,Temperatura:,,Umidade:,,Datas:,,Medições,Data / Hora,Temperatura,Umidade,03/08/2025 - 06:35,"22,00","53,00",Betha Eletrônica Ltda,1/1
Coleta de Dados - UMMI,Impressão: 08/08/2025  9:23.09,Grupo:,TH-04-R,Equipamento:  1 - UMMI,Coleta:,04/08/2025 - 08:56,Registros:   Total: 2.864        Exibidos: 2.864,Data da Coleta:,04/08/2025,Exibição de Dados,Temperatura:,,Umidade:,,Datas:,,Medições,Data / Hora,Temperatura,Umidade,03/08/2025 - 06:40,"23,00","44,00",Betha Eletrônica Ltda,1/1
Coleta de Dados - UMMI,Impressão: 08/08/2025  9:23.09,Grupo:,TH-04-R,Equipamento:  1 - UMMI,Coleta:,04/08/2025 - 08:56,Registros:   Total: 2.864        Exibidos: 2.864,Data da Coleta:,04/08/2025,Exibição de Dados,Temperatura:,,Umidade:,,Datas:,,Medições,Data / Hora,Temperatura,Umidade,03/08/2025 - 06:45,"22,00","48,00",Betha Eletrônica Ltda,1/1
Coleta de Dados - UMMI,Impressão: 08/08/2025  9:23.09,Grupo:,TH-04-R,Equipamento:  1 - UMMI,Coleta:,04/08/2025 - 08:56,Registros:   Total: 2.864        Exibidos: 2.864,Data da Coleta:,04/08/2025,Exibição de Dados,Temperatura:,,Umidade:,,Datas:,,Medições,Data / Hora,Temperatura,Umidade,03/08/2025 - 06:50,"22,00","49,00",Betha Eletrônica Ltda,1/1
Coleta de Dados - UMMI,Impressão: 08/08/2025  9:23.09,Grupo:,TH-04-R,Equipamento:  1 - UMMI,Coleta:,04/08/2025 - 08:56,Registros:   Total: 2.864        Exibidos: 2.864,Data da Coleta:,04/08/2025,Exibição de Dados,Temperatura:,,Umidade:,,Datas:,,Medições,Data / Hora,Temperatura,Umidade,03/08/2025 - 06:55,"22,00","50,00",Betha Eletrônica Ltda,1/1
Coleta de Dados - UMMI,Impressão: 08/08/2025  9:23.09,Grupo:,TH-04-R,Equipamento:  1 - UMMI,Coleta:,04/08/2025 - 08:56,Registros:   Total: 2.864        Exibidos: 2.864,Data da Coleta:,04/08/2025,Exibição de Dados,Temperatura:,,Umidade:,,Datas:,,Medições,Data / Hora,Temperatura,Umidade,03/08/2025 - 07:00,"22,00","45,00",Betha Eletrônica Ltda,1/1
Coleta de Dados - UMMI,Impressão: 08/08/2025  9:23.09,Grupo:,TH-04-R,Equipamento:  1 - UMMI,Coleta:,04/08/2025 - 08:56,Registros:   Total: 2.864        Exibidos: 2.864,Data da Coleta:,04/08/2025,Exibição de Dados,Temperatura:,,Umidade:,,Datas:,,Medições,Data / Hora,Temperatura,Umidade,03/08/2025 - 07:05,"22,00","49,00",Betha Eletrônica Ltda,1/1
Coleta de Dados - UMMI,Impressão: 08/08/2025  9:23.09,Grupo:,TH-04-R,Equipamento:  1 - UMMI,Coleta:,04/08/2025 - 08:56,Registros:   Total: 2.864        Exibidos: 2.864,Data da Coleta:,04/08/2025,Exibição de Dados,Temperatura:,,Umidade:,,Datas:,,Medições,Data / Hora,Temperatura,Umidade,03/08/2025 - 07:10,"23,00","48,00",Betha Eletrônica Ltda,1/1
Coleta de Dados - UMMI,Impressão: 08/08/2025  9:23.09,Grupo:,TH-04-R,Equipamento:  1 - UMMI,Coleta:,04/08/2025 - 08:56,Registros:   Total: 2.864        Exibidos: 2.864,Data da Coleta:,04/08/2025,Exibição de Dados,Temperatura:,,Umidade:,,Datas:,,Medições,Data / Hora,Temperatura,Umidade,03/08/2025 - 07:15,"23,00","44,00",Betha Eletrônica Ltda,1/1
Coleta de Dados - UMMI,Impressão: 08/08/2025  9:23.09,Grupo:,TH-04-R,Equipamento:  1 - UMMI,Coleta:,04/08/2025 - 08:56,Registros:   Total: 2.864        Exibidos: 2.864,Data da Coleta:,04/08/2025,Exibição de Dados,Temperatura:,,Umidade:,,Datas:,,Medições,Data / Hora,Temperatura,Umidade,03/08/2025 - 07:20,"22,00","50,00",Betha Eletrônica Ltda,1/1
Coleta de Dados - UMMI,Impressão: 08/08/2025  9:23.09,Grupo:,TH-04-R,Equipamento:  1 - UMMI,Coleta:,04/08/2025 - 08:56,Registros:   Total: 2.864        Exibidos: 2.864,Data da Coleta:,04/08/2025,Exibição de Dados,Temperatura:,,Umidade:,,Datas:,,Medições,Data / Hora,Temperatura,Umidade,03/08/2025 - 07:25,"21,00","48,00",Betha Eletrônica Ltda,1/1
Coleta de Dados - UMMI,Impressão: 08/08/2025  9:23.09,Grupo:,TH-04-R,Equipamento:  1 - UMMI,Coleta:,04/08/2025 - 08:56,Registros:   Total: 2.864        Exibidos: 2.864,Data da Coleta:,04/08/2025,Exibição de Dados,Temperatura:,,Umidade:,,Datas:,,Medições,Data / Hora,Temperatura,Umidade,03/08/2025 - 07:30,"22,00","46,00",Betha Eletrônica Ltda,1/1
Coleta de Dados - UMMI,Impressão: 08/08/2025  9:23.09,Grupo:,TH-04-R,Equipamento:  1 - UMMI,Coleta:,04/08/2025 - 08:56,Registros:   Total: 2.864        Exibidos: 2.864,Data da Coleta:,04/08/2025,Exibição de Dados,Temperatura:,,Umidade:,,Datas:,,Medições,Data / Hora,Temperatura,Umidade,03/08/2025 - 07:35,"22,00","48,00",Betha Eletrônica Ltda,1/1
Coleta de Dados - UMMI,Impressão: 08/08/2025  9:23.09,Grupo:,TH-04-R,Equipamento:  1 - UMMI,Coleta:,04/08/2025 - 08:56,Registros:   Total: 2.864        Exibidos: 2.864,Data da Coleta:,04/08/2025,Exibição de Dados,Temperatura:,,Umidade:,,Datas:,,Medições,Data / Hora,Temperatura,Umidade,03/08/2025 - 07:40,"23,00","48,00",Betha Eletrônica Ltda,1/1
Coleta de Dados - UMMI,Impressão: 08/08/2025  9:23.09,Grupo:,TH-04-R,Equipamento:  1 - UMMI,Coleta:,04/08/2025 - 08:56,Registros:   Total: 2.864        Exibidos: 2.864,Data da Coleta:,04/08/2025,Exibição de Dados,Temperatura:,,Umidade:,,Datas:,,Medições,Data / Hora,Temperatura,Umidade,03/08/2025 - 07:45,"23,00","43,00",Betha Eletrônica Ltda,1/1
Coleta de Dados - UMMI,Impressão: 08/08/2025  9:23.09,Grupo:,TH-04-R,Equipamento:  1 - UMMI,Coleta:,04/08/2025 - 08:56,Registros:   Total: 2.864        Exibidos: 2.864,Data da Coleta:,04/08/2025,Exibição de Dados,Temperatura:,,Umidade:,,Datas:,,Medições,Data / Hora,Temperatura,Umidade,03/08/2025 - 07:50,"22,00","51,00",Betha Eletrônica Ltda,1/1
Coleta de Dados - UMMI,Impressão: 08/08/2025  9:23.09,Grupo:,TH-04-R,Equipamento:  1 - UMMI,Coleta:,04/08/2025 - 08:56,Registros:   Total: 2.864        Exibidos: 2.864,Data da Coleta:,04/08/2025,Exibição de Dados,Temperatura:,,Umidade:,,Datas:,,Medições,Data / Hora,Temperatura,Umidade,03/08/2025 - 07:55,"22,00","46,00",Betha Eletrônica Ltda,1/1
Coleta de Dados - UMMI,Impressão: 08/08/2025  9:23.09,Grupo:,TH-04-R,Equipamento:  1 - UMMI,Coleta:,04/08/2025 - 08:56,Registros:   Total: 2.864        Exibidos: 2.864,Data da Coleta:,04/08/2025,Exibição de Dados,Temperatura:,,Umidade:,,Datas:,,Medições,Data / Hora,Temperatura,Umidade,03/08/2025 - 08:00,"22,00","48,00",Betha Eletrônica Ltda,1/1
Coleta de Dados - UMMI,Impressão: 08/08/2025  9:23.09,Grupo:,TH-04-R,Equipamento:  1 - UMMI,Coleta:,04/08/2025 - 08:56,Registros:   Total: 2.864        Exibidos: 2.864,Data da Coleta:,04/08/2025,Exibição de Dados,Temperatura:,,Umidade:,,Datas:,,Medições,Data / Hora,Temperatura,Umidade,03/08/2025 - 08:05,"22,00","44,00",Betha Eletrônica Ltda,1/1
Coleta de Dados - UMMI,Impressão: 08/08/2025  9:23.09,Grupo:,TH-04-R,Equipamento:  1 - UMMI,Coleta:,04/08/2025 - 08:56,Registros:   Total: 2.864        Exibidos: 2.864,Data da Coleta:,04/08/2025,Exibição de Dados,Temperatura:,,Umidade:,,Datas:,,Medições,Data / Hora,Temperatura,Umidade,03/08/2025 - 08:10,"23,00","52,00",Betha Eletrônica Ltda,1/1
Coleta de Dados - UMMI,Impressão: 08/08/2025  9:23.09,Grupo:,TH-04-R,Equipamento:  1 - UMMI,Coleta:,04/08/2025 - 08:56,Registros:   Total: 2.864        Exibidos: 2.864,Data da Coleta:,04/08/2025,Exibição de Dados,Temperatura:,,Umidade:,,Datas:,,Medições,Data / Hora,Temperatura,Umidade,03/08/2025 - 08:15,"23,00","40,00",Betha Eletrônica Ltda,1/1
Coleta de Dados - UMMI,Impressão: 08/08/2025  9:23.09,Grupo:,TH-04-R,Equipamento:  1 - UMMI,Coleta:,04/08/2025 - 08:56,Registros:   Total: 2.864        Exibidos: 2.864,Data da Coleta:,04/08/2025,Exibição de Dados,Temperatura:,,Umidade:,,Datas:,,Medições,Data / Hora,Temperatura,Umidade,03/08/2025 - 08:20,"22,00","52,00",Betha Eletrônica Ltda,1/1
Coleta de Dados - UMMI,Impressão: 08/08/2025  9:23.09,Grupo:,TH-04-R,Equipamento:  1 - UMMI,Coleta:,04/08/2025 - 08:56,Registros:   Total: 2.864        Exibidos: 2.864,Data da Coleta:,04/08/2025,Exibição de Dados,Temperatura:,,Umidade:,,Datas:,,Medições,Data / Hora,Temperatura,Umidade,03/08/2025 - 08:25,"22,00","43,00",Betha Eletrônica Ltda,1/1
Coleta de Dados - UMMI,Impressão: 08/08/2025  9:23.09,Grupo:,TH-04-R,Equipamento:  1 - UMMI,Coleta:,04/08/2025 - 08:56,Registros:   Total: 2.864        Exibidos: 2.864,Data da Coleta:,04/08/2025,Exibição de Dados,Temperatura:,,Umidade:,,Datas:,,Medições,Data / Hora,Temperatura,Umidade,03/08/2025 - 08:30,"22,00","49,00",Betha Eletrônica Ltda,1/1
Coleta de Dados - UMMI,Impressão: 08/08/2025  9:23.09,Grupo:,TH-04-R,Equipamento:  1 - UMMI,Coleta:,04/08/2025 - 08:56,Registros:   Total: 2.864        Exibidos: 2.864,Data da Coleta:,04/08/2025,Exibição de Dados,Temperatura:,,Umidade:,,Datas:,,Medições,Data / Hora,Temperatura,Umidade,03/08/2025 - 08:35,"22,00","41,00",Betha Eletrônica Ltda,1/1
Coleta de Dados - UMMI,Impressão: 08/08/2025  9:23.09,Grupo:,TH-04-R,Equipamento:  1 - UMMI,Coleta:,04/08/2025 - 08:56,Registros:   Total: 2.864        Exibidos: 2.864,Data da Coleta:,04/08/2025,Exibição de Dados,Temperatura:,,Umidade:,,Datas:,,Medições,Data / Hora,Temperatura,Umidade,03/08/2025 - 08:40,"23,00","51,00",Betha Eletrônica Ltda,1/1
Coleta de Dados - UMMI,Impressão: 08/08/2025  9:23.09,Grupo:,TH-04-R,Equipamento:  1 - UMMI,Coleta:,04/08/2025 - 08:56,Registros:   Total: 2.864        Exibidos: 2.864,Data da Coleta:,04/08/2025,Exibição de Dados,Temperatura:,,Umidade:,,Datas:,,Medições,Data / Hora,Temperatura,Umidade,03/08/2025 - 08:45,"23,00","40,00",Betha Eletrônica Ltda,1/1
Coleta de Dados - UMMI,Impressão: 08/08/2025  9:23.09,Grupo:,TH-04-R,Equipamento:  1 - UMMI,Coleta:,04/08/2025 - 08:56,Registros:   Total: 2.864        Exibidos: 2.864,Data da Coleta:,04/08/2025,Exibição de Dados,Temperatura:,,Umidade:,,Datas:,,Medições,Data / Hora,Temperatura,Umidade,03/08/2025 - 08:50,"23,00","52,00",Betha Eletrônica Ltda,1/1
Coleta de Dados - UMMI,Impressão: 08/08/2025  9:23.09,Grupo:,TH-04-R,Equipamento:  1 - UMMI,Coleta:,04/08/2025 - 08:56,Registros:   Total: 2.864        Exibidos: 2.864,Data da Coleta:,04/08/2025,Exibição de Dados,Temperatura:,,Umidade:,,Datas:,,Medições,Data / Hora,Temperatura,Umidade,03/08/2025 - 08:55,"22,00","43,00",Betha Eletrônica Ltda,1/1
Coleta de Dados - UMMI,Impressão: 08/08/2025  9:23.09,Grupo:,TH-04-R,Equipamento:  1 - UMMI,Coleta:,04/08/2025 - 08:56,Registros:   Total: 2.864        Exibidos: 2.864,Data da Coleta:,04/08/2025,Exibição de Dados,Temperatura:,,Umidade:,,Datas:,,Medições,Data / Hora,Temperatura,Umidade,03/08/2025 - 09:00,"22,00","49,00",Betha Eletrônica Ltda,1/1
Coleta de Dados - UMMI,Impressão: 08/08/2025  9:23.09,Grupo:,TH-04-R,Equipamento:  1 - UMMI,Coleta:,04/08/2025 - 08:56,Registros:   Total: 2.864        Exibidos: 2.864,Data da Coleta:,04/08/2025,Exibição de Dados,Temperatura:,,Umidade:,,Datas:,,Medições,Data / Hora,Temperatura,Umidade,03/08/2025 - 09:05,"22,00","41,00",Betha Eletrônica Ltda,1/1
Coleta de Dados - UMMI,Impressão: 08/08/2025  9:23.09,Grupo:,TH-04-R,Equipamento:  1 - UMMI,Coleta:,04/08/2025 - 08:56,Registros:   Total: 2.864        Exibidos: 2.864,Data da Coleta:,04/08/2025,Exibição de Dados,Temperatura:,,Umidade:,,Datas:,,Medições,Data / Hora,Temperatura,Umidade,03/08/2025 - 09:10,"23,00","52,00",Betha Eletrônica Ltda,1/1
Coleta de Dados - UMMI,Impressão: 08/08/2025  9:23.09,Grupo:,TH-04-R,Equipamento:  1 - UMMI,Coleta:,04/08/2025 - 08:56,Registros:   Total: 2.864        Exibidos: 2.864,Data da Coleta:,04/08/2025,Exibição de Dados,Temperatura:,,Umidade:,,Datas:,,Medições,Data / Hora,Temperatura,Umidade,03/08/2025 - 09:15,"23,00","40,00",Betha Eletrônica Ltda,1/1
Coleta de Dados - UMMI,Impressão: 08/08/2025  9:23.09,Grupo:,TH-04-R,Equipamento:  1 - UMMI,Coleta:,04/08/2025 - 08:56,Registros:   Total: 2.864        Exibidos: 2.864,Data da Coleta:,04/08/2025,Exibição de Dados,Temperatura:,,Umidade:,,Datas:,,Medições,Data / Hora,Temperatura,Umidade,03/08/2025 - 09:20,"23,00","51,00",Betha Eletrônica Ltda,1/1
Coleta de Dados - UMMI,Impressão: 08/08/2025  9:23.09,Grupo:,TH-04-R,Equipamento:  1 - UMMI,Coleta:,04/08/2025 - 08:56,Registros:   Total: 2.864        Exibidos: 2.864,Data da Coleta:,04/08/2025,Exibição de Dados,Temperatura:,,Umidade:,,Datas:,,Medições,Data / Hora,Temperatura,Umidade,03/08/2025 - 09:25,"22,00","43,00",Betha Eletrônica Ltda,1/1
Coleta de Dados - UMMI,Impressão: 08/08/2025  9:23.09,Grupo:,TH-04-R,Equipamento:  1 - UMMI,Coleta:,04/08/2025 - 08:56,Registros:   Total: 2.864        Exibidos: 2.864,Data da Coleta:,04/08/2025,Exibição de Dados,Temperatura:,,Umidade:,,Datas:,,Medições,Data / Hora,Temperatura,Umidade,03/08/2025 - 09:30,"22,00","49,00",Betha Eletrônica Ltda,1/1
Coleta de Dados - UMMI,Impressão: 08/08/2025  9:23.09,Grupo:,TH-04-R,Equipamento:  1 - UMMI,Coleta:,04/08/2025 - 08:56,Registros:   Total: 2.864        Exibidos: 2.864,Data da Coleta:,04/08/2025,Exibição de Dados,Temperatura:,,Umidade:,,Datas:,,Medições,Data / Hora,Temperatura,Umidade,03/08/2025 - 09:35,"22,00","40,00",Betha Eletrônica Ltda,1/1
Coleta de Dados - UMMI,Impressão: 08/08/2025  9:23.09,Grupo:,TH-04-R,Equipamento:  1 - UMMI,Coleta:,04/08/2025 - 08:56,Registros:   Total: 2.864        Exibidos: 2.864,Data da Coleta:,04/08/2025,Exibição de Dados,Temperatura:,,Umidade:,,Datas:,,Medições,Data / Hora,Temperatura,Umidade,03/08/2025 - 09:40,"23,00","51,00",Betha Eletrônica Ltda,1/1
Coleta de Dados - UMMI,Impressão: 08/08/2025  9:23.09,Grupo:,TH-04-R,Equipamento:  1 - UMMI,Coleta:,04/08/2025 - 08:56,Registros:   Total: 2.864        Exibidos: 2.864,Data da Coleta:,04/08/2025,Exibição de Dados,Temperatura:,,Umidade:,,Datas:,,Medições,Data / Hora,Temperatura,Umidade,03/08/2025 - 09:45,"23,00","40,00",Betha Eletrônica Ltda,1/1
Coleta de Dados - UMMI,Impressão: 08/08/2025  9:23.09,Grupo:,TH-04-R,Equipamento:  1 - UMMI,Coleta:,04/08/2025 - 08:56,Registros:   Total: 2.864        Exibidos: 2.864,Data da Coleta:,04/08/2025,Exibição de Dados,Temperatura:,,Umidade:,,Datas:,,Medições,Data / Hora,Temperatura,Umidade,03/08/2025 - 09:50,"23,00","51,00",Betha Eletrônica Ltda,1/1
Coleta de Dados - UMMI,Impressão: 08/08/2025  9:23.09,Grupo:,TH-04-R,Equipamento:  1 - UMMI,Coleta:,04/08/2025 - 08:56,Registros:   Total: 2.864        Exibidos: 2.864,Data da Coleta:,04/08/2025,Exibição de Dados,Temperatura:,,Umidade:,,Datas:,,Medições,Data / Hora,Temperatura,Umidade,03/08/2025 - 09:55,"22,00","44,00",Betha Eletrônica Ltda,1/1
Coleta de Dados - UMMI,Impressão: 08/08/2025  9:23.09,Grupo:,TH-04-R,Equipamento:  1 - UMMI,Coleta:,04/08/2025 - 08:56,Registros:   Total: 2.864        Exibidos: 2.864,Data da Coleta:,04/08/2025,Exibição de Dados,Temperatura:,,Umidade:,,Datas:,,Medições,Data / Hora,Temperatura,Umidade,03/08/2025 - 10:00,"22,00","47,00",Betha Eletrônica Ltda,1/1
Coleta de Dados - UMMI,Impressão: 08/08/2025  9:23.09,Grupo:,TH-04-R,Equipamento:  1 - UMMI,Coleta:,04/08/2025 - 08:56,Registros:   Total: 2.864        Exibidos: 2.864,Data da Coleta:,04/08/2025,Exibição de Dados,Temperatura:,,Umidade:,,Datas:,,Medições,Data / Hora,Temperatura,Umidade,03/08/2025 - 10:05,"22,00","43,00",Betha Eletrônica Ltda,1/1
Coleta de Dados - UMMI,Impressão: 08/08/2025  9:23.09,Grupo:,TH-04-R,Equipamento:  1 - UMMI,Coleta:,04/08/2025 - 08:56,Registros:   Total: 2.864        Exibidos: 2.864,Data da Coleta:,04/08/2025,Exibição de Dados,Temperatura:,,Umidade:,,Datas:,,Medições,Data / Hora,Temperatura,Umidade,03/08/2025 - 10:10,"23,00","49,00",Betha Eletrônica Ltda,1/1
Coleta de Dados - UMMI,Impressão: 08/08/2025  9:23.09,Grupo:,TH-04-R,Equipamento:  1 - UMMI,Coleta:,04/08/2025 - 08:56,Registros:   Total: 2.864        Exibidos: 2.864,Data da Coleta:,04/08/2025,Exibição de Dados,Temperatura:,,Umidade:,,Datas:,,Medições,Data / Hora,Temperatura,Umidade,03/08/2025 - 10:15,"23,00","42,00",Betha Eletrônica Ltda,1/1
Coleta de Dados - UMMI,Impressão: 08/08/2025  9:23.09,Grupo:,TH-04-R,Equipamento:  1 - UMMI,Coleta:,04/08/2025 - 08:56,Registros:   Total: 2.864        Exibidos: 2.864,Data da Coleta:,04/08/2025,Exibição de Dados,Temperatura:,,Umidade:,,Datas:,,Medições,Data / Hora,Temperatura,Umidade,03/08/2025 - 10:20,"23,00","48,00",Betha Eletrônica Ltda,1/1
Coleta de Dados - UMMI,Impressão: 08/08/2025  9:23.09,Grupo:,TH-04-R,Equipamento:  1 - UMMI,Coleta:,04/08/2025 - 08:56,Registros:   Total: 2.864        Exibidos: 2.864,Data da Coleta:,04/08/2025,Exibição de Dados,Temperatura:,,Umidade:,,Datas:,,Medições,Data / Hora,Temperatura,Umidade,03/08/2025 - 10:25,"22,00","46,00",Betha Eletrônica Ltda,1/1
Coleta de Dados - UMMI,Impressão: 08/08/2025  9:23.09,Grupo:,TH-04-R,Equipamento:  1 - UMMI,Coleta:,04/08/2025 - 08:56,Registros:   Total: 2.864        Exibidos: 2.864,Data da Coleta:,04/08/2025,Exibição de Dados,Temperatura:,,Umidade:,,Datas:,,Medições,Data / Hora,Temperatura,Umidade,03/08/2025 - 10:30,"22,00","43,00",Betha Eletrônica Ltda,1/1
Coleta de Dados - UMMI,Impressão: 08/08/2025  9:23.09,Grupo:,TH-04-R,Equipamento:  1 - UMMI,Coleta:,04/08/2025 - 08:56,Registros:   Total: 2.864        Exibidos: 2.864,Data da Coleta:,04/08/2025,Exibição de Dados,Temperatura:,,Umidade:,,Datas:,,Medições,Data / Hora,Temperatura,Umidade,03/08/2025 - 10:35,"22,00","51,00",Betha Eletrônica Ltda,1/1
Coleta de Dados - UMMI,Impressão: 08/08/2025  9:23.09,Grupo:,TH-04-R,Equipamento:  1 - UMMI,Coleta:,04/08/2025 - 08:56,Registros:   Total: 2.864        Exibidos: 2.864,Data da Coleta:,04/08/2025,Exibição de Dados,Temperatura:,,Umidade:,,Datas:,,Medições,Data / Hora,Temperatura,Umidade,03/08/2025 - 10:40,"23,00","41,00",Betha Eletrônica Ltda,1/1
Coleta de Dados - UMMI,Impressão: 08/08/2025  9:23.09,Grupo:,TH-04-R,Equipamento:  1 - UMMI,Coleta:,04/08/2025 - 08:56,Registros:   Total: 2.864        Exibidos: 2.864,Data da Coleta:,04/08/2025,Exibição de Dados,Temperatura:,,Umidade:,,Datas:,,Medições,Data / Hora,Temperatura,Umidade,03/08/2025 - 10:45,"23,00","50,00",Betha Eletrônica Ltda,1/1
Coleta de Dados - UMMI,Impressão: 08/08/2025  9:23.09,Grupo:,TH-04-R,Equipamento:  1 - UMMI,Coleta:,04/08/2025 - 08:56,Registros:   Total: 2.864        Exibidos: 2.864,Data da Coleta:,04/08/2025,Exibição de Dados,Temperatura:,,Umidade:,,Datas:,,Medições,Data / Hora,Temperatura,Umidade,03/08/2025 - 10:50,"23,00","43,00",Betha Eletrônica Ltda,1/1
Coleta de Dados - UMMI,Impressão: 08/08/2025  9:23.09,Grupo:,TH-04-R,Equipamento:  1 - UMMI,Coleta:,04/08/2025 - 08:56,Registros:   Total: 2.864        Exibidos: 2.864,Data da Coleta:,04/08/2025,Exibição de Dados,Temperatura:,,Umidade:,,Datas:,,Medições,Data / Hora,Temperatura,Umidade,03/08/2025 - 10:55,"22,00","49,00",Betha Eletrônica Ltda,1/1
Coleta de Dados - UMMI,Impressão: 08/08/2025  9:23.09,Grupo:,TH-04-R,Equipamento:  1 - UMMI,Coleta:,04/08/2025 - 08:56,Registros:   Total: 2.864        Exibidos: 2.864,Data da Coleta:,04/08/2025,Exibição de Dados,Temperatura:,,Umidade:,,Datas:,,Medições,Data / Hora,Temperatura,Umidade,03/08/2025 - 11:00,"22,00","43,00",Betha Eletrônica Ltda,1/1
Coleta de Dados - UMMI,Impressão: 08/08/2025  9:23.09,Grupo:,TH-04-R,Equipamento:  1 - UMMI,Coleta:,04/08/2025 - 08:56,Registros:   Total: 2.864        Exibidos: 2.864,Data da Coleta:,04/08/2025,Exibição de Dados,Temperatura:,,Umidade:,,Datas:,,Medições,Data / Hora,Temperatura,Umidade,03/08/2025 - 11:05,"23,00","44,00",Betha Eletrônica Ltda,1/1
Coleta de Dados - UMMI,Impressão: 08/08/2025  9:23.09,Grupo:,TH-04-R,Equipamento:  1 - UMMI,Coleta:,04/08/2025 - 08:56,Registros:   Total: 2.864        Exibidos: 2.864,Data da Coleta:,04/08/2025,Exibição de Dados,Temperatura:,,Umidade:,,Datas:,,Medições,Data / Hora,Temperatura,Umidade,03/08/2025 - 11:10,"23,00","48,00",Betha Eletrônica Ltda,1/1
Coleta de Dados - UMMI,Impressão: 08/08/2025  9:23.09,Grupo:,TH-04-R,Equipamento:  1 - UMMI,Coleta:,04/08/2025 - 08:56,Registros:   Total: 2.864        Exibidos: 2.864,Data da Coleta:,04/08/2025,Exibição de Dados,Temperatura:,,Umidade:,,Datas:,,Medições,Data / Hora,Temperatura,Umidade,03/08/2025 - 11:15,"24,00","46,00",Betha Eletrônica Ltda,1/1
Coleta de Dados - UMMI,Impressão: 08/08/2025  9:23.09,Grupo:,TH-04-R,Equipamento:  1 - UMMI,Coleta:,04/08/2025 - 08:56,Registros:   Total: 2.864        Exibidos: 2.864,Data da Coleta:,04/08/2025,Exibição de Dados,Temperatura:,,Umidade:,,Datas:,,Medições,Data / Hora,Temperatura,Umidade,03/08/2025 - 11:20,"23,00","48,00",Betha Eletrônica Ltda,1/1
Coleta de Dados - UMMI,Impressão: 08/08/2025  9:23.09,Grupo:,TH-04-R,Equipamento:  1 - UMMI,Coleta:,04/08/2025 - 08:56,Registros:   Total: 2.864        Exibidos: 2.864,Data da Coleta:,04/08/2025,Exibição de Dados,Temperatura:,,Umidade:,,Datas:,,Medições,Data / Hora,Temperatura,Umidade,03/08/2025 - 11:25,"23,00","45,00",Betha Eletrônica Ltda,1/1
Coleta de Dados - UMMI,Impressão: 08/08/2025  9:23.09,Grupo:,TH-04-R,Equipamento:  1 - UMMI,Coleta:,04/08/2025 - 08:56,Registros:   Total: 2.864        Exibidos: 2.864,Data da Coleta:,04/08/2025,Exibição de Dados,Temperatura:,,Umidade:,,Datas:,,Medições,Data / Hora,Temperatura,Umidade,03/08/2025 - 11:30,"22,00","47,00",Betha Eletrônica Ltda,1/1
Coleta de Dados - UMMI,Impressão: 08/08/2025  9:23.09,Grupo:,TH-04-R,Equipamento:  1 - UMMI,Coleta:,04/08/2025 - 08:56,Registros:   Total: 2.864        Exibidos: 2.864,Data da Coleta:,04/08/2025,Exibição de Dados,Temperatura:,,Umidade:,,Datas:,,Medições,Data / Hora,Temperatura,Umidade,03/08/2025 - 11:35,"22,00","49,00",Betha Eletrônica Ltda,1/1
Coleta de Dados - UMMI,Impressão: 08/08/2025  9:23.09,Grupo:,TH-04-R,Equipamento:  1 - UMMI,Coleta:,04/08/2025 - 08:56,Registros:   Total: 2.864        Exibidos: 2.864,Data da Coleta:,04/08/2025,Exibição de Dados,Temperatura:,,Umidade:,,Datas:,,Medições,Data / Hora,Temperatura,Umidade,03/08/2025 - 11:40,"23,00","40,00",Betha Eletrônica Ltda,1/1
Coleta de Dados - UMMI,Impressão: 08/08/2025  9:23.09,Grupo:,TH-04-R,Equipamento:  1 - UMMI,Coleta:,04/08/2025 - 08:56,Registros:   Total: 2.864        Exibidos: 2.864,Data da Coleta:,04/08/2025,Exibição de Dados,Temperatura:,,Umidade:,,Datas:,,Medições,Data / Hora,Temperatura,Umidade,03/08/2025 - 11:45,"23,00","51,00",Betha Eletrônica Ltda,1/1
Coleta de Dados - UMMI,Impressão: 08/08/2025  9:23.09,Grupo:,TH-04-R,Equipamento:  1 - UMMI,Coleta:,04/08/2025 - 08:56,Registros:   Total: 2.864        Exibidos: 2.864,Data da Coleta:,04/08/2025,Exibição de Dados,Temperatura:,,Umidade:,,Datas:,,Medições,Data / Hora,Temperatura,Umidade,03/08/2025 - 11:50,"23,00","41,00",Betha Eletrônica Ltda,1/1
Coleta de Dados - UMMI,Impressão: 08/08/2025  9:23.09,Grupo:,TH-04-R,Equipamento:  1 - UMMI,Coleta:,04/08/2025 - 08:56,Registros:   Total: 2.864        Exibidos: 2.864,Data da Coleta:,04/08/2025,Exibição de Dados,Temperatura:,,Umidade:,,Datas:,,Medições,Data / Hora,Temperatura,Umidade,03/08/2025 - 11:55,"23,00","48,00",Betha Eletrônica Ltda,1/1
Coleta de Dados - UMMI,Impressão: 08/08/2025  9:23.09,Grupo:,TH-04-R,Equipamento:  1 - UMMI,Coleta:,04/08/2025 - 08:56,Registros:   Total: 2.864        Exibidos: 2.864,Data da Coleta:,04/08/2025,Exibição de Dados,Temperatura:,,Umidade:,,Datas:,,Medições,Data / Hora,Temperatura,Umidade,03/08/2025 - 12:00,"23,00","42,00",Betha Eletrônica Ltda,1/1
Coleta de Dados - UMMI,Impressão: 08/08/2025  9:23.09,Grupo:,TH-04-R,Equipamento:  1 - UMMI,Coleta:,04/08/2025 - 08:56,Registros:   Total: 2.864        Exibidos: 2.864,Data da Coleta:,04/08/2025,Exibição de Dados,Temperatura:,,Umidade:,,Datas:,,Medições,Data / Hora,Temperatura,Umidade,03/08/2025 - 12:05,"22,00","45,00",Betha Eletrônica Ltda,1/1
Coleta de Dados - UMMI,Impressão: 08/08/2025  9:23.09,Grupo:,TH-04-R,Equipamento:  1 - UMMI,Coleta:,04/08/2025 - 08:56,Registros:   Total: 2.864        Exibidos: 2.864,Data da Coleta:,04/08/2025,Exibição de Dados,Temperatura:,,Umidade:,,Datas:,,Medições,Data / Hora,Temperatura,Umidade,03/08/2025 - 12:10,"22,00","49,00",Betha Eletrônica Ltda,1/1
Coleta de Dados - UMMI,Impressão: 08/08/2025  9:23.09,Grupo:,TH-04-R,Equipamento:  1 - UMMI,Coleta:,04/08/2025 - 08:56,Registros:   Total: 2.864        Exibidos: 2.864,Data da Coleta:,04/08/2025,Exibição de Dados,Temperatura:,,Umidade:,,Datas:,,Medições,Data / Hora,Temperatura,Umidade,03/08/2025 - 12:15,"22,00","40,00",Betha Eletrônica Ltda,1/1
Coleta de Dados - UMMI,Impressão: 08/08/2025  9:23.09,Grupo:,TH-04-R,Equipamento:  1 - UMMI,Coleta:,04/08/2025 - 08:56,Registros:   Total: 2.864        Exibidos: 2.864,Data da Coleta:,04/08/2025,Exibição de Dados,Temperatura:,,Umidade:,,Datas:,,Medições,Data / Hora,Temperatura,Umidade,03/08/2025 - 12:20,"24,00","48,00",Betha Eletrônica Ltda,1/1
Coleta de Dados - UMMI,Impressão: 08/08/2025  9:23.09,Grupo:,TH-04-R,Equipamento:  1 - UMMI,Coleta:,04/08/2025 - 08:56,Registros:   Total: 2.864        Exibidos: 2.864,Data da Coleta:,04/08/2025,Exibição de Dados,Temperatura:,,Umidade:,,Datas:,,Medições,Data / Hora,Temperatura,Umidade,03/08/2025 - 12:25,"23,00","44,00",Betha Eletrônica Ltda,1/1
Coleta de Dados - UMMI,Impressão: 08/08/2025  9:23.09,Grupo:,TH-04-R,Equipamento:  1 - UMMI,Coleta:,04/08/2025 - 08:56,Registros:   Total: 2.864        Exibidos: 2.864,Data da Coleta:,04/08/2025,Exibição de Dados,Temperatura:,,Umidade:,,Datas:,,Medições,Data / Hora,Temperatura,Umidade,03/08/2025 - 12:30,"23,00","46,00",Betha Eletrônica Ltda,1/1
Coleta de Dados - UMMI,Impressão: 08/08/2025  9:23.09,Grupo:,TH-04-R,Equipamento:  1 - UMMI,Coleta:,04/08/2025 - 08:56,Registros:   Total: 2.864        Exibidos: 2.864,Data da Coleta:,04/08/2025,Exibição de Dados,Temperatura:,,Umidade:,,Datas:,,Medições,Data / Hora,Temperatura,Umidade,03/08/2025 - 12:35,"23,00","44,00",Betha Eletrônica Ltda,1/1
Coleta de Dados - UMMI,Impressão: 08/08/2025  9:23.09,Grupo:,TH-04-R,Equipamento:  1 - UMMI,Coleta:,04/08/2025 - 08:56,Registros:   Total: 2.864        Exibidos: 2.864,Data da Coleta:,04/08/2025,Exibição de Dados,Temperatura:,,Umidade:,,Datas:,,Medições,Data / Hora,Temperatura,Umidade,03/08/2025 - 12:40,"22,00","43,00",Betha Eletrônica Ltda,1/1
Coleta de Dados - UMMI,Impressão: 08/08/2025  9:23.09,Grupo:,TH-04-R,Equipamento:  1 - UMMI,Coleta:,04/08/2025 - 08:56,Registros:   Total: 2.864        Exibidos: 2.864,Data da Coleta:,04/08/2025,Exibição de Dados,Temperatura:,,Umidade:,,Datas:,,Medições,Data / Hora,Temperatura,Umidade,03/08/2025 - 12:45,"22,00","44,00",Betha Eletrônica Ltda,1/1
Coleta de Dados - UMMI,Impressão: 08/08/2025  9:23.09,Grupo:,TH-04-R,Equipamento:  1 - UMMI,Coleta:,04/08/2025 - 08:56,Registros:   Total: 2.864        Exibidos: 2.864,Data da Coleta:,04/08/2025,Exibição de Dados,Temperatura:,,Umidade:,,Datas:,,Medições,Data / Hora,Temperatura,Umidade,03/08/2025 - 12:50,"23,00","50,00",Betha Eletrônica Ltda,1/1
Coleta de Dados - UMMI,Impressão: 08/08/2025  9:23.09,Grupo:,TH-04-R,Equipamento:  1 - UMMI,Coleta:,04/08/2025 - 08:56,Registros:   Total: 2.864        Exibidos: 2.864,Data da Coleta:,04/08/2025,Exibição de Dados,Temperatura:,,Umidade:,,Datas:,,Medições,Data / Hora,Temperatura,Umidade,03/08/2025 - 12:55,"23,00","39,00",Betha Eletrônica Ltda,1/1
Coleta de Dados - UMMI,Impressão: 08/08/2025  9:23.09,Grupo:,TH-04-R,Equipamento:  1 - UMMI,Coleta:,04/08/2025 - 08:56,Registros:   Total: 2.864        Exibidos: 2.864,Data da Coleta:,04/08/2025,Exibição de Dados,Temperatura:,,Umidade:,,Datas:,,Medições,Data / Hora,Temperatura,Umidade,03/08/2025 - 13:00,"23,00","47,00",Betha Eletrônica Ltda,1/1
Coleta de Dados - UMMI,Impressão: 08/08/2025  9:23.09,Grupo:,TH-04-R,Equipamento:  1 - UMMI,Coleta:,04/08/2025 - 08:56,Registros:   Total: 2.864        Exibidos: 2.864,Data da Coleta:,04/08/2025,Exibição de Dados,Temperatura:,,Umidade:,,Datas:,,Medições,Data / Hora,Temperatura,Umidade,03/08/2025 - 13:05,"23,00","41,00",Betha Eletrônica Ltda,1/1
Coleta de Dados - UMMI,Impressão: 08/08/2025  9:23.09,Grupo:,TH-04-R,Equipamento:  1 - UMMI,Coleta:,04/08/2025 - 08:56,Registros:   Total: 2.864        Exibidos: 2.864,Data da Coleta:,04/08/2025,Exibição de Dados,Temperatura:,,Umidade:,,Datas:,,Medições,Data / Hora,Temperatura,Umidade,03/08/2025 - 13:10,"22,00","43,00",Betha Eletrônica Ltda,1/1
Coleta de Dados - UMMI,Impressão: 08/08/2025  9:23.09,Grupo:,TH-04-R,Equipamento:  1 - UMMI,Coleta:,04/08/2025 - 08:56,Registros:   Total: 2.864        Exibidos: 2.864,Data da Coleta:,04/08/2025,Exibição de Dados,Temperatura:,,Umidade:,,Datas:,,Medições,Data / Hora,Temperatura,Umidade,03/08/2025 - 13:15,"22,00","45,00",Betha Eletrônica Ltda,1/1
Coleta de Dados - UMMI,Impressão: 08/08/2025  9:23.09,Grupo:,TH-04-R,Equipamento:  1 - UMMI,Coleta:,04/08/2025 - 08:56,Registros:   Total: 2.864        Exibidos: 2.864,Data da Coleta:,04/08/2025,Exibição de Dados,Temperatura:,,Umidade:,,Datas:,,Medições,Data / Hora,Temperatura,Umidade,03/08/2025 - 13:20,"23,00","49,00",Betha Eletrônica Ltda,1/1
Coleta de Dados - UMMI,Impressão: 08/08/2025  9:23.09,Grupo:,TH-04-R,Equipamento:  1 - UMMI,Coleta:,04/08/2025 - 08:56,Registros:   Total: 2.864        Exibidos: 2.864,Data da Coleta:,04/08/2025,Exibição de Dados,Temperatura:,,Umidade:,,Datas:,,Medições,Data / Hora,Temperatura,Umidade,03/08/2025 - 13:25,"24,00","39,00",Betha Eletrônica Ltda,1/1
Coleta de Dados - UMMI,Impressão: 08/08/2025  9:23.09,Grupo:,TH-04-R,Equipamento:  1 - UMMI,Coleta:,04/08/2025 - 08:56,Registros:   Total: 2.864        Exibidos: 2.864,Data da Coleta:,04/08/2025,Exibição de Dados,Temperatura:,,Umidade:,,Datas:,,Medições,Data / Hora,Temperatura,Umidade,03/08/2025 - 13:30,"23,00","47,00",Betha Eletrônica Ltda,1/1
Coleta de Dados - UMMI,Impressão: 08/08/2025  9:23.09,Grupo:,TH-04-R,Equipamento:  1 - UMMI,Coleta:,04/08/2025 - 08:56,Registros:   Total: 2.864        Exibidos: 2.864,Data da Coleta:,04/08/2025,Exibição de Dados,Temperatura:,,Umidade:,,Datas:,,Medições,Data / Hora,Temperatura,Umidade,03/08/2025 - 13:35,"23,00","46,00",Betha Eletrônica Ltda,1/1
Coleta de Dados - UMMI,Impressão: 08/08/2025  9:23.09,Grupo:,TH-04-R,Equipamento:  1 - UMMI,Coleta:,04/08/2025 - 08:56,Registros:   Total: 2.864        Exibidos: 2.864,Data da Coleta:,04/08/2025,Exibição de Dados,Temperatura:,,Umidade:,,Datas:,,Medições,Data / Hora,Temperatura,Umidade,03/08/2025 - 13:40,"23,00","46,00",Betha Eletrônica Ltda,1/1
Coleta de Dados - UMMI,Impressão: 08/08/2025  9:23.09,Grupo:,TH-04-R,Equipamento:  1 - UMMI,Coleta:,04/08/2025 - 08:56,Registros:   Total: 2.864        Exibidos: 2.864,Data da Coleta:,04/08/2025,Exibição de Dados,Temperatura:,,Umidade:,,Datas:,,Medições,Data / Hora,Temperatura,Umidade,03/08/2025 - 13:45,"23,00","46,00",Betha Eletrônica Ltda,1/1
Coleta de Dados - UMMI,Impressão: 08/08/2025  9:23.09,Grupo:,TH-04-R,Equipamento:  1 - UMMI,Coleta:,04/08/2025 - 08:56,Registros:   Total: 2.864        Exibidos: 2.864,Data da Coleta:,04/08/2025,Exibição de Dados,Temperatura:,,Umidade:,,Datas:,,Medições,Data / Hora,Temperatura,Umidade,03/08/2025 - 13:50,"22,00","42,00",Betha Eletrônica Ltda,1/1
Coleta de Dados - UMMI,Impressão: 08/08/2025  9:23.09,Grupo:,TH-04-R,Equipamento:  1 - UMMI,Coleta:,04/08/2025 - 08:56,Registros:   Total: 2.864        Exibidos: 2.864,Data da Coleta:,04/08/2025,Exibição de Dados,Temperatura:,,Umidade:,,Datas:,,Medições,Data / Hora,Temperatura,Umidade,03/08/2025 - 13:55,"22,00","43,00",Betha Eletrônica Ltda,1/1
Coleta de Dados - UMMI,Impressão: 08/08/2025  9:23.09,Grupo:,TH-04-R,Equipamento:  1 - UMMI,Coleta:,04/08/2025 - 08:56,Registros:   Total: 2.864        Exibidos: 2.864,Data da Coleta:,04/08/2025,Exibição de Dados,Temperatura:,,Umidade:,,Datas:,,Medições,Data / Hora,Temperatura,Umidade,03/08/2025 - 14:00,"22,00","46,00",Betha Eletrônica Ltda,1/1
Coleta de Dados - UMMI,Impressão: 08/08/2025  9:23.09,Grupo:,TH-04-R,Equipamento:  1 - UMMI,Coleta:,04/08/2025 - 08:56,Registros:   Total: 2.864        Exibidos: 2.864,Data da Coleta:,04/08/2025,Exibição de Dados,Temperatura:,,Umidade:,,Datas:,,Medições,Data / Hora,Temperatura,Umidade,03/08/2025 - 14:05,"23,00","47,00",Betha Eletrônica Ltda,1/1
Coleta de Dados - UMMI,Impressão: 08/08/2025  9:23.09,Grupo:,TH-04-R,Equipamento:  1 - UMMI,Coleta:,04/08/2025 - 08:56,Registros:   Total: 2.864        Exibidos: 2.864,Data da Coleta:,04/08/2025,Exibição de Dados,Temperatura:,,Umidade:,,Datas:,,Medições,Data / Hora,Temperatura,Umidade,03/08/2025 - 14:10,"24,00","41,00",Betha Eletrônica Ltda,1/1
Coleta de Dados - UMMI,Impressão: 08/08/2025  9:23.09,Grupo:,TH-04-R,Equipamento:  1 - UMMI,Coleta:,04/08/2025 - 08:56,Registros:   Total: 2.864        Exibidos: 2.864,Data da Coleta:,04/08/2025,Exibição de Dados,Temperatura:,,Umidade:,,Datas:,,Medições,Data / Hora,Temperatura,Umidade,03/08/2025 - 14:15,"23,00","46,00",Betha Eletrônica Ltda,1/1
Coleta de Dados - UMMI,Impressão: 08/08/2025  9:23.09,Grupo:,TH-04-R,Equipamento:  1 - UMMI,Coleta:,04/08/2025 - 08:56,Registros:   Total: 2.864        Exibidos: 2.864,Data da Coleta:,04/08/2025,Exibição de Dados,Temperatura:,,Umidade:,,Datas:,,Medições,Data / Hora,Temperatura,Umidade,03/08/2025 - 14:20,"23,00","46,00",Betha Eletrônica Ltda,1/1
Coleta de Dados - UMMI,Impressão: 08/08/2025  9:23.09,Grupo:,TH-04-R,Equipamento:  1 - UMMI,Coleta:,04/08/2025 - 08:56,Registros:   Total: 2.864        Exibidos: 2.864,Data da Coleta:,04/08/2025,Exibição de Dados,Temperatura:,,Umidade:,,Datas:,,Medições,Data / Hora,Temperatura,Umidade,03/08/2025 - 14:25,"23,00","45,00",Betha Eletrônica Ltda,1/1
Coleta de Dados - UMMI,Impressão: 08/08/2025  9:23.09,Grupo:,TH-04-R,Equipamento:  1 - UMMI,Coleta:,04/08/2025 - 08:56,Registros:   Total: 2.864        Exibidos: 2.864,Data da Coleta:,04/08/2025,Exibição de Dados,Temperatura:,,Umidade:,,Datas:,,Medições,Data / Hora,Temperatura,Umidade,03/08/2025 - 14:30,"23,00","46,00",Betha Eletrônica Ltda,1/1
Coleta de Dados - UMMI,Impressão: 08/08/2025  9:23.09,Grupo:,TH-04-R,Equipamento:  1 - UMMI,Coleta:,04/08/2025 - 08:56,Registros:   Total: 2.864        Exibidos: 2.864,Data da Coleta:,04/08/2025,Exibição de Dados,Temperatura:,,Umidade:,,Datas:,,Medições,Data / Hora,Temperatura,Umidade,03/08/2025 - 14:35,"23,00","43,00",Betha Eletrônica Ltda,1/1
Coleta de Dados - UMMI,Impressão: 08/08/2025  9:23.09,Grupo:,TH-04-R,Equipamento:  1 - UMMI,Coleta:,04/08/2025 - 08:56,Registros:   Total: 2.864        Exibidos: 2.864,Data da Coleta:,04/08/2025,Exibição de Dados,Temperatura:,,Umidade:,,Datas:,,Medições,Data / Hora,Temperatura,Umidade,03/08/2025 - 14:40,"22,00","44,00",Betha Eletrônica Ltda,1/1
Coleta de Dados - UMMI,Impressão: 08/08/2025  9:23.09,Grupo:,TH-04-R,Equipamento:  1 - UMMI,Coleta:,04/08/2025 - 08:56,Registros:   Total: 2.864        Exibidos: 2.864,Data da Coleta:,04/08/2025,Exibição de Dados,Temperatura:,,Umidade:,,Datas:,,Medições,Data / Hora,Temperatura,Umidade,03/08/2025 - 14:45,"22,00","48,00",Betha Eletrônica Ltda,1/1
Coleta de Dados - UMMI,Impressão: 08/08/2025  9:23.09,Grupo:,TH-04-R,Equipamento:  1 - UMMI,Coleta:,04/08/2025 - 08:56,Registros:   Total: 2.864        Exibidos: 2.864,Data da Coleta:,04/08/2025,Exibição de Dados,Temperatura:,,Umidade:,,Datas:,,Medições,Data / Hora,Temperatura,Umidade,03/08/2025 - 14:50,"23,00","40,00",Betha Eletrônica Ltda,1/1
Coleta de Dados - UMMI,Impressão: 08/08/2025  9:23.09,Grupo:,TH-04-R,Equipamento:  1 - UMMI,Coleta:,04/08/2025 - 08:56,Registros:   Total: 2.864        Exibidos: 2.864,Data da Coleta:,04/08/2025,Exibição de Dados,Temperatura:,,Umidade:,,Datas:,,Medições,Data / Hora,Temperatura,Umidade,03/08/2025 - 14:55,"24,00","46,00",Betha Eletrônica Ltda,1/1
Coleta de Dados - UMMI,Impressão: 08/08/2025  9:23.09,Grupo:,TH-04-R,Equipamento:  1 - UMMI,Coleta:,04/08/2025 - 08:56,Registros:   Total: 2.864        Exibidos: 2.864,Data da Coleta:,04/08/2025,Exibição de Dados,Temperatura:,,Umidade:,,Datas:,,Medições,Data / Hora,Temperatura,Umidade,03/08/2025 - 15:00,"24,00","46,00",Betha Eletrônica Ltda,1/1
Coleta de Dados - UMMI,Impressão: 08/08/2025  9:23.09,Grupo:,TH-04-R,Equipamento:  1 - UMMI,Coleta:,04/08/2025 - 08:56,Registros:   Total: 2.864        Exibidos: 2.864,Data da Coleta:,04/08/2025,Exibição de Dados,Temperatura:,,Umidade:,,Datas:,,Medições,Data / Hora,Temperatura,Umidade,03/08/2025 - 15:05,"23,00","45,00",Betha Eletrônica Ltda,1/1
Coleta de Dados - UMMI,Impressão: 08/08/2025  9:23.09,Grupo:,TH-04-R,Equipamento:  1 - UMMI,Coleta:,04/08/2025 - 08:56,Registros:   Total: 2.864        Exibidos: 2.864,Data da Coleta:,04/08/2025,Exibição de Dados,Temperatura:,,Umidade:,,Datas:,,Medições,Data / Hora,Temperatura,Umidade,03/08/2025 - 15:10,"23,00","45,00",Betha Eletrônica Ltda,1/1
Coleta de Dados - UMMI,Impressão: 08/08/2025  9:23.09,Grupo:,TH-04-R,Equipamento:  1 - UMMI,Coleta:,04/08/2025 - 08:56,Registros:   Total: 2.864        Exibidos: 2.864,Data da Coleta:,04/08/2025,Exibição de Dados,Temperatura:,,Umidade:,,Datas:,,Medições,Data / Hora,Temperatura,Umidade,03/08/2025 - 15:15,"23,00","45,00",Betha Eletrônica Ltda,1/1
Coleta de Dados - UMMI,Impressão: 08/08/2025  9:23.09,Grupo:,TH-04-R,Equipamento:  1 - UMMI,Coleta:,04/08/2025 - 08:56,Registros:   Total: 2.864        Exibidos: 2.864,Data da Coleta:,04/08/2025,Exibição de Dados,Temperatura:,,Umidade:,,Datas:,,Medições,Data / Hora,Temperatura,Umidade,03/08/2025 - 15:20,"23,00","45,00",Betha Eletrônica Ltda,1/1
Coleta de Dados - UMMI,Impressão: 08/08/2025  9:23.09,Grupo:,TH-04-R,Equipamento:  1 - UMMI,Coleta:,04/08/2025 - 08:56,Registros:   Total: 2.864        Exibidos: 2.864,Data da Coleta:,04/08/2025,Exibição de Dados,Temperatura:,,Umidade:,,Datas:,,Medições,Data / Hora,Temperatura,Umidade,03/08/2025 - 15:25,"23,00","45,00",Betha Eletrônica Ltda,1/1
Coleta de Dados - UMMI,Impressão: 08/08/2025  9:23.09,Grupo:,TH-04-R,Equipamento:  1 - UMMI,Coleta:,04/08/2025 - 08:56,Registros:   Total: 2.864        Exibidos: 2.864,Data da Coleta:,04/08/2025,Exibição de Dados,Temperatura:,,Umidade:,,Datas:,,Medições,Data / Hora,Temperatura,Umidade,03/08/2025 - 15:30,"23,00","46,00",Betha Eletrônica Ltda,1/1
Coleta de Dados - UMMI,Impressão: 08/08/2025  9:23.09,Grupo:,TH-04-R,Equipamento:  1 - UMMI,Coleta:,04/08/2025 - 08:56,Registros:   Total: 2.864        Exibidos: 2.864,Data da Coleta:,04/08/2025,Exibição de Dados,Temperatura:,,Umidade:,,Datas:,,Medições,Data / Hora,Temperatura,Umidade,03/08/2025 - 15:35,"23,00","45,00",Betha Eletrônica Ltda,1/1
Coleta de Dados - UMMI,Impressão: 08/08/2025  9:23.09,Grupo:,TH-04-R,Equipamento:  1 - UMMI,Coleta:,04/08/2025 - 08:56,Registros:   Total: 2.864        Exibidos: 2.864,Data da Coleta:,04/08/2025,Exibição de Dados,Temperatura:,,Umidade:,,Datas:,,Medições,Data / Hora,Temperatura,Umidade,03/08/2025 - 15:40,"23,00","45,00",Betha Eletrônica Ltda,1/1
Coleta de Dados - UMMI,Impressão: 08/08/2025  9:23.09,Grupo:,TH-04-R,Equipamento:  1 - UMMI,Coleta:,04/08/2025 - 08:56,Registros:   Total: 2.864        Exibidos: 2.864,Data da Coleta:,04/08/2025,Exibição de Dados,Temperatura:,,Umidade:,,Datas:,,Medições,Data / Hora,Temperatura,Umidade,03/08/2025 - 15:45,"23,00","46,00",Betha Eletrônica Ltda,1/1
Coleta de Dados - UMMI,Impressão: 08/08/2025  9:23.09,Grupo:,TH-04-R,Equipamento:  1 - UMMI,Coleta:,04/08/2025 - 08:56,Registros:   Total: 2.864        Exibidos: 2.864,Data da Coleta:,04/08/2025,Exibição de Dados,Temperatura:,,Umidade:,,Datas:,,Medições,Data / Hora,Temperatura,Umidade,03/08/2025 - 15:50,"23,00","46,00",Betha Eletrônica Ltda,1/1
Coleta de Dados - UMMI,Impressão: 08/08/2025  9:23.09,Grupo:,TH-04-R,Equipamento:  1 - UMMI,Coleta:,04/08/2025 - 08:56,Registros:   Total: 2.864        Exibidos: 2.864,Data da Coleta:,04/08/2025,Exibição de Dados,Temperatura:,,Umidade:,,Datas:,,Medições,Data / Hora,Temperatura,Umidade,03/08/2025 - 15:55,"23,00","42,00",Betha Eletrônica Ltda,1/1
Coleta de Dados - UMMI,Impressão: 08/08/2025  9:23.09,Grupo:,TH-04-R,Equipamento:  1 - UMMI,Coleta:,04/08/2025 - 08:56,Registros:   Total: 2.864        Exibidos: 2.864,Data da Coleta:,04/08/2025,Exibição de Dados,Temperatura:,,Umidade:,,Datas:,,Medições,Data / Hora,Temperatura,Umidade,03/08/2025 - 16:00,"22,00","43,00",Betha Eletrônica Ltda,1/1
Coleta de Dados - UMMI,Impressão: 08/08/2025  9:23.09,Grupo:,TH-04-R,Equipamento:  1 - UMMI,Coleta:,04/08/2025 - 08:56,Registros:   Total: 2.864        Exibidos: 2.864,Data da Coleta:,04/08/2025,Exibição de Dados,Temperatura:,,Umidade:,,Datas:,,Medições,Data / Hora,Temperatura,Umidade,03/08/2025 - 16:05,"23,00","47,00",Betha Eletrônica Ltda,1/1
Coleta de Dados - UMMI,Impressão: 08/08/2025  9:23.09,Grupo:,TH-04-R,Equipamento:  1 - UMMI,Coleta:,04/08/2025 - 08:56,Registros:   Total: 2.864        Exibidos: 2.864,Data da Coleta:,04/08/2025,Exibição de Dados,Temperatura:,,Umidade:,,Datas:,,Medições,Data / Hora,Temperatura,Umidade,03/08/2025 - 16:10,"23,00","45,00",Betha Eletrônica Ltda,1/1
Coleta de Dados - UMMI,Impressão: 08/08/2025  9:23.09,Grupo:,TH-04-R,Equipamento:  1 - UMMI,Coleta:,04/08/2025 - 08:56,Registros:   Total: 2.864        Exibidos: 2.864,Data da Coleta:,04/08/2025,Exibição de Dados,Temperatura:,,Umidade:,,Datas:,,Medições,Data / Hora,Temperatura,Umidade,03/08/2025 - 16:15,"24,00","44,00",Betha Eletrônica Ltda,1/1
Coleta de Dados - UMMI,Impressão: 08/08/2025  9:23.09,Grupo:,TH-04-R,Equipamento:  1 - UMMI,Coleta:,04/08/2025 - 08:56,Registros:   Total: 2.864        Exibidos: 2.864,Data da Coleta:,04/08/2025,Exibição de Dados,Temperatura:,,Umidade:,,Datas:,,Medições,Data / Hora,Temperatura,Umidade,03/08/2025 - 16:20,"23,00","46,00",Betha Eletrônica Ltda,1/1
Coleta de Dados - UMMI,Impressão: 08/08/2025  9:23.09,Grupo:,TH-04-R,Equipamento:  1 - UMMI,Coleta:,04/08/2025 - 08:56,Registros:   Total: 2.864        Exibidos: 2.864,Data da Coleta:,04/08/2025,Exibição de Dados,Temperatura:,,Umidade:,,Datas:,,Medições,Data / Hora,Temperatura,Umidade,03/08/2025 - 16:25,"23,00","46,00",Betha Eletrônica Ltda,1/1
Coleta de Dados - UMMI,Impressão: 08/08/2025  9:23.09,Grupo:,TH-04-R,Equipamento:  1 - UMMI,Coleta:,04/08/2025 - 08:56,Registros:   Total: 2.864        Exibidos: 2.864,Data da Coleta:,04/08/2025,Exibição de Dados,Temperatura:,,Umidade:,,Datas:,,Medições,Data / Hora,Temperatura,Umidade,03/08/2025 - 16:30,"23,00","46,00",Betha Eletrônica Ltda,1/1
Coleta de Dados - UMMI,Impressão: 08/08/2025  9:23.09,Grupo:,TH-04-R,Equipamento:  1 - UMMI,Coleta:,04/08/2025 - 08:56,Registros:   Total: 2.864        Exibidos: 2.864,Data da Coleta:,04/08/2025,Exibição de Dados,Temperatura:,,Umidade:,,Datas:,,Medições,Data / Hora,Temperatura,Umidade,03/08/2025 - 16:35,"23,00","44,00",Betha Eletrônica Ltda,1/1
Coleta de Dados - UMMI,Impressão: 08/08/2025  9:23.09,Grupo:,TH-04-R,Equipamento:  1 - UMMI,Coleta:,04/08/2025 - 08:56,Registros:   Total: 2.864        Exibidos: 2.864,Data da Coleta:,04/08/2025,Exibição de Dados,Temperatura:,,Umidade:,,Datas:,,Medições,Data / Hora,Temperatura,Umidade,03/08/2025 - 16:40,"22,00","42,00",Betha Eletrônica Ltda,1/1
Coleta de Dados - UMMI,Impressão: 08/08/2025  9:23.09,Grupo:,TH-04-R,Equipamento:  1 - UMMI,Coleta:,04/08/2025 - 08:56,Registros:   Total: 2.864        Exibidos: 2.864,Data da Coleta:,04/08/2025,Exibição de Dados,Temperatura:,,Umidade:,,Datas:,,Medições,Data / Hora,Temperatura,Umidade,03/08/2025 - 16:45,"23,00","45,00",Betha Eletrônica Ltda,1/1
Coleta de Dados - UMMI,Impressão: 08/08/2025  9:23.09,Grupo:,TH-04-R,Equipamento:  1 - UMMI,Coleta:,04/08/2025 - 08:56,Registros:   Total: 2.864        Exibidos: 2.864,Data da Coleta:,04/08/2025,Exibição de Dados,Temperatura:,,Umidade:,,Datas:,,Medições,Data / Hora,Temperatura,Umidade,03/08/2025 - 16:50,"23,00","48,00",Betha Eletrônica Ltda,1/1
Coleta de Dados - UMMI,Impressão: 08/08/2025  9:23.09,Grupo:,TH-04-R,Equipamento:  1 - UMMI,Coleta:,04/08/2025 - 08:56,Registros:   Total: 2.864        Exibidos: 2.864,Data da Coleta:,04/08/2025,Exibição de Dados,Temperatura:,,Umidade:,,Datas:,,Medições,Data / Hora,Temperatura,Umidade,03/08/2025 - 16:55,"24,00","41,00",Betha Eletrônica Ltda,1/1
Coleta de Dados - UMMI,Impressão: 08/08/2025  9:23.09,Grupo:,TH-04-R,Equipamento:  1 - UMMI,Coleta:,04/08/2025 - 08:56,Registros:   Total: 2.864        Exibidos: 2.864,Data da Coleta:,04/08/2025,Exibição de Dados,Temperatura:,,Umidade:,,Datas:,,Medições,Data / Hora,Temperatura,Umidade,03/08/2025 - 17:00,"23,00","46,00",Betha Eletrônica Ltda,1/1
Coleta de Dados - UMMI,Impressão: 08/08/2025  9:23.09,Grupo:,TH-04-R,Equipamento:  1 - UMMI,Coleta:,04/08/2025 - 08:56,Registros:   Total: 2.864        Exibidos: 2.864,Data da Coleta:,04/08/2025,Exibição de Dados,Temperatura:,,Umidade:,,Datas:,,Medições,Data / Hora,Temperatura,Umidade,03/08/2025 - 17:05,"23,00","46,00",Betha Eletrônica Ltda,1/1
Coleta de Dados - UMMI,Impressão: 08/08/2025  9:23.09,Grupo:,TH-04-R,Equipamento:  1 - UMMI,Coleta:,04/08/2025 - 08:56,Registros:   Total: 2.864        Exibidos: 2.864,Data da Coleta:,04/08/2025,Exibição de Dados,Temperatura:,,Umidade:,,Datas:,,Medições,Data / Hora,Temperatura,Umidade,03/08/2025 - 17:10,"23,00","46,00",Betha Eletrônica Ltda,1/1
Coleta de Dados - UMMI,Impressão: 08/08/2025  9:23.09,Grupo:,TH-04-R,Equipamento:  1 - UMMI,Coleta:,04/08/2025 - 08:56,Registros:   Total: 2.864        Exibidos: 2.864,Data da Coleta:,04/08/2025,Exibição de Dados,Temperatura:,,Umidade:,,Datas:,,Medições,Data / Hora,Temperatura,Umidade,03/08/2025 - 17:15,"23,00","46,00",Betha Eletrônica Ltda,1/1
Coleta de Dados - UMMI,Impressão: 08/08/2025  9:23.09,Grupo:,TH-04-R,Equipamento:  1 - UMMI,Coleta:,04/08/2025 - 08:56,Registros:   Total: 2.864        Exibidos: 2.864,Data da Coleta:,04/08/2025,Exibição de Dados,Temperatura:,,Umidade:,,Datas:,,Medições,Data / Hora,Temperatura,Umidade,03/08/2025 - 17:20,"23,00","46,00",Betha Eletrônica Ltda,1/1
Coleta de Dados - UMMI,Impressão: 08/08/2025  9:23.09,Grupo:,TH-04-R,Equipamento:  1 - UMMI,Coleta:,04/08/2025 - 08:56,Registros:   Total: 2.864        Exibidos: 2.864,Data da Coleta:,04/08/2025,Exibição de Dados,Temperatura:,,Umidade:,,Datas:,,Medições,Data / Hora,Temperatura,Umidade,03/08/2025 - 17:25,"23,00","46,00",Betha Eletrônica Ltda,1/1
Coleta de Dados - UMMI,Impressão: 08/08/2025  9:23.09,Grupo:,TH-04-R,Equipamento:  1 - UMMI,Coleta:,04/08/2025 - 08:56,Registros:   Total: 2.864        Exibidos: 2.864,Data da Coleta:,04/08/2025,Exibição de Dados,Temperatura:,,Umidade:,,Datas:,,Medições,Data / Hora,Temperatura,Umidade,03/08/2025 - 17:30,"23,00","43,00",Betha Eletrônica Ltda,1/1
Coleta de Dados - UMMI,Impressão: 08/08/2025  9:23.09,Grupo:,TH-04-R,Equipamento:  1 - UMMI,Coleta:,04/08/2025 - 08:56,Registros:   Total: 2.864        Exibidos: 2.864,Data da Coleta:,04/08/2025,Exibição de Dados,Temperatura:,,Umidade:,,Datas:,,Medições,Data / Hora,Temperatura,Umidade,03/08/2025 - 17:35,"22,00","43,00",Betha Eletrônica Ltda,1/1
Coleta de Dados - UMMI,Impressão: 08/08/2025  9:23.09,Grupo:,TH-04-R,Equipamento:  1 - UMMI,Coleta:,04/08/2025 - 08:56,Registros:   Total: 2.864        Exibidos: 2.864,Data da Coleta:,04/08/2025,Exibição de Dados,Temperatura:,,Umidade:,,Datas:,,Medições,Data / Hora,Temperatura,Umidade,03/08/2025 - 17:40,"22,00","46,00",Betha Eletrônica Ltda,1/1
Coleta de Dados - UMMI,Impressão: 08/08/2025  9:23.09,Grupo:,TH-04-R,Equipamento:  1 - UMMI,Coleta:,04/08/2025 - 08:56,Registros:   Total: 2.864        Exibidos: 2.864,Data da Coleta:,04/08/2025,Exibição de Dados,Temperatura:,,Umidade:,,Datas:,,Medições,Data / Hora,Temperatura,Umidade,03/08/2025 - 17:45,"23,00","47,00",Betha Eletrônica Ltda,1/1
Coleta de Dados - UMMI,Impressão: 08/08/2025  9:23.09,Grupo:,TH-04-R,Equipamento:  1 - UMMI,Coleta:,04/08/2025 - 08:56,Registros:   Total: 2.864        Exibidos: 2.864,Data da Coleta:,04/08/2025,Exibição de Dados,Temperatura:,,Umidade:,,Datas:,,Medições,Data / Hora,Temperatura,Umidade,03/08/2025 - 17:50,"24,00","42,00",Betha Eletrônica Ltda,1/1
Coleta de Dados - UMMI,Impressão: 08/08/2025  9:23.09,Grupo:,TH-04-R,Equipamento:  1 - UMMI,Coleta:,04/08/2025 - 08:56,Registros:   Total: 2.864        Exibidos: 2.864,Data da Coleta:,04/08/2025,Exibição de Dados,Temperatura:,,Umidade:,,Datas:,,Medições,Data / Hora,Temperatura,Umidade,03/08/2025 - 17:55,"23,00","47,00",Betha Eletrônica Ltda,1/1
Coleta de Dados - UMMI,Impressão: 08/08/2025  9:23.09,Grupo:,TH-04-R,Equipamento:  1 - UMMI,Coleta:,04/08/2025 - 08:56,Registros:   Total: 2.864        Exibidos: 2.864,Data da Coleta:,04/08/2025,Exibição de Dados,Temperatura:,,Umidade:,,Datas:,,Medições,Data / Hora,Temperatura,Umidade,03/08/2025 - 18:00,"23,00","46,00",Betha Eletrônica Ltda,1/1
Coleta de Dados - UMMI,Impressão: 08/08/2025  9:23.09,Grupo:,TH-04-R,Equipamento:  1 - UMMI,Coleta:,04/08/2025 - 08:56,Registros:   Total: 2.864        Exibidos: 2.864,Data da Coleta:,04/08/2025,Exibição de Dados,Temperatura:,,Umidade:,,Datas:,,Medições,Data / Hora,Temperatura,Umidade,03/08/2025 - 18:05,"23,00","42,00",Betha Eletrônica Ltda,1/1
Coleta de Dados - UMMI,Impressão: 08/08/2025  9:23.09,Grupo:,TH-04-R,Equipamento:  1 - UMMI,Coleta:,04/08/2025 - 08:56,Registros:   Total: 2.864        Exibidos: 2.864,Data da Coleta:,04/08/2025,Exibição de Dados,Temperatura:,,Umidade:,,Datas:,,Medições,Data / Hora,Temperatura,Umidade,03/08/2025 - 18:10,"22,00","44,00",Betha Eletrônica Ltda,1/1
Coleta de Dados - UMMI,Impressão: 08/08/2025  9:23.09,Grupo:,TH-04-R,Equipamento:  1 - UMMI,Coleta:,04/08/2025 - 08:56,Registros:   Total: 2.864        Exibidos: 2.864,Data da Coleta:,04/08/2025,Exibição de Dados,Temperatura:,,Umidade:,,Datas:,,Medições,Data / Hora,Temperatura,Umidade,03/08/2025 - 18:15,"22,00","50,00",Betha Eletrônica Ltda,1/1
Coleta de Dados - UMMI,Impressão: 08/08/2025  9:23.09,Grupo:,TH-04-R,Equipamento:  1 - UMMI,Coleta:,04/08/2025 - 08:56,Registros:   Total: 2.864        Exibidos: 2.864,Data da Coleta:,04/08/2025,Exibição de Dados,Temperatura:,,Umidade:,,Datas:,,Medições,Data / Hora,Temperatura,Umidade,03/08/2025 - 18:20,"22,00","41,00",Betha Eletrônica Ltda,1/1
Coleta de Dados - UMMI,Impressão: 08/08/2025  9:23.09,Grupo:,TH-04-R,Equipamento:  1 - UMMI,Coleta:,04/08/2025 - 08:56,Registros:   Total: 2.864        Exibidos: 2.864,Data da Coleta:,04/08/2025,Exibição de Dados,Temperatura:,,Umidade:,,Datas:,,Medições,Data / Hora,Temperatura,Umidade,03/08/2025 - 18:25,"24,00","47,00",Betha Eletrônica Ltda,1/1
Coleta de Dados - UMMI,Impressão: 08/08/2025  9:23.09,Grupo:,TH-04-R,Equipamento:  1 - UMMI,Coleta:,04/08/2025 - 08:56,Registros:   Total: 2.864        Exibidos: 2.864,Data da Coleta:,04/08/2025,Exibição de Dados,Temperatura:,,Umidade:,,Datas:,,Medições,Data / Hora,Temperatura,Umidade,03/08/2025 - 18:30,"23,00","45,00",Betha Eletrônica Ltda,1/1
Coleta de Dados - UMMI,Impressão: 08/08/2025  9:23.09,Grupo:,TH-04-R,Equipamento:  1 - UMMI,Coleta:,04/08/2025 - 08:56,Registros:   Total: 2.864        Exibidos: 2.864,Data da Coleta:,04/08/2025,Exibição de Dados,Temperatura:,,Umidade:,,Datas:,,Medições,Data / Hora,Temperatura,Umidade,03/08/2025 - 18:35,"23,00","43,00",Betha Eletrônica Ltda,1/1
Coleta de Dados - UMMI,Impressão: 08/08/2025  9:23.09,Grupo:,TH-04-R,Equipamento:  1 - UMMI,Coleta:,04/08/2025 - 08:56,Registros:   Total: 2.864        Exibidos: 2.864,Data da Coleta:,04/08/2025,Exibição de Dados,Temperatura:,,Umidade:,,Datas:,,Medições,Data / Hora,Temperatura,Umidade,03/08/2025 - 18:40,"22,00","46,00",Betha Eletrônica Ltda,1/1
Coleta de Dados - UMMI,Impressão: 08/08/2025  9:23.09,Grupo:,TH-04-R,Equipamento:  1 - UMMI,Coleta:,04/08/2025 - 08:56,Registros:   Total: 2.864        Exibidos: 2.864,Data da Coleta:,04/08/2025,Exibição de Dados,Temperatura:,,Umidade:,,Datas:,,Medições,Data / Hora,Temperatura,Umidade,03/08/2025 - 18:45,"22,00","50,00",Betha Eletrônica Ltda,1/1
Coleta de Dados - UMMI,Impressão: 08/08/2025  9:23.09,Grupo:,TH-04-R,Equipamento:  1 - UMMI,Coleta:,04/08/2025 - 08:56,Registros:   Total: 2.864        Exibidos: 2.864,Data da Coleta:,04/08/2025,Exibição de Dados,Temperatura:,,Umidade:,,Datas:,,Medições,Data / Hora,Temperatura,Umidade,03/08/2025 - 18:50,"23,00","40,00",Betha Eletrônica Ltda,1/1
Coleta de Dados - UMMI,Impressão: 08/08/2025  9:23.09,Grupo:,TH-04-R,Equipamento:  1 - UMMI,Coleta:,04/08/2025 - 08:56,Registros:   Total: 2.864        Exibidos: 2.864,Data da Coleta:,04/08/2025,Exibição de Dados,Temperatura:,,Umidade:,,Datas:,,Medições,Data / Hora,Temperatura,Umidade,03/08/2025 - 18:55,"23,00","50,00",Betha Eletrônica Ltda,1/1
Coleta de Dados - UMMI,Impressão: 08/08/2025  9:23.09,Grupo:,TH-04-R,Equipamento:  1 - UMMI,Coleta:,04/08/2025 - 08:56,Registros:   Total: 2.864        Exibidos: 2.864,Data da Coleta:,04/08/2025,Exibição de Dados,Temperatura:,,Umidade:,,Datas:,,Medições,Data / Hora,Temperatura,Umidade,03/08/2025 - 19:00,"23,00","40,00",Betha Eletrônica Ltda,1/1
Coleta de Dados - UMMI,Impressão: 08/08/2025  9:23.09,Grupo:,TH-04-R,Equipamento:  1 - UMMI,Coleta:,04/08/2025 - 08:56,Registros:   Total: 2.864        Exibidos: 2.864,Data da Coleta:,04/08/2025,Exibição de Dados,Temperatura:,,Umidade:,,Datas:,,Medições,Data / Hora,Temperatura,Umidade,03/08/2025 - 19:05,"23,00","44,00",Betha Eletrônica Ltda,1/1
Coleta de Dados - UMMI,Impressão: 08/08/2025  9:23.09,Grupo:,TH-04-R,Equipamento:  1 - UMMI,Coleta:,04/08/2025 - 08:56,Registros:   Total: 2.864        Exibidos: 2.864,Data da Coleta:,04/08/2025,Exibição de Dados,Temperatura:,,Umidade:,,Datas:,,Medições,Data / Hora,Temperatura,Umidade,03/08/2025 - 19:10,"22,00","48,00",Betha Eletrônica Ltda,1/1
Coleta de Dados - UMMI,Impressão: 08/08/2025  9:23.09,Grupo:,TH-04-R,Equipamento:  1 - UMMI,Coleta:,04/08/2025 - 08:56,Registros:   Total: 2.864        Exibidos: 2.864,Data da Coleta:,04/08/2025,Exibição de Dados,Temperatura:,,Umidade:,,Datas:,,Medições,Data / Hora,Temperatura,Umidade,03/08/2025 - 19:15,"22,00","47,00",Betha Eletrônica Ltda,1/1
Coleta de Dados - UMMI,Impressão: 08/08/2025  9:23.09,Grupo:,TH-04-R,Equipamento:  1 - UMMI,Coleta:,04/08/2025 - 08:56,Registros:   Total: 2.864        Exibidos: 2.864,Data da Coleta:,04/08/2025,Exibição de Dados,Temperatura:,,Umidade:,,Datas:,,Medições,Data / Hora,Temperatura,Umidade,03/08/2025 - 19:20,"23,00","41,00",Betha Eletrônica Ltda,1/1
Coleta de Dados - UMMI,Impressão: 08/08/2025  9:23.09,Grupo:,TH-04-R,Equipamento:  1 - UMMI,Coleta:,04/08/2025 - 08:56,Registros:   Total: 2.864        Exibidos: 2.864,Data da Coleta:,04/08/2025,Exibição de Dados,Temperatura:,,Umidade:,,Datas:,,Medições,Data / Hora,Temperatura,Umidade,03/08/2025 - 19:25,"23,00","50,00",Betha Eletrônica Ltda,1/1
Coleta de Dados - UMMI,Impressão: 08/08/2025  9:23.09,Grupo:,TH-04-R,Equipamento:  1 - UMMI,Coleta:,04/08/2025 - 08:56,Registros:   Total: 2.864        Exibidos: 2.864,Data da Coleta:,04/08/2025,Exibição de Dados,Temperatura:,,Umidade:,,Datas:,,Medições,Data / Hora,Temperatura,Umidade,03/08/2025 - 19:30,"23,00","43,00",Betha Eletrônica Ltda,1/1
Coleta de Dados - UMMI,Impressão: 08/08/2025  9:23.09,Grupo:,TH-04-R,Equipamento:  1 - UMMI,Coleta:,04/08/2025 - 08:56,Registros:   Total: 2.864        Exibidos: 2.864,Data da Coleta:,04/08/2025,Exibição de Dados,Temperatura:,,Umidade:,,Datas:,,Medições,Data / Hora,Temperatura,Umidade,03/08/2025 - 19:35,"23,00","48,00",Betha Eletrônica Ltda,1/1
Coleta de Dados - UMMI,Impressão: 08/08/2025  9:23.09,Grupo:,TH-04-R,Equipamento:  1 - UMMI,Coleta:,04/08/2025 - 08:56,Registros:   Total: 2.864        Exibidos: 2.864,Data da Coleta:,04/08/2025,Exibição de Dados,Temperatura:,,Umidade:,,Datas:,,Medições,Data / Hora,Temperatura,Umidade,03/08/2025 - 19:40,"22,00","49,00",Betha Eletrônica Ltda,1/1
Coleta de Dados - UMMI,Impressão: 08/08/2025  9:23.09,Grupo:,TH-04-R,Equipamento:  1 - UMMI,Coleta:,04/08/2025 - 08:56,Registros:   Total: 2.864        Exibidos: 2.864,Data da Coleta:,04/08/2025,Exibição de Dados,Temperatura:,,Umidade:,,Datas:,,Medições,Data / Hora,Temperatura,Umidade,03/08/2025 - 19:45,"22,00","42,00",Betha Eletrônica Ltda,1/1
Coleta de Dados - UMMI,Impressão: 08/08/2025  9:23.09,Grupo:,TH-04-R,Equipamento:  1 - UMMI,Coleta:,04/08/2025 - 08:56,Registros:   Total: 2.864        Exibidos: 2.864,Data da Coleta:,04/08/2025,Exibição de Dados,Temperatura:,,Umidade:,,Datas:,,Medições,Data / Hora,Temperatura,Umidade,03/08/2025 - 19:50,"23,00","46,00",Betha Eletrônica Ltda,1/1
Coleta de Dados - UMMI,Impressão: 08/08/2025  9:23.09,Grupo:,TH-04-R,Equipamento:  1 - UMMI,Coleta:,04/08/2025 - 08:56,Registros:   Total: 2.864        Exibidos: 2.864,Data da Coleta:,04/08/2025,Exibição de Dados,Temperatura:,,Umidade:,,Datas:,,Medições,Data / Hora,Temperatura,Umidade,03/08/2025 - 19:55,"23,00","45,00",Betha Eletrônica Ltda,1/1
Coleta de Dados - UMMI,Impressão: 08/08/2025  9:23.09,Grupo:,TH-04-R,Equipamento:  1 - UMMI,Coleta:,04/08/2025 - 08:56,Registros:   Total: 2.864        Exibidos: 2.864,Data da Coleta:,04/08/2025,Exibição de Dados,Temperatura:,,Umidade:,,Datas:,,Medições,Data / Hora,Temperatura,Umidade,03/08/2025 - 20:00,"23,00","47,00",Betha Eletrônica Ltda,1/1
Coleta de Dados - UMMI,Impressão: 08/08/2025  9:23.09,Grupo:,TH-04-R,Equipamento:  1 - UMMI,Coleta:,04/08/2025 - 08:56,Registros:   Total: 2.864        Exibidos: 2.864,Data da Coleta:,04/08/2025,Exibição de Dados,Temperatura:,,Umidade:,,Datas:,,Medições,Data / Hora,Temperatura,Umidade,03/08/2025 - 20:05,"22,00","50,00",Betha Eletrônica Ltda,1/1
Coleta de Dados - UMMI,Impressão: 08/08/2025  9:23.09,Grupo:,TH-04-R,Equipamento:  1 - UMMI,Coleta:,04/08/2025 - 08:56,Registros:   Total: 2.864        Exibidos: 2.864,Data da Coleta:,04/08/2025,Exibição de Dados,Temperatura:,,Umidade:,,Datas:,,Medições,Data / Hora,Temperatura,Umidade,03/08/2025 - 20:10,"21,00","47,00",Betha Eletrônica Ltda,1/1
Coleta de Dados - UMMI,Impressão: 08/08/2025  9:23.09,Grupo:,TH-04-R,Equipamento:  1 - UMMI,Coleta:,04/08/2025 - 08:56,Registros:   Total: 2.864        Exibidos: 2.864,Data da Coleta:,04/08/2025,Exibição de Dados,Temperatura:,,Umidade:,,Datas:,,Medições,Data / Hora,Temperatura,Umidade,03/08/2025 - 20:15,"22,00","42,00",Betha Eletrônica Ltda,1/1
Coleta de Dados - UMMI,Impressão: 08/08/2025  9:23.09,Grupo:,TH-04-R,Equipamento:  1 - UMMI,Coleta:,04/08/2025 - 08:56,Registros:   Total: 2.864        Exibidos: 2.864,Data da Coleta:,04/08/2025,Exibição de Dados,Temperatura:,,Umidade:,,Datas:,,Medições,Data / Hora,Temperatura,Umidade,03/08/2025 - 20:20,"23,00","52,00",Betha Eletrônica Ltda,1/1
Coleta de Dados - UMMI,Impressão: 08/08/2025  9:23.09,Grupo:,TH-04-R,Equipamento:  1 - UMMI,Coleta:,04/08/2025 - 08:56,Registros:   Total: 2.864        Exibidos: 2.864,Data da Coleta:,04/08/2025,Exibição de Dados,Temperatura:,,Umidade:,,Datas:,,Medições,Data / Hora,Temperatura,Umidade,03/08/2025 - 20:25,"23,00","41,00",Betha Eletrônica Ltda,1/1
Coleta de Dados - UMMI,Impressão: 08/08/2025  9:23.09,Grupo:,TH-04-R,Equipamento:  1 - UMMI,Coleta:,04/08/2025 - 08:56,Registros:   Total: 2.864        Exibidos: 2.864,Data da Coleta:,04/08/2025,Exibição de Dados,Temperatura:,,Umidade:,,Datas:,,Medições,Data / Hora,Temperatura,Umidade,03/08/2025 - 20:30,"23,00","50,00",Betha Eletrônica Ltda,1/1
Coleta de Dados - UMMI,Impressão: 08/08/2025  9:23.09,Grupo:,TH-04-R,Equipamento:  1 - UMMI,Coleta:,04/08/2025 - 08:56,Registros:   Total: 2.864        Exibidos: 2.864,Data da Coleta:,04/08/2025,Exibição de Dados,Temperatura:,,Umidade:,,Datas:,,Medições,Data / Hora,Temperatura,Umidade,03/08/2025 - 20:35,"22,00","43,00",Betha Eletrônica Ltda,1/1
Coleta de Dados - UMMI,Impressão: 08/08/2025  9:23.09,Grupo:,TH-04-R,Equipamento:  1 - UMMI,Coleta:,04/08/2025 - 08:56,Registros:   Total: 2.864        Exibidos: 2.864,Data da Coleta:,04/08/2025,Exibição de Dados,Temperatura:,,Umidade:,,Datas:,,Medições,Data / Hora,Temperatura,Umidade,03/08/2025 - 20:40,"22,00","46,00",Betha Eletrônica Ltda,1/1
Coleta de Dados - UMMI,Impressão: 08/08/2025  9:23.09,Grupo:,TH-04-R,Equipamento:  1 - UMMI,Coleta:,04/08/2025 - 08:56,Registros:   Total: 2.864        Exibidos: 2.864,Data da Coleta:,04/08/2025,Exibição de Dados,Temperatura:,,Umidade:,,Datas:,,Medições,Data / Hora,Temperatura,Umidade,03/08/2025 - 20:45,"22,00","53,00",Betha Eletrônica Ltda,1/1
Coleta de Dados - UMMI,Impressão: 08/08/2025  9:23.09,Grupo:,TH-04-R,Equipamento:  1 - UMMI,Coleta:,04/08/2025 - 08:56,Registros:   Total: 2.864        Exibidos: 2.864,Data da Coleta:,04/08/2025,Exibição de Dados,Temperatura:,,Umidade:,,Datas:,,Medições,Data / Hora,Temperatura,Umidade,03/08/2025 - 20:50,"22,00","40,00",Betha Eletrônica Ltda,1/1
Coleta de Dados - UMMI,Impressão: 08/08/2025  9:23.09,Grupo:,TH-04-R,Equipamento:  1 - UMMI,Coleta:,04/08/2025 - 08:56,Registros:   Total: 2.864        Exibidos: 2.864,Data da Coleta:,04/08/2025,Exibição de Dados,Temperatura:,,Umidade:,,Datas:,,Medições,Data / Hora,Temperatura,Umidade,03/08/2025 - 20:55,"23,00","52,00",Betha Eletrônica Ltda,1/1
Coleta de Dados - UMMI,Impressão: 08/08/2025  9:23.09,Grupo:,TH-04-R,Equipamento:  1 - UMMI,Coleta:,04/08/2025 - 08:56,Registros:   Total: 2.864        Exibidos: 2.864,Data da Coleta:,04/08/2025,Exibição de Dados,Temperatura:,,Umidade:,,Datas:,,Medições,Data / Hora,Temperatura,Umidade,03/08/2025 - 21:00,"23,00","42,00",Betha Eletrônica Ltda,1/1
Coleta de Dados - UMMI,Impressão: 08/08/2025  9:23.09,Grupo:,TH-04-R,Equipamento:  1 - UMMI,Coleta:,04/08/2025 - 08:56,Registros:   Total: 2.864        Exibidos: 2.864,Data da Coleta:,04/08/2025,Exibição de Dados,Temperatura:,,Umidade:,,Datas:,,Medições,Data / Hora,Temperatura,Umidade,03/08/2025 - 21:05,"22,00","50,00",Betha Eletrônica Ltda,1/1
Coleta de Dados - UMMI,Impressão: 08/08/2025  9:23.09,Grupo:,TH-04-R,Equipamento:  1 - UMMI,Coleta:,04/08/2025 - 08:56,Registros:   Total: 2.864        Exibidos: 2.864,Data da Coleta:,04/08/2025,Exibição de Dados,Temperatura:,,Umidade:,,Datas:,,Medições,Data / Hora,Temperatura,Umidade,03/08/2025 - 21:10,"21,00","49,00",Betha Eletrônica Ltda,1/1
Coleta de Dados - UMMI,Impressão: 08/08/2025  9:23.09,Grupo:,TH-04-R,Equipamento:  1 - UMMI,Coleta:,04/08/2025 - 08:56,Registros:   Total: 2.864        Exibidos: 2.864,Data da Coleta:,04/08/2025,Exibição de Dados,Temperatura:,,Umidade:,,Datas:,,Medições,Data / Hora,Temperatura,Umidade,03/08/2025 - 21:15,"21,00","41,00",Betha Eletrônica Ltda,1/1
Coleta de Dados - UMMI,Impressão: 08/08/2025  9:23.09,Grupo:,TH-04-R,Equipamento:  1 - UMMI,Coleta:,04/08/2025 - 08:56,Registros:   Total: 2.864        Exibidos: 2.864,Data da Coleta:,04/08/2025,Exibição de Dados,Temperatura:,,Umidade:,,Datas:,,Medições,Data / Hora,Temperatura,Umidade,03/08/2025 - 21:20,"22,00","52,00",Betha Eletrônica Ltda,1/1
Coleta de Dados - UMMI,Impressão: 08/08/2025  9:23.09,Grupo:,TH-04-R,Equipamento:  1 - UMMI,Coleta:,04/08/2025 - 08:56,Registros:   Total: 2.864        Exibidos: 2.864,Data da Coleta:,04/08/2025,Exibição de Dados,Temperatura:,,Umidade:,,Datas:,,Medições,Data / Hora,Temperatura,Umidade,03/08/2025 - 21:25,"23,00","40,00",Betha Eletrônica Ltda,1/1
Coleta de Dados - UMMI,Impressão: 08/08/2025  9:23.09,Grupo:,TH-04-R,Equipamento:  1 - UMMI,Coleta:,04/08/2025 - 08:56,Registros:   Total: 2.864        Exibidos: 2.864,Data da Coleta:,04/08/2025,Exibição de Dados,Temperatura:,,Umidade:,,Datas:,,Medições,Data / Hora,Temperatura,Umidade,03/08/2025 - 21:30,"23,00","51,00",Betha Eletrônica Ltda,1/1
Coleta de Dados - UMMI,Impressão: 08/08/2025  9:23.09,Grupo:,TH-04-R,Equipamento:  1 - UMMI,Coleta:,04/08/2025 - 08:56,Registros:   Total: 2.864        Exibidos: 2.864,Data da Coleta:,04/08/2025,Exibição de Dados,Temperatura:,,Umidade:,,Datas:,,Medições,Data / Hora,Temperatura,Umidade,03/08/2025 - 21:35,"22,00","44,00",Betha Eletrônica Ltda,1/1
Coleta de Dados - UMMI,Impressão: 08/08/2025  9:23.09,Grupo:,TH-04-R,Equipamento:  1 - UMMI,Coleta:,04/08/2025 - 08:56,Registros:   Total: 2.864        Exibidos: 2.864,Data da Coleta:,04/08/2025,Exibição de Dados,Temperatura:,,Umidade:,,Datas:,,Medições,Data / Hora,Temperatura,Umidade,03/08/2025 - 21:40,"22,00","44,00",Betha Eletrônica Ltda,1/1
Coleta de Dados - UMMI,Impressão: 08/08/2025  9:23.09,Grupo:,TH-04-R,Equipamento:  1 - UMMI,Coleta:,04/08/2025 - 08:56,Registros:   Total: 2.864        Exibidos: 2.864,Data da Coleta:,04/08/2025,Exibição de Dados,Temperatura:,,Umidade:,,Datas:,,Medições,Data / Hora,Temperatura,Umidade,03/08/2025 - 21:45,"22,00","50,00",Betha Eletrônica Ltda,1/1
Coleta de Dados - UMMI,Impressão: 08/08/2025  9:23.09,Grupo:,TH-04-R,Equipamento:  1 - UMMI,Coleta:,04/08/2025 - 08:56,Registros:   Total: 2.864        Exibidos: 2.864,Data da Coleta:,04/08/2025,Exibição de Dados,Temperatura:,,Umidade:,,Datas:,,Medições,Data / Hora,Temperatura,Umidade,03/08/2025 - 21:50,"22,00","42,00",Betha Eletrônica Ltda,1/1
Coleta de Dados - UMMI,Impressão: 08/08/2025  9:23.09,Grupo:,TH-04-R,Equipamento:  1 - UMMI,Coleta:,04/08/2025 - 08:56,Registros:   Total: 2.864        Exibidos: 2.864,Data da Coleta:,04/08/2025,Exibição de Dados,Temperatura:,,Umidade:,,Datas:,,Medições,Data / Hora,Temperatura,Umidade,03/08/2025 - 21:55,"23,00","50,00",Betha Eletrônica Ltda,1/1
Coleta de Dados - UMMI,Impressão: 08/08/2025  9:23.09,Grupo:,TH-04-R,Equipamento:  1 - UMMI,Coleta:,04/08/2025 - 08:56,Registros:   Total: 2.864        Exibidos: 2.864,Data da Coleta:,04/08/2025,Exibição de Dados,Temperatura:,,Umidade:,,Datas:,,Medições,Data / Hora,Temperatura,Umidade,03/08/2025 - 22:00,"23,00","45,00",Betha Eletrônica Ltda,1/1
Coleta de Dados - UMMI,Impressão: 08/08/2025  9:23.09,Grupo:,TH-04-R,Equipamento:  1 - UMMI,Coleta:,04/08/2025 - 08:56,Registros:   Total: 2.864        Exibidos: 2.864,Data da Coleta:,04/08/2025,Exibição de Dados,Temperatura:,,Umidade:,,Datas:,,Medições,Data / Hora,Temperatura,Umidade,03/08/2025 - 22:05,"22,00","48,00",Betha Eletrônica Ltda,1/1
Coleta de Dados - UMMI,Impressão: 08/08/2025  9:23.09,Grupo:,TH-04-R,Equipamento:  1 - UMMI,Coleta:,04/08/2025 - 08:56,Registros:   Total: 2.864        Exibidos: 2.864,Data da Coleta:,04/08/2025,Exibição de Dados,Temperatura:,,Umidade:,,Datas:,,Medições,Data / Hora,Temperatura,Umidade,03/08/2025 - 22:10,"22,00","50,00",Betha Eletrônica Ltda,1/1
Coleta de Dados - UMMI,Impressão: 08/08/2025  9:23.09,Grupo:,TH-04-R,Equipamento:  1 - UMMI,Coleta:,04/08/2025 - 08:56,Registros:   Total: 2.864        Exibidos: 2.864,Data da Coleta:,04/08/2025,Exibição de Dados,Temperatura:,,Umidade:,,Datas:,,Medições,Data / Hora,Temperatura,Umidade,03/08/2025 - 22:15,"21,00","45,00",Betha Eletrônica Ltda,1/1
Coleta de Dados - UMMI,Impressão: 08/08/2025  9:23.09,Grupo:,TH-04-R,Equipamento:  1 - UMMI,Coleta:,04/08/2025 - 08:56,Registros:   Total: 2.864        Exibidos: 2.864,Data da Coleta:,04/08/2025,Exibição de Dados,Temperatura:,,Umidade:,,Datas:,,Medições,Data / Hora,Temperatura,Umidade,03/08/2025 - 22:20,"22,00","44,00",Betha Eletrônica Ltda,1/1
Coleta de Dados - UMMI,Impressão: 08/08/2025  9:23.09,Grupo:,TH-04-R,Equipamento:  1 - UMMI,Coleta:,04/08/2025 - 08:56,Registros:   Total: 2.864        Exibidos: 2.864,Data da Coleta:,04/08/2025,Exibição de Dados,Temperatura:,,Umidade:,,Datas:,,Medições,Data / Hora,Temperatura,Umidade,03/08/2025 - 22:25,"22,00","48,00",Betha Eletrônica Ltda,1/1
Coleta de Dados - UMMI,Impressão: 08/08/2025  9:23.09,Grupo:,TH-04-R,Equipamento:  1 - UMMI,Coleta:,04/08/2025 - 08:56,Registros:   Total: 2.864        Exibidos: 2.864,Data da Coleta:,04/08/2025,Exibição de Dados,Temperatura:,,Umidade:,,Datas:,,Medições,Data / Hora,Temperatura,Umidade,03/08/2025 - 22:30,"23,00","46,00",Betha Eletrônica Ltda,1/1
Coleta de Dados - UMMI,Impressão: 08/08/2025  9:23.09,Grupo:,TH-04-R,Equipamento:  1 - UMMI,Coleta:,04/08/2025 - 08:56,Registros:   Total: 2.864        Exibidos: 2.864,Data da Coleta:,04/08/2025,Exibição de Dados,Temperatura:,,Umidade:,,Datas:,,Medições,Data / Hora,Temperatura,Umidade,03/08/2025 - 22:35,"23,00","48,00",Betha Eletrônica Ltda,1/1
Coleta de Dados - UMMI,Impressão: 08/08/2025  9:23.09,Grupo:,TH-04-R,Equipamento:  1 - UMMI,Coleta:,04/08/2025 - 08:56,Registros:   Total: 2.864        Exibidos: 2.864,Data da Coleta:,04/08/2025,Exibição de Dados,Temperatura:,,Umidade:,,Datas:,,Medições,Data / Hora,Temperatura,Umidade,03/08/2025 - 22:40,"22,00","45,00",Betha Eletrônica Ltda,1/1
Coleta de Dados - UMMI,Impressão: 08/08/2025  9:23.09,Grupo:,TH-04-R,Equipamento:  1 - UMMI,Coleta:,04/08/2025 - 08:56,Registros:   Total: 2.864        Exibidos: 2.864,Data da Coleta:,04/08/2025,Exibição de Dados,Temperatura:,,Umidade:,,Datas:,,Medições,Data / Hora,Temperatura,Umidade,03/08/2025 - 22:45,"21,00","48,00",Betha Eletrônica Ltda,1/1
Coleta de Dados - UMMI,Impressão: 08/08/2025  9:23.09,Grupo:,TH-04-R,Equipamento:  1 - UMMI,Coleta:,04/08/2025 - 08:56,Registros:   Total: 2.864        Exibidos: 2.864,Data da Coleta:,04/08/2025,Exibição de Dados,Temperatura:,,Umidade:,,Datas:,,Medições,Data / Hora,Temperatura,Umidade,03/08/2025 - 22:50,"22,00","46,00",Betha Eletrônica Ltda,1/1
Coleta de Dados - UMMI,Impressão: 08/08/2025  9:23.09,Grupo:,TH-04-R,Equipamento:  1 - UMMI,Coleta:,04/08/2025 - 08:56,Registros:   Total: 2.864        Exibidos: 2.864,Data da Coleta:,04/08/2025,Exibição de Dados,Temperatura:,,Umidade:,,Datas:,,Medições,Data / Hora,Temperatura,Umidade,03/08/2025 - 22:55,"23,00","45,00",Betha Eletrônica Ltda,1/1
Coleta de Dados - UMMI,Impressão: 08/08/2025  9:23.09,Grupo:,TH-04-R,Equipamento:  1 - UMMI,Coleta:,04/08/2025 - 08:56,Registros:   Total: 2.864        Exibidos: 2.864,Data da Coleta:,04/08/2025,Exibição de Dados,Temperatura:,,Umidade:,,Datas:,,Medições,Data / Hora,Temperatura,Umidade,03/08/2025 - 23:00,"23,00","48,00",Betha Eletrônica Ltda,1/1
Coleta de Dados - UMMI,Impressão: 08/08/2025  9:23.09,Grupo:,TH-04-R,Equipamento:  1 - UMMI,Coleta:,04/08/2025 - 08:56,Registros:   Total: 2.864        Exibidos: 2.864,Data da Coleta:,04/08/2025,Exibição de Dados,Temperatura:,,Umidade:,,Datas:,,Medições,Data / Hora,Temperatura,Umidade,03/08/2025 - 23:05,"23,00","47,00",Betha Eletrônica Ltda,1/1
Coleta de Dados - UMMI,Impressão: 08/08/2025  9:23.09,Grupo:,TH-04-R,Equipamento:  1 - UMMI,Coleta:,04/08/2025 - 08:56,Registros:   Total: 2.864        Exibidos: 2.864,Data da Coleta:,04/08/2025,Exibição de Dados,Temperatura:,,Umidade:,,Datas:,,Medições,Data / Hora,Temperatura,Umidade,03/08/2025 - 23:10,"22,00","50,00",Betha Eletrônica Ltda,1/1
Coleta de Dados - UMMI,Impressão: 08/08/2025  9:23.09,Grupo:,TH-04-R,Equipamento:  1 - UMMI,Coleta:,04/08/2025 - 08:56,Registros:   Total: 2.864        Exibidos: 2.864,Data da Coleta:,04/08/2025,Exibição de Dados,Temperatura:,,Umidade:,,Datas:,,Medições,Data / Hora,Temperatura,Umidade,03/08/2025 - 23:15,"21,00","45,00",Betha Eletrônica Ltda,1/1
Coleta de Dados - UMMI,Impressão: 08/08/2025  9:23.09,Grupo:,TH-04-R,Equipamento:  1 - UMMI,Coleta:,04/08/2025 - 08:56,Registros:   Total: 2.864        Exibidos: 2.864,Data da Coleta:,04/08/2025,Exibição de Dados,Temperatura:,,Umidade:,,Datas:,,Medições,Data / Hora,Temperatura,Umidade,03/08/2025 - 23:20,"22,00","45,00",Betha Eletrônica Ltda,1/1
Coleta de Dados - UMMI,Impressão: 08/08/2025  9:23.09,Grupo:,TH-04-R,Equipamento:  1 - UMMI,Coleta:,04/08/2025 - 08:56,Registros:   Total: 2.864        Exibidos: 2.864,Data da Coleta:,04/08/2025,Exibição de Dados,Temperatura:,,Umidade:,,Datas:,,Medições,Data / Hora,Temperatura,Umidade,03/08/2025 - 23:25,"22,00","50,00",Betha Eletrônica Ltda,1/1
Coleta de Dados - UMMI,Impressão: 08/08/2025  9:23.09,Grupo:,TH-04-R,Equipamento:  1 - UMMI,Coleta:,04/08/2025 - 08:56,Registros:   Total: 2.864        Exibidos: 2.864,Data da Coleta:,04/08/2025,Exibição de Dados,Temperatura:,,Umidade:,,Datas:,,Medições,Data / Hora,Temperatura,Umidade,03/08/2025 - 23:30,"24,00","45,00",Betha Eletrônica Ltda,1/1
Coleta de Dados - UMMI,Impressão: 08/08/2025  9:23.09,Grupo:,TH-04-R,Equipamento:  1 - UMMI,Coleta:,04/08/2025 - 08:56,Registros:   Total: 2.864        Exibidos: 2.864,Data da Coleta:,04/08/2025,Exibição de Dados,Temperatura:,,Umidade:,,Datas:,,Medições,Data / Hora,Temperatura,Umidade,03/08/2025 - 23:35,"23,00","48,00",Betha Eletrônica Ltda,1/1
Coleta de Dados - UMMI,Impressão: 08/08/2025  9:23.09,Grupo:,TH-04-R,Equipamento:  1 - UMMI,Coleta:,04/08/2025 - 08:56,Registros:   Total: 2.864        Exibidos: 2.864,Data da Coleta:,04/08/2025,Exibição de Dados,Temperatura:,,Umidade:,,Datas:,,Medições,Data / Hora,Temperatura,Umidade,03/08/2025 - 23:40,"22,00","46,00",Betha Eletrônica Ltda,1/1
Coleta de Dados - UMMI,Impressão: 08/08/2025  9:23.09,Grupo:,TH-04-R,Equipamento:  1 - UMMI,Coleta:,04/08/2025 - 08:56,Registros:   Total: 2.864        Exibidos: 2.864,Data da Coleta:,04/08/2025,Exibição de Dados,Temperatura:,,Umidade:,,Datas:,,Medições,Data / Hora,Temperatura,Umidade,03/08/2025 - 23:45,"21,00","48,00",Betha Eletrônica Ltda,1/1
Coleta de Dados - UMMI,Impressão: 08/08/2025  9:23.09,Grupo:,TH-04-R,Equipamento:  1 - UMMI,Coleta:,04/08/2025 - 08:56,Registros:   Total: 2.864        Exibidos: 2.864,Data da Coleta:,04/08/2025,Exibição de Dados,Temperatura:,,Umidade:,,Datas:,,Medições,Data / Hora,Temperatura,Umidade,03/08/2025 - 23:50,"21,00","46,00",Betha Eletrônica Ltda,1/1
Coleta de Dados - UMMI,Impressão: 08/08/2025  9:23.09,Grupo:,TH-04-R,Equipamento:  1 - UMMI,Coleta:,04/08/2025 - 08:56,Registros:   Total: 2.864        Exibidos: 2.864,Data da Coleta:,04/08/2025,Exibição de Dados,Temperatura:,,Umidade:,,Datas:,,Medições,Data / Hora,Temperatura,Umidade,03/08/2025 - 23:55,"23,00","46,00",Betha Eletrônica Ltda,1/1
Coleta de Dados - UMMI,Impressão: 08/08/2025  9:23.09,Grupo:,TH-04-R,Equipamento:  1 - UMMI,Coleta:,04/08/2025 - 08:56,Registros:   Total: 2.864        Exibidos: 2.864,Data da Coleta:,04/08/2025,Exibição de Dados,Temperatura:,,Umidade:,,Datas:,,Medições,Data / Hora,Temperatura,Umidade,04/08/2025 - 00:00,"22,00","46,00",Betha Eletrônica Ltda,1/1
Coleta de Dados - UMMI,Impressão: 08/08/2025  9:23.09,Grupo:,TH-04-R,Equipamento:  1 - UMMI,Coleta:,04/08/2025 - 08:56,Registros:   Total: 2.864        Exibidos: 2.864,Data da Coleta:,04/08/2025,Exibição de Dados,Temperatura:,,Umidade:,,Datas:,,Medições,Data / Hora,Temperatura,Umidade,04/08/2025 - 00:05,"23,00","48,00",Betha Eletrônica Ltda,1/1
Coleta de Dados - UMMI,Impressão: 08/08/2025  9:23.09,Grupo:,TH-04-R,Equipamento:  1 - UMMI,Coleta:,04/08/2025 - 08:56,Registros:   Total: 2.864        Exibidos: 2.864,Data da Coleta:,04/08/2025,Exibição de Dados,Temperatura:,,Umidade:,,Datas:,,Medições,Data / Hora,Temperatura,Umidade,04/08/2025 - 00:10,"22,00","46,00",Betha Eletrônica Ltda,1/1
Coleta de Dados - UMMI,Impressão: 08/08/2025  9:23.09,Grupo:,TH-04-R,Equipamento:  1 - UMMI,Coleta:,04/08/2025 - 08:56,Registros:   Total: 2.864        Exibidos: 2.864,Data da Coleta:,04/08/2025,Exibição de Dados,Temperatura:,,Umidade:,,Datas:,,Medições,Data / Hora,Temperatura,Umidade,04/08/2025 - 00:15,"22,00","47,00",Betha Eletrônica Ltda,1/1
Coleta de Dados - UMMI,Impressão: 08/08/2025  9:23.09,Grupo:,TH-04-R,Equipamento:  1 - UMMI,Coleta:,04/08/2025 - 08:56,Registros:   Total: 2.864        Exibidos: 2.864,Data da Coleta:,04/08/2025,Exibição de Dados,Temperatura:,,Umidade:,,Datas:,,Medições,Data / Hora,Temperatura,Umidade,04/08/2025 - 00:20,"22,00","54,00",Betha Eletrônica Ltda,1/1
Coleta de Dados - UMMI,Impressão: 08/08/2025  9:23.09,Grupo:,TH-04-R,Equipamento:  1 - UMMI,Coleta:,04/08/2025 - 08:56,Registros:   Total: 2.864        Exibidos: 2.864,Data da Coleta:,04/08/2025,Exibição de Dados,Temperatura:,,Umidade:,,Datas:,,Medições,Data / Hora,Temperatura,Umidade,04/08/2025 - 00:25,"22,00","41,00",Betha Eletrônica Ltda,1/1
Coleta de Dados - UMMI,Impressão: 08/08/2025  9:23.09,Grupo:,TH-04-R,Equipamento:  1 - UMMI,Coleta:,04/08/2025 - 08:56,Registros:   Total: 2.864        Exibidos: 2.864,Data da Coleta:,04/08/2025,Exibição de Dados,Temperatura:,,Umidade:,,Datas:,,Medições,Data / Hora,Temperatura,Umidade,04/08/2025 - 00:30,"23,00","54,00",Betha Eletrônica Ltda,1/1
Coleta de Dados - UMMI,Impressão: 08/08/2025  9:23.09,Grupo:,TH-04-R,Equipamento:  1 - UMMI,Coleta:,04/08/2025 - 08:56,Registros:   Total: 2.864        Exibidos: 2.864,Data da Coleta:,04/08/2025,Exibição de Dados,Temperatura:,,Umidade:,,Datas:,,Medições,Data / Hora,Temperatura,Umidade,04/08/2025 - 00:35,"23,00","43,00",Betha Eletrônica Ltda,1/1
Coleta de Dados - UMMI,Impressão: 08/08/2025  9:23.09,Grupo:,TH-04-R,Equipamento:  1 - UMMI,Coleta:,04/08/2025 - 08:56,Registros:   Total: 2.864        Exibidos: 2.864,Data da Coleta:,04/08/2025,Exibição de Dados,Temperatura:,,Umidade:,,Datas:,,Medições,Data / Hora,Temperatura,Umidade,04/08/2025 - 00:40,"22,00","51,00",Betha Eletrônica Ltda,1/1
Coleta de Dados - UMMI,Impressão: 08/08/2025  9:23.09,Grupo:,TH-04-R,Equipamento:  1 - UMMI,Coleta:,04/08/2025 - 08:56,Registros:   Total: 2.864        Exibidos: 2.864,Data da Coleta:,04/08/2025,Exibição de Dados,Temperatura:,,Umidade:,,Datas:,,Medições,Data / Hora,Temperatura,Umidade,04/08/2025 - 00:45,"22,00","45,00",Betha Eletrônica Ltda,1/1
Coleta de Dados - UMMI,Impressão: 08/08/2025  9:23.09,Grupo:,TH-04-R,Equipamento:  1 - UMMI,Coleta:,04/08/2025 - 08:56,Registros:   Total: 2.864        Exibidos: 2.864,Data da Coleta:,04/08/2025,Exibição de Dados,Temperatura:,,Umidade:,,Datas:,,Medições,Data / Hora,Temperatura,Umidade,04/08/2025 - 00:50,"21,00","50,00",Betha Eletrônica Ltda,1/1
Coleta de Dados - UMMI,Impressão: 08/08/2025  9:23.09,Grupo:,TH-04-R,Equipamento:  1 - UMMI,Coleta:,04/08/2025 - 08:56,Registros:   Total: 2.864        Exibidos: 2.864,Data da Coleta:,04/08/2025,Exibição de Dados,Temperatura:,,Umidade:,,Datas:,,Medições,Data / Hora,Temperatura,Umidade,04/08/2025 - 00:55,"22,00","41,00",Betha Eletrônica Ltda,1/1
Coleta de Dados - UMMI,Impressão: 08/08/2025  9:23.09,Grupo:,TH-04-R,Equipamento:  1 - UMMI,Coleta:,04/08/2025 - 08:56,Registros:   Total: 2.864        Exibidos: 2.864,Data da Coleta:,04/08/2025,Exibição de Dados,Temperatura:,,Umidade:,,Datas:,,Medições,Data / Hora,Temperatura,Umidade,04/08/2025 - 01:00,"23,00","55,00",Betha Eletrônica Ltda,1/1
Coleta de Dados - UMMI,Impressão: 08/08/2025  9:23.09,Grupo:,TH-04-R,Equipamento:  1 - UMMI,Coleta:,04/08/2025 - 08:56,Registros:   Total: 2.864        Exibidos: 2.864,Data da Coleta:,04/08/2025,Exibição de Dados,Temperatura:,,Umidade:,,Datas:,,Medições,Data / Hora,Temperatura,Umidade,04/08/2025 - 01:05,"23,00","40,00",Betha Eletrônica Ltda,1/1
Coleta de Dados - UMMI,Impressão: 08/08/2025  9:23.09,Grupo:,TH-04-R,Equipamento:  1 - UMMI,Coleta:,04/08/2025 - 08:56,Registros:   Total: 2.864        Exibidos: 2.864,Data da Coleta:,04/08/2025,Exibição de Dados,Temperatura:,,Umidade:,,Datas:,,Medições,Data / Hora,Temperatura,Umidade,04/08/2025 - 01:10,"22,00","54,00",Betha Eletrônica Ltda,1/1
Coleta de Dados - UMMI,Impressão: 08/08/2025  9:23.09,Grupo:,TH-04-R,Equipamento:  1 - UMMI,Coleta:,04/08/2025 - 08:56,Registros:   Total: 2.864        Exibidos: 2.864,Data da Coleta:,04/08/2025,Exibição de Dados,Temperatura:,,Umidade:,,Datas:,,Medições,Data / Hora,Temperatura,Umidade,04/08/2025 - 01:15,"22,00","45,00",Betha Eletrônica Ltda,1/1
Coleta de Dados - UMMI,Impressão: 08/08/2025  9:23.09,Grupo:,TH-04-R,Equipamento:  1 - UMMI,Coleta:,04/08/2025 - 08:56,Registros:   Total: 2.864        Exibidos: 2.864,Data da Coleta:,04/08/2025,Exibição de Dados,Temperatura:,,Umidade:,,Datas:,,Medições,Data / Hora,Temperatura,Umidade,04/08/2025 - 01:20,"22,00","49,00",Betha Eletrônica Ltda,1/1
Coleta de Dados - UMMI,Impressão: 08/08/2025  9:23.09,Grupo:,TH-04-R,Equipamento:  1 - UMMI,Coleta:,04/08/2025 - 08:56,Registros:   Total: 2.864        Exibidos: 2.864,Data da Coleta:,04/08/2025,Exibição de Dados,Temperatura:,,Umidade:,,Datas:,,Medições,Data / Hora,Temperatura,Umidade,04/08/2025 - 01:25,"22,00","44,00",Betha Eletrônica Ltda,1/1
Coleta de Dados - UMMI,Impressão: 08/08/2025  9:23.09,Grupo:,TH-04-R,Equipamento:  1 - UMMI,Coleta:,04/08/2025 - 08:56,Registros:   Total: 2.864        Exibidos: 2.864,Data da Coleta:,04/08/2025,Exibição de Dados,Temperatura:,,Umidade:,,Datas:,,Medições,Data / Hora,Temperatura,Umidade,04/08/2025 - 01:30,"23,00","53,00",Betha Eletrônica Ltda,1/1
Coleta de Dados - UMMI,Impressão: 08/08/2025  9:23.09,Grupo:,TH-04-R,Equipamento:  1 - UMMI,Coleta:,04/08/2025 - 08:56,Registros:   Total: 2.864        Exibidos: 2.864,Data da Coleta:,04/08/2025,Exibição de Dados,Temperatura:,,Umidade:,,Datas:,,Medições,Data / Hora,Temperatura,Umidade,04/08/2025 - 01:35,"23,00","41,00",Betha Eletrônica Ltda,1/1
Coleta de Dados - UMMI,Impressão: 08/08/2025  9:23.09,Grupo:,TH-04-R,Equipamento:  1 - UMMI,Coleta:,04/08/2025 - 08:56,Registros:   Total: 2.864        Exibidos: 2.864,Data da Coleta:,04/08/2025,Exibição de Dados,Temperatura:,,Umidade:,,Datas:,,Medições,Data / Hora,Temperatura,Umidade,04/08/2025 - 01:40,"22,00","53,00",Betha Eletrônica Ltda,1/1
Coleta de Dados - UMMI,Impressão: 08/08/2025  9:23.09,Grupo:,TH-04-R,Equipamento:  1 - UMMI,Coleta:,04/08/2025 - 08:56,Registros:   Total: 2.864        Exibidos: 2.864,Data da Coleta:,04/08/2025,Exibição de Dados,Temperatura:,,Umidade:,,Datas:,,Medições,Data / Hora,Temperatura,Umidade,04/08/2025 - 01:45,"21,00","47,00",Betha Eletrônica Ltda,1/1
Coleta de Dados - UMMI,Impressão: 08/08/2025  9:23.09,Grupo:,TH-04-R,Equipamento:  1 - UMMI,Coleta:,04/08/2025 - 08:56,Registros:   Total: 2.864        Exibidos: 2.864,Data da Coleta:,04/08/2025,Exibição de Dados,Temperatura:,,Umidade:,,Datas:,,Medições,Data / Hora,Temperatura,Umidade,04/08/2025 - 01:50,"22,00","46,00",Betha Eletrônica Ltda,1/1
Coleta de Dados - UMMI,Impressão: 08/08/2025  9:23.09,Grupo:,TH-04-R,Equipamento:  1 - UMMI,Coleta:,04/08/2025 - 08:56,Registros:   Total: 2.864        Exibidos: 2.864,Data da Coleta:,04/08/2025,Exibição de Dados,Temperatura:,,Umidade:,,Datas:,,Medições,Data / Hora,Temperatura,Umidade,04/08/2025 - 01:55,"22,00","49,00",Betha Eletrônica Ltda,1/1
Coleta de Dados - UMMI,Impressão: 08/08/2025  9:23.09,Grupo:,TH-04-R,Equipamento:  1 - UMMI,Coleta:,04/08/2025 - 08:56,Registros:   Total: 2.864        Exibidos: 2.864,Data da Coleta:,04/08/2025,Exibição de Dados,Temperatura:,,Umidade:,,Datas:,,Medições,Data / Hora,Temperatura,Umidade,04/08/2025 - 02:00,"23,00","48,00",Betha Eletrônica Ltda,1/1
Coleta de Dados - UMMI,Impressão: 08/08/2025  9:23.09,Grupo:,TH-04-R,Equipamento:  1 - UMMI,Coleta:,04/08/2025 - 08:56,Registros:   Total: 2.864        Exibidos: 2.864,Data da Coleta:,04/08/2025,Exibição de Dados,Temperatura:,,Umidade:,,Datas:,,Medições,Data / Hora,Temperatura,Umidade,04/08/2025 - 02:05,"22,00","43,00",Betha Eletrônica Ltda,1/1
Coleta de Dados - UMMI,Impressão: 08/08/2025  9:23.09,Grupo:,TH-04-R,Equipamento:  1 - UMMI,Coleta:,04/08/2025 - 08:56,Registros:   Total: 2.864        Exibidos: 2.864,Data da Coleta:,04/08/2025,Exibição de Dados,Temperatura:,,Umidade:,,Datas:,,Medições,Data / Hora,Temperatura,Umidade,04/08/2025 - 02:10,"22,00","52,00",Betha Eletrônica Ltda,1/1
Coleta de Dados - UMMI,Impressão: 08/08/2025  9:23.09,Grupo:,TH-04-R,Equipamento:  1 - UMMI,Coleta:,04/08/2025 - 08:56,Registros:   Total: 2.864        Exibidos: 2.864,Data da Coleta:,04/08/2025,Exibição de Dados,Temperatura:,,Umidade:,,Datas:,,Medições,Data / Hora,Temperatura,Umidade,04/08/2025 - 02:15,"21,00","50,00",Betha Eletrônica Ltda,1/1
Coleta de Dados - UMMI,Impressão: 08/08/2025  9:23.09,Grupo:,TH-04-R,Equipamento:  1 - UMMI,Coleta:,04/08/2025 - 08:56,Registros:   Total: 2.864        Exibidos: 2.864,Data da Coleta:,04/08/2025,Exibição de Dados,Temperatura:,,Umidade:,,Datas:,,Medições,Data / Hora,Temperatura,Umidade,04/08/2025 - 02:20,"22,00","44,00",Betha Eletrônica Ltda,1/1
Coleta de Dados - UMMI,Impressão: 08/08/2025  9:23.09,Grupo:,TH-04-R,Equipamento:  1 - UMMI,Coleta:,04/08/2025 - 08:56,Registros:   Total: 2.864        Exibidos: 2.864,Data da Coleta:,04/08/2025,Exibição de Dados,Temperatura:,,Umidade:,,Datas:,,Medições,Data / Hora,Temperatura,Umidade,04/08/2025 - 02:25,"22,00","53,00",Betha Eletrônica Ltda,1/1
Coleta de Dados - UMMI,Impressão: 08/08/2025  9:23.09,Grupo:,TH-04-R,Equipamento:  1 - UMMI,Coleta:,04/08/2025 - 08:56,Registros:   Total: 2.864        Exibidos: 2.864,Data da Coleta:,04/08/2025,Exibição de Dados,Temperatura:,,Umidade:,,Datas:,,Medições,Data / Hora,Temperatura,Umidade,04/08/2025 - 02:30,"23,00","45,00",Betha Eletrônica Ltda,1/1
Coleta de Dados - UMMI,Impressão: 08/08/2025  9:23.09,Grupo:,TH-04-R,Equipamento:  1 - UMMI,Coleta:,04/08/2025 - 08:56,Registros:   Total: 2.864        Exibidos: 2.864,Data da Coleta:,04/08/2025,Exibição de Dados,Temperatura:,,Umidade:,,Datas:,,Medições,Data / Hora,Temperatura,Umidade,04/08/2025 - 02:35,"22,00","49,00",Betha Eletrônica Ltda,1/1
Coleta de Dados - UMMI,Impressão: 08/08/2025  9:23.09,Grupo:,TH-04-R,Equipamento:  1 - UMMI,Coleta:,04/08/2025 - 08:56,Registros:   Total: 2.864        Exibidos: 2.864,Data da Coleta:,04/08/2025,Exibição de Dados,Temperatura:,,Umidade:,,Datas:,,Medições,Data / Hora,Temperatura,Umidade,04/08/2025 - 02:40,"22,00","48,00",Betha Eletrônica Ltda,1/1
Coleta de Dados - UMMI,Impressão: 08/08/2025  9:23.09,Grupo:,TH-04-R,Equipamento:  1 - UMMI,Coleta:,04/08/2025 - 08:56,Registros:   Total: 2.864        Exibidos: 2.864,Data da Coleta:,04/08/2025,Exibição de Dados,Temperatura:,,Umidade:,,Datas:,,Medições,Data / Hora,Temperatura,Umidade,04/08/2025 - 02:45,"21,00","54,00",Betha Eletrônica Ltda,1/1
Coleta de Dados - UMMI,Impressão: 08/08/2025  9:23.09,Grupo:,TH-04-R,Equipamento:  1 - UMMI,Coleta:,04/08/2025 - 08:56,Registros:   Total: 2.864        Exibidos: 2.864,Data da Coleta:,04/08/2025,Exibição de Dados,Temperatura:,,Umidade:,,Datas:,,Medições,Data / Hora,Temperatura,Umidade,04/08/2025 - 02:50,"22,00","42,00",Betha Eletrônica Ltda,1/1
Coleta de Dados - UMMI,Impressão: 08/08/2025  9:23.09,Grupo:,TH-04-R,Equipamento:  1 - UMMI,Coleta:,04/08/2025 - 08:56,Registros:   Total: 2.864        Exibidos: 2.864,Data da Coleta:,04/08/2025,Exibição de Dados,Temperatura:,,Umidade:,,Datas:,,Medições,Data / Hora,Temperatura,Umidade,04/08/2025 - 02:55,"22,00","54,00",Betha Eletrônica Ltda,1/1
Coleta de Dados - UMMI,Impressão: 08/08/2025  9:23.09,Grupo:,TH-04-R,Equipamento:  1 - UMMI,Coleta:,04/08/2025 - 08:56,Registros:   Total: 2.864        Exibidos: 2.864,Data da Coleta:,04/08/2025,Exibição de Dados,Temperatura:,,Umidade:,,Datas:,,Medições,Data / Hora,Temperatura,Umidade,04/08/2025 - 03:00,"23,00","44,00",Betha Eletrônica Ltda,1/1
Coleta de Dados - UMMI,Impressão: 08/08/2025  9:23.09,Grupo:,TH-04-R,Equipamento:  1 - UMMI,Coleta:,04/08/2025 - 08:56,Registros:   Total: 2.864        Exibidos: 2.864,Data da Coleta:,04/08/2025,Exibição de Dados,Temperatura:,,Umidade:,,Datas:,,Medições,Data / Hora,Temperatura,Umidade,04/08/2025 - 03:05,"22,00","51,00",Betha Eletrônica Ltda,1/1
Coleta de Dados - UMMI,Impressão: 08/08/2025  9:23.09,Grupo:,TH-04-R,Equipamento:  1 - UMMI,Coleta:,04/08/2025 - 08:56,Registros:   Total: 2.864        Exibidos: 2.864,Data da Coleta:,04/08/2025,Exibição de Dados,Temperatura:,,Umidade:,,Datas:,,Medições,Data / Hora,Temperatura,Umidade,04/08/2025 - 03:10,"22,00","47,00",Betha Eletrônica Ltda,1/1
Coleta de Dados - UMMI,Impressão: 08/08/2025  9:23.09,Grupo:,TH-04-R,Equipamento:  1 - UMMI,Coleta:,04/08/2025 - 08:56,Registros:   Total: 2.864        Exibidos: 2.864,Data da Coleta:,04/08/2025,Exibição de Dados,Temperatura:,,Umidade:,,Datas:,,Medições,Data / Hora,Temperatura,Umidade,04/08/2025 - 03:15,"22,00","55,00",Betha Eletrônica Ltda,1/1
Coleta de Dados - UMMI,Impressão: 08/08/2025  9:23.09,Grupo:,TH-04-R,Equipamento:  1 - UMMI,Coleta:,04/08/2025 - 08:56,Registros:   Total: 2.864        Exibidos: 2.864,Data da Coleta:,04/08/2025,Exibição de Dados,Temperatura:,,Umidade:,,Datas:,,Medições,Data / Hora,Temperatura,Umidade,04/08/2025 - 03:20,"22,00","42,00",Betha Eletrônica Ltda,1/1
Coleta de Dados - UMMI,Impressão: 08/08/2025  9:23.09,Grupo:,TH-04-R,Equipamento:  1 - UMMI,Coleta:,04/08/2025 - 08:56,Registros:   Total: 2.864        Exibidos: 2.864,Data da Coleta:,04/08/2025,Exibição de Dados,Temperatura:,,Umidade:,,Datas:,,Medições,Data / Hora,Temperatura,Umidade,04/08/2025 - 03:25,"22,00","54,00",Betha Eletrônica Ltda,1/1
Coleta de Dados - UMMI,Impressão: 08/08/2025  9:23.09,Grupo:,TH-04-R,Equipamento:  1 - UMMI,Coleta:,04/08/2025 - 08:56,Registros:   Total: 2.864        Exibidos: 2.864,Data da Coleta:,04/08/2025,Exibição de Dados,Temperatura:,,Umidade:,,Datas:,,Medições,Data / Hora,Temperatura,Umidade,04/08/2025 - 03:30,"23,00","43,00",Betha Eletrônica Ltda,1/1
Coleta de Dados - UMMI,Impressão: 08/08/2025  9:23.09,Grupo:,TH-04-R,Equipamento:  1 - UMMI,Coleta:,04/08/2025 - 08:56,Registros:   Total: 2.864        Exibidos: 2.864,Data da Coleta:,04/08/2025,Exibição de Dados,Temperatura:,,Umidade:,,Datas:,,Medições,Data / Hora,Temperatura,Umidade,04/08/2025 - 03:35,"22,00","51,00",Betha Eletrônica Ltda,1/1
Coleta de Dados - UMMI,Impressão: 08/08/2025  9:23.09,Grupo:,TH-04-R,Equipamento:  1 - UMMI,Coleta:,04/08/2025 - 08:56,Registros:   Total: 2.864        Exibidos: 2.864,Data da Coleta:,04/08/2025,Exibição de Dados,Temperatura:,,Umidade:,,Datas:,,Medições,Data / Hora,Temperatura,Umidade,04/08/2025 - 03:40,"22,00","46,00",Betha Eletrônica Ltda,1/1
Coleta de Dados - UMMI,Impressão: 08/08/2025  9:23.09,Grupo:,TH-04-R,Equipamento:  1 - UMMI,Coleta:,04/08/2025 - 08:56,Registros:   Total: 2.864        Exibidos: 2.864,Data da Coleta:,04/08/2025,Exibição de Dados,Temperatura:,,Umidade:,,Datas:,,Medições,Data / Hora,Temperatura,Umidade,04/08/2025 - 03:45,"22,00","55,00",Betha Eletrônica Ltda,1/1
Coleta de Dados - UMMI,Impressão: 08/08/2025  9:23.09,Grupo:,TH-04-R,Equipamento:  1 - UMMI,Coleta:,04/08/2025 - 08:56,Registros:   Total: 2.864        Exibidos: 2.864,Data da Coleta:,04/08/2025,Exibição de Dados,Temperatura:,,Umidade:,,Datas:,,Medições,Data / Hora,Temperatura,Umidade,04/08/2025 - 03:50,"22,00","41,00",Betha Eletrônica Ltda,1/1
Coleta de Dados - UMMI,Impressão: 08/08/2025  9:23.09,Grupo:,TH-04-R,Equipamento:  1 - UMMI,Coleta:,04/08/2025 - 08:56,Registros:   Total: 2.864        Exibidos: 2.864,Data da Coleta:,04/08/2025,Exibição de Dados,Temperatura:,,Umidade:,,Datas:,,Medições,Data / Hora,Temperatura,Umidade,04/08/2025 - 03:55,"23,00","55,00",Betha Eletrônica Ltda,1/1
Coleta de Dados - UMMI,Impressão: 08/08/2025  9:23.09,Grupo:,TH-04-R,Equipamento:  1 - UMMI,Coleta:,04/08/2025 - 08:56,Registros:   Total: 2.864        Exibidos: 2.864,Data da Coleta:,04/08/2025,Exibição de Dados,Temperatura:,,Umidade:,,Datas:,,Medições,Data / Hora,Temperatura,Umidade,04/08/2025 - 04:00,"23,00","42,00",Betha Eletrônica Ltda,1/1
Coleta de Dados - UMMI,Impressão: 08/08/2025  9:23.09,Grupo:,TH-04-R,Equipamento:  1 - UMMI,Coleta:,04/08/2025 - 08:56,Registros:   Total: 2.864        Exibidos: 2.864,Data da Coleta:,04/08/2025,Exibição de Dados,Temperatura:,,Umidade:,,Datas:,,Medições,Data / Hora,Temperatura,Umidade,04/08/2025 - 04:05,"22,00","53,00",Betha Eletrônica Ltda,1/1
Coleta de Dados - UMMI,Impressão: 08/08/2025  9:23.09,Grupo:,TH-04-R,Equipamento:  1 - UMMI,Coleta:,04/08/2025 - 08:56,Registros:   Total: 2.864        Exibidos: 2.864,Data da Coleta:,04/08/2025,Exibição de Dados,Temperatura:,,Umidade:,,Datas:,,Medições,Data / Hora,Temperatura,Umidade,04/08/2025 - 04:10,"22,00","44,00",Betha Eletrônica Ltda,1/1
Coleta de Dados - UMMI,Impressão: 08/08/2025  9:23.09,Grupo:,TH-04-R,Equipamento:  1 - UMMI,Coleta:,04/08/2025 - 08:56,Registros:   Total: 2.864        Exibidos: 2.864,Data da Coleta:,04/08/2025,Exibição de Dados,Temperatura:,,Umidade:,,Datas:,,Medições,Data / Hora,Temperatura,Umidade,04/08/2025 - 04:15,"22,00","55,00",Betha Eletrônica Ltda,1/1
Coleta de Dados - UMMI,Impressão: 08/08/2025  9:23.09,Grupo:,TH-04-R,Equipamento:  1 - UMMI,Coleta:,04/08/2025 - 08:56,Registros:   Total: 2.864        Exibidos: 2.864,Data da Coleta:,04/08/2025,Exibição de Dados,Temperatura:,,Umidade:,,Datas:,,Medições,Data / Hora,Temperatura,Umidade,04/08/2025 - 04:20,"22,00","42,00",Betha Eletrônica Ltda,1/1
Coleta de Dados - UMMI,Impressão: 08/08/2025  9:23.09,Grupo:,TH-04-R,Equipamento:  1 - UMMI,Coleta:,04/08/2025 - 08:56,Registros:   Total: 2.864        Exibidos: 2.864,Data da Coleta:,04/08/2025,Exibição de Dados,Temperatura:,,Umidade:,,Datas:,,Medições,Data / Hora,Temperatura,Umidade,04/08/2025 - 04:25,"22,00","54,00",Betha Eletrônica Ltda,1/1
Coleta de Dados - UMMI,Impressão: 08/08/2025  9:23.09,Grupo:,TH-04-R,Equipamento:  1 - UMMI,Coleta:,04/08/2025 - 08:56,Registros:   Total: 2.864        Exibidos: 2.864,Data da Coleta:,04/08/2025,Exibição de Dados,Temperatura:,,Umidade:,,Datas:,,Medições,Data / Hora,Temperatura,Umidade,04/08/2025 - 04:30,"23,00","44,00",Betha Eletrônica Ltda,1/1
Coleta de Dados - UMMI,Impressão: 08/08/2025  9:23.09,Grupo:,TH-04-R,Equipamento:  1 - UMMI,Coleta:,04/08/2025 - 08:56,Registros:   Total: 2.864        Exibidos: 2.864,Data da Coleta:,04/08/2025,Exibição de Dados,Temperatura:,,Umidade:,,Datas:,,Medições,Data / Hora,Temperatura,Umidade,04/08/2025 - 04:35,"22,00","49,00",Betha Eletrônica Ltda,1/1
Coleta de Dados - UMMI,Impressão: 08/08/2025  9:23.09,Grupo:,TH-04-R,Equipamento:  1 - UMMI,Coleta:,04/08/2025 - 08:56,Registros:   Total: 2.864        Exibidos: 2.864,Data da Coleta:,04/08/2025,Exibição de Dados,Temperatura:,,Umidade:,,Datas:,,Medições,Data / Hora,Temperatura,Umidade,04/08/2025 - 04:40,"22,00","47,00",Betha Eletrônica Ltda,1/1
Coleta de Dados - UMMI,Impressão: 08/08/2025  9:23.09,Grupo:,TH-04-R,Equipamento:  1 - UMMI,Coleta:,04/08/2025 - 08:56,Registros:   Total: 2.864        Exibidos: 2.864,Data da Coleta:,04/08/2025,Exibição de Dados,Temperatura:,,Umidade:,,Datas:,,Medições,Data / Hora,Temperatura,Umidade,04/08/2025 - 04:45,"21,00","54,00",Betha Eletrônica Ltda,1/1
Coleta de Dados - UMMI,Impressão: 08/08/2025  9:23.09,Grupo:,TH-04-R,Equipamento:  1 - UMMI,Coleta:,04/08/2025 - 08:56,Registros:   Total: 2.864        Exibidos: 2.864,Data da Coleta:,04/08/2025,Exibição de Dados,Temperatura:,,Umidade:,,Datas:,,Medições,Data / Hora,Temperatura,Umidade,04/08/2025 - 04:50,"22,00","42,00",Betha Eletrônica Ltda,1/1
Coleta de Dados - UMMI,Impressão: 08/08/2025  9:23.09,Grupo:,TH-04-R,Equipamento:  1 - UMMI,Coleta:,04/08/2025 - 08:56,Registros:   Total: 2.864        Exibidos: 2.864,Data da Coleta:,04/08/2025,Exibição de Dados,Temperatura:,,Umidade:,,Datas:,,Medições,Data / Hora,Temperatura,Umidade,04/08/2025 - 04:55,"22,00","53,00",Betha Eletrônica Ltda,1/1
Coleta de Dados - UMMI,Impressão: 08/08/2025  9:23.09,Grupo:,TH-04-R,Equipamento:  1 - UMMI,Coleta:,04/08/2025 - 08:56,Registros:   Total: 2.864        Exibidos: 2.864,Data da Coleta:,04/08/2025,Exibição de Dados,Temperatura:,,Umidade:,,Datas:,,Medições,Data / Hora,Temperatura,Umidade,04/08/2025 - 05:00,"23,00","44,00",Betha Eletrônica Ltda,1/1
Coleta de Dados - UMMI,Impressão: 08/08/2025  9:23.09,Grupo:,TH-04-R,Equipamento:  1 - UMMI,Coleta:,04/08/2025 - 08:56,Registros:   Total: 2.864        Exibidos: 2.864,Data da Coleta:,04/08/2025,Exibição de Dados,Temperatura:,,Umidade:,,Datas:,,Medições,Data / Hora,Temperatura,Umidade,04/08/2025 - 05:05,"22,00","49,00",Betha Eletrônica Ltda,1/1
Coleta de Dados - UMMI,Impressão: 08/08/2025  9:23.09,Grupo:,TH-04-R,Equipamento:  1 - UMMI,Coleta:,04/08/2025 - 08:56,Registros:   Total: 2.864        Exibidos: 2.864,Data da Coleta:,04/08/2025,Exibição de Dados,Temperatura:,,Umidade:,,Datas:,,Medições,Data / Hora,Temperatura,Umidade,04/08/2025 - 05:10,"22,00","48,00",Betha Eletrônica Ltda,1/1
Coleta de Dados - UMMI,Impressão: 08/08/2025  9:23.09,Grupo:,TH-04-R,Equipamento:  1 - UMMI,Coleta:,04/08/2025 - 08:56,Registros:   Total: 2.864        Exibidos: 2.864,Data da Coleta:,04/08/2025,Exibição de Dados,Temperatura:,,Umidade:,,Datas:,,Medições,Data / Hora,Temperatura,Umidade,04/08/2025 - 05:15,"22,00","48,00",Betha Eletrônica Ltda,1/1
Coleta de Dados - UMMI,Impressão: 08/08/2025  9:23.09,Grupo:,TH-04-R,Equipamento:  1 - UMMI,Coleta:,04/08/2025 - 08:56,Registros:   Total: 2.864        Exibidos: 2.864,Data da Coleta:,04/08/2025,Exibição de Dados,Temperatura:,,Umidade:,,Datas:,,Medições,Data / Hora,Temperatura,Umidade,04/08/2025 - 05:20,"22,00","48,00",Betha Eletrônica Ltda,1/1
Coleta de Dados - UMMI,Impressão: 08/08/2025  9:23.09,Grupo:,TH-04-R,Equipamento:  1 - UMMI,Coleta:,04/08/2025 - 08:56,Registros:   Total: 2.864        Exibidos: 2.864,Data da Coleta:,04/08/2025,Exibição de Dados,Temperatura:,,Umidade:,,Datas:,,Medições,Data / Hora,Temperatura,Umidade,04/08/2025 - 05:25,"22,00","46,00",Betha Eletrônica Ltda,1/1
Coleta de Dados - UMMI,Impressão: 08/08/2025  9:23.09,Grupo:,TH-04-R,Equipamento:  1 - UMMI,Coleta:,04/08/2025 - 08:56,Registros:   Total: 2.864        Exibidos: 2.864,Data da Coleta:,04/08/2025,Exibição de Dados,Temperatura:,,Umidade:,,Datas:,,Medições,Data / Hora,Temperatura,Umidade,04/08/2025 - 05:30,"23,00","52,00",Betha Eletrônica Ltda,1/1
Coleta de Dados - UMMI,Impressão: 08/08/2025  9:23.09,Grupo:,TH-04-R,Equipamento:  1 - UMMI,Coleta:,04/08/2025 - 08:56,Registros:   Total: 2.864        Exibidos: 2.864,Data da Coleta:,04/08/2025,Exibição de Dados,Temperatura:,,Umidade:,,Datas:,,Medições,Data / Hora,Temperatura,Umidade,04/08/2025 - 05:35,"23,00","40,00",Betha Eletrônica Ltda,1/1
Coleta de Dados - UMMI,Impressão: 08/08/2025  9:23.09,Grupo:,TH-04-R,Equipamento:  1 - UMMI,Coleta:,04/08/2025 - 08:56,Registros:   Total: 2.864        Exibidos: 2.864,Data da Coleta:,04/08/2025,Exibição de Dados,Temperatura:,,Umidade:,,Datas:,,Medições,Data / Hora,Temperatura,Umidade,04/08/2025 - 05:40,"22,00","53,00",Betha Eletrônica Ltda,1/1
Coleta de Dados - UMMI,Impressão: 08/08/2025  9:23.09,Grupo:,TH-04-R,Equipamento:  1 - UMMI,Coleta:,04/08/2025 - 08:56,Registros:   Total: 2.864        Exibidos: 2.864,Data da Coleta:,04/08/2025,Exibição de Dados,Temperatura:,,Umidade:,,Datas:,,Medições,Data / Hora,Temperatura,Umidade,04/08/2025 - 05:45,"21,00","46,00",Betha Eletrônica Ltda,1/1
Coleta de Dados - UMMI,Impressão: 08/08/2025  9:23.09,Grupo:,TH-04-R,Equipamento:  1 - UMMI,Coleta:,04/08/2025 - 08:56,Registros:   Total: 2.864        Exibidos: 2.864,Data da Coleta:,04/08/2025,Exibição de Dados,Temperatura:,,Umidade:,,Datas:,,Medições,Data / Hora,Temperatura,Umidade,04/08/2025 - 05:50,"22,00","48,00",Betha Eletrônica Ltda,1/1
Coleta de Dados - UMMI,Impressão: 08/08/2025  9:23.09,Grupo:,TH-04-R,Equipamento:  1 - UMMI,Coleta:,04/08/2025 - 08:56,Registros:   Total: 2.864        Exibidos: 2.864,Data da Coleta:,04/08/2025,Exibição de Dados,Temperatura:,,Umidade:,,Datas:,,Medições,Data / Hora,Temperatura,Umidade,04/08/2025 - 05:55,"22,00","45,00",Betha Eletrônica Ltda,1/1
Coleta de Dados - UMMI,Impressão: 08/08/2025  9:23.09,Grupo:,TH-04-R,Equipamento:  1 - UMMI,Coleta:,04/08/2025 - 08:56,Registros:   Total: 2.864        Exibidos: 2.864,Data da Coleta:,04/08/2025,Exibição de Dados,Temperatura:,,Umidade:,,Datas:,,Medições,Data / Hora,Temperatura,Umidade,04/08/2025 - 06:00,"23,00","52,00",Betha Eletrônica Ltda,1/1
Coleta de Dados - UMMI,Impressão: 08/08/2025  9:23.09,Grupo:,TH-04-R,Equipamento:  1 - UMMI,Coleta:,04/08/2025 - 08:56,Registros:   Total: 2.864        Exibidos: 2.864,Data da Coleta:,04/08/2025,Exibição de Dados,Temperatura:,,Umidade:,,Datas:,,Medições,Data / Hora,Temperatura,Umidade,04/08/2025 - 06:05,"22,00","40,00",Betha Eletrônica Ltda,1/1
Coleta de Dados - UMMI,Impressão: 08/08/2025  9:23.09,Grupo:,TH-04-R,Equipamento:  1 - UMMI,Coleta:,04/08/2025 - 08:56,Registros:   Total: 2.864        Exibidos: 2.864,Data da Coleta:,04/08/2025,Exibição de Dados,Temperatura:,,Umidade:,,Datas:,,Medições,Data / Hora,Temperatura,Umidade,04/08/2025 - 06:10,"23,00","54,00",Betha Eletrônica Ltda,1/1
Coleta de Dados - UMMI,Impressão: 08/08/2025  9:23.09,Grupo:,TH-04-R,Equipamento:  1 - UMMI,Coleta:,04/08/2025 - 08:56,Registros:   Total: 2.864        Exibidos: 2.864,Data da Coleta:,04/08/2025,Exibição de Dados,Temperatura:,,Umidade:,,Datas:,,Medições,Data / Hora,Temperatura,Umidade,04/08/2025 - 06:15,"22,00","42,00",Betha Eletrônica Ltda,1/1
Coleta de Dados - UMMI,Impressão: 08/08/2025  9:23.09,Grupo:,TH-04-R,Equipamento:  1 - UMMI,Coleta:,04/08/2025 - 08:56,Registros:   Total: 2.864        Exibidos: 2.864,Data da Coleta:,04/08/2025,Exibição de Dados,Temperatura:,,Umidade:,,Datas:,,Medições,Data / Hora,Temperatura,Umidade,04/08/2025 - 06:20,"22,00","55,00",Betha Eletrônica Ltda,1/1
Coleta de Dados - UMMI,Impressão: 08/08/2025  9:23.09,Grupo:,TH-04-R,Equipamento:  1 - UMMI,Coleta:,04/08/2025 - 08:56,Registros:   Total: 2.864        Exibidos: 2.864,Data da Coleta:,04/08/2025,Exibição de Dados,Temperatura:,,Umidade:,,Datas:,,Medições,Data / Hora,Temperatura,Umidade,04/08/2025 - 06:25,"22,00","40,00",Betha Eletrônica Ltda,1/1
Coleta de Dados - UMMI,Impressão: 08/08/2025  9:23.09,Grupo:,TH-04-R,Equipamento:  1 - UMMI,Coleta:,04/08/2025 - 08:56,Registros:   Total: 2.864        Exibidos: 2.864,Data da Coleta:,04/08/2025,Exibição de Dados,Temperatura:,,Umidade:,,Datas:,,Medições,Data / Hora,Temperatura,Umidade,04/08/2025 - 06:30,"23,00","54,00",Betha Eletrônica Ltda,1/1
Coleta de Dados - UMMI,Impressão: 08/08/2025  9:23.09,Grupo:,TH-04-R,Equipamento:  1 - UMMI,Coleta:,04/08/2025 - 08:56,Registros:   Total: 2.864        Exibidos: 2.864,Data da Coleta:,04/08/2025,Exibição de Dados,Temperatura:,,Umidade:,,Datas:,,Medições,Data / Hora,Temperatura,Umidade,04/08/2025 - 06:35,"23,00","42,00",Betha Eletrônica Ltda,1/1
Coleta de Dados - UMMI,Impressão: 08/08/2025  9:23.09,Grupo:,TH-04-R,Equipamento:  1 - UMMI,Coleta:,04/08/2025 - 08:56,Registros:   Total: 2.864        Exibidos: 2.864,Data da Coleta:,04/08/2025,Exibição de Dados,Temperatura:,,Umidade:,,Datas:,,Medições,Data / Hora,Temperatura,Umidade,04/08/2025 - 06:40,"22,00","52,00",Betha Eletrônica Ltda,1/1
Coleta de Dados - UMMI,Impressão: 08/08/2025  9:23.09,Grupo:,TH-04-R,Equipamento:  1 - UMMI,Coleta:,04/08/2025 - 08:56,Registros:   Total: 2.864        Exibidos: 2.864,Data da Coleta:,04/08/2025,Exibição de Dados,Temperatura:,,Umidade:,,Datas:,,Medições,Data / Hora,Temperatura,Umidade,04/08/2025 - 06:45,"22,00","45,00",Betha Eletrônica Ltda,1/1
Coleta de Dados - UMMI,Impressão: 08/08/2025  9:23.09,Grupo:,TH-04-R,Equipamento:  1 - UMMI,Coleta:,04/08/2025 - 08:56,Registros:   Total: 2.864        Exibidos: 2.864,Data da Coleta:,04/08/2025,Exibição de Dados,Temperatura:,,Umidade:,,Datas:,,Medições,Data / Hora,Temperatura,Umidade,04/08/2025 - 06:50,"22,00","54,00",Betha Eletrônica Ltda,1/1
Coleta de Dados - UMMI,Impressão: 08/08/2025  9:23.09,Grupo:,TH-04-R,Equipamento:  1 - UMMI,Coleta:,04/08/2025 - 08:56,Registros:   Total: 2.864        Exibidos: 2.864,Data da Coleta:,04/08/2025,Exibição de Dados,Temperatura:,,Umidade:,,Datas:,,Medições,Data / Hora,Temperatura,Umidade,04/08/2025 - 06:55,"22,00","42,00",Betha Eletrônica Ltda,1/1
Coleta de Dados - UMMI,Impressão: 08/08/2025  9:23.09,Grupo:,TH-04-R,Equipamento:  1 - UMMI,Coleta:,04/08/2025 - 08:56,Registros:   Total: 2.864        Exibidos: 2.864,Data da Coleta:,04/08/2025,Exibição de Dados,Temperatura:,,Umidade:,,Datas:,,Medições,Data / Hora,Temperatura,Umidade,04/08/2025 - 07:00,"22,00","53,00",Betha Eletrônica Ltda,1/1
Coleta de Dados - UMMI,Impressão: 08/08/2025  9:23.09,Grupo:,TH-04-R,Equipamento:  1 - UMMI,Coleta:,04/08/2025 - 08:56,Registros:   Total: 2.864        Exibidos: 2.864,Data da Coleta:,04/08/2025,Exibição de Dados,Temperatura:,,Umidade:,,Datas:,,Medições,Data / Hora,Temperatura,Umidade,04/08/2025 - 07:05,"23,00","44,00",Betha Eletrônica Ltda,1/1
Coleta de Dados - UMMI,Impressão: 08/08/2025  9:23.09,Grupo:,TH-04-R,Equipamento:  1 - UMMI,Coleta:,04/08/2025 - 08:56,Registros:   Total: 2.864        Exibidos: 2.864,Data da Coleta:,04/08/2025,Exibição de Dados,Temperatura:,,Umidade:,,Datas:,,Medições,Data / Hora,Temperatura,Umidade,04/08/2025 - 07:10,"22,00","49,00",Betha Eletrônica Ltda,1/1
Coleta de Dados - UMMI,Impressão: 08/08/2025  9:23.09,Grupo:,TH-04-R,Equipamento:  1 - UMMI,Coleta:,04/08/2025 - 08:56,Registros:   Total: 2.864        Exibidos: 2.864,Data da Coleta:,04/08/2025,Exibição de Dados,Temperatura:,,Umidade:,,Datas:,,Medições,Data / Hora,Temperatura,Umidade,04/08/2025 - 07:15,"22,00","48,00",Betha Eletrônica Ltda,1/1
Coleta de Dados - UMMI,Impressão: 08/08/2025  9:23.09,Grupo:,TH-04-R,Equipamento:  1 - UMMI,Coleta:,04/08/2025 - 08:56,Registros:   Total: 2.864        Exibidos: 2.864,Data da Coleta:,04/08/2025,Exibição de Dados,Temperatura:,,Umidade:,,Datas:,,Medições,Data / Hora,Temperatura,Umidade,04/08/2025 - 07:20,"21,00","50,00",Betha Eletrônica Ltda,1/1
Coleta de Dados - UMMI,Impressão: 08/08/2025  9:23.09,Grupo:,TH-04-R,Equipamento:  1 - UMMI,Coleta:,04/08/2025 - 08:56,Registros:   Total: 2.864        Exibidos: 2.864,Data da Coleta:,04/08/2025,Exibição de Dados,Temperatura:,,Umidade:,,Datas:,,Medições,Data / Hora,Temperatura,Umidade,04/08/2025 - 07:25,"22,00","46,00",Betha Eletrônica Ltda,1/1
Coleta de Dados - UMMI,Impressão: 08/08/2025  9:23.09,Grupo:,TH-04-R,Equipamento:  1 - UMMI,Coleta:,04/08/2025 - 08:56,Registros:   Total: 2.864        Exibidos: 2.864,Data da Coleta:,04/08/2025,Exibição de Dados,Temperatura:,,Umidade:,,Datas:,,Medições,Data / Hora,Temperatura,Umidade,04/08/2025 - 07:30,"22,00","48,00",Betha Eletrônica Ltda,1/1
Coleta de Dados - UMMI,Impressão: 08/08/2025  9:23.09,Grupo:,TH-04-R,Equipamento:  1 - UMMI,Coleta:,04/08/2025 - 08:56,Registros:   Total: 2.864        Exibidos: 2.864,Data da Coleta:,04/08/2025,Exibição de Dados,Temperatura:,,Umidade:,,Datas:,,Medições,Data / Hora,Temperatura,Umidade,04/08/2025 - 07:35,"23,00","48,00",Betha Eletrônica Ltda,1/1
Coleta de Dados - UMMI,Impressão: 08/08/2025  9:23.09,Grupo:,TH-04-R,Equipamento:  1 - UMMI,Coleta:,04/08/2025 - 08:56,Registros:   Total: 2.864        Exibidos: 2.864,Data da Coleta:,04/08/2025,Exibição de Dados,Temperatura:,,Umidade:,,Datas:,,Medições,Data / Hora,Temperatura,Umidade,04/08/2025 - 07:40,"22,00","42,00",Betha Eletrônica Ltda,1/1
Coleta de Dados - UMMI,Impressão: 08/08/2025  9:23.09,Grupo:,TH-04-R,Equipamento:  1 - UMMI,Coleta:,04/08/2025 - 08:56,Registros:   Total: 2.864        Exibidos: 2.864,Data da Coleta:,04/08/2025,Exibição de Dados,Temperatura:,,Umidade:,,Datas:,,Medições,Data / Hora,Temperatura,Umidade,04/08/2025 - 07:45,"22,00","53,00",Betha Eletrônica Ltda,1/1
Coleta de Dados - UMMI,Impressão: 08/08/2025  9:23.09,Grupo:,TH-04-R,Equipamento:  1 - UMMI,Coleta:,04/08/2025 - 08:56,Registros:   Total: 2.864        Exibidos: 2.864,Data da Coleta:,04/08/2025,Exibição de Dados,Temperatura:,,Umidade:,,Datas:,,Medições,Data / Hora,Temperatura,Umidade,04/08/2025 - 07:50,"22,00","45,00",Betha Eletrônica Ltda,1/1
Coleta de Dados - UMMI,Impressão: 08/08/2025  9:23.09,Grupo:,TH-04-R,Equipamento:  1 - UMMI,Coleta:,04/08/2025 - 08:56,Registros:   Total: 2.864        Exibidos: 2.864,Data da Coleta:,04/08/2025,Exibição de Dados,Temperatura:,,Umidade:,,Datas:,,Medições,Data / Hora,Temperatura,Umidade,04/08/2025 - 07:55,"22,00","50,00",Betha Eletrônica Ltda,1/1
Coleta de Dados - UMMI,Impressão: 08/08/2025  9:23.09,Grupo:,TH-04-R,Equipamento:  1 - UMMI,Coleta:,04/08/2025 - 08:56,Registros:   Total: 2.864        Exibidos: 2.864,Data da Coleta:,04/08/2025,Exibição de Dados,Temperatura:,,Umidade:,,Datas:,,Medições,Data / Hora,Temperatura,Umidade,04/08/2025 - 08:00,"22,00","42,00",Betha Eletrônica Ltda,1/1
Coleta de Dados - UMMI,Impressão: 08/08/2025  9:23.09,Grupo:,TH-04-R,Equipamento:  1 - UMMI,Coleta:,04/08/2025 - 08:56,Registros:   Total: 2.864        Exibidos: 2.864,Data da Coleta:,04/08/2025,Exibição de Dados,Temperatura:,,Umidade:,,Datas:,,Medições,Data / Hora,Temperatura,Umidade,04/08/2025 - 08:05,"23,00","54,00",Betha Eletrônica Ltda,1/1
Coleta de Dados - UMMI,Impressão: 08/08/2025  9:23.09,Grupo:,TH-04-R,Equipamento:  1 - UMMI,Coleta:,04/08/2025 - 08:56,Registros:   Total: 2.864        Exibidos: 2.864,Data da Coleta:,04/08/2025,Exibição de Dados,Temperatura:,,Umidade:,,Datas:,,Medições,Data / Hora,Temperatura,Umidade,04/08/2025 - 08:10,"23,00","40,00",Betha Eletrônica Ltda,1/1
Coleta de Dados - UMMI,Impressão: 08/08/2025  9:23.09,Grupo:,TH-04-R,Equipamento:  1 - UMMI,Coleta:,04/08/2025 - 08:56,Registros:   Total: 2.864        Exibidos: 2.864,Data da Coleta:,04/08/2025,Exibição de Dados,Temperatura:,,Umidade:,,Datas:,,Medições,Data / Hora,Temperatura,Umidade,04/08/2025 - 08:15,"23,00","52,00",Betha Eletrônica Ltda,1/1
Coleta de Dados - UMMI,Impressão: 08/08/2025  9:23.09,Grupo:,TH-04-R,Equipamento:  1 - UMMI,Coleta:,04/08/2025 - 08:56,Registros:   Total: 2.864        Exibidos: 2.864,Data da Coleta:,04/08/2025,Exibição de Dados,Temperatura:,,Umidade:,,Datas:,,Medições,Data / Hora,Temperatura,Umidade,04/08/2025 - 08:20,"22,00","46,00",Betha Eletrônica Ltda,1/1
Coleta de Dados - UMMI,Impressão: 08/08/2025  9:23.09,Grupo:,TH-04-R,Equipamento:  1 - UMMI,Coleta:,04/08/2025 - 08:56,Registros:   Total: 2.864        Exibidos: 2.864,Data da Coleta:,04/08/2025,Exibição de Dados,Temperatura:,,Umidade:,,Datas:,,Medições,Data / Hora,Temperatura,Umidade,04/08/2025 - 08:25,"22,00","44,00",Betha Eletrônica Ltda,1/1
Coleta de Dados - UMMI,Impressão: 08/08/2025  9:23.09,Grupo:,TH-04-R,Equipamento:  1 - UMMI,Coleta:,04/08/2025 - 08:56,Registros:   Total: 2.864        Exibidos: 2.864,Data da Coleta:,04/08/2025,Exibição de Dados,Temperatura:,,Umidade:,,Datas:,,Medições,Data / Hora,Temperatura,Umidade,04/08/2025 - 08:30,"22,00","51,00",Betha Eletrônica Ltda,1/1
Coleta de Dados - UMMI,Impressão: 08/08/2025  9:23.09,Grupo:,TH-04-R,Equipamento:  1 - UMMI,Coleta:,04/08/2025 - 08:56,Registros:   Total: 2.864        Exibidos: 2.864,Data da Coleta:,04/08/2025,Exibição de Dados,Temperatura:,,Umidade:,,Datas:,,Medições,Data / Hora,Temperatura,Umidade,04/08/2025 - 08:35,"23,00","43,00",Betha Eletrônica Ltda,1/1
Coleta de Dados - UMMI,Impressão: 08/08/2025  9:23.09,Grupo:,TH-04-R,Equipamento:  1 - UMMI,Coleta:,04/08/2025 - 08:56,Registros:   Total: 2.864        Exibidos: 2.864,Data da Coleta:,04/08/2025,Exibição de Dados,Temperatura:,,Umidade:,,Datas:,,Medições,Data / Hora,Temperatura,Umidade,04/08/2025 - 08:40,"23,00","47,00",Betha Eletrônica Ltda,1/1
Coleta de Dados - UMMI,Impressão: 08/08/2025  9:23.09,Grupo:,TH-04-R,Equipamento:  1 - UMMI,Coleta:,04/08/2025 - 08:56,Registros:   Total: 2.864        Exibidos: 2.864,Data da Coleta:,04/08/2025,Exibição de Dados,Temperatura:,,Umidade:,,Datas:,,Medições,Data / Hora,Temperatura,Umidade,04/08/2025 - 08:45,"23,00","48,00",Betha Eletrônica Ltda,1/1